<?xml version='1.0' encoding='UTF-8'?>
<gpx version="1.1" creator="https://www.komoot.de" xmlns="http://www.topografix.com/GPX/1/1" xmlns:xsi="http://www.w3.org/2001/XMLSchema-instance" xsi:schemaLocation="http://www.topografix.com/GPX/1/1 http://www.topografix.com/GPX/1/1/gpx.xsd">
  <metadata>
    <name>CGR à pied 82 km 4 jours</name>
    <author>
      <link href="https://www.komoot.de">
        <text>komoot</text>
        <type>text/html</type>
      </link>
    </author>
  </metadata>
  <trk>
    <name>CGR à pied 82 km 4 jours</name>
    <trkseg>
      <trkpt lat="48.731832" lon="-3.462010">
        <ele>4.529299</ele>
        <time>2022-03-11T10:53:49.083Z</time>
      </trkpt>
      <trkpt lat="48.731875" lon="-3.461959">
        <ele>4.529299</ele>
        <time>2022-03-11T10:53:56.868Z</time>
      </trkpt>
      <trkpt lat="48.731906" lon="-3.462010">
        <ele>4.529299</ele>
        <time>2022-03-11T10:54:03.318Z</time>
      </trkpt>
      <trkpt lat="48.731928" lon="-3.461986">
        <ele>4.529299</ele>
        <time>2022-03-11T10:54:07.131Z</time>
      </trkpt>
      <trkpt lat="48.731994" lon="-3.462088">
        <ele>4.529299</ele>
        <time>2022-03-11T10:54:20.523Z</time>
      </trkpt>
      <trkpt lat="48.732006" lon="-3.462072">
        <ele>4.529299</ele>
        <time>2022-03-11T10:54:22.702Z</time>
      </trkpt>
      <trkpt lat="48.732117" lon="-3.461919">
        <ele>4.529299</ele>
        <time>2022-03-11T10:54:43.841Z</time>
      </trkpt>
      <trkpt lat="48.732187" lon="-3.461879">
        <ele>4.529299</ele>
        <time>2022-03-11T10:54:54.337Z</time>
      </trkpt>
      <trkpt lat="48.732287" lon="-3.462079">
        <ele>4.529299</ele>
        <time>2022-03-11T10:55:17.778Z</time>
      </trkpt>
      <trkpt lat="48.732414" lon="-3.462328">
        <ele>4.529299</ele>
        <time>2022-03-11T10:55:46.992Z</time>
      </trkpt>
      <trkpt lat="48.732405" lon="-3.462547">
        <ele>4.518922</ele>
        <time>2022-03-11T10:56:07.458Z</time>
      </trkpt>
      <trkpt lat="48.732331" lon="-3.462620">
        <ele>4.507617</ele>
        <time>2022-03-11T10:56:19.910Z</time>
      </trkpt>
      <trkpt lat="48.732336" lon="-3.462658">
        <ele>4.504345</ele>
        <time>2022-03-11T10:56:23.459Z</time>
      </trkpt>
      <trkpt lat="48.732340" lon="-3.462684">
        <ele>4.502090</ele>
        <time>2022-03-11T10:56:25.953Z</time>
      </trkpt>
      <trkpt lat="48.732346" lon="-3.462718">
        <ele>4.499118</ele>
        <time>2022-03-11T10:56:29.317Z</time>
      </trkpt>
      <trkpt lat="48.732351" lon="-3.462734">
        <ele>4.497622</ele>
        <time>2022-03-11T10:56:30.925Z</time>
      </trkpt>
      <trkpt lat="48.732368" lon="-3.462782">
        <ele>4.493021</ele>
        <time>2022-03-11T10:56:35.995Z</time>
      </trkpt>
      <trkpt lat="48.732410" lon="-3.462784">
        <ele>4.487640</ele>
        <time>2022-03-11T10:56:42.065Z</time>
      </trkpt>
      <trkpt lat="48.732420" lon="-3.462990">
        <ele>4.470196</ele>
        <time>2022-03-11T10:57:01.429Z</time>
      </trkpt>
      <trkpt lat="48.732129" lon="-3.463759">
        <ele>4.395320</ele>
        <time>2022-03-11T10:58:23.587Z</time>
      </trkpt>
      <trkpt lat="48.732028" lon="-3.464015">
        <ele>4.370126</ele>
        <time>2022-03-11T10:58:51.358Z</time>
      </trkpt>
      <trkpt lat="48.731868" lon="-3.464561">
        <ele>4.319667</ele>
        <time>2022-03-11T10:59:46.628Z</time>
      </trkpt>
      <trkpt lat="48.731825" lon="-3.464676">
        <ele>4.308503</ele>
        <time>2022-03-11T10:59:58.907Z</time>
      </trkpt>
      <trkpt lat="48.731789" lon="-3.464709">
        <ele>4.303116</ele>
        <time>2022-03-11T11:00:04.881Z</time>
      </trkpt>
      <trkpt lat="48.731746" lon="-3.464750">
        <ele>4.308663</ele>
        <time>2022-03-11T11:00:12.064Z</time>
      </trkpt>
      <trkpt lat="48.731687" lon="-3.464767">
        <ele>4.339899</ele>
        <time>2022-03-11T11:00:20.485Z</time>
      </trkpt>
      <trkpt lat="48.731695" lon="-3.464843">
        <ele>4.366302</ele>
        <time>2022-03-11T11:00:27.626Z</time>
      </trkpt>
      <trkpt lat="48.731698" lon="-3.464865">
        <ele>4.374009</ele>
        <time>2022-03-11T11:00:29.697Z</time>
      </trkpt>
      <trkpt lat="48.731709" lon="-3.464946">
        <ele>4.402381</ele>
        <time>2022-03-11T11:00:37.468Z</time>
      </trkpt>
      <trkpt lat="48.731768" lon="-3.464942">
        <ele>4.433099</ele>
        <time>2022-03-11T11:00:45.880Z</time>
      </trkpt>
      <trkpt lat="48.731806" lon="-3.464973">
        <ele>4.455543</ele>
        <time>2022-03-11T11:00:52.041Z</time>
      </trkpt>
      <trkpt lat="48.731843" lon="-3.465003">
        <ele>4.477367</ele>
        <time>2022-03-11T11:00:58.056Z</time>
      </trkpt>
      <trkpt lat="48.731883" lon="-3.465084">
        <ele>4.512080</ele>
        <time>2022-03-11T11:01:07.444Z</time>
      </trkpt>
      <trkpt lat="48.731914" lon="-3.465208">
        <ele>4.557574</ele>
        <time>2022-03-11T11:01:19.843Z</time>
      </trkpt>
      <trkpt lat="48.731990" lon="-3.465467">
        <ele>4.654824</ele>
        <time>2022-03-11T11:01:46.573Z</time>
      </trkpt>
      <trkpt lat="48.732341" lon="-3.466268">
        <ele>4.984734</ele>
        <time>2022-03-11T11:03:17.258Z</time>
      </trkpt>
      <trkpt lat="48.732548" lon="-3.466666">
        <ele>5.158615</ele>
        <time>2022-03-11T11:04:05.379Z</time>
      </trkpt>
      <trkpt lat="48.732819" lon="-3.467024">
        <ele>5.393943</ele>
        <time>2022-03-11T11:04:57.344Z</time>
      </trkpt>
      <trkpt lat="48.733341" lon="-3.467430">
        <ele>5.832003</ele>
        <time>2022-03-11T11:06:21.883Z</time>
      </trkpt>
      <trkpt lat="48.733729" lon="-3.467695">
        <ele>6.149752</ele>
        <time>2022-03-11T11:07:23.154Z</time>
      </trkpt>
      <trkpt lat="48.735467" lon="-3.468487">
        <ele>7.467234</ele>
        <time>2022-03-11T11:11:43.568Z</time>
      </trkpt>
      <trkpt lat="48.735555" lon="-3.468517">
        <ele>7.531852</ele>
        <time>2022-03-11T11:11:56.725Z</time>
      </trkpt>
      <trkpt lat="48.735647" lon="-3.468579">
        <ele>7.603979</ele>
        <time>2022-03-11T11:12:11.072Z</time>
      </trkpt>
      <trkpt lat="48.736007" lon="-3.468741">
        <ele>7.873578</ele>
        <time>2022-03-11T11:13:05.281Z</time>
      </trkpt>
      <trkpt lat="48.736058" lon="-3.468711">
        <ele>7.916011</ele>
        <time>2022-03-11T11:13:13.155Z</time>
      </trkpt>
      <trkpt lat="48.737127" lon="-3.469194">
        <ele>8.781256</ele>
        <time>2022-03-11T11:15:53.753Z</time>
      </trkpt>
      <trkpt lat="48.737840" lon="-3.469490">
        <ele>9.325005</ele>
        <time>2022-03-11T11:17:40.387Z</time>
      </trkpt>
      <trkpt lat="48.738323" lon="-3.469712">
        <ele>9.592131</ele>
        <time>2022-03-11T11:18:52.808Z</time>
      </trkpt>
      <trkpt lat="48.739367" lon="-3.471500">
        <ele>10.632714</ele>
        <time>2022-03-11T11:22:36.354Z</time>
      </trkpt>
      <trkpt lat="48.739607" lon="-3.472072">
        <ele>11.099936</ele>
        <time>2022-03-11T11:23:41.666Z</time>
      </trkpt>
      <trkpt lat="48.739999" lon="-3.473397">
        <ele>12.097880</ele>
        <time>2022-03-11T11:26:01.930Z</time>
      </trkpt>
      <trkpt lat="48.740035" lon="-3.473748">
        <ele>12.253867</ele>
        <time>2022-03-11T11:26:36.123Z</time>
      </trkpt>
      <trkpt lat="48.740064" lon="-3.474069">
        <ele>12.396144</ele>
        <time>2022-03-11T11:27:07.776Z</time>
      </trkpt>
      <trkpt lat="48.740176" lon="-3.475052">
        <ele>12.834200</ele>
        <time>2022-03-11T11:28:43.201Z</time>
      </trkpt>
      <trkpt lat="48.740171" lon="-3.475353">
        <ele>12.966419</ele>
        <time>2022-03-11T11:29:11.787Z</time>
      </trkpt>
      <trkpt lat="48.739813" lon="-3.478020">
        <ele>12.538493</ele>
        <time>2022-03-11T11:33:25.008Z</time>
      </trkpt>
      <trkpt lat="48.739723" lon="-3.478444">
        <ele>12.369630</ele>
        <time>2022-03-11T11:34:07.253Z</time>
      </trkpt>
      <trkpt lat="48.739564" lon="-3.478944">
        <ele>12.038958</ele>
        <time>2022-03-11T11:34:59.850Z</time>
      </trkpt>
      <trkpt lat="48.738527" lon="-3.481706">
        <ele>9.645851</ele>
        <time>2022-03-11T11:40:01.735Z</time>
      </trkpt>
      <trkpt lat="48.738355" lon="-3.482112">
        <ele>9.441430</ele>
        <time>2022-03-11T11:40:47.222Z</time>
      </trkpt>
      <trkpt lat="48.737874" lon="-3.483171">
        <ele>8.896706</ele>
        <time>2022-03-11T11:42:47.275Z</time>
      </trkpt>
      <trkpt lat="48.737808" lon="-3.483327">
        <ele>8.818190</ele>
        <time>2022-03-11T11:43:04.342Z</time>
      </trkpt>
      <trkpt lat="48.737653" lon="-3.483768">
        <ele>9.091864</ele>
        <time>2022-03-11T11:43:50.885Z</time>
      </trkpt>
      <trkpt lat="48.737635" lon="-3.483813">
        <ele>9.128445</ele>
        <time>2022-03-11T11:43:55.776Z</time>
      </trkpt>
      <trkpt lat="48.737612" lon="-3.483871">
        <ele>9.175484</ele>
        <time>2022-03-11T11:44:02.173Z</time>
      </trkpt>
      <trkpt lat="48.737610" lon="-3.483876">
        <ele>9.179549</ele>
        <time>2022-03-11T11:44:02.773Z</time>
      </trkpt>
      <trkpt lat="48.737145" lon="-3.485162">
        <ele>10.198927</ele>
        <time>2022-03-11T11:46:23.959Z</time>
      </trkpt>
      <trkpt lat="48.737001" lon="-3.485949">
        <ele>10.789761</ele>
        <time>2022-03-11T11:47:44.372Z</time>
      </trkpt>
      <trkpt lat="48.737065" lon="-3.486946">
        <ele>11.685768</ele>
        <time>2022-03-11T11:49:22.826Z</time>
      </trkpt>
      <trkpt lat="48.737284" lon="-3.488148">
        <ele>12.801197</ele>
        <time>2022-03-11T11:51:24.067Z</time>
      </trkpt>
      <trkpt lat="48.737806" lon="-3.490134">
        <ele>13.315226</ele>
        <time>2022-03-11T11:54:43.844Z</time>
      </trkpt>
      <trkpt lat="48.737882" lon="-3.490601">
        <ele>13.366671</ele>
        <time>2022-03-11T11:55:28.756Z</time>
      </trkpt>
      <trkpt lat="48.737969" lon="-3.491741">
        <ele>13.441633</ele>
        <time>2022-03-11T11:57:15.487Z</time>
      </trkpt>
      <trkpt lat="48.738166" lon="-3.492695">
        <ele>13.477991</ele>
        <time>2022-03-11T11:58:47.875Z</time>
      </trkpt>
      <trkpt lat="48.738260" lon="-3.493430">
        <ele>13.505221</ele>
        <time>2022-03-11T11:59:57.739Z</time>
      </trkpt>
      <trkpt lat="48.738131" lon="-3.494326">
        <ele>13.683238</ele>
        <time>2022-03-11T12:01:24.325Z</time>
      </trkpt>
      <trkpt lat="48.737944" lon="-3.496876">
        <ele>14.062847</ele>
        <time>2022-03-11T12:05:25.050Z</time>
      </trkpt>
      <trkpt lat="48.737782" lon="-3.497680">
        <ele>13.703314</ele>
        <time>2022-03-11T12:06:43.442Z</time>
      </trkpt>
      <trkpt lat="48.737498" lon="-3.498351">
        <ele>13.362337</ele>
        <time>2022-03-11T12:07:58.615Z</time>
      </trkpt>
      <trkpt lat="48.737303" lon="-3.498673">
        <ele>13.175378</ele>
        <time>2022-03-11T12:08:40.024Z</time>
      </trkpt>
      <trkpt lat="48.736498" lon="-3.499768">
        <ele>11.870299</ele>
        <time>2022-03-11T12:11:15.955Z</time>
      </trkpt>
      <trkpt lat="48.735516" lon="-3.500526">
        <ele>10.557012</ele>
        <time>2022-03-11T12:13:54.258Z</time>
      </trkpt>
      <trkpt lat="48.734443" lon="-3.501676">
        <ele>9.394508</ele>
        <time>2022-03-11T12:17:01.639Z</time>
      </trkpt>
      <trkpt lat="48.733873" lon="-3.501905">
        <ele>8.944571</ele>
        <time>2022-03-11T12:18:25.629Z</time>
      </trkpt>
      <trkpt lat="48.733777" lon="-3.502101">
        <ele>8.834313</ele>
        <time>2022-03-11T12:18:48.568Z</time>
      </trkpt>
      <trkpt lat="48.733451" lon="-3.502406">
        <ele>8.572006</ele>
        <time>2022-03-11T12:19:43.030Z</time>
      </trkpt>
      <trkpt lat="48.733307" lon="-3.502854">
        <ele>8.346925</ele>
        <time>2022-03-11T12:20:29.669Z</time>
      </trkpt>
      <trkpt lat="48.733079" lon="-3.503154">
        <ele>8.140208</ele>
        <time>2022-03-11T12:21:12.671Z</time>
      </trkpt>
      <trkpt lat="48.733030" lon="-3.503290">
        <ele>8.070219</ele>
        <time>2022-03-11T12:21:27.080Z</time>
      </trkpt>
      <trkpt lat="48.733016" lon="-3.503747">
        <ele>8.003369</ele>
        <time>2022-03-11T12:22:09.789Z</time>
      </trkpt>
      <trkpt lat="48.732840" lon="-3.504554">
        <ele>8.183944</ele>
        <time>2022-03-11T12:23:28.580Z</time>
      </trkpt>
      <trkpt lat="48.732839" lon="-3.505235">
        <ele>8.328622</ele>
        <time>2022-03-11T12:24:32.221Z</time>
      </trkpt>
      <trkpt lat="48.733334" lon="-3.506346">
        <ele>8.783656</ele>
        <time>2022-03-11T12:26:39.968Z</time>
      </trkpt>
      <trkpt lat="48.733961" lon="-3.507454">
        <ele>9.793378</ele>
        <time>2022-03-11T12:29:01.050Z</time>
      </trkpt>
      <trkpt lat="48.734559" lon="-3.508313">
        <ele>10.452231</ele>
        <time>2022-03-11T12:31:00.400Z</time>
      </trkpt>
      <trkpt lat="48.734645" lon="-3.508496">
        <ele>10.470990</ele>
        <time>2022-03-11T12:31:22.038Z</time>
      </trkpt>
      <trkpt lat="48.734638" lon="-3.509091">
        <ele>10.520669</ele>
        <time>2022-03-11T12:32:17.711Z</time>
      </trkpt>
      <trkpt lat="48.734628" lon="-3.509494">
        <ele>10.554336</ele>
        <time>2022-03-11T12:32:55.080Z</time>
      </trkpt>
      <trkpt lat="48.734675" lon="-3.509791">
        <ele>10.579834</ele>
        <time>2022-03-11T12:33:23.378Z</time>
      </trkpt>
      <trkpt lat="48.735009" lon="-3.511068">
        <ele>10.486239</ele>
        <time>2022-03-11T12:35:31.770Z</time>
      </trkpt>
      <trkpt lat="48.735099" lon="-3.511859">
        <ele>10.226855</ele>
        <time>2022-03-11T12:36:46.987Z</time>
      </trkpt>
      <trkpt lat="48.735283" lon="-3.512399">
        <ele>10.030446</ele>
        <time>2022-03-11T12:37:43.998Z</time>
      </trkpt>
      <trkpt lat="48.735293" lon="-3.512795">
        <ele>9.902387</ele>
        <time>2022-03-11T12:38:21.022Z</time>
      </trkpt>
      <trkpt lat="48.735275" lon="-3.512932">
        <ele>9.857246</ele>
        <time>2022-03-11T12:38:34.569Z</time>
      </trkpt>
      <trkpt lat="48.735255" lon="-3.513030">
        <ele>9.824097</ele>
        <time>2022-03-11T12:38:44.175Z</time>
      </trkpt>
      <trkpt lat="48.735223" lon="-3.513202">
        <ele>9.768505</ele>
        <time>2022-03-11T12:39:01.013Z</time>
      </trkpt>
      <trkpt lat="48.735075" lon="-3.513685">
        <ele>9.685760</ele>
        <time>2022-03-11T12:39:50.492Z</time>
      </trkpt>
      <trkpt lat="48.735037" lon="-3.513809">
        <ele>9.664517</ele>
        <time>2022-03-11T12:40:03.227Z</time>
      </trkpt>
      <trkpt lat="48.734669" lon="-3.515092">
        <ele>9.447147</ele>
        <time>2022-03-11T12:42:13.317Z</time>
      </trkpt>
      <trkpt lat="48.734486" lon="-3.518103">
        <ele>8.910953</ele>
        <time>2022-03-11T12:46:53.655Z</time>
      </trkpt>
      <trkpt lat="48.734506" lon="-3.518503">
        <ele>8.822963</ele>
        <time>2022-03-11T12:47:31.259Z</time>
      </trkpt>
      <trkpt lat="48.734399" lon="-3.518865">
        <ele>8.639876</ele>
        <time>2022-03-11T12:48:08.527Z</time>
      </trkpt>
      <trkpt lat="48.734247" lon="-3.519365">
        <ele>8.385773</ele>
        <time>2022-03-11T12:49:00.306Z</time>
      </trkpt>
      <trkpt lat="48.734123" lon="-3.519585">
        <ele>8.252208</ele>
        <time>2022-03-11T12:49:27.433Z</time>
      </trkpt>
      <trkpt lat="48.733893" lon="-3.519737">
        <ele>8.076634</ele>
        <time>2022-03-11T12:50:03.291Z</time>
      </trkpt>
      <trkpt lat="48.733705" lon="-3.520008">
        <ele>7.895106</ele>
        <time>2022-03-11T12:50:40.257Z</time>
      </trkpt>
      <trkpt lat="48.733434" lon="-3.520061">
        <ele>7.703896</ele>
        <time>2022-03-11T12:51:19.071Z</time>
      </trkpt>
      <trkpt lat="48.733059" lon="-3.520749">
        <ele>7.654866</ele>
        <time>2022-03-11T12:52:42.459Z</time>
      </trkpt>
      <trkpt lat="48.732937" lon="-3.520852">
        <ele>7.676815</ele>
        <time>2022-03-11T12:53:02.131Z</time>
      </trkpt>
      <trkpt lat="48.732580" lon="-3.522102">
        <ele>7.818031</ele>
        <time>2022-03-11T12:55:08.498Z</time>
      </trkpt>
      <trkpt lat="48.732514" lon="-3.522766">
        <ele>8.136482</ele>
        <time>2022-03-11T12:56:12.367Z</time>
      </trkpt>
      <trkpt lat="48.732368" lon="-3.524287">
        <ele>10.679516</ele>
        <time>2022-03-11T12:58:44.235Z</time>
      </trkpt>
      <trkpt lat="48.732420" lon="-3.525469">
        <ele>12.938189</ele>
        <time>2022-03-11T13:00:47.526Z</time>
      </trkpt>
      <trkpt lat="48.732636" lon="-3.526386">
        <ele>16.423962</ele>
        <time>2022-03-11T13:02:32.508Z</time>
      </trkpt>
      <trkpt lat="48.733448" lon="-3.527866">
        <ele>23.295674</ele>
        <time>2022-03-11T13:06:07.708Z</time>
      </trkpt>
      <trkpt lat="48.733630" lon="-3.528559">
        <ele>25.920736</ele>
        <time>2022-03-11T13:07:33.849Z</time>
      </trkpt>
      <trkpt lat="48.733896" lon="-3.529001">
        <ele>28.026442</ele>
        <time>2022-03-11T13:08:40.747Z</time>
      </trkpt>
      <trkpt lat="48.734033" lon="-3.529389">
        <ele>29.575254</ele>
        <time>2022-03-11T13:09:28.051Z</time>
      </trkpt>
      <trkpt lat="48.734087" lon="-3.529544">
        <ele>30.192152</ele>
        <time>2022-03-11T13:09:47.565Z</time>
      </trkpt>
      <trkpt lat="48.734331" lon="-3.529900">
        <ele>31.640589</ele>
        <time>2022-03-11T13:10:40.097Z</time>
      </trkpt>
      <trkpt lat="48.734429" lon="-3.530005">
        <ele>31.387765</ele>
        <time>2022-03-11T13:11:00.007Z</time>
      </trkpt>
      <trkpt lat="48.734564" lon="-3.530594">
        <ele>30.521287</ele>
        <time>2022-03-11T13:11:58.467Z</time>
      </trkpt>
      <trkpt lat="48.734706" lon="-3.531143">
        <ele>29.701841</ele>
        <time>2022-03-11T13:12:55.521Z</time>
      </trkpt>
      <trkpt lat="48.734921" lon="-3.531626">
        <ele>28.892118</ele>
        <time>2022-03-11T13:13:53.333Z</time>
      </trkpt>
      <trkpt lat="48.735059" lon="-3.532187">
        <ele>28.060113</ele>
        <time>2022-03-11T13:14:55.026Z</time>
      </trkpt>
      <trkpt lat="48.735137" lon="-3.532704">
        <ele>26.366687</ele>
        <time>2022-03-11T13:15:51.365Z</time>
      </trkpt>
      <trkpt lat="48.735185" lon="-3.533112">
        <ele>24.915619</ele>
        <time>2022-03-11T13:16:35.546Z</time>
      </trkpt>
      <trkpt lat="48.735259" lon="-3.535678">
        <ele>19.500915</ele>
        <time>2022-03-11T13:20:56.281Z</time>
      </trkpt>
      <trkpt lat="48.735193" lon="-3.536281">
        <ele>20.446851</ele>
        <time>2022-03-11T13:21:56.029Z</time>
      </trkpt>
      <trkpt lat="48.735137" lon="-3.536861">
        <ele>21.353998</ele>
        <time>2022-03-11T13:22:57.627Z</time>
      </trkpt>
      <trkpt lat="48.735189" lon="-3.536855">
        <ele>21.476365</ele>
        <time>2022-03-11T13:23:06.269Z</time>
      </trkpt>
      <trkpt lat="48.735193" lon="-3.536897">
        <ele>21.542036</ele>
        <time>2022-03-11T13:23:10.690Z</time>
      </trkpt>
      <trkpt lat="48.735210" lon="-3.536862">
        <ele>21.609303</ele>
        <time>2022-03-11T13:23:15.564Z</time>
      </trkpt>
      <trkpt lat="48.735273" lon="-3.536851">
        <ele>21.758104</ele>
        <time>2022-03-11T13:23:28.014Z</time>
      </trkpt>
      <trkpt lat="48.735453" lon="-3.536935">
        <ele>22.200011</ele>
        <time>2022-03-11T13:23:59.090Z</time>
      </trkpt>
      <trkpt lat="48.735485" lon="-3.537073">
        <ele>22.426387</ele>
        <time>2022-03-11T13:24:15.746Z</time>
      </trkpt>
      <trkpt lat="48.735454" lon="-3.537904">
        <ele>26.759355</ele>
        <time>2022-03-11T13:25:56.763Z</time>
      </trkpt>
      <trkpt lat="48.735504" lon="-3.538292">
        <ele>29.080308</ele>
        <time>2022-03-11T13:26:57.646Z</time>
      </trkpt>
      <trkpt lat="48.735834" lon="-3.538885">
        <ele>33.635393</ele>
        <time>2022-03-11T13:28:35.360Z</time>
      </trkpt>
      <trkpt lat="48.735852" lon="-3.539694">
        <ele>38.387556</ele>
        <time>2022-03-11T13:30:10.594Z</time>
      </trkpt>
      <trkpt lat="48.735878" lon="-3.539827">
        <ele>38.592114</ele>
        <time>2022-03-11T13:30:24.166Z</time>
      </trkpt>
      <trkpt lat="48.736049" lon="-3.540000">
        <ele>38.453616</ele>
        <time>2022-03-11T13:30:55.681Z</time>
      </trkpt>
      <trkpt lat="48.736083" lon="-3.540114">
        <ele>38.398022</ele>
        <time>2022-03-11T13:31:13.483Z</time>
      </trkpt>
      <trkpt lat="48.736054" lon="-3.540285">
        <ele>38.319568</ele>
        <time>2022-03-11T13:31:31.578Z</time>
      </trkpt>
      <trkpt lat="48.736005" lon="-3.540479">
        <ele>38.227261</ele>
        <time>2022-03-11T13:31:51.899Z</time>
      </trkpt>
      <trkpt lat="48.735977" lon="-3.540598">
        <ele>38.171120</ele>
        <time>2022-03-11T13:32:08.548Z</time>
      </trkpt>
      <trkpt lat="48.735933" lon="-3.540572">
        <ele>38.139304</ele>
        <time>2022-03-11T13:32:16.092Z</time>
      </trkpt>
      <trkpt lat="48.735571" lon="-3.540508">
        <ele>37.893764</ele>
        <time>2022-03-11T13:33:08.057Z</time>
      </trkpt>
      <trkpt lat="48.735478" lon="-3.540522">
        <ele>37.830799</ele>
        <time>2022-03-11T13:33:23.357Z</time>
      </trkpt>
      <trkpt lat="48.735408" lon="-3.540713">
        <ele>37.733706</ele>
        <time>2022-03-11T13:33:44.534Z</time>
      </trkpt>
      <trkpt lat="48.735273" lon="-3.540983">
        <ele>37.583153</ele>
        <time>2022-03-11T13:34:18.472Z</time>
      </trkpt>
      <trkpt lat="48.735230" lon="-3.541181">
        <ele>37.490525</ele>
        <time>2022-03-11T13:34:39.431Z</time>
      </trkpt>
      <trkpt lat="48.735132" lon="-3.541990">
        <ele>35.861479</ele>
        <time>2022-03-11T13:36:06.748Z</time>
      </trkpt>
      <trkpt lat="48.735062" lon="-3.542082">
        <ele>35.534605</ele>
        <time>2022-03-11T13:36:21.783Z</time>
      </trkpt>
      <trkpt lat="48.734870" lon="-3.542156">
        <ele>34.835587</ele>
        <time>2022-03-11T13:36:51.597Z</time>
      </trkpt>
      <trkpt lat="48.734616" lon="-3.542429">
        <ele>33.737003</ele>
        <time>2022-03-11T13:37:41.313Z</time>
      </trkpt>
      <trkpt lat="48.734409" lon="-3.543023">
        <ele>32.173537</ele>
        <time>2022-03-11T13:38:43.890Z</time>
      </trkpt>
      <trkpt lat="48.734356" lon="-3.543388">
        <ele>31.303757</ele>
        <time>2022-03-11T13:39:19.085Z</time>
      </trkpt>
      <trkpt lat="48.734356" lon="-3.543460">
        <ele>31.136197</ele>
        <time>2022-03-11T13:39:26.828Z</time>
      </trkpt>
      <trkpt lat="48.734364" lon="-3.543501">
        <ele>31.099956</ele>
        <time>2022-03-11T13:39:34.738Z</time>
      </trkpt>
      <trkpt lat="48.734609" lon="-3.543838">
        <ele>31.777692</ele>
        <time>2022-03-11T13:40:21.446Z</time>
      </trkpt>
      <trkpt lat="48.734968" lon="-3.545171">
        <ele>33.723313</ele>
        <time>2022-03-11T13:42:49.147Z</time>
      </trkpt>
      <trkpt lat="48.735036" lon="-3.545641">
        <ele>34.373507</ele>
        <time>2022-03-11T13:43:38.556Z</time>
      </trkpt>
      <trkpt lat="48.735116" lon="-3.545692">
        <ele>34.551308</ele>
        <time>2022-03-11T13:43:53.148Z</time>
      </trkpt>
      <trkpt lat="48.735057" lon="-3.545766">
        <ele>34.708185</ele>
        <time>2022-03-11T13:44:04.001Z</time>
      </trkpt>
      <trkpt lat="48.734733" lon="-3.546107">
        <ele>34.358596</ele>
        <time>2022-03-11T13:45:02.685Z</time>
      </trkpt>
      <trkpt lat="48.734575" lon="-3.546070">
        <ele>34.183575</ele>
        <time>2022-03-11T13:45:25.743Z</time>
      </trkpt>
      <trkpt lat="48.734323" lon="-3.546409">
        <ele>33.814767</ele>
        <time>2022-03-11T13:46:12.957Z</time>
      </trkpt>
      <trkpt lat="48.734240" lon="-3.546631">
        <ele>33.630511</ele>
        <time>2022-03-11T13:46:36.841Z</time>
      </trkpt>
      <trkpt lat="48.734350" lon="-3.547103">
        <ele>33.269059</ele>
        <time>2022-03-11T13:47:24.865Z</time>
      </trkpt>
      <trkpt lat="48.734291" lon="-3.547713">
        <ele>32.823904</ele>
        <time>2022-03-11T13:48:26.755Z</time>
      </trkpt>
      <trkpt lat="48.734484" lon="-3.548124">
        <ele>31.289261</ele>
        <time>2022-03-11T13:49:17.918Z</time>
      </trkpt>
      <trkpt lat="48.734366" lon="-3.548470">
        <ele>30.019796</ele>
        <time>2022-03-11T13:50:00.002Z</time>
      </trkpt>
      <trkpt lat="48.734250" lon="-3.548647">
        <ele>29.206583</ele>
        <time>2022-03-11T13:50:25.705Z</time>
      </trkpt>
      <trkpt lat="48.734089" lon="-3.549595">
        <ele>26.016195</ele>
        <time>2022-03-11T13:52:07.171Z</time>
      </trkpt>
      <trkpt lat="48.734037" lon="-3.549706">
        <ele>25.572469</ele>
        <time>2022-03-11T13:52:20.105Z</time>
      </trkpt>
      <trkpt lat="48.733914" lon="-3.549653">
        <ele>24.940616</ele>
        <time>2022-03-11T13:52:39.339Z</time>
      </trkpt>
      <trkpt lat="48.733881" lon="-3.549788">
        <ele>24.471393</ele>
        <time>2022-03-11T13:52:55.258Z</time>
      </trkpt>
      <trkpt lat="48.733794" lon="-3.549753">
        <ele>24.026620</ele>
        <time>2022-03-11T13:53:07.916Z</time>
      </trkpt>
      <trkpt lat="48.733721" lon="-3.549929">
        <ele>23.892279</ele>
        <time>2022-03-11T13:53:27.224Z</time>
      </trkpt>
      <trkpt lat="48.733688" lon="-3.550119">
        <ele>23.877640</ele>
        <time>2022-03-11T13:53:48.505Z</time>
      </trkpt>
      <trkpt lat="48.733869" lon="-3.550334">
        <ele>23.851664</ele>
        <time>2022-03-11T13:54:22.342Z</time>
      </trkpt>
      <trkpt lat="48.734230" lon="-3.550518">
        <ele>23.808640</ele>
        <time>2022-03-11T13:55:16.075Z</time>
      </trkpt>
      <trkpt lat="48.734772" lon="-3.550795">
        <ele>23.744026</ele>
        <time>2022-03-11T13:56:37.434Z</time>
      </trkpt>
      <trkpt lat="48.735021" lon="-3.550614">
        <ele>23.712831</ele>
        <time>2022-03-11T13:57:16.418Z</time>
      </trkpt>
      <trkpt lat="48.735155" lon="-3.550402">
        <ele>24.086391</ele>
        <time>2022-03-11T13:57:48.022Z</time>
      </trkpt>
      <trkpt lat="48.735191" lon="-3.550255">
        <ele>24.500660</ele>
        <time>2022-03-11T13:58:03.923Z</time>
      </trkpt>
      <trkpt lat="48.735209" lon="-3.550177">
        <ele>24.718979</ele>
        <time>2022-03-11T13:58:14.086Z</time>
      </trkpt>
      <trkpt lat="48.735418" lon="-3.549900">
        <ele>25.830925</ele>
        <time>2022-03-11T13:58:56.284Z</time>
      </trkpt>
      <trkpt lat="48.735573" lon="-3.549800">
        <ele>26.505676</ele>
        <time>2022-03-11T13:59:22.575Z</time>
      </trkpt>
      <trkpt lat="48.735811" lon="-3.549845">
        <ele>27.466413</ele>
        <time>2022-03-11T14:00:01.754Z</time>
      </trkpt>
      <trkpt lat="48.735840" lon="-3.549721">
        <ele>27.813992</ele>
        <time>2022-03-11T14:00:14.526Z</time>
      </trkpt>
      <trkpt lat="48.736143" lon="-3.549710">
        <ele>29.028062</ele>
        <time>2022-03-11T14:01:05.582Z</time>
      </trkpt>
      <trkpt lat="48.736207" lon="-3.549698">
        <ele>29.286379</ele>
        <time>2022-03-11T14:01:15.164Z</time>
      </trkpt>
      <trkpt lat="48.736301" lon="-3.549689">
        <ele>29.663663</ele>
        <time>2022-03-11T14:01:32.096Z</time>
      </trkpt>
      <trkpt lat="48.736495" lon="-3.549780">
        <ele>30.477103</ele>
        <time>2022-03-11T14:02:06.332Z</time>
      </trkpt>
      <trkpt lat="48.736705" lon="-3.549706">
        <ele>31.594024</ele>
        <time>2022-03-11T14:02:41.267Z</time>
      </trkpt>
      <trkpt lat="48.736762" lon="-3.549601">
        <ele>32.162935</ele>
        <time>2022-03-11T14:02:55.601Z</time>
      </trkpt>
      <trkpt lat="48.736772" lon="-3.549411">
        <ele>32.960295</ele>
        <time>2022-03-11T14:03:14.434Z</time>
      </trkpt>
      <trkpt lat="48.737056" lon="-3.549179">
        <ele>35.006515</ele>
        <time>2022-03-11T14:04:09.451Z</time>
      </trkpt>
      <trkpt lat="48.737197" lon="-3.548924">
        <ele>36.398573</ele>
        <time>2022-03-11T14:04:50.842Z</time>
      </trkpt>
      <trkpt lat="48.737508" lon="-3.548747">
        <ele>38.505631</ele>
        <time>2022-03-11T14:05:50.331Z</time>
      </trkpt>
      <trkpt lat="48.737925" lon="-3.548707">
        <ele>41.155951</ele>
        <time>2022-03-11T14:07:02.315Z</time>
      </trkpt>
      <trkpt lat="48.737968" lon="-3.548653">
        <ele>41.510098</ele>
        <time>2022-03-11T14:07:10.738Z</time>
      </trkpt>
      <trkpt lat="48.737959" lon="-3.548525">
        <ele>42.048587</ele>
        <time>2022-03-11T14:07:24.352Z</time>
      </trkpt>
      <trkpt lat="48.738134" lon="-3.548508">
        <ele>42.396612</ele>
        <time>2022-03-11T14:07:55.831Z</time>
      </trkpt>
      <trkpt lat="48.738200" lon="-3.548222">
        <ele>42.518373</ele>
        <time>2022-03-11T14:08:25.351Z</time>
      </trkpt>
      <trkpt lat="48.738290" lon="-3.548039">
        <ele>42.610107</ele>
        <time>2022-03-11T14:08:51.648Z</time>
      </trkpt>
      <trkpt lat="48.738359" lon="-3.548223">
        <ele>42.695164</ele>
        <time>2022-03-11T14:09:11.648Z</time>
      </trkpt>
      <trkpt lat="48.738492" lon="-3.548647">
        <ele>42.883838</ele>
        <time>2022-03-11T14:09:58.057Z</time>
      </trkpt>
      <trkpt lat="48.738483" lon="-3.548945">
        <ele>43.003713</ele>
        <time>2022-03-11T14:10:25.604Z</time>
      </trkpt>
      <trkpt lat="48.738520" lon="-3.549060">
        <ele>43.055131</ele>
        <time>2022-03-11T14:10:38.519Z</time>
      </trkpt>
      <trkpt lat="48.738636" lon="-3.549193">
        <ele>43.143744</ele>
        <time>2022-03-11T14:11:00.715Z</time>
      </trkpt>
      <trkpt lat="48.738886" lon="-3.549179">
        <ele>43.296178</ele>
        <time>2022-03-11T14:11:36.388Z</time>
      </trkpt>
      <trkpt lat="48.738982" lon="-3.549354">
        <ele>43.387648</ele>
        <time>2022-03-11T14:11:59.928Z</time>
      </trkpt>
      <trkpt lat="48.739259" lon="-3.549412">
        <ele>42.207241</ele>
        <time>2022-03-11T14:12:43.223Z</time>
      </trkpt>
      <trkpt lat="48.739280" lon="-3.549585">
        <ele>41.627015</ele>
        <time>2022-03-11T14:13:01.081Z</time>
      </trkpt>
      <trkpt lat="48.739365" lon="-3.549691">
        <ele>41.076570</ele>
        <time>2022-03-11T14:13:18.351Z</time>
      </trkpt>
      <trkpt lat="48.739340" lon="-3.549895">
        <ele>40.392158</ele>
        <time>2022-03-11T14:13:40.398Z</time>
      </trkpt>
      <trkpt lat="48.739372" lon="-3.549975">
        <ele>40.083534</ele>
        <time>2022-03-11T14:13:49.695Z</time>
      </trkpt>
      <trkpt lat="48.739508" lon="-3.550051">
        <ele>39.358592</ele>
        <time>2022-03-11T14:14:12.048Z</time>
      </trkpt>
      <trkpt lat="48.739744" lon="-3.550041">
        <ele>38.177751</ele>
        <time>2022-03-11T14:14:48.957Z</time>
      </trkpt>
      <trkpt lat="48.739802" lon="-3.550221">
        <ele>37.516947</ele>
        <time>2022-03-11T14:15:09.422Z</time>
      </trkpt>
      <trkpt lat="48.739980" lon="-3.550491">
        <ele>36.257682</ele>
        <time>2022-03-11T14:15:48.403Z</time>
      </trkpt>
      <trkpt lat="48.740001" lon="-3.550616">
        <ele>35.832208</ele>
        <time>2022-03-11T14:16:01.411Z</time>
      </trkpt>
      <trkpt lat="48.740146" lon="-3.550540">
        <ele>35.064871</ele>
        <time>2022-03-11T14:16:25.735Z</time>
      </trkpt>
      <trkpt lat="48.740235" lon="-3.550493">
        <ele>34.593505</ele>
        <time>2022-03-11T14:16:39.447Z</time>
      </trkpt>
      <trkpt lat="48.740881" lon="-3.550222">
        <ele>31.955790</ele>
        <time>2022-03-11T14:18:22.254Z</time>
      </trkpt>
      <trkpt lat="48.741203" lon="-3.549695">
        <ele>30.119688</ele>
        <time>2022-03-11T14:19:33.214Z</time>
      </trkpt>
      <trkpt lat="48.741338" lon="-3.549529">
        <ele>29.446110</ele>
        <time>2022-03-11T14:20:00.676Z</time>
      </trkpt>
      <trkpt lat="48.741408" lon="-3.549548">
        <ele>29.170518</ele>
        <time>2022-03-11T14:20:10.963Z</time>
      </trkpt>
      <trkpt lat="48.741513" lon="-3.549424">
        <ele>28.654752</ele>
        <time>2022-03-11T14:20:29.734Z</time>
      </trkpt>
      <trkpt lat="48.741629" lon="-3.549726">
        <ele>27.761557</ele>
        <time>2022-03-11T14:21:04.346Z</time>
      </trkpt>
      <trkpt lat="48.741742" lon="-3.549816">
        <ele>27.295224</ele>
        <time>2022-03-11T14:21:22.518Z</time>
      </trkpt>
      <trkpt lat="48.741775" lon="-3.549820">
        <ele>27.187365</ele>
        <time>2022-03-11T14:21:28.266Z</time>
      </trkpt>
      <trkpt lat="48.741802" lon="-3.549812">
        <ele>27.097734</ele>
        <time>2022-03-11T14:21:32.431Z</time>
      </trkpt>
      <trkpt lat="48.742468" lon="-3.549528">
        <ele>24.843699</ele>
        <time>2022-03-11T14:23:16.230Z</time>
      </trkpt>
      <trkpt lat="48.742587" lon="-3.549420">
        <ele>24.391857</ele>
        <time>2022-03-11T14:23:37.045Z</time>
      </trkpt>
      <trkpt lat="48.742709" lon="-3.549247">
        <ele>23.847661</ele>
        <time>2022-03-11T14:24:01.592Z</time>
      </trkpt>
      <trkpt lat="48.742730" lon="-3.549280">
        <ele>23.749132</ele>
        <time>2022-03-11T14:24:06.175Z</time>
      </trkpt>
      <trkpt lat="48.742801" lon="-3.549185">
        <ele>23.440635</ele>
        <time>2022-03-11T14:24:20.882Z</time>
      </trkpt>
      <trkpt lat="48.742864" lon="-3.549178">
        <ele>23.234826</ele>
        <time>2022-03-11T14:24:30.456Z</time>
      </trkpt>
      <trkpt lat="48.742984" lon="-3.549111">
        <ele>22.818200</ele>
        <time>2022-03-11T14:24:49.449Z</time>
      </trkpt>
      <trkpt lat="48.743200" lon="-3.549156">
        <ele>22.107847</ele>
        <time>2022-03-11T14:25:22.520Z</time>
      </trkpt>
      <trkpt lat="48.743244" lon="-3.549236">
        <ele>21.884033</ele>
        <time>2022-03-11T14:25:33.045Z</time>
      </trkpt>
      <trkpt lat="48.743533" lon="-3.549280">
        <ele>21.146425</ele>
        <time>2022-03-11T14:26:15.354Z</time>
      </trkpt>
      <trkpt lat="48.745390" lon="-3.549283">
        <ele>17.783671</ele>
        <time>2022-03-11T14:30:47.406Z</time>
      </trkpt>
      <trkpt lat="48.745888" lon="-3.549250">
        <ele>18.110563</ele>
        <time>2022-03-11T14:31:57.543Z</time>
      </trkpt>
      <trkpt lat="48.745894" lon="-3.549163">
        <ele>18.148389</ele>
        <time>2022-03-11T14:32:06.500Z</time>
      </trkpt>
      <trkpt lat="48.745890" lon="-3.549079">
        <ele>18.184808</ele>
        <time>2022-03-11T14:32:14.956Z</time>
      </trkpt>
      <trkpt lat="48.745964" lon="-3.548968">
        <ele>18.253064</ele>
        <time>2022-03-11T14:32:30.580Z</time>
      </trkpt>
      <trkpt lat="48.746064" lon="-3.548973">
        <ele>18.318678</ele>
        <time>2022-03-11T14:32:44.739Z</time>
      </trkpt>
      <trkpt lat="48.746115" lon="-3.548986">
        <ele>18.352592</ele>
        <time>2022-03-11T14:32:52.003Z</time>
      </trkpt>
      <trkpt lat="48.746222" lon="-3.548974">
        <ele>18.422952</ele>
        <time>2022-03-11T14:33:08.696Z</time>
      </trkpt>
      <trkpt lat="48.746246" lon="-3.548913">
        <ele>18.453669</ele>
        <time>2022-03-11T14:33:15.807Z</time>
      </trkpt>
      <trkpt lat="48.746310" lon="-3.548748">
        <ele>18.536447</ele>
        <time>2022-03-11T14:33:34.653Z</time>
      </trkpt>
      <trkpt lat="48.746433" lon="-3.548588">
        <ele>18.642716</ele>
        <time>2022-03-11T14:34:00.879Z</time>
      </trkpt>
      <trkpt lat="48.746614" lon="-3.548413">
        <ele>18.783483</ele>
        <time>2022-03-11T14:34:31.999Z</time>
      </trkpt>
      <trkpt lat="48.746721" lon="-3.548389">
        <ele>18.879798</ele>
        <time>2022-03-11T14:34:49.121Z</time>
      </trkpt>
      <trkpt lat="48.747639" lon="-3.548411">
        <ele>19.737897</ele>
        <time>2022-03-11T14:37:05.094Z</time>
      </trkpt>
      <trkpt lat="48.747900" lon="-3.548481">
        <ele>19.985621</ele>
        <time>2022-03-11T14:37:46.160Z</time>
      </trkpt>
      <trkpt lat="48.747914" lon="-3.548579">
        <ele>20.047417</ele>
        <time>2022-03-11T14:37:56.595Z</time>
      </trkpt>
      <trkpt lat="48.747903" lon="-3.548726">
        <ele>20.138590</ele>
        <time>2022-03-11T14:38:10.529Z</time>
      </trkpt>
      <trkpt lat="48.747950" lon="-3.548879">
        <ele>20.242610</ele>
        <time>2022-03-11T14:38:26.835Z</time>
      </trkpt>
      <trkpt lat="48.748134" lon="-3.549286">
        <ele>20.298508</ele>
        <time>2022-03-11T14:39:13.510Z</time>
      </trkpt>
      <trkpt lat="48.748875" lon="-3.550232">
        <ele>18.036064</ele>
        <time>2022-03-11T14:41:36.296Z</time>
      </trkpt>
      <trkpt lat="48.749673" lon="-3.551827">
        <ele>15.464855</ele>
        <time>2022-03-11T14:44:52.380Z</time>
      </trkpt>
      <trkpt lat="48.750229" lon="-3.552377">
        <ele>14.515318</ele>
        <time>2022-03-11T14:46:27.798Z</time>
      </trkpt>
      <trkpt lat="48.750555" lon="-3.553048">
        <ele>13.729218</ele>
        <time>2022-03-11T14:47:45.511Z</time>
      </trkpt>
      <trkpt lat="48.751275" lon="-3.554116">
        <ele>14.107683</ele>
        <time>2022-03-11T14:50:08.547Z</time>
      </trkpt>
      <trkpt lat="48.751640" lon="-3.554916">
        <ele>14.371349</ele>
        <time>2022-03-11T14:51:40.446Z</time>
      </trkpt>
      <trkpt lat="48.751983" lon="-3.555214">
        <ele>14.567145</ele>
        <time>2022-03-11T14:52:37.200Z</time>
      </trkpt>
      <trkpt lat="48.752039" lon="-3.555471">
        <ele>14.666818</ele>
        <time>2022-03-11T14:53:02.860Z</time>
      </trkpt>
      <trkpt lat="48.752425" lon="-3.555940">
        <ele>14.943051</ele>
        <time>2022-03-11T14:54:14.287Z</time>
      </trkpt>
      <trkpt lat="48.752579" lon="-3.556451">
        <ele>15.149947</ele>
        <time>2022-03-11T14:55:07.429Z</time>
      </trkpt>
      <trkpt lat="48.752996" lon="-3.556921">
        <ele>15.440114</ele>
        <time>2022-03-11T14:56:20.694Z</time>
      </trkpt>
      <trkpt lat="48.753054" lon="-3.557215">
        <ele>15.522993</ele>
        <time>2022-03-11T14:56:49.083Z</time>
      </trkpt>
      <trkpt lat="48.753213" lon="-3.557544">
        <ele>15.631136</ele>
        <time>2022-03-11T14:57:26.930Z</time>
      </trkpt>
      <trkpt lat="48.753603" lon="-3.557935">
        <ele>15.819118</ele>
        <time>2022-03-11T14:58:32.969Z</time>
      </trkpt>
      <trkpt lat="48.753763" lon="-3.558016">
        <ele>15.886944</ele>
        <time>2022-03-11T14:58:57.082Z</time>
      </trkpt>
      <trkpt lat="48.754151" lon="-3.558059">
        <ele>16.043376</ele>
        <time>2022-03-11T14:59:52.580Z</time>
      </trkpt>
      <trkpt lat="48.754588" lon="-3.558327">
        <ele>16.448401</ele>
        <time>2022-03-11T15:00:59.693Z</time>
      </trkpt>
      <trkpt lat="48.755060" lon="-3.559620">
        <ele>18.156865</ele>
        <time>2022-03-11T15:03:21.270Z</time>
      </trkpt>
      <trkpt lat="48.755190" lon="-3.559766">
        <ele>18.440479</ele>
        <time>2022-03-11T15:03:45.711Z</time>
      </trkpt>
      <trkpt lat="48.755496" lon="-3.559845">
        <ele>18.984719</ele>
        <time>2022-03-11T15:04:33.527Z</time>
      </trkpt>
      <trkpt lat="48.755821" lon="-3.560097">
        <ele>20.023861</ele>
        <time>2022-03-11T15:05:31.137Z</time>
      </trkpt>
      <trkpt lat="48.756195" lon="-3.560246">
        <ele>21.597215</ele>
        <time>2022-03-11T15:06:32.806Z</time>
      </trkpt>
      <trkpt lat="48.756388" lon="-3.560233">
        <ele>22.383273</ele>
        <time>2022-03-11T15:07:03.993Z</time>
      </trkpt>
      <trkpt lat="48.756595" lon="-3.560378">
        <ele>23.310992</ele>
        <time>2022-03-11T15:07:40.657Z</time>
      </trkpt>
      <trkpt lat="48.756760" lon="-3.560387">
        <ele>23.982783</ele>
        <time>2022-03-11T15:08:07.568Z</time>
      </trkpt>
      <trkpt lat="48.757051" lon="-3.560252">
        <ele>25.220950</ele>
        <time>2022-03-11T15:08:57.187Z</time>
      </trkpt>
      <trkpt lat="48.757192" lon="-3.560255">
        <ele>25.794711</ele>
        <time>2022-03-11T15:09:20.041Z</time>
      </trkpt>
      <trkpt lat="48.758186" lon="-3.560566">
        <ele>28.788436</ele>
        <time>2022-03-11T15:12:01.795Z</time>
      </trkpt>
      <trkpt lat="48.758488" lon="-3.560512">
        <ele>29.597719</ele>
        <time>2022-03-11T15:12:47.356Z</time>
      </trkpt>
      <trkpt lat="48.759080" lon="-3.560872">
        <ele>31.295105</ele>
        <time>2022-03-11T15:14:18.454Z</time>
      </trkpt>
      <trkpt lat="48.759441" lon="-3.561312">
        <ele>31.804420</ele>
        <time>2022-03-11T15:15:29.520Z</time>
      </trkpt>
      <trkpt lat="48.759612" lon="-3.561457">
        <ele>31.983037</ele>
        <time>2022-03-11T15:15:59.957Z</time>
      </trkpt>
      <trkpt lat="48.759812" lon="-3.561800">
        <ele>32.258272</ele>
        <time>2022-03-11T15:16:45.964Z</time>
      </trkpt>
      <trkpt lat="48.760021" lon="-3.562110">
        <ele>32.524785</ele>
        <time>2022-03-11T15:17:28.202Z</time>
      </trkpt>
      <trkpt lat="48.760126" lon="-3.562165">
        <ele>32.626067</ele>
        <time>2022-03-11T15:17:44.034Z</time>
      </trkpt>
      <trkpt lat="48.760221" lon="-3.562159">
        <ele>32.712760</ele>
        <time>2022-03-11T15:17:58.574Z</time>
      </trkpt>
      <trkpt lat="48.760294" lon="-3.562127">
        <ele>32.782042</ele>
        <time>2022-03-11T15:18:09.602Z</time>
      </trkpt>
      <trkpt lat="48.760425" lon="-3.562014">
        <ele>32.919442</ele>
        <time>2022-03-11T15:18:31.413Z</time>
      </trkpt>
      <trkpt lat="48.760496" lon="-3.561924">
        <ele>33.003803</ele>
        <time>2022-03-11T15:18:45.090Z</time>
      </trkpt>
      <trkpt lat="48.760585" lon="-3.561763">
        <ele>32.817747</ele>
        <time>2022-03-11T15:19:05.213Z</time>
      </trkpt>
      <trkpt lat="48.760623" lon="-3.561654">
        <ele>32.521987</ele>
        <time>2022-03-11T15:19:17.439Z</time>
      </trkpt>
      <trkpt lat="48.760639" lon="-3.561455">
        <ele>32.041124</ele>
        <time>2022-03-11T15:19:36.124Z</time>
      </trkpt>
      <trkpt lat="48.760686" lon="-3.561490">
        <ele>31.850613</ele>
        <time>2022-03-11T15:19:43.740Z</time>
      </trkpt>
      <trkpt lat="48.760756" lon="-3.561612">
        <ele>31.462659</ele>
        <time>2022-03-11T15:19:59.498Z</time>
      </trkpt>
      <trkpt lat="48.760807" lon="-3.561694">
        <ele>31.192248</ele>
        <time>2022-03-11T15:20:10.666Z</time>
      </trkpt>
      <trkpt lat="48.760843" lon="-3.562098">
        <ele>30.214395</ele>
        <time>2022-03-11T15:20:49.543Z</time>
      </trkpt>
      <trkpt lat="48.760986" lon="-3.562808">
        <ele>28.433668</ele>
        <time>2022-03-11T15:22:02.437Z</time>
      </trkpt>
      <trkpt lat="48.761006" lon="-3.563874">
        <ele>25.514853</ele>
        <time>2022-03-11T15:23:55.263Z</time>
      </trkpt>
      <trkpt lat="48.761169" lon="-3.564706">
        <ele>22.272028</ele>
        <time>2022-03-11T15:25:25.903Z</time>
      </trkpt>
      <trkpt lat="48.761183" lon="-3.564804">
        <ele>21.897390</ele>
        <time>2022-03-11T15:25:37.260Z</time>
      </trkpt>
      <trkpt lat="48.761232" lon="-3.565143">
        <ele>20.600760</ele>
        <time>2022-03-11T15:26:11.646Z</time>
      </trkpt>
      <trkpt lat="48.761241" lon="-3.565212">
        <ele>20.337971</ele>
        <time>2022-03-11T15:26:18.464Z</time>
      </trkpt>
      <trkpt lat="48.761258" lon="-3.565256">
        <ele>20.147427</ele>
        <time>2022-03-11T15:26:24.111Z</time>
      </trkpt>
      <trkpt lat="48.761216" lon="-3.565573">
        <ele>18.939396</ele>
        <time>2022-03-11T15:26:57.270Z</time>
      </trkpt>
      <trkpt lat="48.761181" lon="-3.565855">
        <ele>17.867302</ele>
        <time>2022-03-11T15:27:26.252Z</time>
      </trkpt>
      <trkpt lat="48.761171" lon="-3.566001">
        <ele>17.318893</ele>
        <time>2022-03-11T15:27:41.809Z</time>
      </trkpt>
      <trkpt lat="48.761207" lon="-3.566207">
        <ele>16.522669</ele>
        <time>2022-03-11T15:28:02.275Z</time>
      </trkpt>
      <trkpt lat="48.761236" lon="-3.566669">
        <ele>15.433013</ele>
        <time>2022-03-11T15:28:49.981Z</time>
      </trkpt>
      <trkpt lat="48.761224" lon="-3.566798">
        <ele>15.149896</ele>
        <time>2022-03-11T15:29:02.490Z</time>
      </trkpt>
      <trkpt lat="48.761116" lon="-3.566996">
        <ele>14.591400</ele>
        <time>2022-03-11T15:29:29.873Z</time>
      </trkpt>
      <trkpt lat="48.760729" lon="-3.567581">
        <ele>12.790296</ele>
        <time>2022-03-11T15:30:49.852Z</time>
      </trkpt>
      <trkpt lat="48.760644" lon="-3.567683">
        <ele>12.433002</ele>
        <time>2022-03-11T15:31:06.609Z</time>
      </trkpt>
      <trkpt lat="48.760509" lon="-3.567831">
        <ele>11.883891</ele>
        <time>2022-03-11T15:31:31.413Z</time>
      </trkpt>
      <trkpt lat="48.759732" lon="-3.568228">
        <ele>9.785020</ele>
        <time>2022-03-11T15:33:31.548Z</time>
      </trkpt>
      <trkpt lat="48.759443" lon="-3.568531">
        <ele>9.201128</ele>
        <time>2022-03-11T15:34:23.367Z</time>
      </trkpt>
      <trkpt lat="48.759363" lon="-3.568673">
        <ele>8.996469</ele>
        <time>2022-03-11T15:34:41.943Z</time>
      </trkpt>
      <trkpt lat="48.759358" lon="-3.568826">
        <ele>8.828627</ele>
        <time>2022-03-11T15:34:56.660Z</time>
      </trkpt>
      <trkpt lat="48.759309" lon="-3.569301">
        <ele>8.301856</ele>
        <time>2022-03-11T15:35:42.410Z</time>
      </trkpt>
      <trkpt lat="48.759341" lon="-3.569584">
        <ele>7.987256</ele>
        <time>2022-03-11T15:36:09.132Z</time>
      </trkpt>
      <trkpt lat="48.759443" lon="-3.569729">
        <ele>7.754921</ele>
        <time>2022-03-11T15:36:29.276Z</time>
      </trkpt>
      <trkpt lat="48.759444" lon="-3.570015">
        <ele>7.441559</ele>
        <time>2022-03-11T15:36:55.883Z</time>
      </trkpt>
      <trkpt lat="48.759792" lon="-3.570952">
        <ele>7.460466</ele>
        <time>2022-03-11T15:38:35.455Z</time>
      </trkpt>
      <trkpt lat="48.759835" lon="-3.571197">
        <ele>7.472747</ele>
        <time>2022-03-11T15:38:59.795Z</time>
      </trkpt>
      <trkpt lat="48.759881" lon="-3.571900">
        <ele>7.506966</ele>
        <time>2022-03-11T15:40:05.533Z</time>
      </trkpt>
      <trkpt lat="48.759835" lon="-3.571960">
        <ele>7.511423</ele>
        <time>2022-03-11T15:40:14.083Z</time>
      </trkpt>
      <trkpt lat="48.759835" lon="-3.572238">
        <ele>7.524889</ele>
        <time>2022-03-11T15:40:40.099Z</time>
      </trkpt>
      <trkpt lat="48.759737" lon="-3.572456">
        <ele>7.537670</ele>
        <time>2022-03-11T15:41:04.431Z</time>
      </trkpt>
      <trkpt lat="48.759682" lon="-3.572476">
        <ele>7.541826</ele>
        <time>2022-03-11T15:41:12.388Z</time>
      </trkpt>
      <trkpt lat="48.759687" lon="-3.572523">
        <ele>7.541700</ele>
        <time>2022-03-11T15:41:17.295Z</time>
      </trkpt>
      <trkpt lat="48.759699" lon="-3.572621">
        <ele>7.541177</ele>
        <time>2022-03-11T15:41:26.766Z</time>
      </trkpt>
      <trkpt lat="48.759706" lon="-3.572683">
        <ele>7.540847</ele>
        <time>2022-03-11T15:41:33.878Z</time>
      </trkpt>
      <trkpt lat="48.759727" lon="-3.572964">
        <ele>7.539363</ele>
        <time>2022-03-11T15:42:00.152Z</time>
      </trkpt>
      <trkpt lat="48.759875" lon="-3.573171">
        <ele>7.537762</ele>
        <time>2022-03-11T15:42:29.018Z</time>
      </trkpt>
      <trkpt lat="48.759976" lon="-3.573181">
        <ele>7.536956</ele>
        <time>2022-03-11T15:42:43.234Z</time>
      </trkpt>
      <trkpt lat="48.760010" lon="-3.573256">
        <ele>7.536479</ele>
        <time>2022-03-11T15:42:51.645Z</time>
      </trkpt>
      <trkpt lat="48.760031" lon="-3.573673">
        <ele>7.534285</ele>
        <time>2022-03-11T15:43:30.624Z</time>
      </trkpt>
      <trkpt lat="48.759779" lon="-3.574426">
        <ele>7.529855</ele>
        <time>2022-03-11T15:44:49.484Z</time>
      </trkpt>
      <trkpt lat="48.759554" lon="-3.574750">
        <ele>7.510888</ele>
        <time>2022-03-11T15:45:33.771Z</time>
      </trkpt>
      <trkpt lat="48.759412" lon="-3.574800">
        <ele>7.429473</ele>
        <time>2022-03-11T15:45:54.387Z</time>
      </trkpt>
      <trkpt lat="48.759357" lon="-3.574929">
        <ele>7.372911</ele>
        <time>2022-03-11T15:46:08.607Z</time>
      </trkpt>
      <trkpt lat="48.759199" lon="-3.575398">
        <ele>7.178997</ele>
        <time>2022-03-11T15:46:57.512Z</time>
      </trkpt>
      <trkpt lat="48.759006" lon="-3.576225">
        <ele>6.856001</ele>
        <time>2022-03-11T15:48:19.368Z</time>
      </trkpt>
      <trkpt lat="48.758938" lon="-3.577085">
        <ele>6.537100</ele>
        <time>2022-03-11T15:49:40.860Z</time>
      </trkpt>
      <trkpt lat="48.759007" lon="-3.577769">
        <ele>6.197376</ele>
        <time>2022-03-11T15:50:46.828Z</time>
      </trkpt>
      <trkpt lat="48.758959" lon="-3.578016">
        <ele>6.069111</ele>
        <time>2022-03-11T15:51:11.130Z</time>
      </trkpt>
      <trkpt lat="48.759009" lon="-3.578226">
        <ele>5.957896</ele>
        <time>2022-03-11T15:51:32.689Z</time>
      </trkpt>
      <trkpt lat="48.758758" lon="-3.579607">
        <ele>5.244352</ele>
        <time>2022-03-11T15:53:46.197Z</time>
      </trkpt>
      <trkpt lat="48.758735" lon="-3.579747">
        <ele>5.172485</ele>
        <time>2022-03-11T15:54:00.363Z</time>
      </trkpt>
      <trkpt lat="48.758707" lon="-3.579907">
        <ele>5.192507</ele>
        <time>2022-03-11T15:54:17.200Z</time>
      </trkpt>
      <trkpt lat="48.758693" lon="-3.579998">
        <ele>5.210386</ele>
        <time>2022-03-11T15:54:25.874Z</time>
      </trkpt>
      <trkpt lat="48.758785" lon="-3.580330">
        <ele>5.279289</ele>
        <time>2022-03-11T15:54:59.594Z</time>
      </trkpt>
      <trkpt lat="48.758817" lon="-3.580462">
        <ele>5.306197</ele>
        <time>2022-03-11T15:55:14.142Z</time>
      </trkpt>
      <trkpt lat="48.758682" lon="-3.580494">
        <ele>5.345852</ele>
        <time>2022-03-11T15:55:33.378Z</time>
      </trkpt>
      <trkpt lat="48.758629" lon="-3.580539">
        <ele>5.363479</ele>
        <time>2022-03-11T15:55:42.478Z</time>
      </trkpt>
      <trkpt lat="48.758608" lon="-3.580557">
        <ele>5.370480</ele>
        <time>2022-03-11T15:55:46.261Z</time>
      </trkpt>
      <trkpt lat="48.758575" lon="-3.580660">
        <ele>5.392390</ele>
        <time>2022-03-11T15:55:57.776Z</time>
      </trkpt>
      <trkpt lat="48.758566" lon="-3.580877">
        <ele>5.433990</ele>
        <time>2022-03-11T15:56:18.392Z</time>
      </trkpt>
      <trkpt lat="48.758584" lon="-3.580957">
        <ele>5.450162</ele>
        <time>2022-03-11T15:56:26.897Z</time>
      </trkpt>
      <trkpt lat="48.758599" lon="-3.581116">
        <ele>5.480893</ele>
        <time>2022-03-11T15:56:42.465Z</time>
      </trkpt>
      <trkpt lat="48.758587" lon="-3.581204">
        <ele>5.498086</ele>
        <time>2022-03-11T15:56:51.696Z</time>
      </trkpt>
      <trkpt lat="48.758501" lon="-3.581399">
        <ele>5.542973</ele>
        <time>2022-03-11T15:57:13.737Z</time>
      </trkpt>
      <trkpt lat="48.758478" lon="-3.581458">
        <ele>5.556087</ele>
        <time>2022-03-11T15:57:20.956Z</time>
      </trkpt>
      <trkpt lat="48.758468" lon="-3.581648">
        <ele>5.592554</ele>
        <time>2022-03-11T15:57:39.222Z</time>
      </trkpt>
      <trkpt lat="48.758533" lon="-3.581826">
        <ele>5.631486</ele>
        <time>2022-03-11T15:57:59.572Z</time>
      </trkpt>
      <trkpt lat="48.758434" lon="-3.581880">
        <ele>5.662019</ele>
        <time>2022-03-11T15:58:15.090Z</time>
      </trkpt>
      <trkpt lat="48.758247" lon="-3.582190">
        <ele>5.823074</ele>
        <time>2022-03-11T15:58:54.669Z</time>
      </trkpt>
      <trkpt lat="48.757920" lon="-3.582068">
        <ele>6.060730</ele>
        <time>2022-03-11T15:59:43.043Z</time>
      </trkpt>
      <trkpt lat="48.757800" lon="-3.581819">
        <ele>6.204233</ele>
        <time>2022-03-11T16:00:14.237Z</time>
      </trkpt>
      <trkpt lat="48.757434" lon="-3.581595">
        <ele>6.482767</ele>
        <time>2022-03-11T16:01:11.632Z</time>
      </trkpt>
      <trkpt lat="48.757282" lon="-3.581580">
        <ele>6.590266</ele>
        <time>2022-03-11T16:01:33.524Z</time>
      </trkpt>
      <trkpt lat="48.757140" lon="-3.581734">
        <ele>6.713461</ele>
        <time>2022-03-11T16:01:58.741Z</time>
      </trkpt>
      <trkpt lat="48.757156" lon="-3.581802">
        <ele>6.747053</ele>
        <time>2022-03-11T16:02:05.841Z</time>
      </trkpt>
      <trkpt lat="48.757214" lon="-3.581791">
        <ele>6.788305</ele>
        <time>2022-03-11T16:02:14.970Z</time>
      </trkpt>
      <trkpt lat="48.757322" lon="-3.581848">
        <ele>6.869007</ele>
        <time>2022-03-11T16:02:31.860Z</time>
      </trkpt>
      <trkpt lat="48.757396" lon="-3.582000">
        <ele>6.958719</ele>
        <time>2022-03-11T16:02:50.174Z</time>
      </trkpt>
      <trkpt lat="48.757433" lon="-3.582152">
        <ele>7.126501</ele>
        <time>2022-03-11T16:03:05.292Z</time>
      </trkpt>
      <trkpt lat="48.757510" lon="-3.582463">
        <ele>7.470501</ele>
        <time>2022-03-11T16:03:37.443Z</time>
      </trkpt>
      <trkpt lat="48.757486" lon="-3.582591">
        <ele>7.608300</ele>
        <time>2022-03-11T16:03:50.582Z</time>
      </trkpt>
      <trkpt lat="48.757743" lon="-3.582984">
        <ele>8.181500</ele>
        <time>2022-03-11T16:04:43.560Z</time>
      </trkpt>
      <trkpt lat="48.757702" lon="-3.583364">
        <ele>8.580220</ele>
        <time>2022-03-11T16:05:19.929Z</time>
      </trkpt>
      <trkpt lat="48.757613" lon="-3.583507">
        <ele>8.783858</ele>
        <time>2022-03-11T16:05:39.965Z</time>
      </trkpt>
      <trkpt lat="48.757553" lon="-3.583604">
        <ele>8.921591</ele>
        <time>2022-03-11T16:05:52.468Z</time>
      </trkpt>
      <trkpt lat="48.757637" lon="-3.583910">
        <ele>9.264822</ele>
        <time>2022-03-11T16:06:26.596Z</time>
      </trkpt>
      <trkpt lat="48.757543" lon="-3.584129">
        <ele>9.535424</ele>
        <time>2022-03-11T16:06:53.400Z</time>
      </trkpt>
      <trkpt lat="48.757561" lon="-3.584239">
        <ele>9.652784</ele>
        <time>2022-03-11T16:07:04.530Z</time>
      </trkpt>
      <trkpt lat="48.757502" lon="-3.584355">
        <ele>9.810227</ele>
        <time>2022-03-11T16:07:19.692Z</time>
      </trkpt>
      <trkpt lat="48.757489" lon="-3.584628">
        <ele>10.161666</ele>
        <time>2022-03-11T16:07:47.833Z</time>
      </trkpt>
      <trkpt lat="48.757548" lon="-3.584707">
        <ele>10.314942</ele>
        <time>2022-03-11T16:07:59.472Z</time>
      </trkpt>
      <trkpt lat="48.757970" lon="-3.584570">
        <ele>11.155459</ele>
        <time>2022-03-11T16:09:05.434Z</time>
      </trkpt>
      <trkpt lat="48.758010" lon="-3.584504">
        <ele>11.270570</ele>
        <time>2022-03-11T16:09:15.317Z</time>
      </trkpt>
      <trkpt lat="48.758036" lon="-3.584505">
        <ele>11.321225</ele>
        <time>2022-03-11T16:09:19.537Z</time>
      </trkpt>
      <trkpt lat="48.758128" lon="-3.584546">
        <ele>11.507981</ele>
        <time>2022-03-11T16:09:33.692Z</time>
      </trkpt>
      <trkpt lat="48.758322" lon="-3.584792">
        <ele>12.000452</ele>
        <time>2022-03-11T16:10:11.962Z</time>
      </trkpt>
      <trkpt lat="48.758366" lon="-3.584816">
        <ele>12.091520</ele>
        <time>2022-03-11T16:10:18.947Z</time>
      </trkpt>
      <trkpt lat="48.758437" lon="-3.584875">
        <ele>12.249193</ele>
        <time>2022-03-11T16:10:30.821Z</time>
      </trkpt>
      <trkpt lat="48.758553" lon="-3.584848">
        <ele>12.477764</ele>
        <time>2022-03-11T16:10:47.207Z</time>
      </trkpt>
      <trkpt lat="48.758578" lon="-3.584774">
        <ele>12.584526</ele>
        <time>2022-03-11T16:10:55.465Z</time>
      </trkpt>
      <trkpt lat="48.758657" lon="-3.584716">
        <ele>12.755463</ele>
        <time>2022-03-11T16:11:09.460Z</time>
      </trkpt>
      <trkpt lat="48.758772" lon="-3.584513">
        <ele>13.099121</ele>
        <time>2022-03-11T16:11:34.382Z</time>
      </trkpt>
      <trkpt lat="48.758808" lon="-3.584024">
        <ele>13.033139</ele>
        <time>2022-03-11T16:12:21.304Z</time>
      </trkpt>
      <trkpt lat="48.758827" lon="-3.583763">
        <ele>12.844204</ele>
        <time>2022-03-11T16:12:45.750Z</time>
      </trkpt>
      <trkpt lat="48.758960" lon="-3.583171">
        <ele>12.394195</ele>
        <time>2022-03-11T16:13:45.705Z</time>
      </trkpt>
      <trkpt lat="48.758899" lon="-3.582959">
        <ele>12.227761</ele>
        <time>2022-03-11T16:14:08.099Z</time>
      </trkpt>
      <trkpt lat="48.758936" lon="-3.582771">
        <ele>12.086593</ele>
        <time>2022-03-11T16:14:27.883Z</time>
      </trkpt>
      <trkpt lat="48.758869" lon="-3.582490">
        <ele>11.871591</ele>
        <time>2022-03-11T16:14:56.231Z</time>
      </trkpt>
      <trkpt lat="48.758820" lon="-3.581933">
        <ele>11.467269</ele>
        <time>2022-03-11T16:15:51.589Z</time>
      </trkpt>
      <trkpt lat="48.758572" lon="-3.581594">
        <ele>12.043392</ele>
        <time>2022-03-11T16:16:38.500Z</time>
      </trkpt>
      <trkpt lat="48.758501" lon="-3.581399">
        <ele>12.575581</ele>
        <time>2022-03-11T16:16:59.332Z</time>
      </trkpt>
      <trkpt lat="48.758587" lon="-3.581204">
        <ele>13.136075</ele>
        <time>2022-03-11T16:17:22.815Z</time>
      </trkpt>
      <trkpt lat="48.758599" lon="-3.581116">
        <ele>13.350758</ele>
        <time>2022-03-11T16:17:31.668Z</time>
      </trkpt>
      <trkpt lat="48.758584" lon="-3.580957">
        <ele>13.734480</ele>
        <time>2022-03-11T16:17:46.464Z</time>
      </trkpt>
      <trkpt lat="48.758566" lon="-3.580877">
        <ele>13.936426</ele>
        <time>2022-03-11T16:17:55.245Z</time>
      </trkpt>
      <trkpt lat="48.758575" lon="-3.580660">
        <ele>14.455866</ele>
        <time>2022-03-11T16:18:17.894Z</time>
      </trkpt>
      <trkpt lat="48.758608" lon="-3.580557">
        <ele>14.729455</ele>
        <time>2022-03-11T16:18:29.081Z</time>
      </trkpt>
      <trkpt lat="48.758629" lon="-3.580539">
        <ele>14.816867</ele>
        <time>2022-03-11T16:18:32.613Z</time>
      </trkpt>
      <trkpt lat="48.758682" lon="-3.580494">
        <ele>15.036974</ele>
        <time>2022-03-11T16:18:42.157Z</time>
      </trkpt>
      <trkpt lat="48.758817" lon="-3.580462">
        <ele>15.532141</ele>
        <time>2022-03-11T16:19:04.926Z</time>
      </trkpt>
      <trkpt lat="48.758865" lon="-3.580414">
        <ele>15.740486</ele>
        <time>2022-03-11T16:19:14.039Z</time>
      </trkpt>
      <trkpt lat="48.758892" lon="-3.580374">
        <ele>15.877254</ele>
        <time>2022-03-11T16:19:20.081Z</time>
      </trkpt>
      <trkpt lat="48.758930" lon="-3.580287">
        <ele>16.126577</ele>
        <time>2022-03-11T16:19:30.213Z</time>
      </trkpt>
      <trkpt lat="48.759074" lon="-3.580354">
        <ele>16.672417</ele>
        <time>2022-03-11T16:19:56.275Z</time>
      </trkpt>
      <trkpt lat="48.759192" lon="-3.580337">
        <ele>17.101964</ele>
        <time>2022-03-11T16:20:16.021Z</time>
      </trkpt>
      <trkpt lat="48.759264" lon="-3.580165">
        <ele>17.588711</ele>
        <time>2022-03-11T16:20:40.888Z</time>
      </trkpt>
      <trkpt lat="48.759449" lon="-3.579988">
        <ele>19.098718</ele>
        <time>2022-03-11T16:21:20.721Z</time>
      </trkpt>
      <trkpt lat="48.759753" lon="-3.579313">
        <ele>23.633592</ele>
        <time>2022-03-11T16:23:08.108Z</time>
      </trkpt>
      <trkpt lat="48.760363" lon="-3.579024">
        <ele>29.011264</ele>
        <time>2022-03-11T16:25:04.155Z</time>
      </trkpt>
      <trkpt lat="48.760356" lon="-3.578937">
        <ele>29.497456</ele>
        <time>2022-03-11T16:25:19.816Z</time>
      </trkpt>
      <trkpt lat="48.760405" lon="-3.578837">
        <ele>30.188643</ele>
        <time>2022-03-11T16:25:33.762Z</time>
      </trkpt>
      <trkpt lat="48.760618" lon="-3.578581">
        <ele>32.475418</ele>
        <time>2022-03-11T16:26:20.038Z</time>
      </trkpt>
      <trkpt lat="48.760695" lon="-3.578652">
        <ele>32.934035</ele>
        <time>2022-03-11T16:26:35.259Z</time>
      </trkpt>
      <trkpt lat="48.760889" lon="-3.578621">
        <ele>32.679104</ele>
        <time>2022-03-11T16:27:04.564Z</time>
      </trkpt>
      <trkpt lat="48.761461" lon="-3.578381">
        <ele>31.903521</ele>
        <time>2022-03-11T16:28:37.584Z</time>
      </trkpt>
      <trkpt lat="48.761649" lon="-3.578390">
        <ele>31.657711</ele>
        <time>2022-03-11T16:29:04.631Z</time>
      </trkpt>
      <trkpt lat="48.762348" lon="-3.578179">
        <ele>30.726316</ele>
        <time>2022-03-11T16:30:57.312Z</time>
      </trkpt>
      <trkpt lat="48.762597" lon="-3.577989">
        <ele>28.902989</ele>
        <time>2022-03-11T16:31:42.814Z</time>
      </trkpt>
      <trkpt lat="48.762698" lon="-3.577894">
        <ele>27.881796</ele>
        <time>2022-03-11T16:32:03.245Z</time>
      </trkpt>
      <trkpt lat="48.762812" lon="-3.577835">
        <ele>26.846741</ele>
        <time>2022-03-11T16:32:22.539Z</time>
      </trkpt>
      <trkpt lat="48.762939" lon="-3.577814">
        <ele>25.748950</ele>
        <time>2022-03-11T16:32:43.900Z</time>
      </trkpt>
      <trkpt lat="48.763284" lon="-3.577879">
        <ele>22.761544</ele>
        <time>2022-03-11T16:33:41.301Z</time>
      </trkpt>
      <trkpt lat="48.763408" lon="-3.577939">
        <ele>21.643108</ele>
        <time>2022-03-11T16:34:03.428Z</time>
      </trkpt>
      <trkpt lat="48.763475" lon="-3.577993">
        <ele>20.991161</ele>
        <time>2022-03-11T16:34:15.938Z</time>
      </trkpt>
      <trkpt lat="48.763514" lon="-3.578050">
        <ele>20.525805</ele>
        <time>2022-03-11T16:34:24.313Z</time>
      </trkpt>
      <trkpt lat="48.763659" lon="-3.578120">
        <ele>19.218234</ele>
        <time>2022-03-11T16:34:49.939Z</time>
      </trkpt>
      <trkpt lat="48.763962" lon="-3.578238">
        <ele>16.530095</ele>
        <time>2022-03-11T16:35:41.348Z</time>
      </trkpt>
      <trkpt lat="48.764092" lon="-3.578289">
        <ele>15.376241</ele>
        <time>2022-03-11T16:36:04.184Z</time>
      </trkpt>
      <trkpt lat="48.764676" lon="-3.578561">
        <ele>12.791055</ele>
        <time>2022-03-11T16:37:41.632Z</time>
      </trkpt>
      <trkpt lat="48.765150" lon="-3.578830">
        <ele>10.740728</ele>
        <time>2022-03-11T16:38:58.825Z</time>
      </trkpt>
      <trkpt lat="48.765333" lon="-3.578907">
        <ele>9.971335</ele>
        <time>2022-03-11T16:39:26.312Z</time>
      </trkpt>
      <trkpt lat="48.765832" lon="-3.579286">
        <ele>7.878168</ele>
        <time>2022-03-11T16:40:45.295Z</time>
      </trkpt>
      <trkpt lat="48.766053" lon="-3.579465">
        <ele>7.862745</ele>
        <time>2022-03-11T16:41:20.421Z</time>
      </trkpt>
      <trkpt lat="48.766354" lon="-3.579716">
        <ele>7.841600</ele>
        <time>2022-03-11T16:42:08.898Z</time>
      </trkpt>
      <trkpt lat="48.766492" lon="-3.579831">
        <ele>7.831908</ele>
        <time>2022-03-11T16:42:31.543Z</time>
      </trkpt>
      <trkpt lat="48.766854" lon="-3.580144">
        <ele>7.806257</ele>
        <time>2022-03-11T16:43:30.990Z</time>
      </trkpt>
      <trkpt lat="48.766984" lon="-3.580323">
        <ele>7.795449</ele>
        <time>2022-03-11T16:43:56.103Z</time>
      </trkpt>
      <trkpt lat="48.767298" lon="-3.580808">
        <ele>7.710151</ele>
        <time>2022-03-11T16:44:59.093Z</time>
      </trkpt>
      <trkpt lat="48.768041" lon="-3.581963">
        <ele>5.897255</ele>
        <time>2022-03-11T16:47:32.605Z</time>
      </trkpt>
      <trkpt lat="48.768122" lon="-3.582087">
        <ele>5.701153</ele>
        <time>2022-03-11T16:47:49.532Z</time>
      </trkpt>
      <trkpt lat="48.768334" lon="-3.582475">
        <ele>5.135042</ele>
        <time>2022-03-11T16:48:38.610Z</time>
      </trkpt>
      <trkpt lat="48.768551" lon="-3.583017">
        <ele>4.484225</ele>
        <time>2022-03-11T16:49:40.360Z</time>
      </trkpt>
      <trkpt lat="48.768589" lon="-3.583134">
        <ele>4.369670</ele>
        <time>2022-03-11T16:49:53.395Z</time>
      </trkpt>
      <trkpt lat="48.768661" lon="-3.583355">
        <ele>4.153159</ele>
        <time>2022-03-11T16:50:17.207Z</time>
      </trkpt>
      <trkpt lat="48.768695" lon="-3.583481">
        <ele>4.033583</ele>
        <time>2022-03-11T16:50:30.394Z</time>
      </trkpt>
      <trkpt lat="48.768709" lon="-3.583530">
        <ele>3.986679</ele>
        <time>2022-03-11T16:50:35.557Z</time>
      </trkpt>
      <trkpt lat="48.768742" lon="-3.583690">
        <ele>3.839439</ele>
        <time>2022-03-11T16:50:52.146Z</time>
      </trkpt>
      <trkpt lat="48.768837" lon="-3.584094">
        <ele>3.462720</ele>
        <time>2022-03-11T16:51:32.733Z</time>
      </trkpt>
      <trkpt lat="48.768851" lon="-3.584169">
        <ele>3.394260</ele>
        <time>2022-03-11T16:51:40.100Z</time>
      </trkpt>
      <trkpt lat="48.768851" lon="-3.584231">
        <ele>3.339808</ele>
        <time>2022-03-11T16:51:45.858Z</time>
      </trkpt>
      <trkpt lat="48.768774" lon="-3.584303">
        <ele>3.219285</ele>
        <time>2022-03-11T16:51:58.894Z</time>
      </trkpt>
      <trkpt lat="48.768721" lon="-3.584674">
        <ele>2.885887</ele>
        <time>2022-03-11T16:52:34.531Z</time>
      </trkpt>
      <trkpt lat="48.768702" lon="-3.584820">
        <ele>2.755186</ele>
        <time>2022-03-11T16:52:48.912Z</time>
      </trkpt>
      <trkpt lat="48.768673" lon="-3.584946">
        <ele>2.637973</ele>
        <time>2022-03-11T16:53:01.272Z</time>
      </trkpt>
      <trkpt lat="48.768532" lon="-3.585256">
        <ele>2.308434</ele>
        <time>2022-03-11T16:53:36.985Z</time>
      </trkpt>
      <trkpt lat="48.768335" lon="-3.585436">
        <ele>2.456480</ele>
        <time>2022-03-11T16:54:10.126Z</time>
      </trkpt>
      <trkpt lat="48.768301" lon="-3.585543">
        <ele>2.506883</ele>
        <time>2022-03-11T16:54:21.550Z</time>
      </trkpt>
      <trkpt lat="48.768321" lon="-3.585588">
        <ele>2.529913</ele>
        <time>2022-03-11T16:54:27.125Z</time>
      </trkpt>
      <trkpt lat="48.768418" lon="-3.585658">
        <ele>2.599063</ele>
        <time>2022-03-11T16:54:42.741Z</time>
      </trkpt>
      <trkpt lat="48.768506" lon="-3.585827">
        <ele>2.690451</ele>
        <time>2022-03-11T16:55:02.905Z</time>
      </trkpt>
      <trkpt lat="48.768564" lon="-3.585971">
        <ele>2.762058</ele>
        <time>2022-03-11T16:55:19.660Z</time>
      </trkpt>
      <trkpt lat="48.768423" lon="-3.586173">
        <ele>2.886903</ele>
        <time>2022-03-11T16:55:48.070Z</time>
      </trkpt>
      <trkpt lat="48.768390" lon="-3.586100">
        <ele>2.924463</ele>
        <time>2022-03-11T16:55:56.757Z</time>
      </trkpt>
      <trkpt lat="48.768274" lon="-3.585894">
        <ele>3.039429</ele>
        <time>2022-03-11T16:56:24.052Z</time>
      </trkpt>
      <trkpt lat="48.768211" lon="-3.585805">
        <ele>3.094846</ele>
        <time>2022-03-11T16:56:36.402Z</time>
      </trkpt>
      <trkpt lat="48.768128" lon="-3.585699">
        <ele>3.164690</ele>
        <time>2022-03-11T16:56:51.716Z</time>
      </trkpt>
      <trkpt lat="48.767920" lon="-3.585564">
        <ele>3.310334</ele>
        <time>2022-03-11T16:57:26.019Z</time>
      </trkpt>
      <trkpt lat="48.767816" lon="-3.585615">
        <ele>3.380697</ele>
        <time>2022-03-11T16:57:41.612Z</time>
      </trkpt>
      <trkpt lat="48.767787" lon="-3.585665">
        <ele>3.408958</ele>
        <time>2022-03-11T16:57:48.316Z</time>
      </trkpt>
      <trkpt lat="48.767723" lon="-3.585770">
        <ele>3.474536</ele>
        <time>2022-03-11T16:58:03.104Z</time>
      </trkpt>
      <trkpt lat="48.767683" lon="-3.585883">
        <ele>3.601083</ele>
        <time>2022-03-11T16:58:15.076Z</time>
      </trkpt>
      <trkpt lat="48.767680" lon="-3.586082">
        <ele>3.797470</ele>
        <time>2022-03-11T16:58:33.480Z</time>
      </trkpt>
      <trkpt lat="48.767741" lon="-3.586398">
        <ele>4.122335</ele>
        <time>2022-03-11T16:59:05.153Z</time>
      </trkpt>
      <trkpt lat="48.767816" lon="-3.586510">
        <ele>4.279859</ele>
        <time>2022-03-11T16:59:20.007Z</time>
      </trkpt>
      <trkpt lat="48.768053" lon="-3.586868">
        <ele>4.780467</ele>
        <time>2022-03-11T17:00:07.524Z</time>
      </trkpt>
      <trkpt lat="48.768246" lon="-3.587662">
        <ele>5.615402</ele>
        <time>2022-03-11T17:01:32.425Z</time>
      </trkpt>
      <trkpt lat="48.768248" lon="-3.587693">
        <ele>5.646132</ele>
        <time>2022-03-11T17:01:36.066Z</time>
      </trkpt>
      <trkpt lat="48.768232" lon="-3.587726">
        <ele>5.686550</ele>
        <time>2022-03-11T17:01:40.987Z</time>
      </trkpt>
      <trkpt lat="48.768239" lon="-3.587987">
        <ele>5.944266</ele>
        <time>2022-03-11T17:02:14.225Z</time>
      </trkpt>
      <trkpt lat="48.768178" lon="-3.588027">
        <ele>6.043738</ele>
        <time>2022-03-11T17:02:26.062Z</time>
      </trkpt>
      <trkpt lat="48.768144" lon="-3.588049">
        <ele>6.099067</ele>
        <time>2022-03-11T17:02:32.677Z</time>
      </trkpt>
      <trkpt lat="48.768166" lon="-3.588076">
        <ele>6.141424</ele>
        <time>2022-03-11T17:02:37.969Z</time>
      </trkpt>
      <trkpt lat="48.768218" lon="-3.588216">
        <ele>6.267191</ele>
        <time>2022-03-11T17:02:53.584Z</time>
      </trkpt>
      <trkpt lat="48.768391" lon="-3.588278">
        <ele>6.471715</ele>
        <time>2022-03-11T17:03:19.581Z</time>
      </trkpt>
      <trkpt lat="48.768527" lon="-3.588357">
        <ele>6.639266</ele>
        <time>2022-03-11T17:03:41.673Z</time>
      </trkpt>
      <trkpt lat="48.768625" lon="-3.588364">
        <ele>6.752145</ele>
        <time>2022-03-11T17:03:56.355Z</time>
      </trkpt>
      <trkpt lat="48.768641" lon="-3.588348">
        <ele>6.774193</ele>
        <time>2022-03-11T17:03:59.075Z</time>
      </trkpt>
      <trkpt lat="48.768746" lon="-3.588239">
        <ele>6.920573</ele>
        <time>2022-03-11T17:04:17.187Z</time>
      </trkpt>
      <trkpt lat="48.768766" lon="-3.588152">
        <ele>6.990445</ele>
        <time>2022-03-11T17:04:27.134Z</time>
      </trkpt>
      <trkpt lat="48.768759" lon="-3.588057">
        <ele>7.062935</ele>
        <time>2022-03-11T17:04:36.254Z</time>
      </trkpt>
      <trkpt lat="48.768729" lon="-3.587969">
        <ele>7.138066</ele>
        <time>2022-03-11T17:04:45.730Z</time>
      </trkpt>
      <trkpt lat="48.768639" lon="-3.587844">
        <ele>7.278452</ele>
        <time>2022-03-11T17:05:02.898Z</time>
      </trkpt>
      <trkpt lat="48.768607" lon="-3.587749">
        <ele>7.359356</ele>
        <time>2022-03-11T17:05:12.881Z</time>
      </trkpt>
      <trkpt lat="48.768567" lon="-3.587642">
        <ele>7.452640</ele>
        <time>2022-03-11T17:05:25.727Z</time>
      </trkpt>
      <trkpt lat="48.768566" lon="-3.587608">
        <ele>7.478449</ele>
        <time>2022-03-11T17:05:28.863Z</time>
      </trkpt>
      <trkpt lat="48.768628" lon="-3.587222">
        <ele>7.779732</ele>
        <time>2022-03-11T17:06:08.051Z</time>
      </trkpt>
      <trkpt lat="48.768558" lon="-3.587013">
        <ele>7.957513</ele>
        <time>2022-03-11T17:06:31.383Z</time>
      </trkpt>
      <trkpt lat="48.768439" lon="-3.586899">
        <ele>8.119438</ele>
        <time>2022-03-11T17:06:51.386Z</time>
      </trkpt>
      <trkpt lat="48.768411" lon="-3.586746">
        <ele>8.213748</ele>
        <time>2022-03-11T17:07:07.111Z</time>
      </trkpt>
      <trkpt lat="48.768471" lon="-3.586385">
        <ele>7.888178</ele>
        <time>2022-03-11T17:07:42.099Z</time>
      </trkpt>
      <trkpt lat="48.768423" lon="-3.586173">
        <ele>7.692155</ele>
        <time>2022-03-11T17:08:03.394Z</time>
      </trkpt>
      <trkpt lat="48.768564" lon="-3.585971">
        <ele>7.434861</ele>
        <time>2022-03-11T17:08:32.230Z</time>
      </trkpt>
      <trkpt lat="48.768708" lon="-3.586616">
        <ele>6.839344</ele>
        <time>2022-03-11T17:09:37.587Z</time>
      </trkpt>
      <trkpt lat="48.768765" lon="-3.586581">
        <ele>6.757759</ele>
        <time>2022-03-11T17:09:47.022Z</time>
      </trkpt>
      <trkpt lat="48.768802" lon="-3.586449">
        <ele>6.632324</ele>
        <time>2022-03-11T17:10:01.346Z</time>
      </trkpt>
      <trkpt lat="48.768826" lon="-3.586378">
        <ele>6.562547</ele>
        <time>2022-03-11T17:10:08.942Z</time>
      </trkpt>
      <trkpt lat="48.768929" lon="-3.586078">
        <ele>6.266745</ele>
        <time>2022-03-11T17:10:40.695Z</time>
      </trkpt>
      <trkpt lat="48.768943" lon="-3.586038">
        <ele>6.227140</ele>
        <time>2022-03-11T17:10:45.435Z</time>
      </trkpt>
      <trkpt lat="48.768949" lon="-3.586018">
        <ele>6.207925</ele>
        <time>2022-03-11T17:10:47.903Z</time>
      </trkpt>
      <trkpt lat="48.769112" lon="-3.585728">
        <ele>5.874636</ele>
        <time>2022-03-11T17:11:23.568Z</time>
      </trkpt>
      <trkpt lat="48.769121" lon="-3.585714">
        <ele>5.857535</ele>
        <time>2022-03-11T17:11:25.883Z</time>
      </trkpt>
      <trkpt lat="48.769267" lon="-3.585498">
        <ele>5.683021</ele>
        <time>2022-03-11T17:11:55.758Z</time>
      </trkpt>
      <trkpt lat="48.769318" lon="-3.585431">
        <ele>5.627311</ele>
        <time>2022-03-11T17:12:05.751Z</time>
      </trkpt>
      <trkpt lat="48.769337" lon="-3.585406">
        <ele>5.606542</ele>
        <time>2022-03-11T17:12:09.592Z</time>
      </trkpt>
      <trkpt lat="48.769549" lon="-3.585125">
        <ele>5.374074</ele>
        <time>2022-03-11T17:12:49.847Z</time>
      </trkpt>
      <trkpt lat="48.769572" lon="-3.585102">
        <ele>5.351326</ele>
        <time>2022-03-11T17:12:54.050Z</time>
      </trkpt>
      <trkpt lat="48.769843" lon="-3.584827">
        <ele>5.082092</ele>
        <time>2022-03-11T17:13:41.877Z</time>
      </trkpt>
      <trkpt lat="48.769853" lon="-3.584818">
        <ele>5.072491</ele>
        <time>2022-03-11T17:13:43.649Z</time>
      </trkpt>
      <trkpt lat="48.769968" lon="-3.584712">
        <ele>4.961372</ele>
        <time>2022-03-11T17:14:03.056Z</time>
      </trkpt>
      <trkpt lat="48.770216" lon="-3.584528">
        <ele>4.733397</ele>
        <time>2022-03-11T17:14:42.795Z</time>
      </trkpt>
      <trkpt lat="48.770293" lon="-3.584546">
        <ele>4.669060</ele>
        <time>2022-03-11T17:14:53.726Z</time>
      </trkpt>
      <trkpt lat="48.770357" lon="-3.584562">
        <ele>4.615496</ele>
        <time>2022-03-11T17:15:03.029Z</time>
      </trkpt>
      <trkpt lat="48.770315" lon="-3.584480">
        <ele>4.558973</ele>
        <time>2022-03-11T17:15:12.579Z</time>
      </trkpt>
      <trkpt lat="48.770283" lon="-3.584384">
        <ele>4.500420</ele>
        <time>2022-03-11T17:15:22.635Z</time>
      </trkpt>
      <trkpt lat="48.770296" lon="-3.584306">
        <ele>4.456631</ele>
        <time>2022-03-11T17:15:30.510Z</time>
      </trkpt>
      <trkpt lat="48.770244" lon="-3.583949">
        <ele>4.430031</ele>
        <time>2022-03-11T17:16:04.820Z</time>
      </trkpt>
      <trkpt lat="48.770263" lon="-3.583776">
        <ele>4.501860</ele>
        <time>2022-03-11T17:16:21.982Z</time>
      </trkpt>
      <trkpt lat="48.770417" lon="-3.583781">
        <ele>4.597578</ele>
        <time>2022-03-11T17:16:43.869Z</time>
      </trkpt>
      <trkpt lat="48.771335" lon="-3.583416">
        <ele>5.187285</ele>
        <time>2022-03-11T17:18:58.925Z</time>
      </trkpt>
      <trkpt lat="48.771483" lon="-3.583383">
        <ele>5.280240</ele>
        <time>2022-03-11T17:19:19.913Z</time>
      </trkpt>
      <trkpt lat="48.771649" lon="-3.583390">
        <ele>5.383433</ele>
        <time>2022-03-11T17:19:44.425Z</time>
      </trkpt>
      <trkpt lat="48.772123" lon="-3.583524">
        <ele>6.740040</ele>
        <time>2022-03-11T17:20:54.515Z</time>
      </trkpt>
      <trkpt lat="48.772160" lon="-3.583548">
        <ele>6.891287</ele>
        <time>2022-03-11T17:21:00.521Z</time>
      </trkpt>
      <trkpt lat="48.772223" lon="-3.583589">
        <ele>7.148946</ele>
        <time>2022-03-11T17:21:10.643Z</time>
      </trkpt>
      <trkpt lat="48.772239" lon="-3.583600">
        <ele>7.214971</ele>
        <time>2022-03-11T17:21:13.373Z</time>
      </trkpt>
      <trkpt lat="48.772432" lon="-3.583794">
        <ele>8.085140</ele>
        <time>2022-03-11T17:21:49.488Z</time>
      </trkpt>
      <trkpt lat="48.772447" lon="-3.583809">
        <ele>8.152663</ele>
        <time>2022-03-11T17:21:52.255Z</time>
      </trkpt>
      <trkpt lat="48.772625" lon="-3.583926">
        <ele>8.881789</ele>
        <time>2022-03-11T17:22:22.778Z</time>
      </trkpt>
      <trkpt lat="48.772714" lon="-3.583969">
        <ele>9.232861</ele>
        <time>2022-03-11T17:22:38.174Z</time>
      </trkpt>
      <trkpt lat="48.772805" lon="-3.583974">
        <ele>9.575126</ele>
        <time>2022-03-11T17:22:52.319Z</time>
      </trkpt>
      <trkpt lat="48.772901" lon="-3.583945">
        <ele>9.943042</ele>
        <time>2022-03-11T17:23:08.620Z</time>
      </trkpt>
      <trkpt lat="48.772923" lon="-3.583939">
        <ele>10.027058</ele>
        <time>2022-03-11T17:23:12.837Z</time>
      </trkpt>
      <trkpt lat="48.773280" lon="-3.583594">
        <ele>11.617948</ele>
        <time>2022-03-11T17:24:23.119Z</time>
      </trkpt>
      <trkpt lat="48.773321" lon="-3.583548">
        <ele>11.809606</ele>
        <time>2022-03-11T17:24:32.002Z</time>
      </trkpt>
      <trkpt lat="48.773421" lon="-3.583437">
        <ele>12.301587</ele>
        <time>2022-03-11T17:24:51.703Z</time>
      </trkpt>
      <trkpt lat="48.773600" lon="-3.583257">
        <ele>13.624991</ele>
        <time>2022-03-11T17:25:28.530Z</time>
      </trkpt>
      <trkpt lat="48.773727" lon="-3.583092">
        <ele>14.655372</ele>
        <time>2022-03-11T17:25:56.237Z</time>
      </trkpt>
      <trkpt lat="48.773786" lon="-3.582960">
        <ele>15.303163</ele>
        <time>2022-03-11T17:26:15.341Z</time>
      </trkpt>
      <trkpt lat="48.773836" lon="-3.582852">
        <ele>15.839220</ele>
        <time>2022-03-11T17:26:30.494Z</time>
      </trkpt>
      <trkpt lat="48.773881" lon="-3.582849">
        <ele>16.116815</ele>
        <time>2022-03-11T17:26:38.110Z</time>
      </trkpt>
      <trkpt lat="48.773952" lon="-3.582832">
        <ele>16.559789</ele>
        <time>2022-03-11T17:26:49.910Z</time>
      </trkpt>
      <trkpt lat="48.773996" lon="-3.582803">
        <ele>16.855428</ele>
        <time>2022-03-11T17:26:58.077Z</time>
      </trkpt>
      <trkpt lat="48.774104" lon="-3.582732">
        <ele>17.580795</ele>
        <time>2022-03-11T17:27:19.793Z</time>
      </trkpt>
      <trkpt lat="48.774462" lon="-3.582327">
        <ele>20.332773</ele>
        <time>2022-03-11T17:28:37.087Z</time>
      </trkpt>
      <trkpt lat="48.774875" lon="-3.582114">
        <ele>23.021013</ele>
        <time>2022-03-11T17:29:50.759Z</time>
      </trkpt>
      <trkpt lat="48.775076" lon="-3.582062">
        <ele>23.639536</ele>
        <time>2022-03-11T17:30:24.836Z</time>
      </trkpt>
      <trkpt lat="48.775430" lon="-3.581931">
        <ele>24.390496</ele>
        <time>2022-03-11T17:31:22.450Z</time>
      </trkpt>
      <trkpt lat="48.775821" lon="-3.581711">
        <ele>25.249943</ele>
        <time>2022-03-11T17:32:24.215Z</time>
      </trkpt>
      <trkpt lat="48.776005" lon="-3.581640">
        <ele>25.641227</ele>
        <time>2022-03-11T17:32:51.599Z</time>
      </trkpt>
      <trkpt lat="48.776027" lon="-3.581702">
        <ele>25.736865</ele>
        <time>2022-03-11T17:32:58.532Z</time>
      </trkpt>
      <trkpt lat="48.776100" lon="-3.581865">
        <ele>26.004532</ele>
        <time>2022-03-11T17:33:17.608Z</time>
      </trkpt>
      <trkpt lat="48.776090" lon="-3.582259">
        <ele>26.540049</ele>
        <time>2022-03-11T17:33:54.854Z</time>
      </trkpt>
      <trkpt lat="48.776106" lon="-3.582794">
        <ele>27.020179</ele>
        <time>2022-03-11T17:34:44.477Z</time>
      </trkpt>
      <trkpt lat="48.776378" lon="-3.583910">
        <ele>26.982175</ele>
        <time>2022-03-11T17:36:35.961Z</time>
      </trkpt>
      <trkpt lat="48.776499" lon="-3.584149">
        <ele>26.972549</ele>
        <time>2022-03-11T17:37:04.472Z</time>
      </trkpt>
      <trkpt lat="48.776840" lon="-3.584570">
        <ele>26.951243</ele>
        <time>2022-03-11T17:38:06.230Z</time>
      </trkpt>
      <trkpt lat="48.777180" lon="-3.584795">
        <ele>27.174020</ele>
        <time>2022-03-11T17:38:59.860Z</time>
      </trkpt>
      <trkpt lat="48.777447" lon="-3.584826">
        <ele>27.737476</ele>
        <time>2022-03-11T17:39:39.790Z</time>
      </trkpt>
      <trkpt lat="48.778024" lon="-3.584631">
        <ele>28.981326</ele>
        <time>2022-03-11T17:41:09.862Z</time>
      </trkpt>
      <trkpt lat="48.778032" lon="-3.584629">
        <ele>28.998386</ele>
        <time>2022-03-11T17:41:11.506Z</time>
      </trkpt>
      <trkpt lat="48.778236" lon="-3.584492">
        <ele>29.467793</ele>
        <time>2022-03-11T17:41:45.426Z</time>
      </trkpt>
      <trkpt lat="48.778363" lon="-3.584270">
        <ele>29.875429</ele>
        <time>2022-03-11T17:42:15.274Z</time>
      </trkpt>
      <trkpt lat="48.778463" lon="-3.583950">
        <ele>30.366503</ele>
        <time>2022-03-11T17:42:50.783Z</time>
      </trkpt>
      <trkpt lat="48.778042" lon="-3.583389">
        <ele>30.964372</ele>
        <time>2022-03-11T17:44:16.236Z</time>
      </trkpt>
      <trkpt lat="48.777883" lon="-3.583191">
        <ele>31.091267</ele>
        <time>2022-03-11T17:44:46.369Z</time>
      </trkpt>
      <trkpt lat="48.777555" lon="-3.582731">
        <ele>31.366809</ele>
        <time>2022-03-11T17:45:51.757Z</time>
      </trkpt>
      <trkpt lat="48.777382" lon="-3.582345">
        <ele>31.556596</ele>
        <time>2022-03-11T17:46:35.221Z</time>
      </trkpt>
      <trkpt lat="48.777190" lon="-3.581687">
        <ele>31.749553</ele>
        <time>2022-03-11T17:47:42.841Z</time>
      </trkpt>
      <trkpt lat="48.777104" lon="-3.581420">
        <ele>31.125727</ele>
        <time>2022-03-11T17:48:11.838Z</time>
      </trkpt>
      <trkpt lat="48.777332" lon="-3.581158">
        <ele>30.214733</ele>
        <time>2022-03-11T17:48:54.238Z</time>
      </trkpt>
      <trkpt lat="48.777629" lon="-3.581058">
        <ele>29.245680</ele>
        <time>2022-03-11T17:49:38.934Z</time>
      </trkpt>
      <trkpt lat="48.777681" lon="-3.581056">
        <ele>29.079989</ele>
        <time>2022-03-11T17:49:47.069Z</time>
      </trkpt>
      <trkpt lat="48.777914" lon="-3.581045">
        <ele>28.337446</ele>
        <time>2022-03-11T17:50:21.732Z</time>
      </trkpt>
      <trkpt lat="48.777995" lon="-3.580982">
        <ele>28.047518</ele>
        <time>2022-03-11T17:50:35.258Z</time>
      </trkpt>
      <trkpt lat="48.778069" lon="-3.580864">
        <ele>27.705594</ele>
        <time>2022-03-11T17:50:51.961Z</time>
      </trkpt>
      <trkpt lat="48.778073" lon="-3.580843">
        <ele>27.659709</ele>
        <time>2022-03-11T17:50:54.142Z</time>
      </trkpt>
      <trkpt lat="48.778121" lon="-3.580561">
        <ele>27.048345</ele>
        <time>2022-03-11T17:51:23.240Z</time>
      </trkpt>
      <trkpt lat="48.778044" lon="-3.580272">
        <ele>26.394007</ele>
        <time>2022-03-11T17:51:55.059Z</time>
      </trkpt>
      <trkpt lat="48.778035" lon="-3.580204">
        <ele>26.248420</ele>
        <time>2022-03-11T17:52:02.225Z</time>
      </trkpt>
      <trkpt lat="48.778030" lon="-3.580167">
        <ele>26.169139</ele>
        <time>2022-03-11T17:52:06.112Z</time>
      </trkpt>
      <trkpt lat="48.777957" lon="-3.579424">
        <ele>23.860651</ele>
        <time>2022-03-11T17:53:21.362Z</time>
      </trkpt>
      <trkpt lat="48.777970" lon="-3.579216">
        <ele>23.209787</ele>
        <time>2022-03-11T17:53:42.779Z</time>
      </trkpt>
      <trkpt lat="48.778248" lon="-3.579263">
        <ele>21.887473</ele>
        <time>2022-03-11T17:54:25.372Z</time>
      </trkpt>
      <trkpt lat="48.778308" lon="-3.579084">
        <ele>21.261868</ele>
        <time>2022-03-11T17:54:46.211Z</time>
      </trkpt>
      <trkpt lat="48.778595" lon="-3.578844">
        <ele>19.712782</ele>
        <time>2022-03-11T17:55:36.231Z</time>
      </trkpt>
      <trkpt lat="48.778779" lon="-3.578542">
        <ele>18.431520</ele>
        <time>2022-03-11T17:56:17.702Z</time>
      </trkpt>
      <trkpt lat="48.778897" lon="-3.577935">
        <ele>16.555012</ele>
        <time>2022-03-11T17:57:22.281Z</time>
      </trkpt>
      <trkpt lat="48.779230" lon="-3.577736">
        <ele>15.003939</ele>
        <time>2022-03-11T17:58:17.331Z</time>
      </trkpt>
      <trkpt lat="48.779735" lon="-3.577770">
        <ele>12.813147</ele>
        <time>2022-03-11T17:59:34.521Z</time>
      </trkpt>
      <trkpt lat="48.780210" lon="-3.577937">
        <ele>10.700001</ele>
        <time>2022-03-11T18:00:48.498Z</time>
      </trkpt>
      <trkpt lat="48.781107" lon="-3.578090">
        <ele>8.054129</ele>
        <time>2022-03-11T18:03:03.813Z</time>
      </trkpt>
      <trkpt lat="48.781122" lon="-3.578113">
        <ele>8.000487</ele>
        <time>2022-03-11T18:03:07.467Z</time>
      </trkpt>
      <trkpt lat="48.781194" lon="-3.578066">
        <ele>7.803318</ele>
        <time>2022-03-11T18:03:19.148Z</time>
      </trkpt>
      <trkpt lat="48.781227" lon="-3.578069">
        <ele>7.720153</ele>
        <time>2022-03-11T18:03:24.043Z</time>
      </trkpt>
      <trkpt lat="48.781327" lon="-3.578387">
        <ele>7.136078</ele>
        <time>2022-03-11T18:03:57.893Z</time>
      </trkpt>
      <trkpt lat="48.781411" lon="-3.578366">
        <ele>6.921918</ele>
        <time>2022-03-11T18:04:10.948Z</time>
      </trkpt>
      <trkpt lat="48.782295" lon="-3.578055">
        <ele>5.624196</ele>
        <time>2022-03-11T18:06:21.289Z</time>
      </trkpt>
      <trkpt lat="48.782335" lon="-3.578020">
        <ele>5.686266</ele>
        <time>2022-03-11T18:06:27.950Z</time>
      </trkpt>
      <trkpt lat="48.782343" lon="-3.577918">
        <ele>5.777256</ele>
        <time>2022-03-11T18:06:37.861Z</time>
      </trkpt>
      <trkpt lat="48.782245" lon="-3.577282">
        <ele>6.355828</ele>
        <time>2022-03-11T18:07:39.704Z</time>
      </trkpt>
      <trkpt lat="48.782302" lon="-3.576842">
        <ele>6.753043</ele>
        <time>2022-03-11T18:08:23.598Z</time>
      </trkpt>
      <trkpt lat="48.782364" lon="-3.576852">
        <ele>6.836861</ele>
        <time>2022-03-11T18:08:33.151Z</time>
      </trkpt>
      <trkpt lat="48.782467" lon="-3.576283">
        <ele>7.359556</ele>
        <time>2022-03-11T18:09:32.328Z</time>
      </trkpt>
      <trkpt lat="48.782877" lon="-3.574122">
        <ele>13.056061</ele>
        <time>2022-03-11T18:13:28.458Z</time>
      </trkpt>
      <trkpt lat="48.782728" lon="-3.573541">
        <ele>14.846375</ele>
        <time>2022-03-11T18:14:35.433Z</time>
      </trkpt>
      <trkpt lat="48.782650" lon="-3.573353">
        <ele>15.484344</ele>
        <time>2022-03-11T18:15:00.294Z</time>
      </trkpt>
      <trkpt lat="48.782405" lon="-3.572933">
        <ele>17.998276</ele>
        <time>2022-03-11T18:16:02.750Z</time>
      </trkpt>
      <trkpt lat="48.782194" lon="-3.572320">
        <ele>21.135963</ele>
        <time>2022-03-11T18:17:21.160Z</time>
      </trkpt>
      <trkpt lat="48.782194" lon="-3.572320">
        <ele>21.135963</ele>
        <time>2022-03-11T18:17:21.453Z</time>
      </trkpt>
      <trkpt lat="48.782155" lon="-3.572165">
        <ele>21.888702</ele>
        <time>2022-03-11T18:17:40.115Z</time>
      </trkpt>
      <trkpt lat="48.781974" lon="-3.571439">
        <ele>25.410355</ele>
        <time>2022-03-11T18:19:10.428Z</time>
      </trkpt>
      <trkpt lat="48.781755" lon="-3.570560">
        <ele>29.627258</ele>
        <time>2022-03-11T18:20:59.692Z</time>
      </trkpt>
      <trkpt lat="48.781420" lon="-3.569991">
        <ele>32.997072</ele>
        <time>2022-03-11T18:22:29.565Z</time>
      </trkpt>
      <trkpt lat="48.781299" lon="-3.569887">
        <ele>33.929072</ele>
        <time>2022-03-11T18:22:53.330Z</time>
      </trkpt>
      <trkpt lat="48.781106" lon="-3.569784">
        <ele>35.300251</ele>
        <time>2022-03-11T18:23:29.768Z</time>
      </trkpt>
      <trkpt lat="48.780755" lon="-3.569744">
        <ele>37.659352</ele>
        <time>2022-03-11T18:24:30.060Z</time>
      </trkpt>
      <trkpt lat="48.780560" lon="-3.569613">
        <ele>39.088613</ele>
        <time>2022-03-11T18:25:04.740Z</time>
      </trkpt>
      <trkpt lat="48.780172" lon="-3.569098">
        <ele>40.811775</ele>
        <time>2022-03-11T18:26:28.153Z</time>
      </trkpt>
      <trkpt lat="48.780123" lon="-3.568129">
        <ele>42.208150</ele>
        <time>2022-03-11T18:28:05.245Z</time>
      </trkpt>
      <trkpt lat="48.780136" lon="-3.567958">
        <ele>42.455476</ele>
        <time>2022-03-11T18:28:22.335Z</time>
      </trkpt>
      <trkpt lat="48.780180" lon="-3.567702">
        <ele>42.835609</ele>
        <time>2022-03-11T18:28:47.035Z</time>
      </trkpt>
      <trkpt lat="48.780182" lon="-3.567514">
        <ele>43.105767</ele>
        <time>2022-03-11T18:29:05.046Z</time>
      </trkpt>
      <trkpt lat="48.779883" lon="-3.565977">
        <ele>43.749606</ele>
        <time>2022-03-11T18:31:33.312Z</time>
      </trkpt>
      <trkpt lat="48.779732" lon="-3.565383">
        <ele>43.659300</ele>
        <time>2022-03-11T18:32:32.973Z</time>
      </trkpt>
      <trkpt lat="48.779559" lon="-3.564972">
        <ele>43.590124</ele>
        <time>2022-03-11T18:33:18.327Z</time>
      </trkpt>
      <trkpt lat="48.779543" lon="-3.564961">
        <ele>43.586343</ele>
        <time>2022-03-11T18:33:20.978Z</time>
      </trkpt>
      <trkpt lat="48.779548" lon="-3.564914">
        <ele>43.579590</ele>
        <time>2022-03-11T18:33:25.481Z</time>
      </trkpt>
      <trkpt lat="48.779480" lon="-3.564509">
        <ele>43.520308</ele>
        <time>2022-03-11T18:34:04.119Z</time>
      </trkpt>
      <trkpt lat="48.779491" lon="-3.564299">
        <ele>43.618752</ele>
        <time>2022-03-11T18:34:24.027Z</time>
      </trkpt>
      <trkpt lat="48.779558" lon="-3.564095">
        <ele>43.783467</ele>
        <time>2022-03-11T18:34:45.074Z</time>
      </trkpt>
      <trkpt lat="48.779784" lon="-3.563776">
        <ele>44.121943</ele>
        <time>2022-03-11T18:35:28.815Z</time>
      </trkpt>
      <trkpt lat="48.780389" lon="-3.563840">
        <ele>44.787023</ele>
        <time>2022-03-11T18:36:56.925Z</time>
      </trkpt>
      <trkpt lat="48.780612" lon="-3.563805">
        <ele>45.032879</ele>
        <time>2022-03-11T18:37:30.748Z</time>
      </trkpt>
      <trkpt lat="48.780857" lon="-3.563722">
        <ele>45.308170</ele>
        <time>2022-03-11T18:38:08.514Z</time>
      </trkpt>
      <trkpt lat="48.781049" lon="-3.563544">
        <ele>45.639506</ele>
        <time>2022-03-11T18:38:42.365Z</time>
      </trkpt>
      <trkpt lat="48.781116" lon="-3.563463">
        <ele>45.845456</ele>
        <time>2022-03-11T18:38:55.610Z</time>
      </trkpt>
      <trkpt lat="48.781270" lon="-3.563275">
        <ele>46.320635</ele>
        <time>2022-03-11T18:39:25.919Z</time>
      </trkpt>
      <trkpt lat="48.781639" lon="-3.562854">
        <ele>47.430547</ele>
        <time>2022-03-11T18:40:36.218Z</time>
      </trkpt>
      <trkpt lat="48.782492" lon="-3.561694">
        <ele>49.867328</ele>
        <time>2022-03-11T18:43:31.721Z</time>
      </trkpt>
      <trkpt lat="48.783196" lon="-3.561010">
        <ele>50.182711</ele>
        <time>2022-03-11T18:45:32.713Z</time>
      </trkpt>
      <trkpt lat="48.783318" lon="-3.560934">
        <ele>50.232468</ele>
        <time>2022-03-11T18:45:51.464Z</time>
      </trkpt>
      <trkpt lat="48.783376" lon="-3.560959">
        <ele>50.255216</ele>
        <time>2022-03-11T18:46:00.075Z</time>
      </trkpt>
      <trkpt lat="48.783499" lon="-3.561025">
        <ele>50.304438</ele>
        <time>2022-03-11T18:46:18.489Z</time>
      </trkpt>
      <trkpt lat="48.783790" lon="-3.561345">
        <ele>50.440022</ele>
        <time>2022-03-11T18:47:09.575Z</time>
      </trkpt>
      <trkpt lat="48.784228" lon="-3.561955">
        <ele>48.626596</ele>
        <time>2022-03-11T18:48:35.812Z</time>
      </trkpt>
      <trkpt lat="48.785237" lon="-3.562488">
        <ele>44.398556</ele>
        <time>2022-03-11T18:51:17.575Z</time>
      </trkpt>
      <trkpt lat="48.785617" lon="-3.563223">
        <ele>40.373899</ele>
        <time>2022-03-11T18:52:56.568Z</time>
      </trkpt>
      <trkpt lat="48.786140" lon="-3.563588">
        <ele>35.522683</ele>
        <time>2022-03-11T18:54:29.938Z</time>
      </trkpt>
      <trkpt lat="48.786294" lon="-3.563643">
        <ele>34.189403</ele>
        <time>2022-03-11T18:54:56.625Z</time>
      </trkpt>
      <trkpt lat="48.786541" lon="-3.563665">
        <ele>32.104233</ele>
        <time>2022-03-11T18:55:37.993Z</time>
      </trkpt>
      <trkpt lat="48.787396" lon="-3.563765">
        <ele>25.121949</ele>
        <time>2022-03-11T18:58:00.366Z</time>
      </trkpt>
      <trkpt lat="48.787695" lon="-3.563800">
        <ele>22.780077</ele>
        <time>2022-03-11T18:58:50.506Z</time>
      </trkpt>
      <trkpt lat="48.787895" lon="-3.563861">
        <ele>21.187024</ele>
        <time>2022-03-11T18:59:24.278Z</time>
      </trkpt>
      <trkpt lat="48.788471" lon="-3.564005">
        <ele>16.628341</ele>
        <time>2022-03-11T19:00:56.961Z</time>
      </trkpt>
      <trkpt lat="48.788814" lon="-3.564232">
        <ele>13.939263</ele>
        <time>2022-03-11T19:01:55.642Z</time>
      </trkpt>
      <trkpt lat="48.789046" lon="-3.564381">
        <ele>12.971347</ele>
        <time>2022-03-11T19:02:35.263Z</time>
      </trkpt>
      <trkpt lat="48.789101" lon="-3.564253">
        <ele>12.584506</ele>
        <time>2022-03-11T19:02:50.558Z</time>
      </trkpt>
      <trkpt lat="48.789196" lon="-3.564077">
        <ele>12.008547</ele>
        <time>2022-03-11T19:03:13.340Z</time>
      </trkpt>
      <trkpt lat="48.789334" lon="-3.564271">
        <ele>11.285834</ele>
        <time>2022-03-11T19:03:42.038Z</time>
      </trkpt>
      <trkpt lat="48.789795" lon="-3.564734">
        <ele>9.161906</ele>
        <time>2022-03-11T19:05:04.425Z</time>
      </trkpt>
      <trkpt lat="48.790320" lon="-3.565566">
        <ele>6.830293</ele>
        <time>2022-03-11T19:06:56.557Z</time>
      </trkpt>
      <trkpt lat="48.790349" lon="-3.565638">
        <ele>6.740518</ele>
        <time>2022-03-11T19:07:05.126Z</time>
      </trkpt>
      <trkpt lat="48.790361" lon="-3.565713">
        <ele>6.658412</ele>
        <time>2022-03-11T19:07:12.653Z</time>
      </trkpt>
      <trkpt lat="48.790468" lon="-3.565810">
        <ele>6.457165</ele>
        <time>2022-03-11T19:07:30.488Z</time>
      </trkpt>
      <trkpt lat="48.790860" lon="-3.565845">
        <ele>5.823092</ele>
        <time>2022-03-11T19:08:27.191Z</time>
      </trkpt>
      <trkpt lat="48.791218" lon="-3.566247">
        <ele>5.104025</ele>
        <time>2022-03-11T19:09:31.286Z</time>
      </trkpt>
      <trkpt lat="48.791525" lon="-3.566384">
        <ele>4.587320</ele>
        <time>2022-03-11T19:10:17.473Z</time>
      </trkpt>
      <trkpt lat="48.792449" lon="-3.567156">
        <ele>4.098252</ele>
        <time>2022-03-11T19:12:46.981Z</time>
      </trkpt>
      <trkpt lat="48.792593" lon="-3.567325">
        <ele>4.047810</ele>
        <time>2022-03-11T19:13:12.666Z</time>
      </trkpt>
      <trkpt lat="48.792644" lon="-3.567510">
        <ele>4.011198</ele>
        <time>2022-03-11T19:13:31.254Z</time>
      </trkpt>
      <trkpt lat="48.792653" lon="-3.567622">
        <ele>3.990599</ele>
        <time>2022-03-11T19:13:41.800Z</time>
      </trkpt>
      <trkpt lat="48.792674" lon="-3.567797">
        <ele>3.958125</ele>
        <time>2022-03-11T19:13:58.304Z</time>
      </trkpt>
      <trkpt lat="48.792695" lon="-3.568188">
        <ele>3.886506</ele>
        <time>2022-03-11T19:14:34.675Z</time>
      </trkpt>
      <trkpt lat="48.792759" lon="-3.568288">
        <ele>3.861053</ele>
        <time>2022-03-11T19:14:47.786Z</time>
      </trkpt>
      <trkpt lat="48.792825" lon="-3.568328">
        <ele>3.882835</ele>
        <time>2022-03-11T19:14:57.821Z</time>
      </trkpt>
      <trkpt lat="48.792936" lon="-3.568374">
        <ele>3.983621</ele>
        <time>2022-03-11T19:15:14.343Z</time>
      </trkpt>
      <trkpt lat="48.793099" lon="-3.568342">
        <ele>4.127585</ele>
        <time>2022-03-11T19:15:37.633Z</time>
      </trkpt>
      <trkpt lat="48.793253" lon="-3.568202">
        <ele>4.284818</ele>
        <time>2022-03-11T19:16:03.463Z</time>
      </trkpt>
      <trkpt lat="48.793568" lon="-3.568073">
        <ele>4.570598</ele>
        <time>2022-03-11T19:16:50.429Z</time>
      </trkpt>
      <trkpt lat="48.793946" lon="-3.567501">
        <ele>5.038111</ele>
        <time>2022-03-11T19:18:08.148Z</time>
      </trkpt>
      <trkpt lat="48.794293" lon="-3.567170">
        <ele>5.397085</ele>
        <time>2022-03-11T19:19:08.163Z</time>
      </trkpt>
      <trkpt lat="48.794484" lon="-3.566888">
        <ele>5.568292</ele>
        <time>2022-03-11T19:19:47.278Z</time>
      </trkpt>
      <trkpt lat="48.795268" lon="-3.566853">
        <ele>6.045577</ele>
        <time>2022-03-11T19:21:41.630Z</time>
      </trkpt>
      <trkpt lat="48.795872" lon="-3.565704">
        <ele>6.325519</ele>
        <time>2022-03-11T19:23:57.656Z</time>
      </trkpt>
      <trkpt lat="48.795971" lon="-3.565565">
        <ele>6.184004</ele>
        <time>2022-03-11T19:24:16.605Z</time>
      </trkpt>
      <trkpt lat="48.796423" lon="-3.567023">
        <ele>5.070074</ele>
        <time>2022-03-11T19:26:48.924Z</time>
      </trkpt>
      <trkpt lat="48.796527" lon="-3.567335">
        <ele>4.828354</ele>
        <time>2022-03-11T19:27:22.449Z</time>
      </trkpt>
      <trkpt lat="48.796575" lon="-3.567497">
        <ele>4.705559</ele>
        <time>2022-03-11T19:27:39.380Z</time>
      </trkpt>
      <trkpt lat="48.796882" lon="-3.568415">
        <ele>3.908038</ele>
        <time>2022-03-11T19:29:17.840Z</time>
      </trkpt>
      <trkpt lat="48.797016" lon="-3.568706">
        <ele>3.629679</ele>
        <time>2022-03-11T19:29:51.716Z</time>
      </trkpt>
      <trkpt lat="48.797286" lon="-3.569239">
        <ele>3.102541</ele>
        <time>2022-03-11T19:30:55.275Z</time>
      </trkpt>
      <trkpt lat="48.797433" lon="-3.569521">
        <ele>2.820606</ele>
        <time>2022-03-11T19:31:29.003Z</time>
      </trkpt>
      <trkpt lat="48.797481" lon="-3.569616">
        <ele>2.726740</ele>
        <time>2022-03-11T19:31:40.147Z</time>
      </trkpt>
      <trkpt lat="48.797548" lon="-3.569743">
        <ele>2.599179</ele>
        <time>2022-03-11T19:31:55.111Z</time>
      </trkpt>
      <trkpt lat="48.797513" lon="-3.569779">
        <ele>2.548862</ele>
        <time>2022-03-11T19:32:01.123Z</time>
      </trkpt>
      <trkpt lat="48.797386" lon="-3.569818">
        <ele>2.481358</ele>
        <time>2022-03-11T19:32:19.527Z</time>
      </trkpt>
      <trkpt lat="48.797332" lon="-3.569827">
        <ele>2.473633</ele>
        <time>2022-03-11T19:32:27.283Z</time>
      </trkpt>
      <trkpt lat="48.797187" lon="-3.570081">
        <ele>2.442147</ele>
        <time>2022-03-11T19:32:58.416Z</time>
      </trkpt>
      <trkpt lat="48.797098" lon="-3.570766">
        <ele>2.376741</ele>
        <time>2022-03-11T19:34:03.172Z</time>
      </trkpt>
      <trkpt lat="48.797078" lon="-3.571068">
        <ele>2.348308</ele>
        <time>2022-03-11T19:34:31.288Z</time>
      </trkpt>
      <trkpt lat="48.797116" lon="-3.571516">
        <ele>2.305994</ele>
        <time>2022-03-11T19:35:13.126Z</time>
      </trkpt>
      <trkpt lat="48.797226" lon="-3.572150">
        <ele>2.244576</ele>
        <time>2022-03-11T19:36:13.659Z</time>
      </trkpt>
      <trkpt lat="48.797159" lon="-3.572215">
        <ele>2.237712</ele>
        <time>2022-03-11T19:36:25.017Z</time>
      </trkpt>
      <trkpt lat="48.796938" lon="-3.572226">
        <ele>2.240598</ele>
        <time>2022-03-11T19:36:56.061Z</time>
      </trkpt>
      <trkpt lat="48.796687" lon="-3.572307">
        <ele>2.243946</ele>
        <time>2022-03-11T19:37:32.082Z</time>
      </trkpt>
      <trkpt lat="48.796268" lon="-3.572729">
        <ele>2.250506</ele>
        <time>2022-03-11T19:38:42.540Z</time>
      </trkpt>
      <trkpt lat="48.796146" lon="-3.573196">
        <ele>2.254824</ele>
        <time>2022-03-11T19:39:28.924Z</time>
      </trkpt>
      <trkpt lat="48.796196" lon="-3.573800">
        <ele>2.260056</ele>
        <time>2022-03-11T19:40:25.097Z</time>
      </trkpt>
      <trkpt lat="48.796328" lon="-3.574123">
        <ele>2.263830</ele>
        <time>2022-03-11T19:41:00.218Z</time>
      </trkpt>
      <trkpt lat="48.796432" lon="-3.574257">
        <ele>2.265968</ele>
        <time>2022-03-11T19:41:19.290Z</time>
      </trkpt>
      <trkpt lat="48.797535" lon="-3.575250">
        <ele>2.286070</ele>
        <time>2022-03-11T19:44:19.185Z</time>
      </trkpt>
      <trkpt lat="48.797723" lon="-3.575610">
        <ele>2.287243</ele>
        <time>2022-03-11T19:45:01.776Z</time>
      </trkpt>
      <trkpt lat="48.797732" lon="-3.575675">
        <ele>2.286578</ele>
        <time>2022-03-11T19:45:08.089Z</time>
      </trkpt>
      <trkpt lat="48.797782" lon="-3.575862">
        <ele>2.284558</ele>
        <time>2022-03-11T19:45:26.799Z</time>
      </trkpt>
      <trkpt lat="48.798177" lon="-3.576896">
        <ele>2.272592</ele>
        <time>2022-03-11T19:47:17.196Z</time>
      </trkpt>
      <trkpt lat="48.798267" lon="-3.577018">
        <ele>2.270758</ele>
        <time>2022-03-11T19:47:34.230Z</time>
      </trkpt>
      <trkpt lat="48.798271" lon="-3.577203">
        <ele>2.268905</ele>
        <time>2022-03-11T19:47:51.349Z</time>
      </trkpt>
      <trkpt lat="48.798574" lon="-3.577006">
        <ele>2.263896</ele>
        <time>2022-03-11T19:48:37.550Z</time>
      </trkpt>
      <trkpt lat="48.798569" lon="-3.577071">
        <ele>2.263241</ele>
        <time>2022-03-11T19:48:43.746Z</time>
      </trkpt>
      <trkpt lat="48.798476" lon="-3.577416">
        <ele>2.251722</ele>
        <time>2022-03-11T19:49:18.126Z</time>
      </trkpt>
      <trkpt lat="48.798482" lon="-3.577622">
        <ele>2.242204</ele>
        <time>2022-03-11T19:49:37.326Z</time>
      </trkpt>
      <trkpt lat="48.798603" lon="-3.577843">
        <ele>2.228940</ele>
        <time>2022-03-11T19:50:03.884Z</time>
      </trkpt>
      <trkpt lat="48.798603" lon="-3.578051">
        <ele>2.219339</ele>
        <time>2022-03-11T19:50:23.159Z</time>
      </trkpt>
      <trkpt lat="48.798744" lon="-3.578358">
        <ele>2.202065</ele>
        <time>2022-03-11T19:50:57.681Z</time>
      </trkpt>
      <trkpt lat="48.798848" lon="-3.578803">
        <ele>2.180270</ele>
        <time>2022-03-11T19:51:41.295Z</time>
      </trkpt>
      <trkpt lat="48.798842" lon="-3.579584">
        <ele>2.144220</ele>
        <time>2022-03-11T19:52:53.523Z</time>
      </trkpt>
      <trkpt lat="48.798654" lon="-3.580120">
        <ele>2.112272</ele>
        <time>2022-03-11T19:53:49.648Z</time>
      </trkpt>
      <trkpt lat="48.798631" lon="-3.580326">
        <ele>2.100685</ele>
        <time>2022-03-11T19:54:09.135Z</time>
      </trkpt>
      <trkpt lat="48.798609" lon="-3.580482">
        <ele>2.091837</ele>
        <time>2022-03-11T19:54:24.015Z</time>
      </trkpt>
      <trkpt lat="48.798576" lon="-3.580723">
        <ele>2.078185</ele>
        <time>2022-03-11T19:54:46.817Z</time>
      </trkpt>
      <trkpt lat="48.798369" lon="-3.581640">
        <ele>2.024425</ele>
        <time>2022-03-11T19:56:16.397Z</time>
      </trkpt>
      <trkpt lat="48.798086" lon="-3.582271">
        <ele>1.975387</ele>
        <time>2022-03-11T19:57:26.993Z</time>
      </trkpt>
      <trkpt lat="48.798041" lon="-3.582321">
        <ele>1.955754</ele>
        <time>2022-03-11T19:57:35.000Z</time>
      </trkpt>
      <trkpt lat="48.798010" lon="-3.582341">
        <ele>1.943894</ele>
        <time>2022-03-11T19:57:39.959Z</time>
      </trkpt>
      <trkpt lat="48.796783" lon="-3.582219">
        <ele>1.510967</ele>
        <time>2022-03-11T20:00:33.547Z</time>
      </trkpt>
      <trkpt lat="48.796003" lon="-3.582926">
        <ele>1.241122</ele>
        <time>2022-03-11T20:02:42.229Z</time>
      </trkpt>
      <trkpt lat="48.795914" lon="-3.583019">
        <ele>1.214984</ele>
        <time>2022-03-11T20:02:57.504Z</time>
      </trkpt>
      <trkpt lat="48.795778" lon="-3.583075">
        <ele>1.180896</ele>
        <time>2022-03-11T20:03:17.292Z</time>
      </trkpt>
      <trkpt lat="48.795310" lon="-3.583446">
        <ele>1.053174</ele>
        <time>2022-03-11T20:04:31.737Z</time>
      </trkpt>
      <trkpt lat="48.794867" lon="-3.583357">
        <ele>0.945072</ele>
        <time>2022-03-11T20:05:34.519Z</time>
      </trkpt>
      <trkpt lat="48.794566" lon="-3.583162">
        <ele>1.024416</ele>
        <time>2022-03-11T20:06:20.361Z</time>
      </trkpt>
      <trkpt lat="48.794451" lon="-3.583345">
        <ele>1.112112</ele>
        <time>2022-03-11T20:06:43.820Z</time>
      </trkpt>
      <trkpt lat="48.794179" lon="-3.583537">
        <ele>1.270004</ele>
        <time>2022-03-11T20:07:26.510Z</time>
      </trkpt>
      <trkpt lat="48.794200" lon="-3.583748">
        <ele>1.343998</ele>
        <time>2022-03-11T20:07:46.506Z</time>
      </trkpt>
      <trkpt lat="48.794284" lon="-3.583845">
        <ele>1.399551</ele>
        <time>2022-03-11T20:08:01.797Z</time>
      </trkpt>
      <trkpt lat="48.794501" lon="-3.583890">
        <ele>1.514832</ele>
        <time>2022-03-11T20:08:32.719Z</time>
      </trkpt>
      <trkpt lat="48.794680" lon="-3.583845">
        <ele>1.610333</ele>
        <time>2022-03-11T20:08:58.873Z</time>
      </trkpt>
      <trkpt lat="48.794913" lon="-3.583949">
        <ele>1.738166</ele>
        <time>2022-03-11T20:09:33.632Z</time>
      </trkpt>
      <trkpt lat="48.795184" lon="-3.584181">
        <ele>1.944700</ele>
        <time>2022-03-11T20:10:18.998Z</time>
      </trkpt>
      <trkpt lat="48.795254" lon="-3.584212">
        <ele>2.024764</ele>
        <time>2022-03-11T20:10:29.831Z</time>
      </trkpt>
      <trkpt lat="48.795249" lon="-3.584332">
        <ele>2.111735</ele>
        <time>2022-03-11T20:10:41.161Z</time>
      </trkpt>
      <trkpt lat="48.795232" lon="-3.585356">
        <ele>2.852642</ele>
        <time>2022-03-11T20:12:20.021Z</time>
      </trkpt>
      <trkpt lat="48.795263" lon="-3.585458">
        <ele>2.933893</ele>
        <time>2022-03-11T20:12:30.536Z</time>
      </trkpt>
      <trkpt lat="48.795520" lon="-3.585651">
        <ele>3.248722</ele>
        <time>2022-03-11T20:13:12.755Z</time>
      </trkpt>
      <trkpt lat="48.795661" lon="-3.585605">
        <ele>3.407076</ele>
        <time>2022-03-11T20:13:33.286Z</time>
      </trkpt>
      <trkpt lat="48.795697" lon="-3.585619">
        <ele>3.447880</ele>
        <time>2022-03-11T20:13:38.875Z</time>
      </trkpt>
      <trkpt lat="48.795747" lon="-3.585706">
        <ele>3.531390</ele>
        <time>2022-03-11T20:13:50.473Z</time>
      </trkpt>
      <trkpt lat="48.795899" lon="-3.585672">
        <ele>3.700089</ele>
        <time>2022-03-11T20:14:12.470Z</time>
      </trkpt>
      <trkpt lat="48.796478" lon="-3.585540">
        <ele>4.094144</ele>
        <time>2022-03-11T20:15:37.319Z</time>
      </trkpt>
      <trkpt lat="48.796754" lon="-3.585613">
        <ele>4.250344</ele>
        <time>2022-03-11T20:16:17.379Z</time>
      </trkpt>
      <trkpt lat="48.797079" lon="-3.586014">
        <ele>4.483846</ele>
        <time>2022-03-11T20:17:18.187Z</time>
      </trkpt>
      <trkpt lat="48.797201" lon="-3.586019">
        <ele>4.551891</ele>
        <time>2022-03-11T20:17:35.534Z</time>
      </trkpt>
      <trkpt lat="48.797250" lon="-3.585974">
        <ele>4.583821</ele>
        <time>2022-03-11T20:17:43.760Z</time>
      </trkpt>
      <trkpt lat="48.797309" lon="-3.585968">
        <ele>4.616789</ele>
        <time>2022-03-11T20:17:52.370Z</time>
      </trkpt>
      <trkpt lat="48.797538" lon="-3.585943">
        <ele>4.744796</ele>
        <time>2022-03-11T20:18:24.500Z</time>
      </trkpt>
      <trkpt lat="48.798020" lon="-3.586102">
        <ele>4.715790</ele>
        <time>2022-03-11T20:19:33.925Z</time>
      </trkpt>
      <trkpt lat="48.798217" lon="-3.585690">
        <ele>4.586130</ele>
        <time>2022-03-11T20:20:21.411Z</time>
      </trkpt>
      <trkpt lat="48.798524" lon="-3.585426">
        <ele>4.449713</ele>
        <time>2022-03-11T20:21:11.423Z</time>
      </trkpt>
      <trkpt lat="48.798566" lon="-3.585395">
        <ele>4.431657</ele>
        <time>2022-03-11T20:21:18.192Z</time>
      </trkpt>
      <trkpt lat="48.798607" lon="-3.585393">
        <ele>4.415797</ele>
        <time>2022-03-11T20:21:24.142Z</time>
      </trkpt>
      <trkpt lat="48.799235" lon="-3.585251">
        <ele>4.170312</ele>
        <time>2022-03-11T20:22:53.758Z</time>
      </trkpt>
      <trkpt lat="48.799319" lon="-3.585061">
        <ele>4.151022</ele>
        <time>2022-03-11T20:23:15.130Z</time>
      </trkpt>
      <trkpt lat="48.799355" lon="-3.585033">
        <ele>4.153957</ele>
        <time>2022-03-11T20:23:20.962Z</time>
      </trkpt>
      <trkpt lat="48.799406" lon="-3.585031">
        <ele>4.157658</ele>
        <time>2022-03-11T20:23:28.237Z</time>
      </trkpt>
      <trkpt lat="48.799471" lon="-3.585187">
        <ele>4.166478</ele>
        <time>2022-03-11T20:23:45.273Z</time>
      </trkpt>
      <trkpt lat="48.799983" lon="-3.585306">
        <ele>4.204054</ele>
        <time>2022-03-11T20:24:58.762Z</time>
      </trkpt>
      <trkpt lat="48.800362" lon="-3.585491">
        <ele>4.232935</ele>
        <time>2022-03-11T20:25:54.607Z</time>
      </trkpt>
      <trkpt lat="48.800539" lon="-3.585666">
        <ele>4.248258</ele>
        <time>2022-03-11T20:26:24.578Z</time>
      </trkpt>
      <trkpt lat="48.800873" lon="-3.586170">
        <ele>4.371811</ele>
        <time>2022-03-11T20:27:32.196Z</time>
      </trkpt>
      <trkpt lat="48.800987" lon="-3.586405">
        <ele>4.561942</ele>
        <time>2022-03-11T20:28:00.330Z</time>
      </trkpt>
      <trkpt lat="48.801026" lon="-3.586415">
        <ele>4.601061</ele>
        <time>2022-03-11T20:28:06.218Z</time>
      </trkpt>
      <trkpt lat="48.801110" lon="-3.586372">
        <ele>4.688736</ele>
        <time>2022-03-11T20:28:18.886Z</time>
      </trkpt>
      <trkpt lat="48.801146" lon="-3.586367">
        <ele>4.724490</ele>
        <time>2022-03-11T20:28:24.386Z</time>
      </trkpt>
      <trkpt lat="48.801186" lon="-3.586376">
        <ele>4.764483</ele>
        <time>2022-03-11T20:28:30.674Z</time>
      </trkpt>
      <trkpt lat="48.801236" lon="-3.586341">
        <ele>4.818938</ele>
        <time>2022-03-11T20:28:38.838Z</time>
      </trkpt>
      <trkpt lat="48.801364" lon="-3.586068">
        <ele>5.037240</ele>
        <time>2022-03-11T20:29:10.396Z</time>
      </trkpt>
      <trkpt lat="48.801399" lon="-3.586052">
        <ele>5.073392</ele>
        <time>2022-03-11T20:29:15.974Z</time>
      </trkpt>
      <trkpt lat="48.801436" lon="-3.585978">
        <ele>5.133915</ele>
        <time>2022-03-11T20:29:25.411Z</time>
      </trkpt>
      <trkpt lat="48.801774" lon="-3.585211">
        <ele>5.735091</ele>
        <time>2022-03-11T20:30:52.979Z</time>
      </trkpt>
      <trkpt lat="48.801939" lon="-3.584940">
        <ele>5.975503</ele>
        <time>2022-03-11T20:31:28.546Z</time>
      </trkpt>
      <trkpt lat="48.801991" lon="-3.584857">
        <ele>6.050126</ele>
        <time>2022-03-11T20:31:39.328Z</time>
      </trkpt>
      <trkpt lat="48.802061" lon="-3.584740">
        <ele>6.087778</ele>
        <time>2022-03-11T20:31:54.425Z</time>
      </trkpt>
      <trkpt lat="48.802114" lon="-3.584703">
        <ele>6.107341</ele>
        <time>2022-03-11T20:32:03.284Z</time>
      </trkpt>
      <trkpt lat="48.802182" lon="-3.584595">
        <ele>6.140343</ele>
        <time>2022-03-11T20:32:17.638Z</time>
      </trkpt>
      <trkpt lat="48.802305" lon="-3.584464">
        <ele>6.190730</ele>
        <time>2022-03-11T20:32:38.824Z</time>
      </trkpt>
      <trkpt lat="48.802502" lon="-3.584319">
        <ele>6.264150</ele>
        <time>2022-03-11T20:33:10.842Z</time>
      </trkpt>
      <trkpt lat="48.802525" lon="-3.584299">
        <ele>6.273038</ele>
        <time>2022-03-11T20:33:14.650Z</time>
      </trkpt>
      <trkpt lat="48.802629" lon="-3.584211">
        <ele>6.312967</ele>
        <time>2022-03-11T20:33:31.481Z</time>
      </trkpt>
      <trkpt lat="48.802648" lon="-3.584195">
        <ele>6.320253</ele>
        <time>2022-03-11T20:33:34.492Z</time>
      </trkpt>
      <trkpt lat="48.802790" lon="-3.584070">
        <ele>6.375299</ele>
        <time>2022-03-11T20:33:57.765Z</time>
      </trkpt>
      <trkpt lat="48.802982" lon="-3.583906">
        <ele>6.449179</ele>
        <time>2022-03-11T20:34:28.698Z</time>
      </trkpt>
      <trkpt lat="48.803038" lon="-3.583854">
        <ele>6.471193</ele>
        <time>2022-03-11T20:34:37.998Z</time>
      </trkpt>
      <trkpt lat="48.803101" lon="-3.583796">
        <ele>6.495902</ele>
        <time>2022-03-11T20:34:48.308Z</time>
      </trkpt>
      <trkpt lat="48.803236" lon="-3.583724">
        <ele>6.543887</ele>
        <time>2022-03-11T20:35:08.496Z</time>
      </trkpt>
      <trkpt lat="48.803367" lon="-3.583702">
        <ele>6.588087</ele>
        <time>2022-03-11T20:35:27.212Z</time>
      </trkpt>
      <trkpt lat="48.803506" lon="-3.583708">
        <ele>6.634721</ele>
        <time>2022-03-11T20:35:46.905Z</time>
      </trkpt>
      <trkpt lat="48.803593" lon="-3.583773">
        <ele>6.675404</ele>
        <time>2022-03-11T20:36:00.654Z</time>
      </trkpt>
      <trkpt lat="48.803696" lon="-3.583774">
        <ele>6.738790</ele>
        <time>2022-03-11T20:36:15.074Z</time>
      </trkpt>
      <trkpt lat="48.803892" lon="-3.583803">
        <ele>6.859977</ele>
        <time>2022-03-11T20:36:42.872Z</time>
      </trkpt>
      <trkpt lat="48.804106" lon="-3.583931">
        <ele>7.001520</ele>
        <time>2022-03-11T20:37:15.300Z</time>
      </trkpt>
      <trkpt lat="48.804209" lon="-3.583982">
        <ele>7.068190</ele>
        <time>2022-03-11T20:37:30.595Z</time>
      </trkpt>
      <trkpt lat="48.804319" lon="-3.584023">
        <ele>7.137893</ele>
        <time>2022-03-11T20:37:47.160Z</time>
      </trkpt>
      <trkpt lat="48.804353" lon="-3.583999">
        <ele>7.160967</ele>
        <time>2022-03-11T20:37:52.474Z</time>
      </trkpt>
      <trkpt lat="48.804404" lon="-3.584054">
        <ele>7.199463</ele>
        <time>2022-03-11T20:38:01.297Z</time>
      </trkpt>
      <trkpt lat="48.804408" lon="-3.584059">
        <ele>7.202651</ele>
        <time>2022-03-11T20:38:02.125Z</time>
      </trkpt>
      <trkpt lat="48.804451" lon="-3.584090">
        <ele>7.231944</ele>
        <time>2022-03-11T20:38:08.815Z</time>
      </trkpt>
      <trkpt lat="48.804513" lon="-3.584156">
        <ele>7.278542</ele>
        <time>2022-03-11T20:38:19.551Z</time>
      </trkpt>
      <trkpt lat="48.804553" lon="-3.584064">
        <ele>7.323222</ele>
        <time>2022-03-11T20:38:30.115Z</time>
      </trkpt>
      <trkpt lat="48.804608" lon="-3.583726">
        <ele>7.464337</ele>
        <time>2022-03-11T20:39:03.929Z</time>
      </trkpt>
      <trkpt lat="48.804636" lon="-3.583586">
        <ele>7.523639</ele>
        <time>2022-03-11T20:39:18.003Z</time>
      </trkpt>
      <trkpt lat="48.804653" lon="-3.583447">
        <ele>7.580940</ele>
        <time>2022-03-11T20:39:31.972Z</time>
      </trkpt>
      <trkpt lat="48.804660" lon="-3.583061">
        <ele>7.737449</ele>
        <time>2022-03-11T20:40:09.074Z</time>
      </trkpt>
      <trkpt lat="48.804609" lon="-3.582950">
        <ele>7.782691</ele>
        <time>2022-03-11T20:40:22.334Z</time>
      </trkpt>
      <trkpt lat="48.804590" lon="-3.582674">
        <ele>7.856527</ele>
        <time>2022-03-11T20:40:49.091Z</time>
      </trkpt>
      <trkpt lat="48.804728" lon="-3.581961">
        <ele>8.054261</ele>
        <time>2022-03-11T20:41:59.974Z</time>
      </trkpt>
      <trkpt lat="48.804837" lon="-3.581613">
        <ele>8.156792</ele>
        <time>2022-03-11T20:42:35.977Z</time>
      </trkpt>
      <trkpt lat="48.804880" lon="-3.581504">
        <ele>8.190599</ele>
        <time>2022-03-11T20:42:48.202Z</time>
      </trkpt>
      <trkpt lat="48.804949" lon="-3.581299">
        <ele>8.251854</ele>
        <time>2022-03-11T20:43:09.565Z</time>
      </trkpt>
      <trkpt lat="48.805292" lon="-3.580761">
        <ele>8.451082</ele>
        <time>2022-03-11T20:44:18.700Z</time>
      </trkpt>
      <trkpt lat="48.805385" lon="-3.580632">
        <ele>8.457217</ele>
        <time>2022-03-11T20:44:36.351Z</time>
      </trkpt>
      <trkpt lat="48.805467" lon="-3.580588">
        <ele>8.349769</ele>
        <time>2022-03-11T20:44:49.271Z</time>
      </trkpt>
      <trkpt lat="48.805750" lon="-3.580371">
        <ele>7.958077</ele>
        <time>2022-03-11T20:45:34.235Z</time>
      </trkpt>
      <trkpt lat="48.806168" lon="-3.579910">
        <ele>7.319798</ele>
        <time>2022-03-11T20:46:49.017Z</time>
      </trkpt>
      <trkpt lat="48.806242" lon="-3.579751">
        <ele>7.161379</ele>
        <time>2022-03-11T20:47:07.330Z</time>
      </trkpt>
      <trkpt lat="48.806236" lon="-3.579367">
        <ele>6.848837</ele>
        <time>2022-03-11T20:47:44.652Z</time>
      </trkpt>
      <trkpt lat="48.806186" lon="-3.579220">
        <ele>6.714216</ele>
        <time>2022-03-11T20:48:00.357Z</time>
      </trkpt>
      <trkpt lat="48.806148" lon="-3.579164">
        <ele>6.648791</ele>
        <time>2022-03-11T20:48:08.241Z</time>
      </trkpt>
      <trkpt lat="48.805852" lon="-3.578727">
        <ele>6.324599</ele>
        <time>2022-03-11T20:49:07.724Z</time>
      </trkpt>
      <trkpt lat="48.805538" lon="-3.578413">
        <ele>6.523916</ele>
        <time>2022-03-11T20:50:00.951Z</time>
      </trkpt>
      <trkpt lat="48.804880" lon="-3.578095">
        <ele>6.889979</ele>
        <time>2022-03-11T20:51:39.260Z</time>
      </trkpt>
      <trkpt lat="48.804795" lon="-3.578075">
        <ele>6.935577</ele>
        <time>2022-03-11T20:51:52.228Z</time>
      </trkpt>
      <trkpt lat="48.804767" lon="-3.578067">
        <ele>6.950681</ele>
        <time>2022-03-11T20:51:57.138Z</time>
      </trkpt>
      <trkpt lat="48.803809" lon="-3.577933">
        <ele>8.128700</ele>
        <time>2022-03-11T20:54:19.253Z</time>
      </trkpt>
      <trkpt lat="48.803742" lon="-3.577855">
        <ele>8.298871</ele>
        <time>2022-03-11T20:54:32.362Z</time>
      </trkpt>
      <trkpt lat="48.803673" lon="-3.577744">
        <ele>8.501490</ele>
        <time>2022-03-11T20:54:48.356Z</time>
      </trkpt>
      <trkpt lat="48.803427" lon="-3.577058">
        <ele>9.538401</ele>
        <time>2022-03-11T20:56:06.510Z</time>
      </trkpt>
      <trkpt lat="48.803322" lon="-3.576407">
        <ele>10.428158</ele>
        <time>2022-03-11T20:57:12.829Z</time>
      </trkpt>
      <trkpt lat="48.803320" lon="-3.576269">
        <ele>10.611401</ele>
        <time>2022-03-11T20:57:26.668Z</time>
      </trkpt>
      <trkpt lat="48.803377" lon="-3.576065">
        <ele>10.872222</ele>
        <time>2022-03-11T20:57:48.116Z</time>
      </trkpt>
      <trkpt lat="48.803475" lon="-3.575606">
        <ele>11.144667</ele>
        <time>2022-03-11T20:58:35.311Z</time>
      </trkpt>
      <trkpt lat="48.803533" lon="-3.575479">
        <ele>11.231927</ele>
        <time>2022-03-11T20:58:50.279Z</time>
      </trkpt>
      <trkpt lat="48.803614" lon="-3.575405">
        <ele>11.312967</ele>
        <time>2022-03-11T20:59:03.701Z</time>
      </trkpt>
      <trkpt lat="48.803789" lon="-3.575273">
        <ele>11.480484</ele>
        <time>2022-03-11T20:59:32.047Z</time>
      </trkpt>
      <trkpt lat="48.804014" lon="-3.575252">
        <ele>11.673733</ele>
        <time>2022-03-11T21:00:04.625Z</time>
      </trkpt>
      <trkpt lat="48.804158" lon="-3.575069">
        <ele>11.834717</ele>
        <time>2022-03-11T21:00:31.680Z</time>
      </trkpt>
      <trkpt lat="48.805136" lon="-3.574964">
        <ele>12.340768</ele>
        <time>2022-03-11T21:02:50.255Z</time>
      </trkpt>
      <trkpt lat="48.805382" lon="-3.574768">
        <ele>12.300191</ele>
        <time>2022-03-11T21:03:29.464Z</time>
      </trkpt>
      <trkpt lat="48.805586" lon="-3.574577">
        <ele>12.265185</ele>
        <time>2022-03-11T21:04:03.254Z</time>
      </trkpt>
      <trkpt lat="48.805672" lon="-3.574466">
        <ele>12.248699</ele>
        <time>2022-03-11T21:04:19.058Z</time>
      </trkpt>
      <trkpt lat="48.805852" lon="-3.574140">
        <ele>12.207776</ele>
        <time>2022-03-11T21:04:58.570Z</time>
      </trkpt>
      <trkpt lat="48.805974" lon="-3.573489">
        <ele>12.142666</ele>
        <time>2022-03-11T21:06:01.418Z</time>
      </trkpt>
      <trkpt lat="48.806152" lon="-3.573186">
        <ele>11.960740</ele>
        <time>2022-03-11T21:06:39.134Z</time>
      </trkpt>
      <trkpt lat="48.806462" lon="-3.572850">
        <ele>11.561609</ele>
        <time>2022-03-11T21:07:32.856Z</time>
      </trkpt>
      <trkpt lat="48.806573" lon="-3.572710">
        <ele>11.410395</ele>
        <time>2022-03-11T21:07:53.087Z</time>
      </trkpt>
      <trkpt lat="48.806659" lon="-3.572466">
        <ele>11.219397</ele>
        <time>2022-03-11T21:08:19.562Z</time>
      </trkpt>
      <trkpt lat="48.806612" lon="-3.572165">
        <ele>11.005901</ele>
        <time>2022-03-11T21:08:48.366Z</time>
      </trkpt>
      <trkpt lat="48.806342" lon="-3.571485">
        <ele>10.457899</ele>
        <time>2022-03-11T21:10:04.328Z</time>
      </trkpt>
      <trkpt lat="48.806531" lon="-3.570662">
        <ele>9.593045</ele>
        <time>2022-03-11T21:11:27.340Z</time>
      </trkpt>
      <trkpt lat="48.806562" lon="-3.570635">
        <ele>9.530019</ele>
        <time>2022-03-11T21:11:32.733Z</time>
      </trkpt>
      <trkpt lat="48.806617" lon="-3.570588">
        <ele>9.418717</ele>
        <time>2022-03-11T21:11:42.149Z</time>
      </trkpt>
      <trkpt lat="48.806940" lon="-3.570200">
        <ele>8.692377</ele>
        <time>2022-03-11T21:12:41.821Z</time>
      </trkpt>
      <trkpt lat="48.807025" lon="-3.570091">
        <ele>8.496167</ele>
        <time>2022-03-11T21:12:58.109Z</time>
      </trkpt>
      <trkpt lat="48.807201" lon="-3.570005">
        <ele>8.170104</ele>
        <time>2022-03-11T21:13:25.112Z</time>
      </trkpt>
      <trkpt lat="48.807317" lon="-3.569900">
        <ele>7.931938</ele>
        <time>2022-03-11T21:13:44.596Z</time>
      </trkpt>
      <trkpt lat="48.807369" lon="-3.569705">
        <ele>7.687590</ele>
        <time>2022-03-11T21:14:04.555Z</time>
      </trkpt>
      <trkpt lat="48.807301" lon="-3.568728">
        <ele>6.825465</ele>
        <time>2022-03-11T21:15:38.853Z</time>
      </trkpt>
      <trkpt lat="48.807331" lon="-3.568521">
        <ele>6.710493</ele>
        <time>2022-03-11T21:15:58.795Z</time>
      </trkpt>
      <trkpt lat="48.807405" lon="-3.568018">
        <ele>6.430919</ele>
        <time>2022-03-11T21:16:47.500Z</time>
      </trkpt>
      <trkpt lat="48.807597" lon="-3.567521">
        <ele>6.118368</ele>
        <time>2022-03-11T21:17:41.276Z</time>
      </trkpt>
      <trkpt lat="48.807916" lon="-3.567286">
        <ele>5.826337</ele>
        <time>2022-03-11T21:18:31.308Z</time>
      </trkpt>
      <trkpt lat="48.807933" lon="-3.567165">
        <ele>5.759226</ele>
        <time>2022-03-11T21:18:42.779Z</time>
      </trkpt>
      <trkpt lat="48.807918" lon="-3.566578">
        <ele>5.614828</ele>
        <time>2022-03-11T21:19:37.085Z</time>
      </trkpt>
      <trkpt lat="48.807761" lon="-3.565864">
        <ele>5.687593</ele>
        <time>2022-03-11T21:20:46.674Z</time>
      </trkpt>
      <trkpt lat="48.807516" lon="-3.565781">
        <ele>5.724438</ele>
        <time>2022-03-11T21:21:22.431Z</time>
      </trkpt>
      <trkpt lat="48.807352" lon="-3.565904">
        <ele>5.751286</ele>
        <time>2022-03-11T21:21:48.179Z</time>
      </trkpt>
      <trkpt lat="48.807305" lon="-3.565947">
        <ele>5.759340</ele>
        <time>2022-03-11T21:21:56.227Z</time>
      </trkpt>
      <trkpt lat="48.807120" lon="-3.566026">
        <ele>5.787548</ele>
        <time>2022-03-11T21:22:23.380Z</time>
      </trkpt>
      <trkpt lat="48.806835" lon="-3.565909">
        <ele>5.830882</ele>
        <time>2022-03-11T21:23:05.158Z</time>
      </trkpt>
      <trkpt lat="48.806631" lon="-3.565731">
        <ele>5.819606</ele>
        <time>2022-03-11T21:23:38.414Z</time>
      </trkpt>
      <trkpt lat="48.806391" lon="-3.565333">
        <ele>5.687129</ele>
        <time>2022-03-11T21:24:28.264Z</time>
      </trkpt>
      <trkpt lat="48.806301" lon="-3.565223">
        <ele>5.644062</ele>
        <time>2022-03-11T21:24:44.673Z</time>
      </trkpt>
      <trkpt lat="48.805985" lon="-3.565436">
        <ele>5.515186</ele>
        <time>2022-03-11T21:25:33.238Z</time>
      </trkpt>
      <trkpt lat="48.805516" lon="-3.565647">
        <ele>5.332850</ele>
        <time>2022-03-11T21:26:42.702Z</time>
      </trkpt>
      <trkpt lat="48.805488" lon="-3.565449">
        <ele>5.283133</ele>
        <time>2022-03-11T21:27:01.925Z</time>
      </trkpt>
      <trkpt lat="48.805464" lon="-3.565289">
        <ele>5.242846</ele>
        <time>2022-03-11T21:27:17.167Z</time>
      </trkpt>
      <trkpt lat="48.805454" lon="-3.565219">
        <ele>5.225261</ele>
        <time>2022-03-11T21:27:23.840Z</time>
      </trkpt>
      <trkpt lat="48.805526" lon="-3.565187">
        <ele>5.197297</ele>
        <time>2022-03-11T21:27:34.726Z</time>
      </trkpt>
      <trkpt lat="48.805612" lon="-3.565051">
        <ele>5.127904</ele>
        <time>2022-03-11T21:27:52.527Z</time>
      </trkpt>
      <trkpt lat="48.805769" lon="-3.564087">
        <ele>4.702450</ele>
        <time>2022-03-11T21:29:25.888Z</time>
      </trkpt>
      <trkpt lat="48.805772" lon="-3.563940">
        <ele>4.639439</ele>
        <time>2022-03-11T21:29:39.814Z</time>
      </trkpt>
      <trkpt lat="48.805641" lon="-3.563730">
        <ele>4.515516</ele>
        <time>2022-03-11T21:30:06.839Z</time>
      </trkpt>
      <trkpt lat="48.805648" lon="-3.563398">
        <ele>4.373202</ele>
        <time>2022-03-11T21:30:38.122Z</time>
      </trkpt>
      <trkpt lat="48.805600" lon="-3.563373">
        <ele>4.340191</ele>
        <time>2022-03-11T21:30:45.548Z</time>
      </trkpt>
      <trkpt lat="48.804926" lon="-3.563015">
        <ele>4.012248</ele>
        <time>2022-03-11T21:32:26.308Z</time>
      </trkpt>
      <trkpt lat="48.804086" lon="-3.562891">
        <ele>4.013335</ele>
        <time>2022-03-11T21:34:24.569Z</time>
      </trkpt>
      <trkpt lat="48.803880" lon="-3.562980">
        <ele>4.013610</ele>
        <time>2022-03-11T21:34:54.731Z</time>
      </trkpt>
      <trkpt lat="48.803798" lon="-3.563057">
        <ele>4.013735</ele>
        <time>2022-03-11T21:35:08.499Z</time>
      </trkpt>
      <trkpt lat="48.803727" lon="-3.563092">
        <ele>4.013831</ele>
        <time>2022-03-11T21:35:19.100Z</time>
      </trkpt>
      <trkpt lat="48.803633" lon="-3.563100">
        <ele>4.013952</ele>
        <time>2022-03-11T21:35:32.337Z</time>
      </trkpt>
      <trkpt lat="48.803485" lon="-3.562996">
        <ele>4.014162</ele>
        <time>2022-03-11T21:35:55.291Z</time>
      </trkpt>
      <trkpt lat="48.803410" lon="-3.562747">
        <ele>4.006575</ele>
        <time>2022-03-11T21:36:20.935Z</time>
      </trkpt>
      <trkpt lat="48.803321" lon="-3.562625">
        <ele>3.994653</ele>
        <time>2022-03-11T21:36:37.774Z</time>
      </trkpt>
      <trkpt lat="48.803136" lon="-3.562605">
        <ele>3.976213</ele>
        <time>2022-03-11T21:37:04.192Z</time>
      </trkpt>
      <trkpt lat="48.803128" lon="-3.562604">
        <ele>3.975414</ele>
        <time>2022-03-11T21:37:05.317Z</time>
      </trkpt>
      <trkpt lat="48.802827" lon="-3.562815">
        <ele>3.942451</ele>
        <time>2022-03-11T21:37:51.979Z</time>
      </trkpt>
      <trkpt lat="48.802637" lon="-3.563088">
        <ele>3.916441</ele>
        <time>2022-03-11T21:38:28.734Z</time>
      </trkpt>
      <trkpt lat="48.802531" lon="-3.563075">
        <ele>3.905868</ele>
        <time>2022-03-11T21:38:43.764Z</time>
      </trkpt>
      <trkpt lat="48.802296" lon="-3.563263">
        <ele>3.879457</ele>
        <time>2022-03-11T21:39:21.340Z</time>
      </trkpt>
      <trkpt lat="48.802270" lon="-3.563294">
        <ele>3.876170</ele>
        <time>2022-03-11T21:39:26.086Z</time>
      </trkpt>
      <trkpt lat="48.802176" lon="-3.563403">
        <ele>3.864410</ele>
        <time>2022-03-11T21:39:43.063Z</time>
      </trkpt>
      <trkpt lat="48.801783" lon="-3.563742">
        <ele>3.813824</ele>
        <time>2022-03-11T21:40:46.990Z</time>
      </trkpt>
      <trkpt lat="48.801625" lon="-3.563909">
        <ele>3.787926</ele>
        <time>2022-03-11T21:41:14.106Z</time>
      </trkpt>
      <trkpt lat="48.801528" lon="-3.564003">
        <ele>3.772446</ele>
        <time>2022-03-11T21:41:30.313Z</time>
      </trkpt>
      <trkpt lat="48.801432" lon="-3.564133">
        <ele>3.755141</ele>
        <time>2022-03-11T21:41:48.397Z</time>
      </trkpt>
      <trkpt lat="48.801340" lon="-3.564254">
        <ele>3.738767</ele>
        <time>2022-03-11T21:42:05.468Z</time>
      </trkpt>
      <trkpt lat="48.801175" lon="-3.564454">
        <ele>3.710365</ele>
        <time>2022-03-11T21:42:35.102Z</time>
      </trkpt>
      <trkpt lat="48.801092" lon="-3.564563">
        <ele>3.695602</ele>
        <time>2022-03-11T21:42:50.483Z</time>
      </trkpt>
      <trkpt lat="48.801024" lon="-3.564574">
        <ele>3.686403</ele>
        <time>2022-03-11T21:43:00.423Z</time>
      </trkpt>
      <trkpt lat="48.800980" lon="-3.564562">
        <ele>3.680389</ele>
        <time>2022-03-11T21:43:06.903Z</time>
      </trkpt>
      <trkpt lat="48.800481" lon="-3.564769">
        <ele>3.610802</ele>
        <time>2022-03-11T21:44:19.594Z</time>
      </trkpt>
      <trkpt lat="48.800411" lon="-3.564899">
        <ele>3.595924</ele>
        <time>2022-03-11T21:44:35.307Z</time>
      </trkpt>
      <trkpt lat="48.800386" lon="-3.564981">
        <ele>3.586456</ele>
        <time>2022-03-11T21:44:43.891Z</time>
      </trkpt>
      <trkpt lat="48.800225" lon="-3.565117">
        <ele>3.555189</ele>
        <time>2022-03-11T21:45:09.817Z</time>
      </trkpt>
      <trkpt lat="48.799729" lon="-3.566313">
        <ele>3.397206</ele>
        <time>2022-03-11T21:47:20.876Z</time>
      </trkpt>
      <trkpt lat="48.799681" lon="-3.566571">
        <ele>3.367237</ele>
        <time>2022-03-11T21:47:45.612Z</time>
      </trkpt>
      <trkpt lat="48.799667" lon="-3.566696">
        <ele>3.353064</ele>
        <time>2022-03-11T21:47:57.617Z</time>
      </trkpt>
      <trkpt lat="48.799661" lon="-3.566766">
        <ele>3.345173</ele>
        <time>2022-03-11T21:48:04.342Z</time>
      </trkpt>
      <trkpt lat="48.799654" lon="-3.567132">
        <ele>3.304243</ele>
        <time>2022-03-11T21:48:38.441Z</time>
      </trkpt>
      <trkpt lat="48.799589" lon="-3.567472">
        <ele>3.240677</ele>
        <time>2022-03-11T21:49:11.398Z</time>
      </trkpt>
      <trkpt lat="48.799606" lon="-3.567893">
        <ele>3.145593</ele>
        <time>2022-03-11T21:49:50.590Z</time>
      </trkpt>
      <trkpt lat="48.799627" lon="-3.567983">
        <ele>3.124069</ele>
        <time>2022-03-11T21:49:59.441Z</time>
      </trkpt>
      <trkpt lat="48.799614" lon="-3.568044">
        <ele>3.109617</ele>
        <time>2022-03-11T21:50:05.436Z</time>
      </trkpt>
      <trkpt lat="48.799627" lon="-3.567983">
        <ele>3.095164</ele>
        <time>2022-03-11T21:50:11.531Z</time>
      </trkpt>
      <trkpt lat="48.799593" lon="-3.568233">
        <ele>3.037618</ele>
        <time>2022-03-11T21:50:35.441Z</time>
      </trkpt>
      <trkpt lat="48.799545" lon="-3.568369">
        <ele>3.002836</ele>
        <time>2022-03-11T21:50:49.773Z</time>
      </trkpt>
      <trkpt lat="48.799297" lon="-3.568676">
        <ele>2.893322</ele>
        <time>2022-03-11T21:51:35.098Z</time>
      </trkpt>
      <trkpt lat="48.798666" lon="-3.569004">
        <ele>2.676362</ele>
        <time>2022-03-11T21:53:09.491Z</time>
      </trkpt>
      <trkpt lat="48.798074" lon="-3.569201">
        <ele>2.775525</ele>
        <time>2022-03-11T21:54:34.670Z</time>
      </trkpt>
      <trkpt lat="48.798005" lon="-3.569306">
        <ele>2.791510</ele>
        <time>2022-03-11T21:54:48.437Z</time>
      </trkpt>
      <trkpt lat="48.797935" lon="-3.569413">
        <ele>2.807764</ele>
        <time>2022-03-11T21:55:02.522Z</time>
      </trkpt>
      <trkpt lat="48.797776" lon="-3.569515">
        <ele>2.836007</ele>
        <time>2022-03-11T21:55:26.985Z</time>
      </trkpt>
      <trkpt lat="48.797693" lon="-3.569551">
        <ele>2.850131</ele>
        <time>2022-03-11T21:55:39.139Z</time>
      </trkpt>
      <trkpt lat="48.797658" lon="-3.569589">
        <ele>2.857172</ele>
        <time>2022-03-11T21:55:45.241Z</time>
      </trkpt>
      <trkpt lat="48.797573" lon="-3.569713">
        <ele>2.876460</ele>
        <time>2022-03-11T21:56:02.067Z</time>
      </trkpt>
      <trkpt lat="48.797548" lon="-3.569743">
        <ele>2.881674</ele>
        <time>2022-03-11T21:56:06.622Z</time>
      </trkpt>
      <trkpt lat="48.797481" lon="-3.569616">
        <ele>2.899211</ele>
        <time>2022-03-11T21:56:21.618Z</time>
      </trkpt>
      <trkpt lat="48.797433" lon="-3.569521">
        <ele>2.912116</ele>
        <time>2022-03-11T21:56:32.798Z</time>
      </trkpt>
      <trkpt lat="48.797286" lon="-3.569239">
        <ele>2.950876</ele>
        <time>2022-03-11T21:57:06.727Z</time>
      </trkpt>
      <trkpt lat="48.797016" lon="-3.568706">
        <ele>3.291027</ele>
        <time>2022-03-11T21:58:10.076Z</time>
      </trkpt>
      <trkpt lat="48.796882" lon="-3.568415">
        <ele>3.511107</ele>
        <time>2022-03-11T21:58:43.652Z</time>
      </trkpt>
      <trkpt lat="48.796575" lon="-3.567497">
        <ele>4.149265</ele>
        <time>2022-03-11T22:00:21.759Z</time>
      </trkpt>
      <trkpt lat="48.796527" lon="-3.567335">
        <ele>4.259372</ele>
        <time>2022-03-11T22:00:39.051Z</time>
      </trkpt>
      <trkpt lat="48.796644" lon="-3.565864">
        <ele>5.140358</ele>
        <time>2022-03-11T22:03:02.500Z</time>
      </trkpt>
      <trkpt lat="48.796684" lon="-3.565762">
        <ele>5.208623</ele>
        <time>2022-03-11T22:03:13.632Z</time>
      </trkpt>
      <trkpt lat="48.796622" lon="-3.565592">
        <ele>5.320369</ele>
        <time>2022-03-11T22:03:32.328Z</time>
      </trkpt>
      <trkpt lat="48.796407" lon="-3.565280">
        <ele>5.580026</ele>
        <time>2022-03-11T22:04:14.919Z</time>
      </trkpt>
      <trkpt lat="48.796250" lon="-3.565101">
        <ele>5.751438</ele>
        <time>2022-03-11T22:04:43.201Z</time>
      </trkpt>
      <trkpt lat="48.796012" lon="-3.565289">
        <ele>5.985657</ele>
        <time>2022-03-11T22:05:21.480Z</time>
      </trkpt>
      <trkpt lat="48.796250" lon="-3.565101">
        <ele>6.219876</ele>
        <time>2022-03-11T22:05:59.313Z</time>
      </trkpt>
      <trkpt lat="48.796041" lon="-3.564623">
        <ele>6.695218</ele>
        <time>2022-03-11T22:06:53.017Z</time>
      </trkpt>
      <trkpt lat="48.795847" lon="-3.564183">
        <ele>7.138021</ele>
        <time>2022-03-11T22:07:44.269Z</time>
      </trkpt>
      <trkpt lat="48.795687" lon="-3.563978">
        <ele>7.403834</ele>
        <time>2022-03-11T22:08:14.321Z</time>
      </trkpt>
      <trkpt lat="48.795382" lon="-3.562928">
        <ele>8.363565</ele>
        <time>2022-03-11T22:10:06.700Z</time>
      </trkpt>
      <trkpt lat="48.795280" lon="-3.562628">
        <ele>8.670483</ele>
        <time>2022-03-11T22:10:39.821Z</time>
      </trkpt>
      <trkpt lat="48.795225" lon="-3.562461">
        <ele>8.855547</ele>
        <time>2022-03-11T22:10:58.035Z</time>
      </trkpt>
      <trkpt lat="48.795268" lon="-3.562336">
        <ele>8.995322</ele>
        <time>2022-03-11T22:11:13.585Z</time>
      </trkpt>
      <trkpt lat="48.795266" lon="-3.562081">
        <ele>9.248095</ele>
        <time>2022-03-11T22:11:37.261Z</time>
      </trkpt>
      <trkpt lat="48.795329" lon="-3.561789">
        <ele>9.552651</ele>
        <time>2022-03-11T22:12:08.931Z</time>
      </trkpt>
      <trkpt lat="48.795297" lon="-3.561460">
        <ele>9.882289</ele>
        <time>2022-03-11T22:12:39.995Z</time>
      </trkpt>
      <trkpt lat="48.795282" lon="-3.561321">
        <ele>10.021902</ele>
        <time>2022-03-11T22:12:55.584Z</time>
      </trkpt>
      <trkpt lat="48.795218" lon="-3.561258">
        <ele>10.136674</ele>
        <time>2022-03-11T22:13:06.738Z</time>
      </trkpt>
      <trkpt lat="48.794935" lon="-3.561031">
        <ele>10.618283</ele>
        <time>2022-03-11T22:13:54.776Z</time>
      </trkpt>
      <trkpt lat="48.794716" lon="-3.560915">
        <ele>10.967286</ele>
        <time>2022-03-11T22:14:27.591Z</time>
      </trkpt>
      <trkpt lat="48.794348" lon="-3.560720">
        <ele>10.924694</ele>
        <time>2022-03-11T22:15:23.763Z</time>
      </trkpt>
      <trkpt lat="48.793790" lon="-3.560638">
        <ele>10.180449</ele>
        <time>2022-03-11T22:16:43.654Z</time>
      </trkpt>
      <trkpt lat="48.793724" lon="-3.560688">
        <ele>10.082524</ele>
        <time>2022-03-11T22:16:54.628Z</time>
      </trkpt>
      <trkpt lat="48.793607" lon="-3.560584">
        <ele>9.902528</ele>
        <time>2022-03-11T22:17:14.257Z</time>
      </trkpt>
      <trkpt lat="48.793168" lon="-3.560193">
        <ele>9.226812</ele>
        <time>2022-03-11T22:18:29.180Z</time>
      </trkpt>
      <trkpt lat="48.792336" lon="-3.559618">
        <ele>7.957293</ele>
        <time>2022-03-11T22:20:43.145Z</time>
      </trkpt>
      <trkpt lat="48.791976" lon="-3.559213">
        <ele>7.321800</ele>
        <time>2022-03-11T22:21:48.206Z</time>
      </trkpt>
      <trkpt lat="48.791938" lon="-3.559168">
        <ele>7.253448</ele>
        <time>2022-03-11T22:21:55.492Z</time>
      </trkpt>
      <trkpt lat="48.791856" lon="-3.559054">
        <ele>7.095749</ele>
        <time>2022-03-11T22:22:11.356Z</time>
      </trkpt>
      <trkpt lat="48.791823" lon="-3.559009">
        <ele>7.032836</ele>
        <time>2022-03-11T22:22:17.651Z</time>
      </trkpt>
      <trkpt lat="48.791708" lon="-3.558834">
        <ele>6.801895</ele>
        <time>2022-03-11T22:22:40.863Z</time>
      </trkpt>
      <trkpt lat="48.791611" lon="-3.558360">
        <ele>6.338154</ele>
        <time>2022-03-11T22:23:27.302Z</time>
      </trkpt>
      <trkpt lat="48.791560" lon="-3.558387">
        <ele>6.299305</ele>
        <time>2022-03-11T22:23:34.963Z</time>
      </trkpt>
      <trkpt lat="48.791526" lon="-3.558390">
        <ele>6.345329</ele>
        <time>2022-03-11T22:23:39.891Z</time>
      </trkpt>
      <trkpt lat="48.791384" lon="-3.558371">
        <ele>6.537967</ele>
        <time>2022-03-11T22:24:00.203Z</time>
      </trkpt>
      <trkpt lat="48.790356" lon="-3.557538">
        <ele>8.112725</ele>
        <time>2022-03-11T22:26:49.119Z</time>
      </trkpt>
      <trkpt lat="48.790294" lon="-3.557435">
        <ele>8.236938</ele>
        <time>2022-03-11T22:27:03.144Z</time>
      </trkpt>
      <trkpt lat="48.790219" lon="-3.557293">
        <ele>8.398972</ele>
        <time>2022-03-11T22:27:22.370Z</time>
      </trkpt>
      <trkpt lat="48.789986" lon="-3.557035">
        <ele>8.876003</ele>
        <time>2022-03-11T22:28:06.570Z</time>
      </trkpt>
      <trkpt lat="48.789370" lon="-3.556539">
        <ele>10.883485</ele>
        <time>2022-03-11T22:29:57.092Z</time>
      </trkpt>
      <trkpt lat="48.789198" lon="-3.556279">
        <ele>11.582330</ele>
        <time>2022-03-11T22:30:35.139Z</time>
      </trkpt>
      <trkpt lat="48.789020" lon="-3.555914">
        <ele>12.443654</ele>
        <time>2022-03-11T22:31:22.120Z</time>
      </trkpt>
      <trkpt lat="48.788878" lon="-3.555727">
        <ele>12.984877</ele>
        <time>2022-03-11T22:31:49.937Z</time>
      </trkpt>
      <trkpt lat="48.788401" lon="-3.555425">
        <ele>14.119753</ele>
        <time>2022-03-11T22:33:08.008Z</time>
      </trkpt>
      <trkpt lat="48.788470" lon="-3.554740">
        <ele>14.638435</ele>
        <time>2022-03-11T22:34:14.096Z</time>
      </trkpt>
      <trkpt lat="48.788518" lon="-3.554215">
        <ele>15.035164</ele>
        <time>2022-03-11T22:35:03.901Z</time>
      </trkpt>
      <trkpt lat="48.788396" lon="-3.553045">
        <ele>15.921812</ele>
        <time>2022-03-11T22:36:56.134Z</time>
      </trkpt>
      <trkpt lat="48.788405" lon="-3.552743">
        <ele>16.400784</ele>
        <time>2022-03-11T22:37:25.373Z</time>
      </trkpt>
      <trkpt lat="48.788454" lon="-3.552503">
        <ele>16.809837</ele>
        <time>2022-03-11T22:37:49.200Z</time>
      </trkpt>
      <trkpt lat="48.788479" lon="-3.552379">
        <ele>17.020950</ele>
        <time>2022-03-11T22:38:02.255Z</time>
      </trkpt>
      <trkpt lat="48.788556" lon="-3.552150">
        <ele>17.439508</ele>
        <time>2022-03-11T22:38:28.446Z</time>
      </trkpt>
      <trkpt lat="48.788567" lon="-3.552120">
        <ele>17.495403</ele>
        <time>2022-03-11T22:38:31.853Z</time>
      </trkpt>
      <trkpt lat="48.788643" lon="-3.551700">
        <ele>18.204484</ele>
        <time>2022-03-11T22:39:16.237Z</time>
      </trkpt>
      <trkpt lat="48.788715" lon="-3.551238">
        <ele>18.977375</ele>
        <time>2022-03-11T22:40:04.578Z</time>
      </trkpt>
      <trkpt lat="48.788790" lon="-3.550830">
        <ele>19.666967</ele>
        <time>2022-03-11T22:40:48.136Z</time>
      </trkpt>
      <trkpt lat="48.788978" lon="-3.550182">
        <ele>20.725364</ele>
        <time>2022-03-11T22:41:59.693Z</time>
      </trkpt>
      <trkpt lat="48.789004" lon="-3.550118">
        <ele>20.821665</ele>
        <time>2022-03-11T22:42:08.374Z</time>
      </trkpt>
      <trkpt lat="48.788960" lon="-3.549923">
        <ele>21.085661</ele>
        <time>2022-03-11T22:42:29.330Z</time>
      </trkpt>
      <trkpt lat="48.788937" lon="-3.549579">
        <ele>21.528517</ele>
        <time>2022-03-11T22:43:05.147Z</time>
      </trkpt>
      <trkpt lat="48.788932" lon="-3.549252">
        <ele>21.947449</ele>
        <time>2022-03-11T22:43:37.526Z</time>
      </trkpt>
      <trkpt lat="48.788921" lon="-3.549122">
        <ele>22.115319</ele>
        <time>2022-03-11T22:43:50.105Z</time>
      </trkpt>
      <trkpt lat="48.788876" lon="-3.548566">
        <ele>22.832794</ele>
        <time>2022-03-11T22:44:44.866Z</time>
      </trkpt>
      <trkpt lat="48.788871" lon="-3.548503">
        <ele>22.914067</ele>
        <time>2022-03-11T22:44:51.824Z</time>
      </trkpt>
      <trkpt lat="48.788832" lon="-3.548113">
        <ele>23.419298</ele>
        <time>2022-03-11T22:45:28.398Z</time>
      </trkpt>
      <trkpt lat="48.788807" lon="-3.547661">
        <ele>24.024604</ele>
        <time>2022-03-11T22:46:11.512Z</time>
      </trkpt>
      <trkpt lat="48.788813" lon="-3.547293">
        <ele>24.587099</ele>
        <time>2022-03-11T22:46:45.620Z</time>
      </trkpt>
      <trkpt lat="48.788737" lon="-3.546773">
        <ele>25.401003</ele>
        <time>2022-03-11T22:47:35.781Z</time>
      </trkpt>
      <trkpt lat="48.788609" lon="-3.545093">
        <ele>27.985245</ele>
        <time>2022-03-11T22:50:29.117Z</time>
      </trkpt>
      <trkpt lat="48.788602" lon="-3.544840">
        <ele>28.561300</ele>
        <time>2022-03-11T22:50:56.383Z</time>
      </trkpt>
      <trkpt lat="48.788761" lon="-3.544712">
        <ele>29.220561</ele>
        <time>2022-03-11T22:51:24.553Z</time>
      </trkpt>
      <trkpt lat="48.788832" lon="-3.544539">
        <ele>29.712439</ele>
        <time>2022-03-11T22:51:46.975Z</time>
      </trkpt>
      <trkpt lat="48.789121" lon="-3.543997">
        <ele>31.395146</ele>
        <time>2022-03-11T22:53:00.053Z</time>
      </trkpt>
      <trkpt lat="48.789192" lon="-3.543689">
        <ele>32.182622</ele>
        <time>2022-03-11T22:53:34.673Z</time>
      </trkpt>
      <trkpt lat="48.789183" lon="-3.542946">
        <ele>33.975993</ele>
        <time>2022-03-11T22:54:53.227Z</time>
      </trkpt>
      <trkpt lat="48.789441" lon="-3.541098">
        <ele>36.503906</ele>
        <time>2022-03-11T22:58:00.369Z</time>
      </trkpt>
      <trkpt lat="48.789364" lon="-3.540992">
        <ele>36.686431</ele>
        <time>2022-03-11T22:58:15.450Z</time>
      </trkpt>
      <trkpt lat="48.789310" lon="-3.540763">
        <ele>36.967798</ele>
        <time>2022-03-11T22:58:38.736Z</time>
      </trkpt>
      <trkpt lat="48.789456" lon="-3.539888">
        <ele>37.915933</ele>
        <time>2022-03-11T23:00:04.438Z</time>
      </trkpt>
      <trkpt lat="48.789927" lon="-3.538779">
        <ele>38.775043</ele>
        <time>2022-03-11T23:02:10.526Z</time>
      </trkpt>
      <trkpt lat="48.790078" lon="-3.538099">
        <ele>39.242267</ele>
        <time>2022-03-11T23:03:18.836Z</time>
      </trkpt>
      <trkpt lat="48.790201" lon="-3.537326">
        <ele>39.795497</ele>
        <time>2022-03-11T23:04:35.189Z</time>
      </trkpt>
      <trkpt lat="48.790257" lon="-3.536703">
        <ele>40.281217</ele>
        <time>2022-03-11T23:05:35.386Z</time>
      </trkpt>
      <trkpt lat="48.790267" lon="-3.536345">
        <ele>40.558017</ele>
        <time>2022-03-11T23:06:09.889Z</time>
      </trkpt>
      <trkpt lat="48.790319" lon="-3.536209">
        <ele>40.679487</ele>
        <time>2022-03-11T23:06:25.226Z</time>
      </trkpt>
      <trkpt lat="48.790543" lon="-3.536113">
        <ele>40.952405</ele>
        <time>2022-03-11T23:06:59.362Z</time>
      </trkpt>
      <trkpt lat="48.790640" lon="-3.536060">
        <ele>41.073286</ele>
        <time>2022-03-11T23:07:14.677Z</time>
      </trkpt>
      <trkpt lat="48.790742" lon="-3.535912">
        <ele>41.238739</ele>
        <time>2022-03-11T23:07:35.237Z</time>
      </trkpt>
      <trkpt lat="48.790890" lon="-3.535553">
        <ele>41.565880</ele>
        <time>2022-03-11T23:08:16.156Z</time>
      </trkpt>
      <trkpt lat="48.791266" lon="-3.535121">
        <ele>42.179120</ele>
        <time>2022-03-11T23:09:24.511Z</time>
      </trkpt>
      <trkpt lat="48.791266" lon="-3.535007">
        <ele>42.279253</ele>
        <time>2022-03-11T23:09:35.520Z</time>
      </trkpt>
      <trkpt lat="48.791167" lon="-3.534756">
        <ele>42.536214</ele>
        <time>2022-03-11T23:10:03.609Z</time>
      </trkpt>
      <trkpt lat="48.790677" lon="-3.533300">
        <ele>43.972315</ele>
        <time>2022-03-11T23:12:42.751Z</time>
      </trkpt>
      <trkpt lat="48.790580" lon="-3.532624">
        <ele>44.387317</ele>
        <time>2022-03-11T23:13:49.576Z</time>
      </trkpt>
      <trkpt lat="48.790536" lon="-3.532428">
        <ele>44.499535</ele>
        <time>2022-03-11T23:14:09.405Z</time>
      </trkpt>
      <trkpt lat="48.790483" lon="-3.532339">
        <ele>44.564552</ele>
        <time>2022-03-11T23:14:21.283Z</time>
      </trkpt>
      <trkpt lat="48.790677" lon="-3.530139">
        <ele>45.316748</ele>
        <time>2022-03-11T23:17:50.697Z</time>
      </trkpt>
      <trkpt lat="48.790705" lon="-3.529366">
        <ele>44.840022</ele>
        <time>2022-03-11T23:19:03.502Z</time>
      </trkpt>
      <trkpt lat="48.790649" lon="-3.528121">
        <ele>44.071576</ele>
        <time>2022-03-11T23:21:02.187Z</time>
      </trkpt>
      <trkpt lat="48.790528" lon="-3.527195">
        <ele>43.535367</ele>
        <time>2022-03-11T23:22:32.186Z</time>
      </trkpt>
      <trkpt lat="48.790404" lon="-3.526952">
        <ele>43.368274</ele>
        <time>2022-03-11T23:23:01.482Z</time>
      </trkpt>
      <trkpt lat="48.790350" lon="-3.526754">
        <ele>43.251777</ele>
        <time>2022-03-11T23:23:21.386Z</time>
      </trkpt>
      <trkpt lat="48.790327" lon="-3.526571">
        <ele>43.150499</ele>
        <time>2022-03-11T23:23:39.020Z</time>
      </trkpt>
      <trkpt lat="48.790461" lon="-3.525985">
        <ele>42.813288</ele>
        <time>2022-03-11T23:24:37.232Z</time>
      </trkpt>
      <trkpt lat="48.790391" lon="-3.525446">
        <ele>42.514634</ele>
        <time>2022-03-11T23:25:28.442Z</time>
      </trkpt>
      <trkpt lat="48.790294" lon="-3.525105">
        <ele>42.469859</ele>
        <time>2022-03-11T23:26:03.030Z</time>
      </trkpt>
      <trkpt lat="48.790270" lon="-3.524885">
        <ele>42.591625</ele>
        <time>2022-03-11T23:26:23.702Z</time>
      </trkpt>
      <trkpt lat="48.790144" lon="-3.524854">
        <ele>42.697421</ele>
        <time>2022-03-11T23:26:42.485Z</time>
      </trkpt>
      <trkpt lat="48.790031" lon="-3.524971">
        <ele>42.810794</ele>
        <time>2022-03-11T23:27:01.747Z</time>
      </trkpt>
      <trkpt lat="48.789888" lon="-3.525300">
        <ele>43.026020</ele>
        <time>2022-03-11T23:27:39.107Z</time>
      </trkpt>
      <trkpt lat="48.789816" lon="-3.525297">
        <ele>43.085718</ele>
        <time>2022-03-11T23:27:49.272Z</time>
      </trkpt>
      <trkpt lat="48.789662" lon="-3.525226">
        <ele>43.219117</ele>
        <time>2022-03-11T23:28:13.120Z</time>
      </trkpt>
      <trkpt lat="48.789515" lon="-3.525078">
        <ele>43.365321</ele>
        <time>2022-03-11T23:28:38.774Z</time>
      </trkpt>
      <trkpt lat="48.789466" lon="-3.525028">
        <ele>43.414259</ele>
        <time>2022-03-11T23:28:47.151Z</time>
      </trkpt>
      <trkpt lat="48.788608" lon="-3.524589">
        <ele>44.194456</ele>
        <time>2022-03-11T23:31:00.615Z</time>
      </trkpt>
      <trkpt lat="48.788424" lon="-3.524571">
        <ele>44.363348</ele>
        <time>2022-03-11T23:31:26.942Z</time>
      </trkpt>
      <trkpt lat="48.788407" lon="-3.524436">
        <ele>44.446294</ele>
        <time>2022-03-11T23:31:40.141Z</time>
      </trkpt>
      <trkpt lat="48.788424" lon="-3.524420">
        <ele>44.464617</ele>
        <time>2022-03-11T23:31:43.711Z</time>
      </trkpt>
      <trkpt lat="48.788513" lon="-3.523785">
        <ele>44.856410</ele>
        <time>2022-03-11T23:32:45.468Z</time>
      </trkpt>
      <trkpt lat="48.788483" lon="-3.523127">
        <ele>45.254457</ele>
        <time>2022-03-11T23:33:47.893Z</time>
      </trkpt>
      <trkpt lat="48.788524" lon="-3.522116">
        <ele>45.681168</ele>
        <time>2022-03-11T23:35:23.481Z</time>
      </trkpt>
      <trkpt lat="48.787677" lon="-3.521213">
        <ele>46.108944</ele>
        <time>2022-03-11T23:37:48.933Z</time>
      </trkpt>
      <trkpt lat="48.787384" lon="-3.520828">
        <ele>46.269111</ele>
        <time>2022-03-11T23:38:44.738Z</time>
      </trkpt>
      <trkpt lat="48.787372" lon="-3.520677">
        <ele>46.378583</ele>
        <time>2022-03-11T23:38:59.238Z</time>
      </trkpt>
      <trkpt lat="48.787341" lon="-3.520607">
        <ele>46.442955</ele>
        <time>2022-03-11T23:39:07.035Z</time>
      </trkpt>
      <trkpt lat="48.787166" lon="-3.520546">
        <ele>46.650954</ele>
        <time>2022-03-11T23:39:33.103Z</time>
      </trkpt>
      <trkpt lat="48.786968" lon="-3.520415">
        <ele>46.901163</ele>
        <time>2022-03-11T23:40:04.165Z</time>
      </trkpt>
      <trkpt lat="48.786966" lon="-3.520343">
        <ele>46.956164</ele>
        <time>2022-03-11T23:40:11.251Z</time>
      </trkpt>
      <trkpt lat="48.786987" lon="-3.520217">
        <ele>47.055360</ele>
        <time>2022-03-11T23:40:23.720Z</time>
      </trkpt>
      <trkpt lat="48.787032" lon="-3.519946">
        <ele>47.268662</ele>
        <time>2022-03-11T23:40:50.703Z</time>
      </trkpt>
      <trkpt lat="48.787080" lon="-3.519229">
        <ele>47.818713</ele>
        <time>2022-03-11T23:42:00.049Z</time>
      </trkpt>
      <trkpt lat="48.787120" lon="-3.518638">
        <ele>48.272153</ele>
        <time>2022-03-11T23:42:57.398Z</time>
      </trkpt>
      <trkpt lat="48.787015" lon="-3.518464">
        <ele>48.469531</ele>
        <time>2022-03-11T23:43:20.622Z</time>
      </trkpt>
      <trkpt lat="48.786698" lon="-3.518141">
        <ele>48.991572</ele>
        <time>2022-03-11T23:44:17.948Z</time>
      </trkpt>
      <trkpt lat="48.786649" lon="-3.518091">
        <ele>49.072303</ele>
        <time>2022-03-11T23:44:27.161Z</time>
      </trkpt>
      <trkpt lat="48.786670" lon="-3.517964">
        <ele>49.190259</ele>
        <time>2022-03-11T23:44:39.578Z</time>
      </trkpt>
      <trkpt lat="48.786958" lon="-3.517564">
        <ele>49.724025</ele>
        <time>2022-03-11T23:45:36.553Z</time>
      </trkpt>
      <trkpt lat="48.787023" lon="-3.517501">
        <ele>49.829474</ele>
        <time>2022-03-11T23:45:47.678Z</time>
      </trkpt>
      <trkpt lat="48.787054" lon="-3.516799">
        <ele>50.463288</ele>
        <time>2022-03-11T23:46:55.383Z</time>
      </trkpt>
      <trkpt lat="48.787065" lon="-3.515601">
        <ele>51.821248</ele>
        <time>2022-03-11T23:48:50.656Z</time>
      </trkpt>
      <trkpt lat="48.786908" lon="-3.514012">
        <ele>53.823460</ele>
        <time>2022-03-11T23:51:29.440Z</time>
      </trkpt>
      <trkpt lat="48.786942" lon="-3.513616">
        <ele>54.370998</ele>
        <time>2022-03-11T23:52:10.114Z</time>
      </trkpt>
      <trkpt lat="48.787083" lon="-3.513284">
        <ele>55.100070</ele>
        <time>2022-03-11T23:52:49.942Z</time>
      </trkpt>
      <trkpt lat="48.787184" lon="-3.513027">
        <ele>55.652408</ele>
        <time>2022-03-11T23:53:20.055Z</time>
      </trkpt>
      <trkpt lat="48.787194" lon="-3.512985">
        <ele>55.734837</ele>
        <time>2022-03-11T23:53:24.650Z</time>
      </trkpt>
      <trkpt lat="48.787268" lon="-3.512671">
        <ele>56.350365</ele>
        <time>2022-03-11T23:53:59.141Z</time>
      </trkpt>
      <trkpt lat="48.787365" lon="-3.511903">
        <ele>57.793716</ele>
        <time>2022-03-11T23:55:19.042Z</time>
      </trkpt>
      <trkpt lat="48.787428" lon="-3.509773">
        <ele>60.289076</ele>
        <time>2022-03-11T23:58:54.318Z</time>
      </trkpt>
      <trkpt lat="48.787505" lon="-3.509048">
        <ele>60.855207</ele>
        <time>2022-03-12T00:00:04.024Z</time>
      </trkpt>
      <trkpt lat="48.787955" lon="-3.509303">
        <ele>61.250093</ele>
        <time>2022-03-12T00:01:12.211Z</time>
      </trkpt>
      <trkpt lat="48.788010" lon="-3.509334">
        <ele>61.115532</ele>
        <time>2022-03-12T00:01:20.980Z</time>
      </trkpt>
      <trkpt lat="48.788869" lon="-3.509538">
        <ele>59.121422</ele>
        <time>2022-03-12T00:03:27.732Z</time>
      </trkpt>
      <trkpt lat="48.789207" lon="-3.509554">
        <ele>58.345833</ele>
        <time>2022-03-12T00:04:18.133Z</time>
      </trkpt>
      <trkpt lat="48.790027" lon="-3.509570">
        <ele>56.391172</ele>
        <time>2022-03-12T00:06:20.700Z</time>
      </trkpt>
      <trkpt lat="48.790678" lon="-3.509626">
        <ele>54.752436</ele>
        <time>2022-03-12T00:07:57.299Z</time>
      </trkpt>
      <trkpt lat="48.790804" lon="-3.509639">
        <ele>54.435038</ele>
        <time>2022-03-12T00:08:15.990Z</time>
      </trkpt>
      <trkpt lat="48.790914" lon="-3.509683">
        <ele>54.149145</ele>
        <time>2022-03-12T00:08:32.604Z</time>
      </trkpt>
      <trkpt lat="48.791168" lon="-3.509860">
        <ele>53.446728</ele>
        <time>2022-03-12T00:09:13.447Z</time>
      </trkpt>
      <trkpt lat="48.791532" lon="-3.510235">
        <ele>52.531178</ele>
        <time>2022-03-12T00:10:17.349Z</time>
      </trkpt>
      <trkpt lat="48.792062" lon="-3.510423">
        <ele>51.858398</ele>
        <time>2022-03-12T00:11:36.021Z</time>
      </trkpt>
      <trkpt lat="48.792229" lon="-3.510455">
        <ele>51.650332</ele>
        <time>2022-03-12T00:12:00.259Z</time>
      </trkpt>
      <trkpt lat="48.792879" lon="-3.510364">
        <ele>50.843461</ele>
        <time>2022-03-12T00:13:33.351Z</time>
      </trkpt>
      <trkpt lat="48.793050" lon="-3.510349">
        <ele>50.631736</ele>
        <time>2022-03-12T00:13:57.910Z</time>
      </trkpt>
      <trkpt lat="48.793123" lon="-3.510205">
        <ele>50.487172</ele>
        <time>2022-03-12T00:14:14.840Z</time>
      </trkpt>
      <trkpt lat="48.793136" lon="-3.510085">
        <ele>50.429800</ele>
        <time>2022-03-12T00:14:26.157Z</time>
      </trkpt>
      <trkpt lat="48.793170" lon="-3.509827">
        <ele>50.305674</ele>
        <time>2022-03-12T00:14:51.002Z</time>
      </trkpt>
      <trkpt lat="48.793247" lon="-3.509661">
        <ele>50.209896</ele>
        <time>2022-03-12T00:15:09.825Z</time>
      </trkpt>
      <trkpt lat="48.793323" lon="-3.509578">
        <ele>50.142849</ele>
        <time>2022-03-12T00:15:23.356Z</time>
      </trkpt>
      <trkpt lat="48.793808" lon="-3.509377">
        <ele>49.782822</ele>
        <time>2022-03-12T00:16:34.766Z</time>
      </trkpt>
      <trkpt lat="48.794235" lon="-3.509039">
        <ele>49.437963</ele>
        <time>2022-03-12T00:17:43.149Z</time>
      </trkpt>
      <trkpt lat="48.794534" lon="-3.508205">
        <ele>49.031777</ele>
        <time>2022-03-12T00:19:12.202Z</time>
      </trkpt>
      <trkpt lat="48.794563" lon="-3.507988">
        <ele>48.947718</ele>
        <time>2022-03-12T00:19:32.965Z</time>
      </trkpt>
      <trkpt lat="48.794543" lon="-3.507858">
        <ele>48.897038</ele>
        <time>2022-03-12T00:19:45.465Z</time>
      </trkpt>
      <trkpt lat="48.794688" lon="-3.507759">
        <ele>48.805414</ele>
        <time>2022-03-12T00:20:08.083Z</time>
      </trkpt>
      <trkpt lat="48.794867" lon="-3.507668">
        <ele>48.696628</ele>
        <time>2022-03-12T00:20:34.981Z</time>
      </trkpt>
      <trkpt lat="48.795143" lon="-3.507678">
        <ele>48.537528</ele>
        <time>2022-03-12T00:21:14.502Z</time>
      </trkpt>
      <trkpt lat="48.795236" lon="-3.507735">
        <ele>48.479730</ele>
        <time>2022-03-12T00:21:28.750Z</time>
      </trkpt>
      <trkpt lat="48.795494" lon="-3.507893">
        <ele>48.319406</ele>
        <time>2022-03-12T00:22:08.160Z</time>
      </trkpt>
      <trkpt lat="48.795965" lon="-3.508165">
        <ele>48.499165</ele>
        <time>2022-03-12T00:23:18.965Z</time>
      </trkpt>
      <trkpt lat="48.796103" lon="-3.508437">
        <ele>48.811959</ele>
        <time>2022-03-12T00:23:51.159Z</time>
      </trkpt>
      <trkpt lat="48.796149" lon="-3.508658">
        <ele>49.023119</ele>
        <time>2022-03-12T00:24:13.496Z</time>
      </trkpt>
      <trkpt lat="48.796186" lon="-3.508960">
        <ele>49.302983</ele>
        <time>2022-03-12T00:24:42.483Z</time>
      </trkpt>
      <trkpt lat="48.796483" lon="-3.509104">
        <ele>49.734194</ele>
        <time>2022-03-12T00:25:28.604Z</time>
      </trkpt>
      <trkpt lat="48.796698" lon="-3.509227">
        <ele>50.051966</ele>
        <time>2022-03-12T00:26:03.560Z</time>
      </trkpt>
      <trkpt lat="48.796886" lon="-3.509308">
        <ele>50.322251</ele>
        <time>2022-03-12T00:26:33.088Z</time>
      </trkpt>
      <trkpt lat="48.797069" lon="-3.509357">
        <ele>50.579258</ele>
        <time>2022-03-12T00:27:01.653Z</time>
      </trkpt>
      <trkpt lat="48.797800" lon="-3.509488">
        <ele>52.323480</ele>
        <time>2022-03-12T00:28:54.812Z</time>
      </trkpt>
      <trkpt lat="48.797962" lon="-3.509471">
        <ele>52.721138</ele>
        <time>2022-03-12T00:29:19.881Z</time>
      </trkpt>
      <trkpt lat="48.798118" lon="-3.509496">
        <ele>53.105278</ele>
        <time>2022-03-12T00:29:44.076Z</time>
      </trkpt>
      <trkpt lat="48.798564" lon="-3.509708">
        <ele>54.249741</ele>
        <time>2022-03-12T00:30:55.577Z</time>
      </trkpt>
      <trkpt lat="48.799301" lon="-3.509929">
        <ele>55.368322</ele>
        <time>2022-03-12T00:32:47.250Z</time>
      </trkpt>
      <trkpt lat="48.799607" lon="-3.509953">
        <ele>55.593324</ele>
        <time>2022-03-12T00:33:32.227Z</time>
      </trkpt>
      <trkpt lat="48.799682" lon="-3.509855">
        <ele>55.665988</ele>
        <time>2022-03-12T00:33:46.251Z</time>
      </trkpt>
      <trkpt lat="48.799930" lon="-3.508582">
        <ele>56.308093</ele>
        <time>2022-03-12T00:35:49.500Z</time>
      </trkpt>
      <trkpt lat="48.800076" lon="-3.508336">
        <ele>56.316946</ele>
        <time>2022-03-12T00:36:20.195Z</time>
      </trkpt>
      <trkpt lat="48.800288" lon="-3.508138">
        <ele>56.185409</ele>
        <time>2022-03-12T00:36:55.112Z</time>
      </trkpt>
      <trkpt lat="48.800455" lon="-3.508299">
        <ele>56.080866</ele>
        <time>2022-03-12T00:37:23.175Z</time>
      </trkpt>
      <trkpt lat="48.801003" lon="-3.508871">
        <ele>55.729427</ele>
        <time>2022-03-12T00:38:57.486Z</time>
      </trkpt>
      <trkpt lat="48.801738" lon="-3.509223">
        <ele>55.254477</ele>
        <time>2022-03-12T00:40:47.319Z</time>
      </trkpt>
      <trkpt lat="48.802473" lon="-3.509253">
        <ele>54.621604</ele>
        <time>2022-03-12T00:42:32.346Z</time>
      </trkpt>
      <trkpt lat="48.803089" lon="-3.509175">
        <ele>54.089547</ele>
        <time>2022-03-12T00:44:00.518Z</time>
      </trkpt>
      <trkpt lat="48.803228" lon="-3.509139">
        <ele>53.968175</ele>
        <time>2022-03-12T00:44:20.610Z</time>
      </trkpt>
      <trkpt lat="48.803272" lon="-3.509189">
        <ele>53.920870</ele>
        <time>2022-03-12T00:44:28.491Z</time>
      </trkpt>
      <trkpt lat="48.803521" lon="-3.509327">
        <ele>53.725566</ele>
        <time>2022-03-12T00:45:06.192Z</time>
      </trkpt>
      <trkpt lat="48.803640" lon="-3.509383">
        <ele>53.636984</ele>
        <time>2022-03-12T00:45:23.966Z</time>
      </trkpt>
      <trkpt lat="48.803670" lon="-3.509400">
        <ele>53.614216</ele>
        <time>2022-03-12T00:45:28.630Z</time>
      </trkpt>
      <trkpt lat="48.803722" lon="-3.509448">
        <ele>53.570946</ele>
        <time>2022-03-12T00:45:37.106Z</time>
      </trkpt>
      <trkpt lat="48.803765" lon="-3.509542">
        <ele>53.517350</ele>
        <time>2022-03-12T00:45:47.757Z</time>
      </trkpt>
      <trkpt lat="48.803795" lon="-3.509649">
        <ele>53.462890</ele>
        <time>2022-03-12T00:45:58.667Z</time>
      </trkpt>
      <trkpt lat="48.803783" lon="-3.509787">
        <ele>53.397703</ele>
        <time>2022-03-12T00:46:11.794Z</time>
      </trkpt>
      <trkpt lat="48.803495" lon="-3.511245">
        <ele>52.684866</ele>
        <time>2022-03-12T00:48:34.087Z</time>
      </trkpt>
      <trkpt lat="48.803535" lon="-3.512554">
        <ele>51.996713</ele>
        <time>2022-03-12T00:50:36.658Z</time>
      </trkpt>
      <trkpt lat="48.803521" lon="-3.512752">
        <ele>51.890388</ele>
        <time>2022-03-12T00:50:55.499Z</time>
      </trkpt>
      <trkpt lat="48.803486" lon="-3.513241">
        <ele>51.627760</ele>
        <time>2022-03-12T00:51:41.725Z</time>
      </trkpt>
      <trkpt lat="48.803445" lon="-3.513447">
        <ele>51.512859</ele>
        <time>2022-03-12T00:52:01.964Z</time>
      </trkpt>
      <trkpt lat="48.803323" lon="-3.513895">
        <ele>51.254019</ele>
        <time>2022-03-12T00:52:47.702Z</time>
      </trkpt>
      <trkpt lat="48.803184" lon="-3.514260">
        <ele>51.057841</ele>
        <time>2022-03-12T00:53:27.161Z</time>
      </trkpt>
      <trkpt lat="48.802890" lon="-3.514390">
        <ele>50.871667</ele>
        <time>2022-03-12T00:54:10.677Z</time>
      </trkpt>
      <trkpt lat="48.802807" lon="-3.514448">
        <ele>50.816115</ele>
        <time>2022-03-12T00:54:23.877Z</time>
      </trkpt>
      <trkpt lat="48.803110" lon="-3.514938">
        <ele>50.546970</ele>
        <time>2022-03-12T00:55:26.810Z</time>
      </trkpt>
      <trkpt lat="48.803439" lon="-3.515523">
        <ele>50.238929</ele>
        <time>2022-03-12T00:56:38.499Z</time>
      </trkpt>
      <trkpt lat="48.803761" lon="-3.516832">
        <ele>49.835044</ele>
        <time>2022-03-12T00:58:48.131Z</time>
      </trkpt>
      <trkpt lat="48.803966" lon="-3.517466">
        <ele>49.670656</ele>
        <time>2022-03-12T00:59:53.565Z</time>
      </trkpt>
      <trkpt lat="48.804221" lon="-3.518035">
        <ele>49.510470</ele>
        <time>2022-03-12T01:00:57.480Z</time>
      </trkpt>
      <trkpt lat="48.804329" lon="-3.518187">
        <ele>49.458429</ele>
        <time>2022-03-12T01:01:18.233Z</time>
      </trkpt>
      <trkpt lat="48.804326" lon="-3.518209">
        <ele>49.453200</ele>
        <time>2022-03-12T01:01:20.256Z</time>
      </trkpt>
      <trkpt lat="48.804372" lon="-3.518278">
        <ele>49.430349</ele>
        <time>2022-03-12T01:01:29.345Z</time>
      </trkpt>
      <trkpt lat="48.804386" lon="-3.518274">
        <ele>49.425315</ele>
        <time>2022-03-12T01:01:31.347Z</time>
      </trkpt>
      <trkpt lat="48.804498" lon="-3.518585">
        <ele>49.100470</ele>
        <time>2022-03-12T01:02:04.482Z</time>
      </trkpt>
      <trkpt lat="48.804763" lon="-3.519715">
        <ele>47.890314</ele>
        <time>2022-03-12T01:03:58.168Z</time>
      </trkpt>
      <trkpt lat="48.804861" lon="-3.520770">
        <ele>46.815407</ele>
        <time>2022-03-12T01:05:40.724Z</time>
      </trkpt>
      <trkpt lat="48.804884" lon="-3.520940">
        <ele>46.627679</ele>
        <time>2022-03-12T01:05:57.372Z</time>
      </trkpt>
      <trkpt lat="48.804857" lon="-3.520928">
        <ele>46.557370</ele>
        <time>2022-03-12T01:06:01.892Z</time>
      </trkpt>
      <trkpt lat="48.804623" lon="-3.521092">
        <ele>45.913269</ele>
        <time>2022-03-12T01:06:39.310Z</time>
      </trkpt>
      <trkpt lat="48.803968" lon="-3.521030">
        <ele>44.273143</ele>
        <time>2022-03-12T01:08:16.484Z</time>
      </trkpt>
      <trkpt lat="48.803756" lon="-3.521093">
        <ele>43.733269</ele>
        <time>2022-03-12T01:08:48.638Z</time>
      </trkpt>
      <trkpt lat="48.803627" lon="-3.521351">
        <ele>43.200081</ele>
        <time>2022-03-12T01:09:20.210Z</time>
      </trkpt>
      <trkpt lat="48.803201" lon="-3.522673">
        <ele>41.318015</ele>
        <time>2022-03-12T01:11:42.276Z</time>
      </trkpt>
      <trkpt lat="48.803182" lon="-3.522711">
        <ele>41.270070</ele>
        <time>2022-03-12T01:11:47.159Z</time>
      </trkpt>
      <trkpt lat="48.803225" lon="-3.522772">
        <ele>41.180280</ele>
        <time>2022-03-12T01:11:55.461Z</time>
      </trkpt>
      <trkpt lat="48.803266" lon="-3.522889">
        <ele>41.047096</ele>
        <time>2022-03-12T01:12:08.052Z</time>
      </trkpt>
      <trkpt lat="48.803166" lon="-3.523026">
        <ele>40.841586</ele>
        <time>2022-03-12T01:12:27.647Z</time>
      </trkpt>
      <trkpt lat="48.803022" lon="-3.523235">
        <ele>40.537634</ele>
        <time>2022-03-12T01:12:56.229Z</time>
      </trkpt>
      <trkpt lat="48.802842" lon="-3.523654">
        <ele>40.034912</ele>
        <time>2022-03-12T01:13:43.538Z</time>
      </trkpt>
      <trkpt lat="48.802820" lon="-3.523781">
        <ele>39.902943</ele>
        <time>2022-03-12T01:13:55.971Z</time>
      </trkpt>
      <trkpt lat="48.802776" lon="-3.524127">
        <ele>39.548808</ele>
        <time>2022-03-12T01:14:29.227Z</time>
      </trkpt>
      <trkpt lat="48.802744" lon="-3.524315">
        <ele>39.378787</ele>
        <time>2022-03-12T01:14:47.378Z</time>
      </trkpt>
      <trkpt lat="48.802587" lon="-3.525043">
        <ele>38.896470</ele>
        <time>2022-03-12T01:15:58.906Z</time>
      </trkpt>
      <trkpt lat="48.802438" lon="-3.525485">
        <ele>38.583840</ele>
        <time>2022-03-12T01:16:45.201Z</time>
      </trkpt>
      <trkpt lat="48.802482" lon="-3.525605">
        <ele>38.497365</ele>
        <time>2022-03-12T01:16:58.065Z</time>
      </trkpt>
      <trkpt lat="48.802475" lon="-3.525750">
        <ele>38.405823</ele>
        <time>2022-03-12T01:17:11.699Z</time>
      </trkpt>
      <trkpt lat="48.802363" lon="-3.526472">
        <ele>37.938788</ele>
        <time>2022-03-12T01:18:21.397Z</time>
      </trkpt>
      <trkpt lat="48.802421" lon="-3.526675">
        <ele>37.799465</ele>
        <time>2022-03-12T01:18:42.528Z</time>
      </trkpt>
      <trkpt lat="48.802248" lon="-3.527074">
        <ele>37.292703</ele>
        <time>2022-03-12T01:19:28.282Z</time>
      </trkpt>
      <trkpt lat="48.802209" lon="-3.527169">
        <ele>37.150643</ele>
        <time>2022-03-12T01:19:39.215Z</time>
      </trkpt>
      <trkpt lat="48.801889" lon="-3.527907">
        <ele>36.029352</ele>
        <time>2022-03-12T01:21:03.566Z</time>
      </trkpt>
      <trkpt lat="48.802071" lon="-3.528095">
        <ele>35.605221</ele>
        <time>2022-03-12T01:21:36.042Z</time>
      </trkpt>
      <trkpt lat="48.802265" lon="-3.528159">
        <ele>35.222715</ele>
        <time>2022-03-12T01:22:05.163Z</time>
      </trkpt>
      <trkpt lat="48.802567" lon="-3.528099">
        <ele>34.635883</ele>
        <time>2022-03-12T01:22:49.342Z</time>
      </trkpt>
      <trkpt lat="48.802618" lon="-3.528075">
        <ele>34.533009</ele>
        <time>2022-03-12T01:22:57.496Z</time>
      </trkpt>
      <trkpt lat="48.802714" lon="-3.528023">
        <ele>34.336624</ele>
        <time>2022-03-12T01:23:12.541Z</time>
      </trkpt>
      <trkpt lat="48.803400" lon="-3.527436">
        <ele>32.740051</ele>
        <time>2022-03-12T01:25:06.998Z</time>
      </trkpt>
      <trkpt lat="48.803594" lon="-3.527271">
        <ele>32.287607</ele>
        <time>2022-03-12T01:25:39.136Z</time>
      </trkpt>
      <trkpt lat="48.803723" lon="-3.527218">
        <ele>32.015693</ele>
        <time>2022-03-12T01:25:58.412Z</time>
      </trkpt>
      <trkpt lat="48.804779" lon="-3.527245">
        <ele>29.116269</ele>
        <time>2022-03-12T01:28:33.046Z</time>
      </trkpt>
      <trkpt lat="48.805104" lon="-3.527423">
        <ele>27.669810</ele>
        <time>2022-03-12T01:29:25.388Z</time>
      </trkpt>
      <trkpt lat="48.805174" lon="-3.527419">
        <ele>27.376541</ele>
        <time>2022-03-12T01:29:36.236Z</time>
      </trkpt>
      <trkpt lat="48.805192" lon="-3.527856">
        <ele>26.169214</ele>
        <time>2022-03-12T01:30:20.045Z</time>
      </trkpt>
      <trkpt lat="48.805210" lon="-3.528425">
        <ele>24.598459</ele>
        <time>2022-03-12T01:31:17.760Z</time>
      </trkpt>
      <trkpt lat="48.805325" lon="-3.528901">
        <ele>23.200432</ele>
        <time>2022-03-12T01:32:09.504Z</time>
      </trkpt>
      <trkpt lat="48.805351" lon="-3.529046">
        <ele>22.714127</ele>
        <time>2022-03-12T01:32:25.147Z</time>
      </trkpt>
      <trkpt lat="48.805383" lon="-3.529225">
        <ele>22.061281</ele>
        <time>2022-03-12T01:32:44.561Z</time>
      </trkpt>
      <trkpt lat="48.805409" lon="-3.529712">
        <ele>20.341503</ele>
        <time>2022-03-12T01:33:34.857Z</time>
      </trkpt>
      <trkpt lat="48.805276" lon="-3.530749">
        <ele>16.622877</ele>
        <time>2022-03-12T01:35:23.318Z</time>
      </trkpt>
      <trkpt lat="48.805309" lon="-3.531265">
        <ele>14.798100</ele>
        <time>2022-03-12T01:36:16.417Z</time>
      </trkpt>
      <trkpt lat="48.805729" lon="-3.532463">
        <ele>11.069402</ele>
        <time>2022-03-12T01:38:33.366Z</time>
      </trkpt>
      <trkpt lat="48.805868" lon="-3.532716">
        <ele>10.265941</ele>
        <time>2022-03-12T01:39:05.804Z</time>
      </trkpt>
      <trkpt lat="48.806151" lon="-3.533041">
        <ele>8.952107</ele>
        <time>2022-03-12T01:39:58.793Z</time>
      </trkpt>
      <trkpt lat="48.806183" lon="-3.533110">
        <ele>8.746310</ele>
        <time>2022-03-12T01:40:07.295Z</time>
      </trkpt>
      <trkpt lat="48.806221" lon="-3.533552">
        <ele>7.659294</ele>
        <time>2022-03-12T01:40:50.925Z</time>
      </trkpt>
      <trkpt lat="48.806265" lon="-3.533623">
        <ele>7.421553</ele>
        <time>2022-03-12T01:41:00.618Z</time>
      </trkpt>
      <trkpt lat="48.807319" lon="-3.533899">
        <ele>4.882489</ele>
        <time>2022-03-12T01:43:38.410Z</time>
      </trkpt>
      <trkpt lat="48.807391" lon="-3.533920">
        <ele>4.727485</ele>
        <time>2022-03-12T01:43:49.101Z</time>
      </trkpt>
      <trkpt lat="48.807393" lon="-3.533964">
        <ele>4.666075</ele>
        <time>2022-03-12T01:43:53.749Z</time>
      </trkpt>
      <trkpt lat="48.807522" lon="-3.534313">
        <ele>4.108832</ele>
        <time>2022-03-12T01:44:31.809Z</time>
      </trkpt>
      <trkpt lat="48.807571" lon="-3.534616">
        <ele>3.674410</ele>
        <time>2022-03-12T01:45:01.627Z</time>
      </trkpt>
      <trkpt lat="48.807445" lon="-3.535065">
        <ele>2.994844</ele>
        <time>2022-03-12T01:45:47.869Z</time>
      </trkpt>
      <trkpt lat="48.807387" lon="-3.535612">
        <ele>2.833176</ele>
        <time>2022-03-12T01:46:40.190Z</time>
      </trkpt>
      <trkpt lat="48.807406" lon="-3.535772">
        <ele>2.791364</ele>
        <time>2022-03-12T01:46:55.449Z</time>
      </trkpt>
      <trkpt lat="48.807528" lon="-3.536062">
        <ele>2.702867</ele>
        <time>2022-03-12T01:47:27.852Z</time>
      </trkpt>
      <trkpt lat="48.807583" lon="-3.536179">
        <ele>2.665899</ele>
        <time>2022-03-12T01:47:41.365Z</time>
      </trkpt>
      <trkpt lat="48.807572" lon="-3.536297">
        <ele>2.635250</ele>
        <time>2022-03-12T01:47:52.447Z</time>
      </trkpt>
      <trkpt lat="48.807599" lon="-3.536469">
        <ele>2.589777</ele>
        <time>2022-03-12T01:48:08.731Z</time>
      </trkpt>
      <trkpt lat="48.808020" lon="-3.537396">
        <ele>2.300190</ele>
        <time>2022-03-12T01:49:52.927Z</time>
      </trkpt>
      <trkpt lat="48.808062" lon="-3.537740">
        <ele>2.392621</ele>
        <time>2022-03-12T01:50:25.548Z</time>
      </trkpt>
      <trkpt lat="48.808178" lon="-3.537836">
        <ele>2.501214</ele>
        <time>2022-03-12T01:50:44.591Z</time>
      </trkpt>
      <trkpt lat="48.808492" lon="-3.537887">
        <ele>2.760789</ele>
        <time>2022-03-12T01:51:29.953Z</time>
      </trkpt>
      <trkpt lat="48.808781" lon="-3.537695">
        <ele>3.020085</ele>
        <time>2022-03-12T01:52:15.993Z</time>
      </trkpt>
      <trkpt lat="48.809036" lon="-3.537104">
        <ele>3.402564</ele>
        <time>2022-03-12T01:53:23.689Z</time>
      </trkpt>
      <trkpt lat="48.809252" lon="-3.537101">
        <ele>3.580120</ele>
        <time>2022-03-12T01:53:54.925Z</time>
      </trkpt>
      <trkpt lat="48.809482" lon="-3.536755">
        <ele>3.774490</ele>
        <time>2022-03-12T01:54:41.859Z</time>
      </trkpt>
      <trkpt lat="48.810141" lon="-3.536664">
        <ele>3.923484</ele>
        <time>2022-03-12T01:56:17.047Z</time>
      </trkpt>
      <trkpt lat="48.810701" lon="-3.536692">
        <ele>4.049643</ele>
        <time>2022-03-12T01:57:35.612Z</time>
      </trkpt>
      <trkpt lat="48.811238" lon="-3.536397">
        <ele>4.043529</ele>
        <time>2022-03-12T01:58:56.029Z</time>
      </trkpt>
      <trkpt lat="48.811454" lon="-3.535959">
        <ele>3.701393</ele>
        <time>2022-03-12T01:59:47.333Z</time>
      </trkpt>
      <trkpt lat="48.811482" lon="-3.535922">
        <ele>3.666153</ele>
        <time>2022-03-12T01:59:52.609Z</time>
      </trkpt>
      <trkpt lat="48.811557" lon="-3.535977">
        <ele>3.587075</ele>
        <time>2022-03-12T02:00:04.488Z</time>
      </trkpt>
      <trkpt lat="48.811556" lon="-3.535995">
        <ele>3.575781</ele>
        <time>2022-03-12T02:00:06.555Z</time>
      </trkpt>
      <trkpt lat="48.811492" lon="-3.536691">
        <ele>3.136388</ele>
        <time>2022-03-12T02:01:12.661Z</time>
      </trkpt>
      <trkpt lat="48.811360" lon="-3.536954">
        <ele>2.929633</ele>
        <time>2022-03-12T02:01:43.728Z</time>
      </trkpt>
      <trkpt lat="48.811354" lon="-3.537198">
        <ele>2.776966</ele>
        <time>2022-03-12T02:02:07.059Z</time>
      </trkpt>
      <trkpt lat="48.811183" lon="-3.537649">
        <ele>2.451580</ele>
        <time>2022-03-12T02:02:56.436Z</time>
      </trkpt>
      <trkpt lat="48.811166" lon="-3.538450">
        <ele>2.092307</ele>
        <time>2022-03-12T02:04:12.247Z</time>
      </trkpt>
      <trkpt lat="48.811232" lon="-3.538825">
        <ele>1.919253</ele>
        <time>2022-03-12T02:04:48.642Z</time>
      </trkpt>
      <trkpt lat="48.811170" lon="-3.538874">
        <ele>1.871935</ele>
        <time>2022-03-12T02:04:58.617Z</time>
      </trkpt>
      <trkpt lat="48.810841" lon="-3.539048">
        <ele>1.636081</ele>
        <time>2022-03-12T02:05:47.915Z</time>
      </trkpt>
      <trkpt lat="48.810782" lon="-3.539086">
        <ele>1.592694</ele>
        <time>2022-03-12T02:05:56.975Z</time>
      </trkpt>
      <trkpt lat="48.810597" lon="-3.539272">
        <ele>1.442485</ele>
        <time>2022-03-12T02:06:28.311Z</time>
      </trkpt>
      <trkpt lat="48.810476" lon="-3.539415">
        <ele>1.338682</ele>
        <time>2022-03-12T02:06:49.943Z</time>
      </trkpt>
      <trkpt lat="48.810194" lon="-3.539687">
        <ele>1.258149</ele>
        <time>2022-03-12T02:07:36.793Z</time>
      </trkpt>
      <trkpt lat="48.810088" lon="-3.539869">
        <ele>1.287600</ele>
        <time>2022-03-12T02:07:59.327Z</time>
      </trkpt>
      <trkpt lat="48.810026" lon="-3.540124">
        <ele>1.320549</ele>
        <time>2022-03-12T02:08:24.475Z</time>
      </trkpt>
      <trkpt lat="48.810014" lon="-3.540175">
        <ele>1.327114</ele>
        <time>2022-03-12T02:08:29.478Z</time>
      </trkpt>
      <trkpt lat="48.809979" lon="-3.540259">
        <ele>1.339163</ele>
        <time>2022-03-12T02:08:38.741Z</time>
      </trkpt>
      <trkpt lat="48.809869" lon="-3.540526">
        <ele>1.377339</ele>
        <time>2022-03-12T02:09:08.023Z</time>
      </trkpt>
      <trkpt lat="48.809858" lon="-3.540927">
        <ele>1.425989</ele>
        <time>2022-03-12T02:09:45.564Z</time>
      </trkpt>
      <trkpt lat="48.809876" lon="-3.541168">
        <ele>1.455389</ele>
        <time>2022-03-12T02:10:08.219Z</time>
      </trkpt>
      <trkpt lat="48.810169" lon="-3.542101">
        <ele>1.531975</ele>
        <time>2022-03-12T02:11:45.057Z</time>
      </trkpt>
      <trkpt lat="48.810315" lon="-3.542794">
        <ele>1.430123</ele>
        <time>2022-03-12T02:12:52.477Z</time>
      </trkpt>
      <trkpt lat="48.810352" lon="-3.543891">
        <ele>1.276360</ele>
        <time>2022-03-12T02:14:34.726Z</time>
      </trkpt>
      <trkpt lat="48.810299" lon="-3.544237">
        <ele>1.226633</ele>
        <time>2022-03-12T02:15:08.042Z</time>
      </trkpt>
      <trkpt lat="48.810303" lon="-3.544332">
        <ele>1.213307</ele>
        <time>2022-03-12T02:15:16.950Z</time>
      </trkpt>
      <trkpt lat="48.810138" lon="-3.544468">
        <ele>1.178331</ele>
        <time>2022-03-12T02:15:43.700Z</time>
      </trkpt>
      <trkpt lat="48.809942" lon="-3.544630">
        <ele>1.230180</ele>
        <time>2022-03-12T02:16:15.315Z</time>
      </trkpt>
      <trkpt lat="48.809778" lon="-3.545312">
        <ele>1.341274</ele>
        <time>2022-03-12T02:17:22.430Z</time>
      </trkpt>
      <trkpt lat="48.809757" lon="-3.545452">
        <ele>1.363245</ele>
        <time>2022-03-12T02:17:35.926Z</time>
      </trkpt>
      <trkpt lat="48.809689" lon="-3.545697">
        <ele>1.403927</ele>
        <time>2022-03-12T02:18:00.773Z</time>
      </trkpt>
      <trkpt lat="48.809689" lon="-3.546153">
        <ele>1.473701</ele>
        <time>2022-03-12T02:18:43.571Z</time>
      </trkpt>
      <trkpt lat="48.809622" lon="-3.546657">
        <ele>1.552376</ele>
        <time>2022-03-12T02:19:31.837Z</time>
      </trkpt>
      <trkpt lat="48.809590" lon="-3.546769">
        <ele>1.571056</ele>
        <time>2022-03-12T02:19:43.533Z</time>
      </trkpt>
      <trkpt lat="48.809643" lon="-3.546791">
        <ele>1.583823</ele>
        <time>2022-03-12T02:19:52.019Z</time>
      </trkpt>
      <trkpt lat="48.809613" lon="-3.546905">
        <ele>1.645631</ele>
        <time>2022-03-12T02:20:03.762Z</time>
      </trkpt>
      <trkpt lat="48.809631" lon="-3.546980">
        <ele>1.716596</ele>
        <time>2022-03-12T02:20:11.286Z</time>
      </trkpt>
      <trkpt lat="48.809732" lon="-3.547001">
        <ele>1.854210</ele>
        <time>2022-03-12T02:20:25.898Z</time>
      </trkpt>
      <trkpt lat="48.809761" lon="-3.546907">
        <ele>1.946491</ele>
        <time>2022-03-12T02:20:35.868Z</time>
      </trkpt>
      <trkpt lat="48.809828" lon="-3.547009">
        <ele>2.074564</ele>
        <time>2022-03-12T02:20:50.489Z</time>
      </trkpt>
      <trkpt lat="48.809991" lon="-3.547029">
        <ele>2.295318</ele>
        <time>2022-03-12T02:21:13.755Z</time>
      </trkpt>
      <trkpt lat="48.810105" lon="-3.546914">
        <ele>2.480072</ele>
        <time>2022-03-12T02:21:33.997Z</time>
      </trkpt>
      <trkpt lat="48.810569" lon="-3.546445">
        <ele>3.232512</ele>
        <time>2022-03-12T02:22:56.726Z</time>
      </trkpt>
      <trkpt lat="48.810855" lon="-3.546286">
        <ele>3.643649</ele>
        <time>2022-03-12T02:23:41.751Z</time>
      </trkpt>
      <trkpt lat="48.810881" lon="-3.546278">
        <ele>3.679460</ele>
        <time>2022-03-12T02:23:46.110Z</time>
      </trkpt>
      <trkpt lat="48.810938" lon="-3.546261">
        <ele>3.757876</ele>
        <time>2022-03-12T02:23:54.295Z</time>
      </trkpt>
      <trkpt lat="48.811238" lon="-3.546269">
        <ele>4.092570</ele>
        <time>2022-03-12T02:24:39.010Z</time>
      </trkpt>
      <trkpt lat="48.811494" lon="-3.546414">
        <ele>4.277704</ele>
        <time>2022-03-12T02:25:17.905Z</time>
      </trkpt>
      <trkpt lat="48.811602" lon="-3.546554">
        <ele>4.373920</ele>
        <time>2022-03-12T02:25:38.471Z</time>
      </trkpt>
      <trkpt lat="48.811650" lon="-3.546696">
        <ele>4.445141</ele>
        <time>2022-03-12T02:25:53.392Z</time>
      </trkpt>
      <trkpt lat="48.811667" lon="-3.547192">
        <ele>4.666760</ele>
        <time>2022-03-12T02:26:40.286Z</time>
      </trkpt>
      <trkpt lat="48.811759" lon="-3.547479">
        <ele>4.809188</ele>
        <time>2022-03-12T02:27:10.228Z</time>
      </trkpt>
      <trkpt lat="48.812056" lon="-3.547806">
        <ele>5.057759</ele>
        <time>2022-03-12T02:28:02.707Z</time>
      </trkpt>
      <trkpt lat="48.812164" lon="-3.547873">
        <ele>5.136808</ele>
        <time>2022-03-12T02:28:19.014Z</time>
      </trkpt>
      <trkpt lat="48.813404" lon="-3.547889">
        <ele>5.765003</ele>
        <time>2022-03-12T02:31:15.003Z</time>
      </trkpt>
      <trkpt lat="48.813475" lon="-3.547875">
        <ele>5.799551</ele>
        <time>2022-03-12T02:31:25.655Z</time>
      </trkpt>
      <trkpt lat="48.813513" lon="-3.547866">
        <ele>5.818110</ele>
        <time>2022-03-12T02:31:31.012Z</time>
      </trkpt>
      <trkpt lat="48.814100" lon="-3.547599">
        <ele>6.113358</ele>
        <time>2022-03-12T02:32:59.030Z</time>
      </trkpt>
      <trkpt lat="48.814200" lon="-3.547502">
        <ele>6.166025</ele>
        <time>2022-03-12T02:33:15.964Z</time>
      </trkpt>
      <trkpt lat="48.814248" lon="-3.547456">
        <ele>6.191218</ele>
        <time>2022-03-12T02:33:24.299Z</time>
      </trkpt>
      <trkpt lat="48.814264" lon="-3.547143">
        <ele>6.282976</ele>
        <time>2022-03-12T02:33:53.827Z</time>
      </trkpt>
      <trkpt lat="48.814133" lon="-3.546835">
        <ele>6.390143</ele>
        <time>2022-03-12T02:34:28.143Z</time>
      </trkpt>
      <trkpt lat="48.814092" lon="-3.546693">
        <ele>6.435461</ele>
        <time>2022-03-12T02:34:42.796Z</time>
      </trkpt>
      <trkpt lat="48.814065" lon="-3.546532">
        <ele>6.484020</ele>
        <time>2022-03-12T02:34:58.375Z</time>
      </trkpt>
      <trkpt lat="48.814052" lon="-3.546393">
        <ele>6.525055</ele>
        <time>2022-03-12T02:35:11.652Z</time>
      </trkpt>
      <trkpt lat="48.814089" lon="-3.546303">
        <ele>6.556066</ele>
        <time>2022-03-12T02:35:21.526Z</time>
      </trkpt>
      <trkpt lat="48.814115" lon="-3.546204">
        <ele>6.587218</ele>
        <time>2022-03-12T02:35:31.590Z</time>
      </trkpt>
      <trkpt lat="48.814213" lon="-3.545838">
        <ele>6.702697</ele>
        <time>2022-03-12T02:36:08.347Z</time>
      </trkpt>
      <trkpt lat="48.814224" lon="-3.545468">
        <ele>6.810950</ele>
        <time>2022-03-12T02:36:42.897Z</time>
      </trkpt>
      <trkpt lat="48.814222" lon="-3.545370">
        <ele>6.839607</ele>
        <time>2022-03-12T02:36:52.333Z</time>
      </trkpt>
      <trkpt lat="48.814234" lon="-3.545284">
        <ele>6.865301</ele>
        <time>2022-03-12T02:37:00.551Z</time>
      </trkpt>
      <trkpt lat="48.814418" lon="-3.544834">
        <ele>7.012351</ele>
        <time>2022-03-12T02:37:50.073Z</time>
      </trkpt>
      <trkpt lat="48.814642" lon="-3.544519">
        <ele>7.138578</ele>
        <time>2022-03-12T02:38:33.636Z</time>
      </trkpt>
      <trkpt lat="48.814685" lon="-3.544272">
        <ele>7.208138</ele>
        <time>2022-03-12T02:38:57.330Z</time>
      </trkpt>
      <trkpt lat="48.814691" lon="-3.544145">
        <ele>7.242804</ele>
        <time>2022-03-12T02:39:09.227Z</time>
      </trkpt>
      <trkpt lat="48.814673" lon="-3.544009">
        <ele>7.280573</ele>
        <time>2022-03-12T02:39:22.545Z</time>
      </trkpt>
      <trkpt lat="48.814683" lon="-3.542756">
        <ele>7.621746</ele>
        <time>2022-03-12T02:41:19.918Z</time>
      </trkpt>
      <trkpt lat="48.814794" lon="-3.542009">
        <ele>7.943529</ele>
        <time>2022-03-12T02:42:31.756Z</time>
      </trkpt>
      <trkpt lat="48.814836" lon="-3.541893">
        <ele>8.002266</ele>
        <time>2022-03-12T02:42:44.197Z</time>
      </trkpt>
      <trkpt lat="48.814852" lon="-3.541850">
        <ele>8.024181</ele>
        <time>2022-03-12T02:42:49.300Z</time>
      </trkpt>
      <trkpt lat="48.815065" lon="-3.541469">
        <ele>8.245942</ele>
        <time>2022-03-12T02:43:36.752Z</time>
      </trkpt>
      <trkpt lat="48.815154" lon="-3.541338">
        <ele>8.329458</ele>
        <time>2022-03-12T02:43:54.773Z</time>
      </trkpt>
      <trkpt lat="48.815186" lon="-3.541291">
        <ele>8.359455</ele>
        <time>2022-03-12T02:44:01.171Z</time>
      </trkpt>
      <trkpt lat="48.815349" lon="-3.541124">
        <ele>8.491946</ele>
        <time>2022-03-12T02:44:29.443Z</time>
      </trkpt>
      <trkpt lat="48.815435" lon="-3.541037">
        <ele>8.561575</ele>
        <time>2022-03-12T02:44:44.347Z</time>
      </trkpt>
      <trkpt lat="48.815518" lon="-3.540922">
        <ele>8.637282</ele>
        <time>2022-03-12T02:45:00.279Z</time>
      </trkpt>
      <trkpt lat="48.815631" lon="-3.540813">
        <ele>8.727485</ele>
        <time>2022-03-12T02:45:19.474Z</time>
      </trkpt>
      <trkpt lat="48.815684" lon="-3.540763">
        <ele>8.769527</ele>
        <time>2022-03-12T02:45:28.793Z</time>
      </trkpt>
      <trkpt lat="48.815913" lon="-3.540397">
        <ele>8.823527</ele>
        <time>2022-03-12T02:46:16.262Z</time>
      </trkpt>
      <trkpt lat="48.815997" lon="-3.540102">
        <ele>8.781398</ele>
        <time>2022-03-12T02:46:46.076Z</time>
      </trkpt>
      <trkpt lat="48.815989" lon="-3.539921">
        <ele>8.757619</ele>
        <time>2022-03-12T02:47:03.052Z</time>
      </trkpt>
      <trkpt lat="48.816025" lon="-3.539874">
        <ele>8.748168</ele>
        <time>2022-03-12T02:47:09.989Z</time>
      </trkpt>
      <trkpt lat="48.816079" lon="-3.539848">
        <ele>8.736892</ele>
        <time>2022-03-12T02:47:17.972Z</time>
      </trkpt>
      <trkpt lat="48.816236" lon="-3.539812">
        <ele>8.705284</ele>
        <time>2022-03-12T02:47:40.356Z</time>
      </trkpt>
      <trkpt lat="48.816626" lon="-3.539511">
        <ele>8.618199</ele>
        <time>2022-03-12T02:48:42.271Z</time>
      </trkpt>
      <trkpt lat="48.816946" lon="-3.539555">
        <ele>8.554238</ele>
        <time>2022-03-12T02:49:27.928Z</time>
      </trkpt>
      <trkpt lat="48.817164" lon="-3.539473">
        <ele>8.509531</ele>
        <time>2022-03-12T02:49:59.966Z</time>
      </trkpt>
      <trkpt lat="48.817706" lon="-3.539486">
        <ele>8.435505</ele>
        <time>2022-03-12T02:51:17.003Z</time>
      </trkpt>
      <trkpt lat="48.817816" lon="-3.539448">
        <ele>8.420462</ele>
        <time>2022-03-12T02:51:33.015Z</time>
      </trkpt>
      <trkpt lat="48.818021" lon="-3.539502">
        <ele>8.392717</ele>
        <time>2022-03-12T02:52:02.315Z</time>
      </trkpt>
      <trkpt lat="48.818103" lon="-3.539587">
        <ele>8.379478</ele>
        <time>2022-03-12T02:52:16.248Z</time>
      </trkpt>
      <trkpt lat="48.818484" lon="-3.539706">
        <ele>8.327608</ele>
        <time>2022-03-12T02:53:11.578Z</time>
      </trkpt>
      <trkpt lat="48.818654" lon="-3.539848">
        <ele>8.301737</ele>
        <time>2022-03-12T02:53:39.414Z</time>
      </trkpt>
      <trkpt lat="48.818835" lon="-3.539857">
        <ele>8.277587</ele>
        <time>2022-03-12T02:54:05.074Z</time>
      </trkpt>
      <trkpt lat="48.818965" lon="-3.539732">
        <ele>8.278362</ele>
        <time>2022-03-12T02:54:27.092Z</time>
      </trkpt>
      <trkpt lat="48.819025" lon="-3.539686">
        <ele>8.295411</ele>
        <time>2022-03-12T02:54:36.539Z</time>
      </trkpt>
      <trkpt lat="48.819110" lon="-3.539606">
        <ele>8.320777</ele>
        <time>2022-03-12T02:54:50.960Z</time>
      </trkpt>
      <trkpt lat="48.819126" lon="-3.539539">
        <ele>8.332681</ele>
        <time>2022-03-12T02:54:57.992Z</time>
      </trkpt>
      <trkpt lat="48.819161" lon="-3.539389">
        <ele>8.359261</ele>
        <time>2022-03-12T02:55:13.107Z</time>
      </trkpt>
      <trkpt lat="48.819240" lon="-3.539235">
        <ele>8.391867</ele>
        <time>2022-03-12T02:55:31.232Z</time>
      </trkpt>
      <trkpt lat="48.819241" lon="-3.539110">
        <ele>8.412747</ele>
        <time>2022-03-12T02:55:43.131Z</time>
      </trkpt>
      <trkpt lat="48.819260" lon="-3.539010">
        <ele>8.430130</ele>
        <time>2022-03-12T02:55:53.521Z</time>
      </trkpt>
      <trkpt lat="48.819434" lon="-3.538968">
        <ele>8.474822</ele>
        <time>2022-03-12T02:56:18.718Z</time>
      </trkpt>
      <trkpt lat="48.819517" lon="-3.538954">
        <ele>8.496006</ele>
        <time>2022-03-12T02:56:30.414Z</time>
      </trkpt>
      <trkpt lat="48.819607" lon="-3.538961">
        <ele>8.518865</ele>
        <time>2022-03-12T02:56:43.469Z</time>
      </trkpt>
      <trkpt lat="48.819849" lon="-3.539069">
        <ele>8.582848</ele>
        <time>2022-03-12T02:57:19.434Z</time>
      </trkpt>
      <trkpt lat="48.819894" lon="-3.539097">
        <ele>8.595184</ele>
        <time>2022-03-12T02:57:26.571Z</time>
      </trkpt>
      <trkpt lat="48.820202" lon="-3.539335">
        <ele>8.682843</ele>
        <time>2022-03-12T02:58:15.928Z</time>
      </trkpt>
      <trkpt lat="48.820358" lon="-3.539811">
        <ele>8.790553</ele>
        <time>2022-03-12T02:59:05.462Z</time>
      </trkpt>
      <trkpt lat="48.820666" lon="-3.540037">
        <ele>8.909491</ele>
        <time>2022-03-12T02:59:53.869Z</time>
      </trkpt>
      <trkpt lat="48.821016" lon="-3.540181">
        <ele>9.035576</ele>
        <time>2022-03-12T03:00:44.862Z</time>
      </trkpt>
      <trkpt lat="48.821863" lon="-3.540145">
        <ele>9.330202</ele>
        <time>2022-03-12T03:02:45.167Z</time>
      </trkpt>
      <trkpt lat="48.822109" lon="-3.540096">
        <ele>9.599320</ele>
        <time>2022-03-12T03:03:21.496Z</time>
      </trkpt>
      <trkpt lat="48.822328" lon="-3.540290">
        <ele>9.916418</ele>
        <time>2022-03-12T03:03:58.556Z</time>
      </trkpt>
      <trkpt lat="48.822725" lon="-3.540598">
        <ele>10.473994</ele>
        <time>2022-03-12T03:05:04.370Z</time>
      </trkpt>
      <trkpt lat="48.822883" lon="-3.540597">
        <ele>10.671614</ele>
        <time>2022-03-12T03:05:27.737Z</time>
      </trkpt>
      <trkpt lat="48.823005" lon="-3.540566">
        <ele>10.826326</ele>
        <time>2022-03-12T03:05:45.859Z</time>
      </trkpt>
      <trkpt lat="48.823217" lon="-3.540529">
        <ele>11.093230</ele>
        <time>2022-03-12T03:06:17.564Z</time>
      </trkpt>
      <trkpt lat="48.823406" lon="-3.540479">
        <ele>11.333181</ele>
        <time>2022-03-12T03:06:45.829Z</time>
      </trkpt>
      <trkpt lat="48.823675" lon="-3.540269">
        <ele>11.622427</ele>
        <time>2022-03-12T03:07:30.267Z</time>
      </trkpt>
      <trkpt lat="48.823788" lon="-3.540084">
        <ele>11.670372</ele>
        <time>2022-03-12T03:07:54.538Z</time>
      </trkpt>
      <trkpt lat="48.824005" lon="-3.539981">
        <ele>11.735978</ele>
        <time>2022-03-12T03:08:27.387Z</time>
      </trkpt>
      <trkpt lat="48.824357" lon="-3.539508">
        <ele>11.871599</ele>
        <time>2022-03-12T03:09:34.649Z</time>
      </trkpt>
      <trkpt lat="48.824369" lon="-3.539306">
        <ele>11.910132</ele>
        <time>2022-03-12T03:09:53.446Z</time>
      </trkpt>
      <trkpt lat="48.824529" lon="-3.538682">
        <ele>12.037356</ele>
        <time>2022-03-12T03:10:55.913Z</time>
      </trkpt>
      <trkpt lat="48.824797" lon="-3.537869">
        <ele>11.912725</ele>
        <time>2022-03-12T03:12:20.532Z</time>
      </trkpt>
      <trkpt lat="48.824768" lon="-3.537792">
        <ele>11.877011</ele>
        <time>2022-03-12T03:12:29.122Z</time>
      </trkpt>
      <trkpt lat="48.824768" lon="-3.537792">
        <ele>11.877011</ele>
        <time>2022-03-12T03:12:29.165Z</time>
      </trkpt>
      <trkpt lat="48.824730" lon="-3.537585">
        <ele>11.790496</ele>
        <time>2022-03-12T03:12:49.133Z</time>
      </trkpt>
      <trkpt lat="48.824552" lon="-3.536965">
        <ele>11.518187</ele>
        <time>2022-03-12T03:13:52.189Z</time>
      </trkpt>
      <trkpt lat="48.824180" lon="-3.535972">
        <ele>11.058221</ele>
        <time>2022-03-12T03:15:38.292Z</time>
      </trkpt>
      <trkpt lat="48.824119" lon="-3.535669">
        <ele>10.798797</ele>
        <time>2022-03-12T03:16:08.448Z</time>
      </trkpt>
      <trkpt lat="48.824064" lon="-3.535140">
        <ele>10.245597</ele>
        <time>2022-03-12T03:16:58.875Z</time>
      </trkpt>
      <trkpt lat="48.824188" lon="-3.534482">
        <ele>9.538623</ele>
        <time>2022-03-12T03:18:03.818Z</time>
      </trkpt>
      <trkpt lat="48.824120" lon="-3.534154">
        <ele>9.183416</ele>
        <time>2022-03-12T03:18:36.726Z</time>
      </trkpt>
      <trkpt lat="48.824050" lon="-3.534023">
        <ele>9.009140</ele>
        <time>2022-03-12T03:18:53.015Z</time>
      </trkpt>
      <trkpt lat="48.823942" lon="-3.533964">
        <ele>8.829068</ele>
        <time>2022-03-12T03:19:09.659Z</time>
      </trkpt>
      <trkpt lat="48.824078" lon="-3.533436">
        <ele>8.243417</ele>
        <time>2022-03-12T03:20:04.653Z</time>
      </trkpt>
      <trkpt lat="48.824097" lon="-3.533176">
        <ele>8.023374</ele>
        <time>2022-03-12T03:20:30.119Z</time>
      </trkpt>
      <trkpt lat="48.824017" lon="-3.532677">
        <ele>7.614011</ele>
        <time>2022-03-12T03:21:19.219Z</time>
      </trkpt>
      <trkpt lat="48.823933" lon="-3.532501">
        <ele>7.440742</ele>
        <time>2022-03-12T03:21:39.738Z</time>
      </trkpt>
      <trkpt lat="48.823714" lon="-3.532306">
        <ele>7.133404</ele>
        <time>2022-03-12T03:22:16.299Z</time>
      </trkpt>
      <trkpt lat="48.823440" lon="-3.532113">
        <ele>6.767745</ele>
        <time>2022-03-12T03:22:59.895Z</time>
      </trkpt>
      <trkpt lat="48.822943" lon="-3.532042">
        <ele>6.163385</ele>
        <time>2022-03-12T03:24:11.013Z</time>
      </trkpt>
      <trkpt lat="48.822704" lon="-3.531947">
        <ele>6.098956</ele>
        <time>2022-03-12T03:24:45.777Z</time>
      </trkpt>
      <trkpt lat="48.822642" lon="-3.531914">
        <ele>6.142977</ele>
        <time>2022-03-12T03:24:54.933Z</time>
      </trkpt>
      <trkpt lat="48.822495" lon="-3.531507">
        <ele>6.347777</ele>
        <time>2022-03-12T03:25:38.277Z</time>
      </trkpt>
      <trkpt lat="48.822324" lon="-3.531036">
        <ele>6.585066</ele>
        <time>2022-03-12T03:26:29.245Z</time>
      </trkpt>
      <trkpt lat="48.822532" lon="-3.530392">
        <ele>6.901525</ele>
        <time>2022-03-12T03:27:39.078Z</time>
      </trkpt>
      <trkpt lat="48.822586" lon="-3.530010">
        <ele>7.073893</ele>
        <time>2022-03-12T03:28:16.752Z</time>
      </trkpt>
      <trkpt lat="48.822600" lon="-3.529714">
        <ele>7.204816</ele>
        <time>2022-03-12T03:28:44.704Z</time>
      </trkpt>
      <trkpt lat="48.822514" lon="-3.529132">
        <ele>7.444990</ele>
        <time>2022-03-12T03:29:40.766Z</time>
      </trkpt>
      <trkpt lat="48.822422" lon="-3.528925">
        <ele>7.544940</ele>
        <time>2022-03-12T03:30:04.026Z</time>
      </trkpt>
      <trkpt lat="48.822272" lon="-3.528808">
        <ele>7.647438</ele>
        <time>2022-03-12T03:30:28.228Z</time>
      </trkpt>
      <trkpt lat="48.821891" lon="-3.528691">
        <ele>7.883714</ele>
        <time>2022-03-12T03:31:24.151Z</time>
      </trkpt>
      <trkpt lat="48.821546" lon="-3.528500">
        <ele>8.106918</ele>
        <time>2022-03-12T03:32:16.909Z</time>
      </trkpt>
      <trkpt lat="48.821424" lon="-3.528710">
        <ele>8.219001</ele>
        <time>2022-03-12T03:32:42.856Z</time>
      </trkpt>
      <trkpt lat="48.821295" lon="-3.528735">
        <ele>8.298049</ele>
        <time>2022-03-12T03:33:01.580Z</time>
      </trkpt>
      <trkpt lat="48.821171" lon="-3.528679">
        <ele>8.315104</ele>
        <time>2022-03-12T03:33:19.739Z</time>
      </trkpt>
      <trkpt lat="48.820959" lon="-3.528600">
        <ele>8.317718</ele>
        <time>2022-03-12T03:33:50.923Z</time>
      </trkpt>
      <trkpt lat="48.820800" lon="-3.528589">
        <ele>8.319624</ele>
        <time>2022-03-12T03:34:13.304Z</time>
      </trkpt>
      <trkpt lat="48.820641" lon="-3.528547">
        <ele>8.321556</ele>
        <time>2022-03-12T03:34:36.238Z</time>
      </trkpt>
      <trkpt lat="48.820545" lon="-3.528492">
        <ele>8.322785</ele>
        <time>2022-03-12T03:34:50.649Z</time>
      </trkpt>
      <trkpt lat="48.820464" lon="-3.528455">
        <ele>8.323798</ele>
        <time>2022-03-12T03:35:02.681Z</time>
      </trkpt>
      <trkpt lat="48.820358" lon="-3.528455">
        <ele>8.325067</ele>
        <time>2022-03-12T03:35:17.612Z</time>
      </trkpt>
      <trkpt lat="48.820326" lon="-3.528455">
        <ele>8.325450</ele>
        <time>2022-03-12T03:35:22.119Z</time>
      </trkpt>
      <trkpt lat="48.820228" lon="-3.528471">
        <ele>8.326630</ele>
        <time>2022-03-12T03:35:36.087Z</time>
      </trkpt>
      <trkpt lat="48.820136" lon="-3.528460">
        <ele>8.327735</ele>
        <time>2022-03-12T03:35:49.064Z</time>
      </trkpt>
      <trkpt lat="48.820047" lon="-3.528508">
        <ele>8.328866</ele>
        <time>2022-03-12T03:36:02.283Z</time>
      </trkpt>
      <trkpt lat="48.819199" lon="-3.528856">
        <ele>8.308407</ele>
        <time>2022-03-12T03:38:05.804Z</time>
      </trkpt>
      <trkpt lat="48.818948" lon="-3.528878">
        <ele>8.287990</ele>
        <time>2022-03-12T03:38:41.126Z</time>
      </trkpt>
      <trkpt lat="48.818858" lon="-3.528836">
        <ele>8.280344</ele>
        <time>2022-03-12T03:38:54.694Z</time>
      </trkpt>
      <trkpt lat="48.818776" lon="-3.528745">
        <ele>8.272097</ele>
        <time>2022-03-12T03:39:08.986Z</time>
      </trkpt>
      <trkpt lat="48.818534" lon="-3.528445">
        <ele>8.246729</ele>
        <time>2022-03-12T03:39:53.155Z</time>
      </trkpt>
      <trkpt lat="48.818409" lon="-3.528356">
        <ele>8.235518</ele>
        <time>2022-03-12T03:40:12.548Z</time>
      </trkpt>
      <trkpt lat="48.818410" lon="-3.528275">
        <ele>8.231186</ele>
        <time>2022-03-12T03:40:20.358Z</time>
      </trkpt>
      <trkpt lat="48.818164" lon="-3.526971">
        <ele>8.388290</ele>
        <time>2022-03-12T03:42:26.655Z</time>
      </trkpt>
      <trkpt lat="48.817978" lon="-3.526296">
        <ele>8.641966</ele>
        <time>2022-03-12T03:43:36.243Z</time>
      </trkpt>
      <trkpt lat="48.817853" lon="-3.525843">
        <ele>8.812247</ele>
        <time>2022-03-12T03:44:23.129Z</time>
      </trkpt>
      <trkpt lat="48.817750" lon="-3.525613">
        <ele>8.908679</ele>
        <time>2022-03-12T03:44:49.263Z</time>
      </trkpt>
      <trkpt lat="48.817509" lon="-3.524955">
        <ele>9.126029</ele>
        <time>2022-03-12T03:45:59.389Z</time>
      </trkpt>
      <trkpt lat="48.817444" lon="-3.524748">
        <ele>9.101442</ele>
        <time>2022-03-12T03:46:20.725Z</time>
      </trkpt>
      <trkpt lat="48.817176" lon="-3.523707">
        <ele>8.981606</ele>
        <time>2022-03-12T03:48:04.274Z</time>
      </trkpt>
      <trkpt lat="48.817041" lon="-3.522983">
        <ele>8.900932</ele>
        <time>2022-03-12T03:49:14.429Z</time>
      </trkpt>
      <trkpt lat="48.816942" lon="-3.522638">
        <ele>8.860583</ele>
        <time>2022-03-12T03:49:49.437Z</time>
      </trkpt>
      <trkpt lat="48.816892" lon="-3.522332">
        <ele>8.789033</ele>
        <time>2022-03-12T03:50:19.161Z</time>
      </trkpt>
      <trkpt lat="48.816879" lon="-3.521784">
        <ele>8.597405</ele>
        <time>2022-03-12T03:51:10.461Z</time>
      </trkpt>
      <trkpt lat="48.816837" lon="-3.521699">
        <ele>8.560268</ele>
        <time>2022-03-12T03:51:20.320Z</time>
      </trkpt>
      <trkpt lat="48.816816" lon="-3.521668">
        <ele>8.544726</ele>
        <time>2022-03-12T03:51:24.518Z</time>
      </trkpt>
      <trkpt lat="48.816953" lon="-3.521342">
        <ele>8.409577</ele>
        <time>2022-03-12T03:52:00.870Z</time>
      </trkpt>
      <trkpt lat="48.817074" lon="-3.521019">
        <ele>8.279714</ele>
        <time>2022-03-12T03:52:35.471Z</time>
      </trkpt>
      <trkpt lat="48.817530" lon="-3.519705">
        <ele>7.784046</ele>
        <time>2022-03-12T03:54:53.786Z</time>
      </trkpt>
      <trkpt lat="48.817607" lon="-3.519552">
        <ele>7.729022</ele>
        <time>2022-03-12T03:55:11.630Z</time>
      </trkpt>
      <trkpt lat="48.817725" lon="-3.519342">
        <ele>7.650139</ele>
        <time>2022-03-12T03:55:37.547Z</time>
      </trkpt>
      <trkpt lat="48.818436" lon="-3.518276">
        <ele>7.216585</ele>
        <time>2022-03-12T03:57:58.430Z</time>
      </trkpt>
      <trkpt lat="48.818528" lon="-3.518142">
        <ele>7.161270</ele>
        <time>2022-03-12T03:58:16.689Z</time>
      </trkpt>
      <trkpt lat="48.818546" lon="-3.518181">
        <ele>7.147661</ele>
        <time>2022-03-12T03:58:21.089Z</time>
      </trkpt>
      <trkpt lat="48.818792" lon="-3.518719">
        <ele>6.922475</ele>
        <time>2022-03-12T03:59:22.172Z</time>
      </trkpt>
      <trkpt lat="48.818830" lon="-3.518849">
        <ele>6.871384</ele>
        <time>2022-03-12T03:59:35.345Z</time>
      </trkpt>
      <trkpt lat="48.818852" lon="-3.518833">
        <ele>6.858077</ele>
        <time>2022-03-12T03:59:38.761Z</time>
      </trkpt>
      <trkpt lat="48.818876" lon="-3.518815">
        <ele>6.843475</ele>
        <time>2022-03-12T03:59:42.518Z</time>
      </trkpt>
      <trkpt lat="48.818940" lon="-3.518768">
        <ele>6.804693</ele>
        <time>2022-03-12T03:59:52.687Z</time>
      </trkpt>
      <trkpt lat="48.819215" lon="-3.518782">
        <ele>6.654587</ele>
        <time>2022-03-12T04:00:31.530Z</time>
      </trkpt>
      <trkpt lat="48.819394" lon="-3.518962">
        <ele>6.537471</ele>
        <time>2022-03-12T04:01:02.083Z</time>
      </trkpt>
      <trkpt lat="48.819848" lon="-3.519084">
        <ele>6.285951</ele>
        <time>2022-03-12T04:02:07.452Z</time>
      </trkpt>
      <trkpt lat="48.820017" lon="-3.519253">
        <ele>6.175565</ele>
        <time>2022-03-12T04:02:36.042Z</time>
      </trkpt>
      <trkpt lat="48.820126" lon="-3.519769">
        <ele>5.903831</ele>
        <time>2022-03-12T04:03:26.728Z</time>
      </trkpt>
      <trkpt lat="48.820569" lon="-3.520447">
        <ele>5.379925</ele>
        <time>2022-03-12T04:04:56.320Z</time>
      </trkpt>
      <trkpt lat="48.820634" lon="-3.520571">
        <ele>5.292991</ele>
        <time>2022-03-12T04:05:11.213Z</time>
      </trkpt>
      <trkpt lat="48.820700" lon="-3.520657">
        <ele>5.220549</ele>
        <time>2022-03-12T04:05:23.660Z</time>
      </trkpt>
      <trkpt lat="48.820938" lon="-3.520969">
        <ele>4.958647</ele>
        <time>2022-03-12T04:06:08.492Z</time>
      </trkpt>
      <trkpt lat="48.820988" lon="-3.521170">
        <ele>4.840797</ele>
        <time>2022-03-12T04:06:28.719Z</time>
      </trkpt>
      <trkpt lat="48.821397" lon="-3.521494">
        <ele>4.540639</ele>
        <time>2022-03-12T04:07:34.804Z</time>
      </trkpt>
      <trkpt lat="48.821526" lon="-3.521674">
        <ele>4.465940</ele>
        <time>2022-03-12T04:07:59.843Z</time>
      </trkpt>
      <trkpt lat="48.821726" lon="-3.521698">
        <ele>4.380389</ele>
        <time>2022-03-12T04:08:28.446Z</time>
      </trkpt>
      <trkpt lat="48.821768" lon="-3.521760">
        <ele>4.355413</ele>
        <time>2022-03-12T04:08:36.911Z</time>
      </trkpt>
      <trkpt lat="48.821782" lon="-3.522081">
        <ele>4.265092</ele>
        <time>2022-03-12T04:09:06.843Z</time>
      </trkpt>
      <trkpt lat="48.821906" lon="-3.522501">
        <ele>4.135860</ele>
        <time>2022-03-12T04:09:49.594Z</time>
      </trkpt>
      <trkpt lat="48.821934" lon="-3.522797">
        <ele>4.051902</ele>
        <time>2022-03-12T04:10:17.548Z</time>
      </trkpt>
      <trkpt lat="48.821879" lon="-3.523136">
        <ele>3.953877</ele>
        <time>2022-03-12T04:10:50.061Z</time>
      </trkpt>
      <trkpt lat="48.821812" lon="-3.523313">
        <ele>3.896555</ele>
        <time>2022-03-12T04:11:09.066Z</time>
      </trkpt>
      <trkpt lat="48.821893" lon="-3.523520">
        <ele>3.936854</ele>
        <time>2022-03-12T04:11:31.788Z</time>
      </trkpt>
      <trkpt lat="48.821966" lon="-3.523831">
        <ele>4.148047</ele>
        <time>2022-03-12T04:12:02.467Z</time>
      </trkpt>
      <trkpt lat="48.822222" lon="-3.524239">
        <ele>4.508551</ele>
        <time>2022-03-12T04:12:55.771Z</time>
      </trkpt>
      <trkpt lat="48.822349" lon="-3.524781">
        <ele>4.876537</ele>
        <time>2022-03-12T04:13:50.785Z</time>
      </trkpt>
      <trkpt lat="48.822607" lon="-3.525125">
        <ele>5.210065</ele>
        <time>2022-03-12T04:14:41.098Z</time>
      </trkpt>
      <trkpt lat="48.822674" lon="-3.525342">
        <ele>5.363370</ele>
        <time>2022-03-12T04:15:04.536Z</time>
      </trkpt>
      <trkpt lat="48.822896" lon="-3.525315">
        <ele>5.579736</ele>
        <time>2022-03-12T04:15:37.535Z</time>
      </trkpt>
      <trkpt lat="48.823040" lon="-3.525389">
        <ele>5.748350</ele>
        <time>2022-03-12T04:16:00.016Z</time>
      </trkpt>
      <trkpt lat="48.823119" lon="-3.525340">
        <ele>5.845934</ele>
        <time>2022-03-12T04:16:12.813Z</time>
      </trkpt>
      <trkpt lat="48.823151" lon="-3.525173">
        <ele>5.976886</ele>
        <time>2022-03-12T04:16:29.855Z</time>
      </trkpt>
      <trkpt lat="48.823509" lon="-3.524688">
        <ele>6.525471</ele>
        <time>2022-03-12T04:17:41.107Z</time>
      </trkpt>
      <trkpt lat="48.823938" lon="-3.524288">
        <ele>7.101122</ele>
        <time>2022-03-12T04:18:54.116Z</time>
      </trkpt>
      <trkpt lat="48.824193" lon="-3.524095">
        <ele>7.426929</ele>
        <time>2022-03-12T04:19:35.284Z</time>
      </trkpt>
      <trkpt lat="48.824501" lon="-3.524021">
        <ele>7.637641</ele>
        <time>2022-03-12T04:20:20.059Z</time>
      </trkpt>
      <trkpt lat="48.824771" lon="-3.523781">
        <ele>7.550818</ele>
        <time>2022-03-12T04:21:03.988Z</time>
      </trkpt>
      <trkpt lat="48.824834" lon="-3.523795">
        <ele>7.533147</ele>
        <time>2022-03-12T04:21:13.287Z</time>
      </trkpt>
      <trkpt lat="48.824880" lon="-3.523793">
        <ele>7.520375</ele>
        <time>2022-03-12T04:21:19.985Z</time>
      </trkpt>
      <trkpt lat="48.824969" lon="-3.523953">
        <ele>7.482103</ele>
        <time>2022-03-12T04:21:39.399Z</time>
      </trkpt>
      <trkpt lat="48.825221" lon="-3.523928">
        <ele>7.412015</ele>
        <time>2022-03-12T04:22:14.988Z</time>
      </trkpt>
      <trkpt lat="48.825633" lon="-3.523631">
        <ele>7.285447</ele>
        <time>2022-03-12T04:23:19.562Z</time>
      </trkpt>
      <trkpt lat="48.826353" lon="-3.523283">
        <ele>6.746550</ele>
        <time>2022-03-12T04:25:07.391Z</time>
      </trkpt>
      <trkpt lat="48.826494" lon="-3.523108">
        <ele>6.513597</ele>
        <time>2022-03-12T04:25:33.555Z</time>
      </trkpt>
      <trkpt lat="48.826739" lon="-3.523245">
        <ele>6.179586</ele>
        <time>2022-03-12T04:26:10.804Z</time>
      </trkpt>
      <trkpt lat="48.826753" lon="-3.523247">
        <ele>6.161596</ele>
        <time>2022-03-12T04:26:12.825Z</time>
      </trkpt>
      <trkpt lat="48.826769" lon="-3.523249">
        <ele>6.141056</ele>
        <time>2022-03-12T04:26:15.032Z</time>
      </trkpt>
      <trkpt lat="48.826855" lon="-3.523262">
        <ele>6.030487</ele>
        <time>2022-03-12T04:26:27.739Z</time>
      </trkpt>
      <trkpt lat="48.827013" lon="-3.523304">
        <ele>5.825274</ele>
        <time>2022-03-12T04:26:50.712Z</time>
      </trkpt>
      <trkpt lat="48.827091" lon="-3.523514">
        <ele>5.622191</ele>
        <time>2022-03-12T04:27:13.899Z</time>
      </trkpt>
      <trkpt lat="48.827109" lon="-3.523501">
        <ele>5.596692</ele>
        <time>2022-03-12T04:27:16.983Z</time>
      </trkpt>
      <trkpt lat="48.827124" lon="-3.523538">
        <ele>5.560094</ele>
        <time>2022-03-12T04:27:21.169Z</time>
      </trkpt>
      <trkpt lat="48.827203" lon="-3.523625">
        <ele>5.435255</ele>
        <time>2022-03-12T04:27:35.271Z</time>
      </trkpt>
      <trkpt lat="48.827303" lon="-3.523912">
        <ele>5.161760</ele>
        <time>2022-03-12T04:28:06.162Z</time>
      </trkpt>
      <trkpt lat="48.827584" lon="-3.523981">
        <ele>4.817863</ele>
        <time>2022-03-12T04:28:47.312Z</time>
      </trkpt>
      <trkpt lat="48.827602" lon="-3.523980">
        <ele>4.801667</ele>
        <time>2022-03-12T04:28:49.862Z</time>
      </trkpt>
      <trkpt lat="48.827597" lon="-3.524079">
        <ele>4.742892</ele>
        <time>2022-03-12T04:28:59.555Z</time>
      </trkpt>
      <trkpt lat="48.827651" lon="-3.524187">
        <ele>4.662613</ele>
        <time>2022-03-12T04:29:12.674Z</time>
      </trkpt>
      <trkpt lat="48.827881" lon="-3.524724">
        <ele>4.283385</ele>
        <time>2022-03-12T04:30:13.174Z</time>
      </trkpt>
      <trkpt lat="48.827927" lon="-3.524738">
        <ele>4.241201</ele>
        <time>2022-03-12T04:30:19.853Z</time>
      </trkpt>
      <trkpt lat="48.827935" lon="-3.524785">
        <ele>4.212465</ele>
        <time>2022-03-12T04:30:24.541Z</time>
      </trkpt>
      <trkpt lat="48.827876" lon="-3.524910">
        <ele>4.121419</ele>
        <time>2022-03-12T04:30:38.979Z</time>
      </trkpt>
      <trkpt lat="48.827756" lon="-3.525036">
        <ele>3.990250</ele>
        <time>2022-03-12T04:31:00.038Z</time>
      </trkpt>
      <trkpt lat="48.827622" lon="-3.525173">
        <ele>3.845012</ele>
        <time>2022-03-12T04:31:22.896Z</time>
      </trkpt>
      <trkpt lat="48.827554" lon="-3.525433">
        <ele>3.679405</ele>
        <time>2022-03-12T04:31:49.290Z</time>
      </trkpt>
      <trkpt lat="48.827594" lon="-3.525764">
        <ele>3.480196</ele>
        <time>2022-03-12T04:32:20.514Z</time>
      </trkpt>
      <trkpt lat="48.827948" lon="-3.525927">
        <ele>3.302639</ele>
        <time>2022-03-12T04:33:12.881Z</time>
      </trkpt>
      <trkpt lat="48.827990" lon="-3.526013">
        <ele>3.336621</ele>
        <time>2022-03-12T04:33:22.844Z</time>
      </trkpt>
      <trkpt lat="48.828141" lon="-3.525843">
        <ele>3.427224</ele>
        <time>2022-03-12T04:33:49.297Z</time>
      </trkpt>
      <trkpt lat="48.828636" lon="-3.525627">
        <ele>3.675491</ele>
        <time>2022-03-12T04:35:03.134Z</time>
      </trkpt>
      <trkpt lat="48.829337" lon="-3.525667">
        <ele>4.013649</ele>
        <time>2022-03-12T04:36:44.533Z</time>
      </trkpt>
      <trkpt lat="48.829594" lon="-3.525585">
        <ele>4.150969</ele>
        <time>2022-03-12T04:37:22.260Z</time>
      </trkpt>
      <trkpt lat="48.829601" lon="-3.525340">
        <ele>4.262633</ele>
        <time>2022-03-12T04:37:45.427Z</time>
      </trkpt>
      <trkpt lat="48.829610" lon="-3.525320">
        <ele>4.273665</ele>
        <time>2022-03-12T04:37:48.186Z</time>
      </trkpt>
      <trkpt lat="48.829634" lon="-3.525297">
        <ele>4.293293</ele>
        <time>2022-03-12T04:37:52.108Z</time>
      </trkpt>
      <trkpt lat="48.829681" lon="-3.525298">
        <ele>4.325806</ele>
        <time>2022-03-12T04:37:58.937Z</time>
      </trkpt>
      <trkpt lat="48.829944" lon="-3.525662">
        <ele>4.571904</ele>
        <time>2022-03-12T04:38:49.462Z</time>
      </trkpt>
      <trkpt lat="48.830149" lon="-3.525644">
        <ele>4.713938</ele>
        <time>2022-03-12T04:39:18.891Z</time>
      </trkpt>
      <trkpt lat="48.830210" lon="-3.525527">
        <ele>4.781898</ele>
        <time>2022-03-12T04:39:33.280Z</time>
      </trkpt>
      <trkpt lat="48.830141" lon="-3.524993">
        <ele>5.029688</ele>
        <time>2022-03-12T04:40:24.404Z</time>
      </trkpt>
      <trkpt lat="48.830005" lon="-3.524451">
        <ele>5.293803</ele>
        <time>2022-03-12T04:41:19.015Z</time>
      </trkpt>
      <trkpt lat="48.829878" lon="-3.523978">
        <ele>5.856412</ele>
        <time>2022-03-12T04:42:07.132Z</time>
      </trkpt>
      <trkpt lat="48.829930" lon="-3.523920">
        <ele>5.989359</ele>
        <time>2022-03-12T04:42:16.254Z</time>
      </trkpt>
      <trkpt lat="48.829905" lon="-3.523666">
        <ele>6.337773</ele>
        <time>2022-03-12T04:42:41.251Z</time>
      </trkpt>
      <trkpt lat="48.829867" lon="-3.522899">
        <ele>7.381250</ele>
        <time>2022-03-12T04:43:56.194Z</time>
      </trkpt>
      <trkpt lat="48.829857" lon="-3.521828">
        <ele>8.834346</ele>
        <time>2022-03-12T04:45:45.164Z</time>
      </trkpt>
      <trkpt lat="48.829857" lon="-3.521746">
        <ele>8.945589</ele>
        <time>2022-03-12T04:45:53.388Z</time>
      </trkpt>
      <trkpt lat="48.829852" lon="-3.520747">
        <ele>10.685314</ele>
        <time>2022-03-12T04:47:37.296Z</time>
      </trkpt>
      <trkpt lat="48.829856" lon="-3.520612">
        <ele>10.925729</ele>
        <time>2022-03-12T04:47:50.998Z</time>
      </trkpt>
      <trkpt lat="48.830029" lon="-3.519791">
        <ele>12.459335</ele>
        <time>2022-03-12T04:49:19.418Z</time>
      </trkpt>
      <trkpt lat="48.830159" lon="-3.519611">
        <ele>12.934704</ele>
        <time>2022-03-12T04:49:45.575Z</time>
      </trkpt>
      <trkpt lat="48.830266" lon="-3.519531">
        <ele>13.257000</ele>
        <time>2022-03-12T04:50:03.599Z</time>
      </trkpt>
      <trkpt lat="48.830315" lon="-3.519557">
        <ele>13.397269</ele>
        <time>2022-03-12T04:50:11.978Z</time>
      </trkpt>
      <trkpt lat="48.830348" lon="-3.519617">
        <ele>13.536364</ele>
        <time>2022-03-12T04:50:19.555Z</time>
      </trkpt>
      <trkpt lat="48.830391" lon="-3.519685">
        <ele>13.704111</ele>
        <time>2022-03-12T04:50:28.737Z</time>
      </trkpt>
      <trkpt lat="48.830477" lon="-3.519686">
        <ele>13.927637</ele>
        <time>2022-03-12T04:50:41.258Z</time>
      </trkpt>
      <trkpt lat="48.830513" lon="-3.519659">
        <ele>13.932667</ele>
        <time>2022-03-12T04:50:46.851Z</time>
      </trkpt>
      <trkpt lat="48.830555" lon="-3.519670">
        <ele>13.938006</ele>
        <time>2022-03-12T04:50:53.389Z</time>
      </trkpt>
      <trkpt lat="48.830828" lon="-3.519696">
        <ele>13.972274</ele>
        <time>2022-03-12T04:51:33.446Z</time>
      </trkpt>
      <trkpt lat="48.830880" lon="-3.519663">
        <ele>13.979334</ele>
        <time>2022-03-12T04:51:41.323Z</time>
      </trkpt>
      <trkpt lat="48.830912" lon="-3.519625">
        <ele>13.984422</ele>
        <time>2022-03-12T04:51:47.379Z</time>
      </trkpt>
      <trkpt lat="48.831039" lon="-3.519576">
        <ele>14.000837</ele>
        <time>2022-03-12T04:52:06.566Z</time>
      </trkpt>
      <trkpt lat="48.831064" lon="-3.519563">
        <ele>14.004147</ele>
        <time>2022-03-12T04:52:10.669Z</time>
      </trkpt>
      <trkpt lat="48.831099" lon="-3.519544">
        <ele>14.008804</ele>
        <time>2022-03-12T04:52:16.284Z</time>
      </trkpt>
      <trkpt lat="48.831402" lon="-3.519544">
        <ele>14.046762</ele>
        <time>2022-03-12T04:52:59.013Z</time>
      </trkpt>
      <trkpt lat="48.831583" lon="-3.519713">
        <ele>14.073378</ele>
        <time>2022-03-12T04:53:30.066Z</time>
      </trkpt>
      <trkpt lat="48.831730" lon="-3.519540">
        <ele>14.096673</ele>
        <time>2022-03-12T04:53:56.852Z</time>
      </trkpt>
      <trkpt lat="48.832116" lon="-3.519697">
        <ele>14.146732</ele>
        <time>2022-03-12T04:54:53.845Z</time>
      </trkpt>
      <trkpt lat="48.832204" lon="-3.519593">
        <ele>14.142764</ele>
        <time>2022-03-12T04:55:09.557Z</time>
      </trkpt>
      <trkpt lat="48.832205" lon="-3.519571">
        <ele>14.140589</ele>
        <time>2022-03-12T04:55:12.032Z</time>
      </trkpt>
      <trkpt lat="48.832197" lon="-3.519525">
        <ele>14.135898</ele>
        <time>2022-03-12T04:55:16.545Z</time>
      </trkpt>
      <trkpt lat="48.832128" lon="-3.519237">
        <ele>14.105677</ele>
        <time>2022-03-12T04:55:46.278Z</time>
      </trkpt>
      <trkpt lat="48.832302" lon="-3.518777">
        <ele>14.053364</ele>
        <time>2022-03-12T04:56:36.123Z</time>
      </trkpt>
      <trkpt lat="48.832300" lon="-3.518749">
        <ele>14.050587</ele>
        <time>2022-03-12T04:56:38.970Z</time>
      </trkpt>
      <trkpt lat="48.832298" lon="-3.518726">
        <ele>14.048299</ele>
        <time>2022-03-12T04:56:41.240Z</time>
      </trkpt>
      <trkpt lat="48.832260" lon="-3.518634">
        <ele>14.037590</ele>
        <time>2022-03-12T04:56:51.278Z</time>
      </trkpt>
      <trkpt lat="48.832240" lon="-3.518590">
        <ele>14.032317</ele>
        <time>2022-03-12T04:56:56.718Z</time>
      </trkpt>
      <trkpt lat="48.832210" lon="-3.518576">
        <ele>14.027616</ele>
        <time>2022-03-12T04:57:01.154Z</time>
      </trkpt>
      <trkpt lat="48.832179" lon="-3.518572">
        <ele>14.022956</ele>
        <time>2022-03-12T04:57:05.584Z</time>
      </trkpt>
      <trkpt lat="48.832160" lon="-3.518561">
        <ele>14.019910</ele>
        <time>2022-03-12T04:57:08.760Z</time>
      </trkpt>
      <trkpt lat="48.832143" lon="-3.518532">
        <ele>14.016081</ele>
        <time>2022-03-12T04:57:12.580Z</time>
      </trkpt>
      <trkpt lat="48.832124" lon="-3.518480">
        <ele>14.010217</ele>
        <time>2022-03-12T04:57:18.488Z</time>
      </trkpt>
      <trkpt lat="48.832112" lon="-3.518439">
        <ele>14.005792</ele>
        <time>2022-03-12T04:57:22.671Z</time>
      </trkpt>
      <trkpt lat="48.832100" lon="-3.518402">
        <ele>14.001725</ele>
        <time>2022-03-12T04:57:27.231Z</time>
      </trkpt>
      <trkpt lat="48.831877" lon="-3.517962">
        <ele>13.946969</ele>
        <time>2022-03-12T04:58:18.732Z</time>
      </trkpt>
      <trkpt lat="48.831715" lon="-3.517880">
        <ele>13.921391</ele>
        <time>2022-03-12T04:58:44.023Z</time>
      </trkpt>
      <trkpt lat="48.831707" lon="-3.517764">
        <ele>13.909890</ele>
        <time>2022-03-12T04:58:55.026Z</time>
      </trkpt>
      <trkpt lat="48.831723" lon="-3.517674">
        <ele>13.900698</ele>
        <time>2022-03-12T04:59:04.301Z</time>
      </trkpt>
      <trkpt lat="48.831712" lon="-3.517628">
        <ele>13.895872</ele>
        <time>2022-03-12T04:59:09.204Z</time>
      </trkpt>
      <trkpt lat="48.831690" lon="-3.517515">
        <ele>13.884252</ele>
        <time>2022-03-12T04:59:20.348Z</time>
      </trkpt>
      <trkpt lat="48.831747" lon="-3.517366">
        <ele>13.745230</ele>
        <time>2022-03-12T04:59:36.403Z</time>
      </trkpt>
      <trkpt lat="48.831879" lon="-3.517231">
        <ele>13.537828</ele>
        <time>2022-03-12T04:59:59.138Z</time>
      </trkpt>
      <trkpt lat="48.831967" lon="-3.516881">
        <ele>13.216376</ele>
        <time>2022-03-12T05:00:34.113Z</time>
      </trkpt>
      <trkpt lat="48.831949" lon="-3.516825">
        <ele>13.162908</ele>
        <time>2022-03-12T05:00:39.878Z</time>
      </trkpt>
      <trkpt lat="48.832085" lon="-3.516500">
        <ele>12.832493</ele>
        <time>2022-03-12T05:01:16.212Z</time>
      </trkpt>
      <trkpt lat="48.832790" lon="-3.515900">
        <ele>11.779237</ele>
        <time>2022-03-12T05:03:13.380Z</time>
      </trkpt>
      <trkpt lat="48.832844" lon="-3.515838">
        <ele>11.691015</ele>
        <time>2022-03-12T05:03:23.981Z</time>
      </trkpt>
      <trkpt lat="48.832879" lon="-3.515753">
        <ele>11.604995</ele>
        <time>2022-03-12T05:03:33.713Z</time>
      </trkpt>
      <trkpt lat="48.832987" lon="-3.515742">
        <ele>11.497738</ele>
        <time>2022-03-12T05:03:49.195Z</time>
      </trkpt>
      <trkpt lat="48.833127" lon="-3.515634">
        <ele>11.385537</ele>
        <time>2022-03-12T05:04:12.122Z</time>
      </trkpt>
      <trkpt lat="48.833346" lon="-3.515437">
        <ele>11.203667</ele>
        <time>2022-03-12T05:04:48.957Z</time>
      </trkpt>
      <trkpt lat="48.833706" lon="-3.515027">
        <ele>10.882157</ele>
        <time>2022-03-12T05:05:53.083Z</time>
      </trkpt>
      <trkpt lat="48.833895" lon="-3.514848">
        <ele>10.723006</ele>
        <time>2022-03-12T05:06:24.406Z</time>
      </trkpt>
      <trkpt lat="48.833851" lon="-3.514753">
        <ele>10.668368</ele>
        <time>2022-03-12T05:06:35.554Z</time>
      </trkpt>
      <trkpt lat="48.833659" lon="-3.514695">
        <ele>10.528483</ele>
        <time>2022-03-12T05:07:04.018Z</time>
      </trkpt>
      <trkpt lat="48.833761" lon="-3.514537">
        <ele>10.424388</ele>
        <time>2022-03-12T05:07:25.788Z</time>
      </trkpt>
      <trkpt lat="48.833855" lon="-3.514565">
        <ele>10.355939</ele>
        <time>2022-03-12T05:07:39.314Z</time>
      </trkpt>
      <trkpt lat="48.833871" lon="-3.514482">
        <ele>10.315258</ele>
        <time>2022-03-12T05:07:47.321Z</time>
      </trkpt>
      <trkpt lat="48.833926" lon="-3.514507">
        <ele>10.274235</ele>
        <time>2022-03-12T05:07:55.353Z</time>
      </trkpt>
      <trkpt lat="48.833938" lon="-3.514443">
        <ele>10.237263</ele>
        <time>2022-03-12T05:08:01.956Z</time>
      </trkpt>
      <trkpt lat="48.834275" lon="-3.514375">
        <ele>9.864114</ele>
        <time>2022-03-12T05:08:49.673Z</time>
      </trkpt>
      <trkpt lat="48.834540" lon="-3.514178">
        <ele>9.540286</ele>
        <time>2022-03-12T05:09:31.481Z</time>
      </trkpt>
      <trkpt lat="48.834557" lon="-3.514102">
        <ele>9.482292</ele>
        <time>2022-03-12T05:09:38.923Z</time>
      </trkpt>
      <trkpt lat="48.834541" lon="-3.513999">
        <ele>9.405831</ele>
        <time>2022-03-12T05:09:48.993Z</time>
      </trkpt>
      <trkpt lat="48.834532" lon="-3.513924">
        <ele>9.350750</ele>
        <time>2022-03-12T05:09:56.198Z</time>
      </trkpt>
      <trkpt lat="48.834543" lon="-3.513860">
        <ele>9.302960</ele>
        <time>2022-03-12T05:10:02.376Z</time>
      </trkpt>
      <trkpt lat="48.834557" lon="-3.513652">
        <ele>9.151897</ele>
        <time>2022-03-12T05:10:22.539Z</time>
      </trkpt>
      <trkpt lat="48.834657" lon="-3.513436">
        <ele>8.961103</ele>
        <time>2022-03-12T05:10:47.109Z</time>
      </trkpt>
      <trkpt lat="48.834906" lon="-3.513087">
        <ele>8.589246</ele>
        <time>2022-03-12T05:11:36.056Z</time>
      </trkpt>
      <trkpt lat="48.834908" lon="-3.513005">
        <ele>8.529961</ele>
        <time>2022-03-12T05:11:44.050Z</time>
      </trkpt>
      <trkpt lat="48.834947" lon="-3.512891">
        <ele>8.437137</ele>
        <time>2022-03-12T05:11:56.447Z</time>
      </trkpt>
      <trkpt lat="48.835048" lon="-3.512624">
        <ele>8.163280</ele>
        <time>2022-03-12T05:12:26.231Z</time>
      </trkpt>
      <trkpt lat="48.835126" lon="-3.512391">
        <ele>7.824312</ele>
        <time>2022-03-12T05:12:51.935Z</time>
      </trkpt>
      <trkpt lat="48.835235" lon="-3.512062">
        <ele>7.346697</ele>
        <time>2022-03-12T05:13:27.785Z</time>
      </trkpt>
      <trkpt lat="48.835240" lon="-3.511953">
        <ele>7.205012</ele>
        <time>2022-03-12T05:13:38.505Z</time>
      </trkpt>
      <trkpt lat="48.835247" lon="-3.511806">
        <ele>7.013896</ele>
        <time>2022-03-12T05:13:53.406Z</time>
      </trkpt>
      <trkpt lat="48.835150" lon="-3.511470">
        <ele>6.538133</ele>
        <time>2022-03-12T05:14:29.193Z</time>
      </trkpt>
      <trkpt lat="48.834910" lon="-3.511093">
        <ele>5.858034</ele>
        <time>2022-03-12T05:15:20.046Z</time>
      </trkpt>
      <trkpt lat="48.834722" lon="-3.510978">
        <ele>5.458775</ele>
        <time>2022-03-12T05:15:49.190Z</time>
      </trkpt>
      <trkpt lat="48.834714" lon="-3.510920">
        <ele>5.381931</ele>
        <time>2022-03-12T05:15:54.818Z</time>
      </trkpt>
      <trkpt lat="48.834724" lon="-3.510824">
        <ele>5.255895</ele>
        <time>2022-03-12T05:16:03.834Z</time>
      </trkpt>
      <trkpt lat="48.834762" lon="-3.510737">
        <ele>5.120501</ele>
        <time>2022-03-12T05:16:13.546Z</time>
      </trkpt>
      <trkpt lat="48.834812" lon="-3.510622">
        <ele>4.941782</ele>
        <time>2022-03-12T05:16:26.569Z</time>
      </trkpt>
      <trkpt lat="48.834863" lon="-3.510456">
        <ele>4.745932</ele>
        <time>2022-03-12T05:16:43.660Z</time>
      </trkpt>
      <trkpt lat="48.834899" lon="-3.510287">
        <ele>4.818864</ele>
        <time>2022-03-12T05:17:00.212Z</time>
      </trkpt>
      <trkpt lat="48.834918" lon="-3.510062">
        <ele>4.912002</ele>
        <time>2022-03-12T05:17:21.293Z</time>
      </trkpt>
      <trkpt lat="48.834894" lon="-3.509985">
        <ele>4.946982</ele>
        <time>2022-03-12T05:17:29.242Z</time>
      </trkpt>
      <trkpt lat="48.834896" lon="-3.509867">
        <ele>4.995447</ele>
        <time>2022-03-12T05:17:40.304Z</time>
      </trkpt>
      <trkpt lat="48.834949" lon="-3.509841">
        <ele>5.030187</ele>
        <time>2022-03-12T05:17:48.249Z</time>
      </trkpt>
      <trkpt lat="48.834972" lon="-3.509751">
        <ele>5.069827</ele>
        <time>2022-03-12T05:17:57.329Z</time>
      </trkpt>
      <trkpt lat="48.835014" lon="-3.509535">
        <ele>5.162301</ele>
        <time>2022-03-12T05:18:18.405Z</time>
      </trkpt>
      <trkpt lat="48.835068" lon="-3.509320">
        <ele>5.256784</ele>
        <time>2022-03-12T05:18:40.281Z</time>
      </trkpt>
      <trkpt lat="48.835138" lon="-3.509077">
        <ele>5.365692</ele>
        <time>2022-03-12T05:19:05.291Z</time>
      </trkpt>
      <trkpt lat="48.835170" lon="-3.508931">
        <ele>5.428872</ele>
        <time>2022-03-12T05:19:19.734Z</time>
      </trkpt>
      <trkpt lat="48.835126" lon="-3.508724">
        <ele>5.518184</ele>
        <time>2022-03-12T05:19:40.534Z</time>
      </trkpt>
      <trkpt lat="48.835216" lon="-3.508695">
        <ele>5.575572</ele>
        <time>2022-03-12T05:19:54.125Z</time>
      </trkpt>
      <trkpt lat="48.835307" lon="-3.508636">
        <ele>5.637287</ele>
        <time>2022-03-12T05:20:08.630Z</time>
      </trkpt>
      <trkpt lat="48.835606" lon="-3.508001">
        <ele>5.990810</ele>
        <time>2022-03-12T05:21:24.917Z</time>
      </trkpt>
      <trkpt lat="48.836623" lon="-3.506621">
        <ele>7.121721</ele>
        <time>2022-03-12T05:24:42.490Z</time>
      </trkpt>
      <trkpt lat="48.836677" lon="-3.506405">
        <ele>7.247853</ele>
        <time>2022-03-12T05:25:04.076Z</time>
      </trkpt>
      <trkpt lat="48.836812" lon="-3.506309">
        <ele>7.330285</ele>
        <time>2022-03-12T05:25:25.173Z</time>
      </trkpt>
      <trkpt lat="48.837243" lon="-3.505313">
        <ele>6.757411</ele>
        <time>2022-03-12T05:27:15.826Z</time>
      </trkpt>
      <trkpt lat="48.837534" lon="-3.504809">
        <ele>6.435196</ele>
        <time>2022-03-12T05:28:18.777Z</time>
      </trkpt>
      <trkpt lat="48.837861" lon="-3.504401">
        <ele>6.126229</ele>
        <time>2022-03-12T05:29:19.620Z</time>
      </trkpt>
      <trkpt lat="48.838263" lon="-3.504090">
        <ele>5.634739</ele>
        <time>2022-03-12T05:30:25.023Z</time>
      </trkpt>
      <trkpt lat="48.838324" lon="-3.503984">
        <ele>5.521251</ele>
        <time>2022-03-12T05:30:38.378Z</time>
      </trkpt>
      <trkpt lat="48.838341" lon="-3.503915">
        <ele>5.461869</ele>
        <time>2022-03-12T05:30:45.447Z</time>
      </trkpt>
      <trkpt lat="48.838363" lon="-3.503821">
        <ele>5.381457</ele>
        <time>2022-03-12T05:30:55.269Z</time>
      </trkpt>
      <trkpt lat="48.838372" lon="-3.503656">
        <ele>5.248011</ele>
        <time>2022-03-12T05:31:11.000Z</time>
      </trkpt>
      <trkpt lat="48.838199" lon="-3.503212">
        <ele>4.832139</ele>
        <time>2022-03-12T05:32:00.168Z</time>
      </trkpt>
      <trkpt lat="48.838152" lon="-3.502969">
        <ele>4.627998</ele>
        <time>2022-03-12T05:32:23.718Z</time>
      </trkpt>
      <trkpt lat="48.838139" lon="-3.502790">
        <ele>4.482847</ele>
        <time>2022-03-12T05:32:40.959Z</time>
      </trkpt>
      <trkpt lat="48.838092" lon="-3.502389">
        <ele>4.154554</ele>
        <time>2022-03-12T05:33:18.651Z</time>
      </trkpt>
      <trkpt lat="48.838092" lon="-3.502279">
        <ele>4.065893</ele>
        <time>2022-03-12T05:33:29.333Z</time>
      </trkpt>
      <trkpt lat="48.838093" lon="-3.501974">
        <ele>3.827568</ele>
        <time>2022-03-12T05:33:57.686Z</time>
      </trkpt>
      <trkpt lat="48.838047" lon="-3.501776">
        <ele>3.751893</ele>
        <time>2022-03-12T05:34:17.532Z</time>
      </trkpt>
      <trkpt lat="48.837941" lon="-3.501405">
        <ele>3.606128</ele>
        <time>2022-03-12T05:34:55.207Z</time>
      </trkpt>
      <trkpt lat="48.837934" lon="-3.501163">
        <ele>3.518826</ele>
        <time>2022-03-12T05:35:17.963Z</time>
      </trkpt>
      <trkpt lat="48.837917" lon="-3.500853">
        <ele>3.406713</ele>
        <time>2022-03-12T05:35:46.776Z</time>
      </trkpt>
      <trkpt lat="48.837919" lon="-3.500724">
        <ele>3.360208</ele>
        <time>2022-03-12T05:35:58.943Z</time>
      </trkpt>
      <trkpt lat="48.837905" lon="-3.500631">
        <ele>3.325824</ele>
        <time>2022-03-12T05:36:07.932Z</time>
      </trkpt>
      <trkpt lat="48.837907" lon="-3.500460">
        <ele>3.264185</ele>
        <time>2022-03-12T05:36:23.787Z</time>
      </trkpt>
      <trkpt lat="48.837987" lon="-3.500322">
        <ele>3.197909</ele>
        <time>2022-03-12T05:36:41.007Z</time>
      </trkpt>
      <trkpt lat="48.837933" lon="-3.500042">
        <ele>3.092752</ele>
        <time>2022-03-12T05:37:08.449Z</time>
      </trkpt>
      <trkpt lat="48.837876" lon="-3.499401">
        <ele>2.859633</ele>
        <time>2022-03-12T05:38:08.465Z</time>
      </trkpt>
      <trkpt lat="48.837669" lon="-3.498714">
        <ele>2.501879</ele>
        <time>2022-03-12T05:39:18.702Z</time>
      </trkpt>
      <trkpt lat="48.837635" lon="-3.498602">
        <ele>2.442899</ele>
        <time>2022-03-12T05:39:30.366Z</time>
      </trkpt>
      <trkpt lat="48.837573" lon="-3.498492">
        <ele>2.373646</ele>
        <time>2022-03-12T05:39:43.965Z</time>
      </trkpt>
      <trkpt lat="48.837555" lon="-3.498957">
        <ele>2.150900</ele>
        <time>2022-03-12T05:40:27.872Z</time>
      </trkpt>
      <trkpt lat="48.837494" lon="-3.499070">
        <ele>2.081014</ele>
        <time>2022-03-12T05:40:41.468Z</time>
      </trkpt>
      <trkpt lat="48.837429" lon="-3.499181">
        <ele>2.009967</ele>
        <time>2022-03-12T05:40:55.499Z</time>
      </trkpt>
      <trkpt lat="48.837355" lon="-3.499235">
        <ele>1.950324</ele>
        <time>2022-03-12T05:41:07.319Z</time>
      </trkpt>
      <trkpt lat="48.837246" lon="-3.499446">
        <ele>1.822058</ele>
        <time>2022-03-12T05:41:32.414Z</time>
      </trkpt>
      <trkpt lat="48.837228" lon="-3.499702">
        <ele>1.698942</ele>
        <time>2022-03-12T05:41:56.537Z</time>
      </trkpt>
      <trkpt lat="48.837234" lon="-3.499829">
        <ele>1.638054</ele>
        <time>2022-03-12T05:42:08.621Z</time>
      </trkpt>
      <trkpt lat="48.837249" lon="-3.499981">
        <ele>1.564555</ele>
        <time>2022-03-12T05:42:22.807Z</time>
      </trkpt>
      <trkpt lat="48.837319" lon="-3.500213">
        <ele>1.504290</ele>
        <time>2022-03-12T05:42:46.807Z</time>
      </trkpt>
      <trkpt lat="48.837257" lon="-3.500370">
        <ele>1.471109</ele>
        <time>2022-03-12T05:43:03.972Z</time>
      </trkpt>
      <trkpt lat="48.837206" lon="-3.500649">
        <ele>1.418631</ele>
        <time>2022-03-12T05:43:30.949Z</time>
      </trkpt>
      <trkpt lat="48.837182" lon="-3.500716">
        <ele>1.404806</ele>
        <time>2022-03-12T05:43:38.137Z</time>
      </trkpt>
      <trkpt lat="48.837044" lon="-3.501156">
        <ele>1.316473</ele>
        <time>2022-03-12T05:44:23.522Z</time>
      </trkpt>
      <trkpt lat="48.836869" lon="-3.501389">
        <ele>1.252403</ele>
        <time>2022-03-12T05:44:56.306Z</time>
      </trkpt>
      <trkpt lat="48.836790" lon="-3.501492">
        <ele>1.223739</ele>
        <time>2022-03-12T05:45:11.179Z</time>
      </trkpt>
      <trkpt lat="48.836759" lon="-3.501531">
        <ele>1.212656</ele>
        <time>2022-03-12T05:45:16.774Z</time>
      </trkpt>
      <trkpt lat="48.836648" lon="-3.501662">
        <ele>1.173955</ele>
        <time>2022-03-12T05:45:36.615Z</time>
      </trkpt>
      <trkpt lat="48.836328" lon="-3.501817">
        <ele>1.081474</ele>
        <time>2022-03-12T05:46:23.974Z</time>
      </trkpt>
      <trkpt lat="48.835749" lon="-3.502635">
        <ele>1.167853</ele>
        <time>2022-03-12T05:48:15.328Z</time>
      </trkpt>
      <trkpt lat="48.835697" lon="-3.502674">
        <ele>1.178422</ele>
        <time>2022-03-12T05:48:23.543Z</time>
      </trkpt>
      <trkpt lat="48.835617" lon="-3.502726">
        <ele>1.194281</ele>
        <time>2022-03-12T05:48:35.924Z</time>
      </trkpt>
      <trkpt lat="48.835013" lon="-3.503614">
        <ele>1.347466</ele>
        <time>2022-03-12T05:50:34.307Z</time>
      </trkpt>
      <trkpt lat="48.834658" lon="-3.503977">
        <ele>1.529968</ele>
        <time>2022-03-12T05:51:34.608Z</time>
      </trkpt>
      <trkpt lat="48.834526" lon="-3.504320">
        <ele>1.675490</ele>
        <time>2022-03-12T05:52:11.587Z</time>
      </trkpt>
      <trkpt lat="48.833822" lon="-3.504603">
        <ele>2.080696</ele>
        <time>2022-03-12T05:53:55.764Z</time>
      </trkpt>
      <trkpt lat="48.833686" lon="-3.504861">
        <ele>2.201758</ele>
        <time>2022-03-12T05:54:27.273Z</time>
      </trkpt>
      <trkpt lat="48.833527" lon="-3.504776">
        <ele>2.295548</ele>
        <time>2022-03-12T05:54:51.612Z</time>
      </trkpt>
      <trkpt lat="48.833527" lon="-3.504776">
        <ele>2.295548</ele>
        <time>2022-03-12T05:54:51.678Z</time>
      </trkpt>
      <trkpt lat="48.833490" lon="-3.504833">
        <ele>2.324869</ele>
        <time>2022-03-12T05:54:59.328Z</time>
      </trkpt>
      <trkpt lat="48.833714" lon="-3.505186">
        <ele>2.472671</ele>
        <time>2022-03-12T05:55:45.977Z</time>
      </trkpt>
      <trkpt lat="48.833783" lon="-3.505396">
        <ele>2.537470</ele>
        <time>2022-03-12T05:56:08.503Z</time>
      </trkpt>
      <trkpt lat="48.833935" lon="-3.505706">
        <ele>2.644191</ele>
        <time>2022-03-12T05:56:44.688Z</time>
      </trkpt>
      <trkpt lat="48.834201" lon="-3.506098">
        <ele>2.799624</ele>
        <time>2022-03-12T05:57:37.449Z</time>
      </trkpt>
      <trkpt lat="48.834201" lon="-3.506098">
        <ele>2.799624</ele>
        <time>2022-03-12T05:57:37.449Z</time>
      </trkpt>
      <trkpt lat="48.834342" lon="-3.506378">
        <ele>2.896954</ele>
        <time>2022-03-12T05:58:10.628Z</time>
      </trkpt>
      <trkpt lat="48.834768" lon="-3.507041">
        <ele>3.099558</ele>
        <time>2022-03-12T05:59:36.923Z</time>
      </trkpt>
      <trkpt lat="48.834822" lon="-3.507122">
        <ele>3.057749</ele>
        <time>2022-03-12T05:59:47.675Z</time>
      </trkpt>
      <trkpt lat="48.834852" lon="-3.507364">
        <ele>2.968445</ele>
        <time>2022-03-12T06:00:10.766Z</time>
      </trkpt>
      <trkpt lat="48.834804" lon="-3.507536">
        <ele>2.900694</ele>
        <time>2022-03-12T06:00:28.281Z</time>
      </trkpt>
      <trkpt lat="48.834563" lon="-3.507764">
        <ele>2.744275</ele>
        <time>2022-03-12T06:01:08.804Z</time>
      </trkpt>
      <trkpt lat="48.834558" lon="-3.507975">
        <ele>2.667706</ele>
        <time>2022-03-12T06:01:28.773Z</time>
      </trkpt>
      <trkpt lat="48.834670" lon="-3.508268">
        <ele>2.544831</ele>
        <time>2022-03-12T06:02:00.892Z</time>
      </trkpt>
      <trkpt lat="48.834690" lon="-3.508348">
        <ele>2.513797</ele>
        <time>2022-03-12T06:02:09.096Z</time>
      </trkpt>
      <trkpt lat="48.834676" lon="-3.508495">
        <ele>2.459932</ele>
        <time>2022-03-12T06:02:22.789Z</time>
      </trkpt>
      <trkpt lat="48.834643" lon="-3.508772">
        <ele>2.357845</ele>
        <time>2022-03-12T06:02:49.163Z</time>
      </trkpt>
      <trkpt lat="48.834624" lon="-3.508936">
        <ele>2.297456</ele>
        <time>2022-03-12T06:03:04.597Z</time>
      </trkpt>
      <trkpt lat="48.834611" lon="-3.509093">
        <ele>2.240071</ele>
        <time>2022-03-12T06:03:19.438Z</time>
      </trkpt>
      <trkpt lat="48.834600" lon="-3.509226">
        <ele>2.191458</ele>
        <time>2022-03-12T06:03:31.986Z</time>
      </trkpt>
      <trkpt lat="48.834584" lon="-3.509363">
        <ele>2.140999</ele>
        <time>2022-03-12T06:03:45.253Z</time>
      </trkpt>
      <trkpt lat="48.834570" lon="-3.509487">
        <ele>2.180430</ele>
        <time>2022-03-12T06:03:57.148Z</time>
      </trkpt>
      <trkpt lat="48.834587" lon="-3.509619">
        <ele>2.227194</ele>
        <time>2022-03-12T06:04:09.617Z</time>
      </trkpt>
      <trkpt lat="48.834583" lon="-3.509686">
        <ele>2.250585</ele>
        <time>2022-03-12T06:04:15.851Z</time>
      </trkpt>
      <trkpt lat="48.834589" lon="-3.510003">
        <ele>2.360846</ele>
        <time>2022-03-12T06:04:45.335Z</time>
      </trkpt>
      <trkpt lat="48.834495" lon="-3.510288">
        <ele>2.471680</ele>
        <time>2022-03-12T06:05:14.751Z</time>
      </trkpt>
      <trkpt lat="48.834441" lon="-3.510450">
        <ele>2.534816</ele>
        <time>2022-03-12T06:05:31.789Z</time>
      </trkpt>
      <trkpt lat="48.834429" lon="-3.510480">
        <ele>2.547021</ele>
        <time>2022-03-12T06:05:35.057Z</time>
      </trkpt>
      <trkpt lat="48.834283" lon="-3.510834">
        <ele>2.692266</ele>
        <time>2022-03-12T06:06:13.831Z</time>
      </trkpt>
      <trkpt lat="48.834279" lon="-3.510863">
        <ele>2.702568</ele>
        <time>2022-03-12T06:06:17.119Z</time>
      </trkpt>
      <trkpt lat="48.833968" lon="-3.510811">
        <ele>2.867833</ele>
        <time>2022-03-12T06:07:01.182Z</time>
      </trkpt>
      <trkpt lat="48.833921" lon="-3.510801">
        <ele>2.892901</ele>
        <time>2022-03-12T06:07:08.874Z</time>
      </trkpt>
      <trkpt lat="48.833589" lon="-3.510674">
        <ele>3.073740</ele>
        <time>2022-03-12T06:07:58.869Z</time>
      </trkpt>
      <trkpt lat="48.832657" lon="-3.509994">
        <ele>4.983314</ele>
        <time>2022-03-12T06:10:34.661Z</time>
      </trkpt>
      <trkpt lat="48.832596" lon="-3.510016">
        <ele>5.101462</ele>
        <time>2022-03-12T06:10:44.334Z</time>
      </trkpt>
      <trkpt lat="48.832739" lon="-3.510141">
        <ele>5.412368</ele>
        <time>2022-03-12T06:11:08.009Z</time>
      </trkpt>
      <trkpt lat="48.832619" lon="-3.510287">
        <ele>5.702089</ele>
        <time>2022-03-12T06:11:32.128Z</time>
      </trkpt>
      <trkpt lat="48.832326" lon="-3.510764">
        <ele>6.496405</ele>
        <time>2022-03-12T06:12:36.413Z</time>
      </trkpt>
      <trkpt lat="48.831858" lon="-3.511177">
        <ele>7.053584</ele>
        <time>2022-03-12T06:13:56.231Z</time>
      </trkpt>
      <trkpt lat="48.831843" lon="-3.511221">
        <ele>7.087163</ele>
        <time>2022-03-12T06:14:01.962Z</time>
      </trkpt>
      <trkpt lat="48.831771" lon="-3.511138">
        <ele>7.180209</ele>
        <time>2022-03-12T06:14:15.352Z</time>
      </trkpt>
      <trkpt lat="48.831660" lon="-3.511023">
        <ele>7.318524</ele>
        <time>2022-03-12T06:14:34.470Z</time>
      </trkpt>
      <trkpt lat="48.831571" lon="-3.510928">
        <ele>7.430502</ele>
        <time>2022-03-12T06:14:50.400Z</time>
      </trkpt>
      <trkpt lat="48.831411" lon="-3.510777">
        <ele>7.624414</ele>
        <time>2022-03-12T06:15:18.130Z</time>
      </trkpt>
      <trkpt lat="48.831340" lon="-3.510730">
        <ele>7.704144</ele>
        <time>2022-03-12T06:15:29.233Z</time>
      </trkpt>
      <trkpt lat="48.831264" lon="-3.510707">
        <ele>7.783920</ele>
        <time>2022-03-12T06:15:40.166Z</time>
      </trkpt>
      <trkpt lat="48.831195" lon="-3.510692">
        <ele>7.855677</ele>
        <time>2022-03-12T06:15:50.901Z</time>
      </trkpt>
      <trkpt lat="48.831126" lon="-3.510686">
        <ele>7.926826</ele>
        <time>2022-03-12T06:16:00.590Z</time>
      </trkpt>
      <trkpt lat="48.831083" lon="-3.510685">
        <ele>7.971098</ele>
        <time>2022-03-12T06:16:06.626Z</time>
      </trkpt>
      <trkpt lat="48.830851" lon="-3.510679">
        <ele>8.209968</ele>
        <time>2022-03-12T06:16:39.595Z</time>
      </trkpt>
      <trkpt lat="48.830479" lon="-3.510668">
        <ele>8.105960</ele>
        <time>2022-03-12T06:17:31.941Z</time>
      </trkpt>
      <trkpt lat="48.829721" lon="-3.510656">
        <ele>7.441295</ele>
        <time>2022-03-12T06:19:20.407Z</time>
      </trkpt>
      <trkpt lat="48.829600" lon="-3.510654">
        <ele>7.335194</ele>
        <time>2022-03-12T06:19:37.767Z</time>
      </trkpt>
      <trkpt lat="48.829564" lon="-3.510654">
        <ele>7.303629</ele>
        <time>2022-03-12T06:19:43.050Z</time>
      </trkpt>
      <trkpt lat="48.829517" lon="-3.510656">
        <ele>7.262402</ele>
        <time>2022-03-12T06:19:49.866Z</time>
      </trkpt>
      <trkpt lat="48.829101" lon="-3.510635">
        <ele>6.897444</ele>
        <time>2022-03-12T06:20:49.699Z</time>
      </trkpt>
      <trkpt lat="48.828641" lon="-3.510630">
        <ele>6.571491</ele>
        <time>2022-03-12T06:21:55.768Z</time>
      </trkpt>
      <trkpt lat="48.828352" lon="-3.510629">
        <ele>6.393870</ele>
        <time>2022-03-12T06:22:37.045Z</time>
      </trkpt>
      <trkpt lat="48.828281" lon="-3.510626">
        <ele>6.350216</ele>
        <time>2022-03-12T06:22:47.255Z</time>
      </trkpt>
      <trkpt lat="48.827908" lon="-3.510614">
        <ele>6.120917</ele>
        <time>2022-03-12T06:23:40.485Z</time>
      </trkpt>
      <trkpt lat="48.827886" lon="-3.510613">
        <ele>6.107390</ele>
        <time>2022-03-12T06:23:43.546Z</time>
      </trkpt>
      <trkpt lat="48.827833" lon="-3.510612">
        <ele>6.074813</ele>
        <time>2022-03-12T06:23:51.099Z</time>
      </trkpt>
      <trkpt lat="48.827782" lon="-3.510537">
        <ele>6.031186</ele>
        <time>2022-03-12T06:24:01.049Z</time>
      </trkpt>
      <trkpt lat="48.827662" lon="-3.510421">
        <ele>5.943766</ele>
        <time>2022-03-12T06:24:21.119Z</time>
      </trkpt>
      <trkpt lat="48.827592" lon="-3.510190">
        <ele>5.840874</ele>
        <time>2022-03-12T06:24:44.641Z</time>
      </trkpt>
      <trkpt lat="48.827399" lon="-3.510008">
        <ele>5.701256</ele>
        <time>2022-03-12T06:25:16.426Z</time>
      </trkpt>
      <trkpt lat="48.827323" lon="-3.509919">
        <ele>5.648932</ele>
        <time>2022-03-12T06:25:29.993Z</time>
      </trkpt>
      <trkpt lat="48.827306" lon="-3.509872">
        <ele>5.655196</ele>
        <time>2022-03-12T06:25:35.100Z</time>
      </trkpt>
      <trkpt lat="48.826776" lon="-3.509340">
        <ele>5.767905</ele>
        <time>2022-03-12T06:27:04.659Z</time>
      </trkpt>
      <trkpt lat="48.826617" lon="-3.509117">
        <ele>5.806301</ele>
        <time>2022-03-12T06:27:35.429Z</time>
      </trkpt>
      <trkpt lat="48.826209" lon="-3.508563">
        <ele>5.903394</ele>
        <time>2022-03-12T06:28:52.756Z</time>
      </trkpt>
      <trkpt lat="48.826222" lon="-3.508532">
        <ele>5.907688</ele>
        <time>2022-03-12T06:28:56.200Z</time>
      </trkpt>
      <trkpt lat="48.825833" lon="-3.507391">
        <ele>5.830959</ele>
        <time>2022-03-12T06:30:55.548Z</time>
      </trkpt>
      <trkpt lat="48.825680" lon="-3.506674">
        <ele>5.700083</ele>
        <time>2022-03-12T06:32:05.369Z</time>
      </trkpt>
      <trkpt lat="48.825474" lon="-3.506301">
        <ele>5.615543</ele>
        <time>2022-03-12T06:32:50.832Z</time>
      </trkpt>
      <trkpt lat="48.825375" lon="-3.505988">
        <ele>5.555247</ele>
        <time>2022-03-12T06:33:23.334Z</time>
      </trkpt>
      <trkpt lat="48.825228" lon="-3.505816">
        <ele>5.506306</ele>
        <time>2022-03-12T06:33:49.641Z</time>
      </trkpt>
      <trkpt lat="48.825162" lon="-3.505069">
        <ele>5.389350</ele>
        <time>2022-03-12T06:35:00.072Z</time>
      </trkpt>
      <trkpt lat="48.825175" lon="-3.504756">
        <ele>5.341385</ele>
        <time>2022-03-12T06:35:29.326Z</time>
      </trkpt>
      <trkpt lat="48.825069" lon="-3.504120">
        <ele>5.241047</ele>
        <time>2022-03-12T06:36:29.981Z</time>
      </trkpt>
      <trkpt lat="48.824889" lon="-3.503646">
        <ele>5.157358</ele>
        <time>2022-03-12T06:37:20.454Z</time>
      </trkpt>
      <trkpt lat="48.824725" lon="-3.503437">
        <ele>5.107627</ele>
        <time>2022-03-12T06:37:50.501Z</time>
      </trkpt>
      <trkpt lat="48.824564" lon="-3.503232">
        <ele>5.064138</ele>
        <time>2022-03-12T06:38:20.577Z</time>
      </trkpt>
      <trkpt lat="48.824265" lon="-3.503060">
        <ele>5.015316</ele>
        <time>2022-03-12T06:39:05.585Z</time>
      </trkpt>
      <trkpt lat="48.824240" lon="-3.503033">
        <ele>5.010632</ele>
        <time>2022-03-12T06:39:10.413Z</time>
      </trkpt>
      <trkpt lat="48.824158" lon="-3.502821">
        <ele>4.985913</ele>
        <time>2022-03-12T06:39:33.284Z</time>
      </trkpt>
      <trkpt lat="48.824311" lon="-3.501748">
        <ele>4.875539</ele>
        <time>2022-03-12T06:41:14.619Z</time>
      </trkpt>
      <trkpt lat="48.824307" lon="-3.501266">
        <ele>4.827078</ele>
        <time>2022-03-12T06:41:59.380Z</time>
      </trkpt>
      <trkpt lat="48.824565" lon="-3.500810">
        <ele>4.624425</ele>
        <time>2022-03-12T06:42:55.753Z</time>
      </trkpt>
      <trkpt lat="48.824543" lon="-3.500764">
        <ele>4.594113</ele>
        <time>2022-03-12T06:43:01.140Z</time>
      </trkpt>
      <trkpt lat="48.824548" lon="-3.500691">
        <ele>4.554983</ele>
        <time>2022-03-12T06:43:08.221Z</time>
      </trkpt>
      <trkpt lat="48.824802" lon="-3.500417">
        <ele>4.302700</ele>
        <time>2022-03-12T06:43:52.886Z</time>
      </trkpt>
      <trkpt lat="48.825439" lon="-3.500267">
        <ele>3.780700</ele>
        <time>2022-03-12T06:45:25.563Z</time>
      </trkpt>
      <trkpt lat="48.825565" lon="-3.500269">
        <ele>3.678661</ele>
        <time>2022-03-12T06:45:43.554Z</time>
      </trkpt>
      <trkpt lat="48.825657" lon="-3.500320">
        <ele>3.599354</ele>
        <time>2022-03-12T06:45:57.418Z</time>
      </trkpt>
      <trkpt lat="48.825777" lon="-3.500355">
        <ele>3.500403</ele>
        <time>2022-03-12T06:46:14.669Z</time>
      </trkpt>
      <trkpt lat="48.826232" lon="-3.500870">
        <ele>3.593332</ele>
        <time>2022-03-12T06:47:34.496Z</time>
      </trkpt>
      <trkpt lat="48.826502" lon="-3.501343">
        <ele>3.869589</ele>
        <time>2022-03-12T06:48:32.925Z</time>
      </trkpt>
      <trkpt lat="48.826525" lon="-3.501511">
        <ele>3.945309</ele>
        <time>2022-03-12T06:48:49.021Z</time>
      </trkpt>
      <trkpt lat="48.826525" lon="-3.501511">
        <ele>3.945309</ele>
        <time>2022-03-12T06:48:49.021Z</time>
      </trkpt>
      <trkpt lat="48.826498" lon="-3.501778">
        <ele>4.064511</ele>
        <time>2022-03-12T06:49:14.740Z</time>
      </trkpt>
      <trkpt lat="48.826447" lon="-3.502088">
        <ele>4.205512</ele>
        <time>2022-03-12T06:49:45.289Z</time>
      </trkpt>
      <trkpt lat="48.826464" lon="-3.502380">
        <ele>4.334867</ele>
        <time>2022-03-12T06:50:14.058Z</time>
      </trkpt>
      <trkpt lat="48.826554" lon="-3.502673">
        <ele>4.477542</ele>
        <time>2022-03-12T06:50:45.485Z</time>
      </trkpt>
      <trkpt lat="48.827121" lon="-3.502960">
        <ele>4.915530</ele>
        <time>2022-03-12T06:52:13.762Z</time>
      </trkpt>
      <trkpt lat="48.827428" lon="-3.502953">
        <ele>5.144692</ele>
        <time>2022-03-12T06:52:58.568Z</time>
      </trkpt>
      <trkpt lat="48.827891" lon="-3.502809">
        <ele>5.497432</ele>
        <time>2022-03-12T06:54:06.729Z</time>
      </trkpt>
      <trkpt lat="48.827971" lon="-3.502859">
        <ele>5.561998</ele>
        <time>2022-03-12T06:54:19.294Z</time>
      </trkpt>
      <trkpt lat="48.828514" lon="-3.502734">
        <ele>5.843567</ele>
        <time>2022-03-12T06:55:36.635Z</time>
      </trkpt>
      <trkpt lat="48.828737" lon="-3.502586">
        <ele>5.736336</ele>
        <time>2022-03-12T06:56:11.134Z</time>
      </trkpt>
      <trkpt lat="48.828775" lon="-3.502593">
        <ele>5.719469</ele>
        <time>2022-03-12T06:56:16.508Z</time>
      </trkpt>
      <trkpt lat="48.828966" lon="-3.502631">
        <ele>5.634589</ele>
        <time>2022-03-12T06:56:43.507Z</time>
      </trkpt>
      <trkpt lat="48.829106" lon="-3.502508">
        <ele>5.563324</ele>
        <time>2022-03-12T06:57:06.698Z</time>
      </trkpt>
      <trkpt lat="48.829244" lon="-3.502277">
        <ele>5.472839</ele>
        <time>2022-03-12T06:57:35.863Z</time>
      </trkpt>
      <trkpt lat="48.829364" lon="-3.501931">
        <ele>5.359397</ele>
        <time>2022-03-12T06:58:12.893Z</time>
      </trkpt>
      <trkpt lat="48.829333" lon="-3.500832">
        <ele>5.077964</ele>
        <time>2022-03-12T06:59:55.506Z</time>
      </trkpt>
      <trkpt lat="48.829498" lon="-3.500040">
        <ele>4.992493</ele>
        <time>2022-03-12T07:01:12.519Z</time>
      </trkpt>
      <trkpt lat="48.829501" lon="-3.499802">
        <ele>4.968001</ele>
        <time>2022-03-12T07:01:34.696Z</time>
      </trkpt>
      <trkpt lat="48.829380" lon="-3.499178">
        <ele>4.901071</ele>
        <time>2022-03-12T07:02:34.707Z</time>
      </trkpt>
      <trkpt lat="48.829363" lon="-3.499037">
        <ele>4.886322</ele>
        <time>2022-03-12T07:02:48.173Z</time>
      </trkpt>
      <trkpt lat="48.829363" lon="-3.499037">
        <ele>4.886322</ele>
        <time>2022-03-12T07:02:48.173Z</time>
      </trkpt>
      <trkpt lat="48.829359" lon="-3.498671">
        <ele>4.848660</ele>
        <time>2022-03-12T07:03:22.048Z</time>
      </trkpt>
      <trkpt lat="48.829367" lon="-3.498385">
        <ele>4.819207</ele>
        <time>2022-03-12T07:03:48.786Z</time>
      </trkpt>
      <trkpt lat="48.829286" lon="-3.497831">
        <ele>4.715224</ele>
        <time>2022-03-12T07:04:41.629Z</time>
      </trkpt>
      <trkpt lat="48.829238" lon="-3.497732">
        <ele>4.692405</ele>
        <time>2022-03-12T07:04:53.339Z</time>
      </trkpt>
      <trkpt lat="48.829227" lon="-3.497711">
        <ele>4.687424</ele>
        <time>2022-03-12T07:04:56.322Z</time>
      </trkpt>
      <trkpt lat="48.829223" lon="-3.497524">
        <ele>4.652701</ele>
        <time>2022-03-12T07:05:13.820Z</time>
      </trkpt>
      <trkpt lat="48.829361" lon="-3.496838">
        <ele>4.519575</ele>
        <time>2022-03-12T07:06:20.126Z</time>
      </trkpt>
      <trkpt lat="48.829353" lon="-3.496708">
        <ele>4.495343</ele>
        <time>2022-03-12T07:06:32.540Z</time>
      </trkpt>
      <trkpt lat="48.828973" lon="-3.496584">
        <ele>4.385770</ele>
        <time>2022-03-12T07:07:27.354Z</time>
      </trkpt>
      <trkpt lat="48.828894" lon="-3.496541">
        <ele>4.362112</ele>
        <time>2022-03-12T07:07:39.737Z</time>
      </trkpt>
      <trkpt lat="48.828825" lon="-3.496474">
        <ele>4.339025</ele>
        <time>2022-03-12T07:07:51.457Z</time>
      </trkpt>
      <trkpt lat="48.828634" lon="-3.496222">
        <ele>4.312450</ele>
        <time>2022-03-12T07:08:27.167Z</time>
      </trkpt>
      <trkpt lat="48.828428" lon="-3.495708">
        <ele>4.317623</ele>
        <time>2022-03-12T07:09:23.023Z</time>
      </trkpt>
      <trkpt lat="48.828267" lon="-3.495307">
        <ele>4.321661</ele>
        <time>2022-03-12T07:10:06.483Z</time>
      </trkpt>
      <trkpt lat="48.828255" lon="-3.495024">
        <ele>4.324099</ele>
        <time>2022-03-12T07:10:32.769Z</time>
      </trkpt>
      <trkpt lat="48.828204" lon="-3.494559">
        <ele>4.328151</ele>
        <time>2022-03-12T07:11:16.526Z</time>
      </trkpt>
      <trkpt lat="48.828169" lon="-3.494198">
        <ele>4.331288</ele>
        <time>2022-03-12T07:11:51.073Z</time>
      </trkpt>
      <trkpt lat="48.828075" lon="-3.494274">
        <ele>4.332678</ele>
        <time>2022-03-12T07:12:05.982Z</time>
      </trkpt>
      <trkpt lat="48.827576" lon="-3.494345">
        <ele>4.229863</ele>
        <time>2022-03-12T07:13:16.881Z</time>
      </trkpt>
      <trkpt lat="48.827393" lon="-3.494439">
        <ele>4.180005</ele>
        <time>2022-03-12T07:13:44.115Z</time>
      </trkpt>
      <trkpt lat="48.826881" lon="-3.494673">
        <ele>4.042012</ele>
        <time>2022-03-12T07:14:59.357Z</time>
      </trkpt>
      <trkpt lat="48.826881" lon="-3.493876">
        <ele>3.906594</ele>
        <time>2022-03-12T07:16:13.882Z</time>
      </trkpt>
      <trkpt lat="48.827123" lon="-3.493283">
        <ele>3.722034</ele>
        <time>2022-03-12T07:17:18.998Z</time>
      </trkpt>
      <trkpt lat="48.827212" lon="-3.493004">
        <ele>3.626792</ele>
        <time>2022-03-12T07:17:48.235Z</time>
      </trkpt>
      <trkpt lat="48.827293" lon="-3.492752">
        <ele>3.540642</ele>
        <time>2022-03-12T07:18:14.479Z</time>
      </trkpt>
      <trkpt lat="48.827318" lon="-3.492647">
        <ele>3.506341</ele>
        <time>2022-03-12T07:18:24.954Z</time>
      </trkpt>
      <trkpt lat="48.827302" lon="-3.492600">
        <ele>3.490086</ele>
        <time>2022-03-12T07:18:30.010Z</time>
      </trkpt>
      <trkpt lat="48.826856" lon="-3.492105">
        <ele>3.232329</ele>
        <time>2022-03-12T07:19:48.714Z</time>
      </trkpt>
      <trkpt lat="48.826831" lon="-3.492077">
        <ele>3.217835</ele>
        <time>2022-03-12T07:19:53.089Z</time>
      </trkpt>
      <trkpt lat="48.826655" lon="-3.491864">
        <ele>3.112826</ele>
        <time>2022-03-12T07:20:24.874Z</time>
      </trkpt>
      <trkpt lat="48.826425" lon="-3.491587">
        <ele>3.150519</ele>
        <time>2022-03-12T07:21:06.575Z</time>
      </trkpt>
      <trkpt lat="48.826048" lon="-3.491331">
        <ele>3.574596</ele>
        <time>2022-03-12T07:22:06.471Z</time>
      </trkpt>
      <trkpt lat="48.825895" lon="-3.491293">
        <ele>3.733802</ele>
        <time>2022-03-12T07:22:29.192Z</time>
      </trkpt>
      <trkpt lat="48.825799" lon="-3.491279">
        <ele>3.832840</ele>
        <time>2022-03-12T07:22:43.569Z</time>
      </trkpt>
      <trkpt lat="48.825704" lon="-3.490868">
        <ele>4.127337</ele>
        <time>2022-03-12T07:23:25.007Z</time>
      </trkpt>
      <trkpt lat="48.825610" lon="-3.490595">
        <ele>4.335626</ele>
        <time>2022-03-12T07:23:54.126Z</time>
      </trkpt>
      <trkpt lat="48.825576" lon="-3.490371">
        <ele>4.491041</ele>
        <time>2022-03-12T07:24:16.662Z</time>
      </trkpt>
      <trkpt lat="48.825483" lon="-3.489948">
        <ele>4.792550</ele>
        <time>2022-03-12T07:24:59.779Z</time>
      </trkpt>
      <trkpt lat="48.825311" lon="-3.489270">
        <ele>5.378284</ele>
        <time>2022-03-12T07:26:10.802Z</time>
      </trkpt>
      <trkpt lat="48.825294" lon="-3.489193">
        <ele>5.445963</ele>
        <time>2022-03-12T07:26:18.950Z</time>
      </trkpt>
      <trkpt lat="48.825353" lon="-3.489249">
        <ele>5.534025</ele>
        <time>2022-03-12T07:26:28.728Z</time>
      </trkpt>
      <trkpt lat="48.825841" lon="-3.488907">
        <ele>6.214301</ele>
        <time>2022-03-12T07:27:48.685Z</time>
      </trkpt>
      <trkpt lat="48.825941" lon="-3.488728">
        <ele>6.409934</ele>
        <time>2022-03-12T07:28:12.427Z</time>
      </trkpt>
      <trkpt lat="48.825953" lon="-3.487989">
        <ele>7.025946</ele>
        <time>2022-03-12T07:29:22.699Z</time>
      </trkpt>
      <trkpt lat="48.825694" lon="-3.486716">
        <ele>7.319239</ele>
        <time>2022-03-12T07:31:25.806Z</time>
      </trkpt>
      <trkpt lat="48.825717" lon="-3.486614">
        <ele>7.334339</ele>
        <time>2022-03-12T07:31:36.871Z</time>
      </trkpt>
      <trkpt lat="48.825744" lon="-3.486562">
        <ele>7.343614</ele>
        <time>2022-03-12T07:31:43.084Z</time>
      </trkpt>
      <trkpt lat="48.826004" lon="-3.486228">
        <ele>7.416054</ele>
        <time>2022-03-12T07:32:31.140Z</time>
      </trkpt>
      <trkpt lat="48.826390" lon="-3.485565">
        <ele>7.528043</ele>
        <time>2022-03-12T07:33:53.149Z</time>
      </trkpt>
      <trkpt lat="48.826450" lon="-3.485466">
        <ele>7.476255</ele>
        <time>2022-03-12T07:34:05.873Z</time>
      </trkpt>
      <trkpt lat="48.826553" lon="-3.485376">
        <ele>7.406790</ele>
        <time>2022-03-12T07:34:22.619Z</time>
      </trkpt>
      <trkpt lat="48.826677" lon="-3.485455">
        <ele>7.328183</ele>
        <time>2022-03-12T07:34:41.823Z</time>
      </trkpt>
      <trkpt lat="48.826751" lon="-3.485488">
        <ele>7.283098</ele>
        <time>2022-03-12T07:34:52.655Z</time>
      </trkpt>
      <trkpt lat="48.826770" lon="-3.485492">
        <ele>7.271885</ele>
        <time>2022-03-12T07:34:55.484Z</time>
      </trkpt>
      <trkpt lat="48.826844" lon="-3.485507">
        <ele>7.228241</ele>
        <time>2022-03-12T07:35:06.030Z</time>
      </trkpt>
      <trkpt lat="48.827319" lon="-3.485560">
        <ele>6.949813</ele>
        <time>2022-03-12T07:36:13.954Z</time>
      </trkpt>
      <trkpt lat="48.827411" lon="-3.485509">
        <ele>6.892561</ele>
        <time>2022-03-12T07:36:27.954Z</time>
      </trkpt>
      <trkpt lat="48.827513" lon="-3.485530">
        <ele>6.832388</ele>
        <time>2022-03-12T07:36:42.866Z</time>
      </trkpt>
      <trkpt lat="48.827769" lon="-3.485687">
        <ele>6.670996</ele>
        <time>2022-03-12T07:37:21.552Z</time>
      </trkpt>
      <trkpt lat="48.828087" lon="-3.486072">
        <ele>6.378200</ele>
        <time>2022-03-12T07:38:19.448Z</time>
      </trkpt>
      <trkpt lat="48.828165" lon="-3.486140">
        <ele>6.270025</ele>
        <time>2022-03-12T07:38:32.774Z</time>
      </trkpt>
      <trkpt lat="48.828248" lon="-3.486159">
        <ele>6.169063</ele>
        <time>2022-03-12T07:38:44.747Z</time>
      </trkpt>
      <trkpt lat="48.828379" lon="-3.486153">
        <ele>6.011420</ele>
        <time>2022-03-12T07:39:03.225Z</time>
      </trkpt>
      <trkpt lat="48.828553" lon="-3.486095">
        <ele>5.797146</ele>
        <time>2022-03-12T07:39:29.492Z</time>
      </trkpt>
      <trkpt lat="48.828736" lon="-3.486065">
        <ele>5.575749</ele>
        <time>2022-03-12T07:39:55.183Z</time>
      </trkpt>
      <trkpt lat="48.828814" lon="-3.486052">
        <ele>5.481365</ele>
        <time>2022-03-12T07:40:06.789Z</time>
      </trkpt>
      <trkpt lat="48.829115" lon="-3.486251">
        <ele>5.086507</ele>
        <time>2022-03-12T07:40:54.037Z</time>
      </trkpt>
      <trkpt lat="48.829215" lon="-3.486326">
        <ele>4.952362</ele>
        <time>2022-03-12T07:41:10.551Z</time>
      </trkpt>
      <trkpt lat="48.829361" lon="-3.486458">
        <ele>4.747997</ele>
        <time>2022-03-12T07:41:34.613Z</time>
      </trkpt>
      <trkpt lat="48.829503" lon="-3.486626">
        <ele>4.531502</ele>
        <time>2022-03-12T07:42:00.850Z</time>
      </trkpt>
      <trkpt lat="48.829705" lon="-3.486880">
        <ele>4.276134</ele>
        <time>2022-03-12T07:42:38.201Z</time>
      </trkpt>
      <trkpt lat="48.829844" lon="-3.487088">
        <ele>4.174654</ele>
        <time>2022-03-12T07:43:06.279Z</time>
      </trkpt>
      <trkpt lat="48.829907" lon="-3.487230">
        <ele>4.116025</ele>
        <time>2022-03-12T07:43:22.305Z</time>
      </trkpt>
      <trkpt lat="48.829956" lon="-3.487409">
        <ele>4.049652</ele>
        <time>2022-03-12T07:43:40.739Z</time>
      </trkpt>
      <trkpt lat="48.829980" lon="-3.487627">
        <ele>3.973976</ele>
        <time>2022-03-12T07:44:01.785Z</time>
      </trkpt>
      <trkpt lat="48.829995" lon="-3.487907">
        <ele>3.877792</ele>
        <time>2022-03-12T07:44:28.484Z</time>
      </trkpt>
      <trkpt lat="48.830002" lon="-3.488221">
        <ele>3.770223</ele>
        <time>2022-03-12T07:44:58.345Z</time>
      </trkpt>
      <trkpt lat="48.830002" lon="-3.488432">
        <ele>3.697981</ele>
        <time>2022-03-12T07:45:18.168Z</time>
      </trkpt>
      <trkpt lat="48.829985" lon="-3.488589">
        <ele>3.643505</ele>
        <time>2022-03-12T07:45:32.928Z</time>
      </trkpt>
      <trkpt lat="48.829969" lon="-3.488664">
        <ele>3.616512</ele>
        <time>2022-03-12T07:45:40.404Z</time>
      </trkpt>
      <trkpt lat="48.829952" lon="-3.488749">
        <ele>3.586096</ele>
        <time>2022-03-12T07:45:48.610Z</time>
      </trkpt>
      <trkpt lat="48.829862" lon="-3.488996">
        <ele>3.489437</ele>
        <time>2022-03-12T07:46:14.856Z</time>
      </trkpt>
      <trkpt lat="48.829888" lon="-3.489574">
        <ele>3.848990</ele>
        <time>2022-03-12T07:47:11.589Z</time>
      </trkpt>
      <trkpt lat="48.829884" lon="-3.489599">
        <ele>3.891739</ele>
        <time>2022-03-12T07:47:14.123Z</time>
      </trkpt>
      <trkpt lat="48.829873" lon="-3.489690">
        <ele>4.045470</ele>
        <time>2022-03-12T07:47:22.861Z</time>
      </trkpt>
      <trkpt lat="48.829799" lon="-3.490212">
        <ele>4.932699</ele>
        <time>2022-03-12T07:48:16.054Z</time>
      </trkpt>
      <trkpt lat="48.829788" lon="-3.490373">
        <ele>5.201651</ele>
        <time>2022-03-12T07:48:31.942Z</time>
      </trkpt>
      <trkpt lat="48.829796" lon="-3.490475">
        <ele>5.372331</ele>
        <time>2022-03-12T07:48:42.948Z</time>
      </trkpt>
      <trkpt lat="48.829824" lon="-3.490532">
        <ele>5.490503</ele>
        <time>2022-03-12T07:48:50.612Z</time>
      </trkpt>
      <trkpt lat="48.830260" lon="-3.490688">
        <ele>6.621106</ele>
        <time>2022-03-12T07:50:00.326Z</time>
      </trkpt>
      <trkpt lat="48.830422" lon="-3.490684">
        <ele>7.030058</ele>
        <time>2022-03-12T07:50:24.645Z</time>
      </trkpt>
      <trkpt lat="48.830533" lon="-3.490698">
        <ele>7.311192</ele>
        <time>2022-03-12T07:50:42.776Z</time>
      </trkpt>
      <trkpt lat="48.831080" lon="-3.490589">
        <ele>8.456453</ele>
        <time>2022-03-12T07:52:08.108Z</time>
      </trkpt>
      <trkpt lat="48.831313" lon="-3.490346">
        <ele>8.942953</ele>
        <time>2022-03-12T07:52:51.986Z</time>
      </trkpt>
      <trkpt lat="48.831434" lon="-3.490308">
        <ele>9.155643</ele>
        <time>2022-03-12T07:53:10.257Z</time>
      </trkpt>
      <trkpt lat="48.831583" lon="-3.490260">
        <ele>9.417830</ele>
        <time>2022-03-12T07:53:33.873Z</time>
      </trkpt>
      <trkpt lat="48.831633" lon="-3.490188">
        <ele>9.536421</ele>
        <time>2022-03-12T07:53:44.748Z</time>
      </trkpt>
      <trkpt lat="48.831601" lon="-3.489894">
        <ele>9.874085</ele>
        <time>2022-03-12T07:54:13.758Z</time>
      </trkpt>
      <trkpt lat="48.831623" lon="-3.489794">
        <ele>9.993558</ele>
        <time>2022-03-12T07:54:24.524Z</time>
      </trkpt>
      <trkpt lat="48.831667" lon="-3.489773">
        <ele>10.072948</ele>
        <time>2022-03-12T07:54:31.279Z</time>
      </trkpt>
      <trkpt lat="48.831732" lon="-3.489789">
        <ele>10.186296</ele>
        <time>2022-03-12T07:54:41.107Z</time>
      </trkpt>
      <trkpt lat="48.831822" lon="-3.489860">
        <ele>10.360863</ele>
        <time>2022-03-12T07:54:55.370Z</time>
      </trkpt>
      <trkpt lat="48.831907" lon="-3.489889">
        <ele>10.510824</ele>
        <time>2022-03-12T07:55:07.592Z</time>
      </trkpt>
      <trkpt lat="48.831944" lon="-3.489782">
        <ele>10.647779</ele>
        <time>2022-03-12T07:55:18.869Z</time>
      </trkpt>
      <trkpt lat="48.832065" lon="-3.489557">
        <ele>10.976995</ele>
        <time>2022-03-12T07:55:46.081Z</time>
      </trkpt>
      <trkpt lat="48.832269" lon="-3.489205">
        <ele>10.710488</ele>
        <time>2022-03-12T07:56:29.965Z</time>
      </trkpt>
      <trkpt lat="48.832221" lon="-3.489160">
        <ele>10.648176</ele>
        <time>2022-03-12T07:56:38.042Z</time>
      </trkpt>
      <trkpt lat="48.832008" lon="-3.488622">
        <ele>10.191624</ele>
        <time>2022-03-12T07:57:37.648Z</time>
      </trkpt>
      <trkpt lat="48.832074" lon="-3.488535">
        <ele>10.095089</ele>
        <time>2022-03-12T07:57:50.489Z</time>
      </trkpt>
      <trkpt lat="48.832008" lon="-3.488483">
        <ele>10.012953</ele>
        <time>2022-03-12T07:58:01.232Z</time>
      </trkpt>
      <trkpt lat="48.832051" lon="-3.488203">
        <ele>9.803865</ele>
        <time>2022-03-12T07:58:28.578Z</time>
      </trkpt>
      <trkpt lat="48.831986" lon="-3.488090">
        <ele>9.694736</ele>
        <time>2022-03-12T07:58:43.046Z</time>
      </trkpt>
      <trkpt lat="48.832047" lon="-3.487706">
        <ele>9.407469</ele>
        <time>2022-03-12T07:59:20.421Z</time>
      </trkpt>
      <trkpt lat="48.832041" lon="-3.487674">
        <ele>9.383272</ele>
        <time>2022-03-12T07:59:23.918Z</time>
      </trkpt>
      <trkpt lat="48.832022" lon="-3.487616">
        <ele>9.336160</ele>
        <time>2022-03-12T07:59:30.029Z</time>
      </trkpt>
      <trkpt lat="48.831992" lon="-3.487575">
        <ele>9.291580</ele>
        <time>2022-03-12T07:59:35.828Z</time>
      </trkpt>
      <trkpt lat="48.831916" lon="-3.487530">
        <ele>9.201467</ele>
        <time>2022-03-12T07:59:47.554Z</time>
      </trkpt>
      <trkpt lat="48.831917" lon="-3.487415">
        <ele>9.117830</ele>
        <time>2022-03-12T07:59:58.489Z</time>
      </trkpt>
      <trkpt lat="48.831902" lon="-3.487282">
        <ele>9.039306</ele>
        <time>2022-03-12T08:00:11.030Z</time>
      </trkpt>
      <trkpt lat="48.831938" lon="-3.487263">
        <ele>9.049888</ele>
        <time>2022-03-12T08:00:16.741Z</time>
      </trkpt>
      <trkpt lat="48.832056" lon="-3.487098">
        <ele>9.094421</ele>
        <time>2022-03-12T08:00:39.320Z</time>
      </trkpt>
      <trkpt lat="48.832087" lon="-3.487067">
        <ele>9.104726</ele>
        <time>2022-03-12T08:00:44.685Z</time>
      </trkpt>
      <trkpt lat="48.832094" lon="-3.487063">
        <ele>9.106803</ele>
        <time>2022-03-12T08:00:45.820Z</time>
      </trkpt>
      <trkpt lat="48.832118" lon="-3.487043">
        <ele>9.114404</ele>
        <time>2022-03-12T08:00:49.724Z</time>
      </trkpt>
      <trkpt lat="48.832202" lon="-3.486934">
        <ele>9.145079</ele>
        <time>2022-03-12T08:01:05.397Z</time>
      </trkpt>
      <trkpt lat="48.832421" lon="-3.486357">
        <ele>9.266819</ele>
        <time>2022-03-12T08:02:07.356Z</time>
      </trkpt>
      <trkpt lat="48.832411" lon="-3.486282">
        <ele>9.280806</ele>
        <time>2022-03-12T08:02:15.249Z</time>
      </trkpt>
      <trkpt lat="48.832492" lon="-3.486290">
        <ele>9.303345</ele>
        <time>2022-03-12T08:02:26.746Z</time>
      </trkpt>
      <trkpt lat="48.832855" lon="-3.486167">
        <ele>9.406617</ele>
        <time>2022-03-12T08:03:19.962Z</time>
      </trkpt>
      <trkpt lat="48.832948" lon="-3.486155">
        <ele>9.432533</ele>
        <time>2022-03-12T08:03:33.103Z</time>
      </trkpt>
      <trkpt lat="48.833092" lon="-3.486154">
        <ele>9.472518</ele>
        <time>2022-03-12T08:03:54.923Z</time>
      </trkpt>
      <trkpt lat="48.833366" lon="-3.486144">
        <ele>9.644378</ele>
        <time>2022-03-12T08:04:34.638Z</time>
      </trkpt>
      <trkpt lat="48.833538" lon="-3.486250">
        <ele>10.052977</ele>
        <time>2022-03-12T08:05:03.226Z</time>
      </trkpt>
      <trkpt lat="48.833711" lon="-3.486412">
        <ele>10.500343</ele>
        <time>2022-03-12T08:05:33.015Z</time>
      </trkpt>
      <trkpt lat="48.833786" lon="-3.486425">
        <ele>10.666515</ele>
        <time>2022-03-12T08:05:45.627Z</time>
      </trkpt>
      <trkpt lat="48.834108" lon="-3.485651">
        <ele>11.993274</ele>
        <time>2022-03-12T08:07:16.222Z</time>
      </trkpt>
      <trkpt lat="48.834334" lon="-3.485358">
        <ele>12.647308</ele>
        <time>2022-03-12T08:08:02.142Z</time>
      </trkpt>
      <trkpt lat="48.834419" lon="-3.485317">
        <ele>12.843626</ele>
        <time>2022-03-12T08:08:15.465Z</time>
      </trkpt>
      <trkpt lat="48.834737" lon="-3.485396">
        <ele>13.510850</ele>
        <time>2022-03-12T08:09:04.864Z</time>
      </trkpt>
      <trkpt lat="48.835091" lon="-3.485194">
        <ele>13.746541</ele>
        <time>2022-03-12T08:10:02.584Z</time>
      </trkpt>
      <trkpt lat="48.835265" lon="-3.485246">
        <ele>13.857070</ele>
        <time>2022-03-12T08:10:28.628Z</time>
      </trkpt>
      <trkpt lat="48.835522" lon="-3.485340">
        <ele>14.021830</ele>
        <time>2022-03-12T08:11:06.675Z</time>
      </trkpt>
      <trkpt lat="48.835660" lon="-3.485048">
        <ele>14.169305</ele>
        <time>2022-03-12T08:11:39.859Z</time>
      </trkpt>
      <trkpt lat="48.835781" lon="-3.484788">
        <ele>14.299940</ele>
        <time>2022-03-12T08:12:10.038Z</time>
      </trkpt>
      <trkpt lat="48.835913" lon="-3.484507">
        <ele>14.441568</ele>
        <time>2022-03-12T08:12:42.628Z</time>
      </trkpt>
      <trkpt lat="48.836120" lon="-3.484264">
        <ele>14.604615</ele>
        <time>2022-03-12T08:13:19.983Z</time>
      </trkpt>
      <trkpt lat="48.836218" lon="-3.484006">
        <ele>14.386828</ele>
        <time>2022-03-12T08:13:47.577Z</time>
      </trkpt>
      <trkpt lat="48.836242" lon="-3.483889">
        <ele>14.283855</ele>
        <time>2022-03-12T08:13:59.406Z</time>
      </trkpt>
      <trkpt lat="48.836258" lon="-3.483799">
        <ele>14.205522</ele>
        <time>2022-03-12T08:14:08.562Z</time>
      </trkpt>
      <trkpt lat="48.836362" lon="-3.483427">
        <ele>13.865921</ele>
        <time>2022-03-12T08:14:46.707Z</time>
      </trkpt>
      <trkpt lat="48.836391" lon="-3.483312">
        <ele>13.762443</ele>
        <time>2022-03-12T08:14:59.017Z</time>
      </trkpt>
      <trkpt lat="48.836417" lon="-3.483329">
        <ele>13.726309</ele>
        <time>2022-03-12T08:15:02.993Z</time>
      </trkpt>
      <trkpt lat="48.836434" lon="-3.483354">
        <ele>13.696106</ele>
        <time>2022-03-12T08:15:06.414Z</time>
      </trkpt>
      <trkpt lat="48.836543" lon="-3.483615">
        <ele>13.436382</ele>
        <time>2022-03-12T08:15:35.624Z</time>
      </trkpt>
      <trkpt lat="48.836560" lon="-3.483616">
        <ele>13.414664</ele>
        <time>2022-03-12T08:15:38.169Z</time>
      </trkpt>
      <trkpt lat="48.836614" lon="-3.483604">
        <ele>13.344996</ele>
        <time>2022-03-12T08:15:46.430Z</time>
      </trkpt>
      <trkpt lat="48.836777" lon="-3.483511">
        <ele>13.122726</ele>
        <time>2022-03-12T08:16:11.519Z</time>
      </trkpt>
      <trkpt lat="48.836914" lon="-3.483598">
        <ele>12.933173</ele>
        <time>2022-03-12T08:16:32.638Z</time>
      </trkpt>
      <trkpt lat="48.837128" lon="-3.483577">
        <ele>12.659418</ele>
        <time>2022-03-12T08:17:03.740Z</time>
      </trkpt>
      <trkpt lat="48.837176" lon="-3.483462">
        <ele>12.544999</ele>
        <time>2022-03-12T08:17:16.289Z</time>
      </trkpt>
      <trkpt lat="48.837123" lon="-3.483330">
        <ele>12.415080</ele>
        <time>2022-03-12T08:17:31.369Z</time>
      </trkpt>
      <trkpt lat="48.837134" lon="-3.483181">
        <ele>12.302168</ele>
        <time>2022-03-12T08:17:45.637Z</time>
      </trkpt>
      <trkpt lat="48.837141" lon="-3.483150">
        <ele>12.286591</ele>
        <time>2022-03-12T08:17:48.773Z</time>
      </trkpt>
      <trkpt lat="48.837163" lon="-3.483151">
        <ele>12.270698</ele>
        <time>2022-03-12T08:17:51.849Z</time>
      </trkpt>
      <trkpt lat="48.837361" lon="-3.483158">
        <ele>12.127685</ele>
        <time>2022-03-12T08:18:19.796Z</time>
      </trkpt>
      <trkpt lat="48.837455" lon="-3.483321">
        <ele>12.024686</ele>
        <time>2022-03-12T08:18:40.223Z</time>
      </trkpt>
      <trkpt lat="48.837460" lon="-3.483323">
        <ele>12.020952</ele>
        <time>2022-03-12T08:18:41.152Z</time>
      </trkpt>
      <trkpt lat="48.837455" lon="-3.483321">
        <ele>12.017219</ele>
        <time>2022-03-12T08:18:42.228Z</time>
      </trkpt>
      <trkpt lat="48.837361" lon="-3.483158">
        <ele>11.914219</ele>
        <time>2022-03-12T08:19:02.627Z</time>
      </trkpt>
      <trkpt lat="48.837163" lon="-3.483151">
        <ele>11.771206</ele>
        <time>2022-03-12T08:19:30.856Z</time>
      </trkpt>
      <trkpt lat="48.837141" lon="-3.483150">
        <ele>11.755313</ele>
        <time>2022-03-12T08:19:33.911Z</time>
      </trkpt>
      <trkpt lat="48.837134" lon="-3.483181">
        <ele>11.739736</ele>
        <time>2022-03-12T08:19:36.980Z</time>
      </trkpt>
      <trkpt lat="48.837123" lon="-3.483330">
        <ele>11.668475</ele>
        <time>2022-03-12T08:19:51.530Z</time>
      </trkpt>
      <trkpt lat="48.837176" lon="-3.483462">
        <ele>11.594987</ele>
        <time>2022-03-12T08:20:06.232Z</time>
      </trkpt>
      <trkpt lat="48.837128" lon="-3.483577">
        <ele>11.530266</ele>
        <time>2022-03-12T08:20:18.917Z</time>
      </trkpt>
      <trkpt lat="48.836914" lon="-3.483598">
        <ele>11.375416</ele>
        <time>2022-03-12T08:20:49.667Z</time>
      </trkpt>
      <trkpt lat="48.836777" lon="-3.483511">
        <ele>11.268196</ele>
        <time>2022-03-12T08:21:10.548Z</time>
      </trkpt>
      <trkpt lat="48.836614" lon="-3.483604">
        <ele>11.142469</ele>
        <time>2022-03-12T08:21:35.993Z</time>
      </trkpt>
      <trkpt lat="48.836560" lon="-3.483616">
        <ele>11.103061</ele>
        <time>2022-03-12T08:21:44.015Z</time>
      </trkpt>
      <trkpt lat="48.836543" lon="-3.483615">
        <ele>11.090776</ele>
        <time>2022-03-12T08:21:46.499Z</time>
      </trkpt>
      <trkpt lat="48.836434" lon="-3.483354">
        <ele>10.974790</ele>
        <time>2022-03-12T08:22:15.305Z</time>
      </trkpt>
      <trkpt lat="48.836417" lon="-3.483329">
        <ele>10.964609</ele>
        <time>2022-03-12T08:22:18.890Z</time>
      </trkpt>
      <trkpt lat="48.836391" lon="-3.483312">
        <ele>10.952429</ele>
        <time>2022-03-12T08:22:22.972Z</time>
      </trkpt>
      <trkpt lat="48.836495" lon="-3.482972">
        <ele>10.846237</ele>
        <time>2022-03-12T08:22:57.628Z</time>
      </trkpt>
      <trkpt lat="48.836521" lon="-3.482917">
        <ele>10.827058</ele>
        <time>2022-03-12T08:23:04.418Z</time>
      </trkpt>
      <trkpt lat="48.836564" lon="-3.482847">
        <ele>10.799938</ele>
        <time>2022-03-12T08:23:13.842Z</time>
      </trkpt>
      <trkpt lat="48.836752" lon="-3.482286">
        <ele>10.621633</ele>
        <time>2022-03-12T08:24:12.570Z</time>
      </trkpt>
      <trkpt lat="48.836707" lon="-3.482188">
        <ele>10.587789</ele>
        <time>2022-03-12T08:24:23.848Z</time>
      </trkpt>
      <trkpt lat="48.836529" lon="-3.482046">
        <ele>10.501276</ele>
        <time>2022-03-12T08:24:52.889Z</time>
      </trkpt>
      <trkpt lat="48.836427" lon="-3.481713">
        <ele>10.397245</ele>
        <time>2022-03-12T08:25:27.547Z</time>
      </trkpt>
      <trkpt lat="48.836404" lon="-3.481653">
        <ele>10.377578</ele>
        <time>2022-03-12T08:25:34.400Z</time>
      </trkpt>
      <trkpt lat="48.836334" lon="-3.481495">
        <ele>10.323633</ele>
        <time>2022-03-12T08:25:52.516Z</time>
      </trkpt>
      <trkpt lat="48.836309" lon="-3.481389">
        <ele>10.291741</ele>
        <time>2022-03-12T08:26:03.101Z</time>
      </trkpt>
      <trkpt lat="48.836283" lon="-3.480839">
        <ele>10.401022</ele>
        <time>2022-03-12T08:26:54.084Z</time>
      </trkpt>
      <trkpt lat="48.836361" lon="-3.480711">
        <ele>10.469923</ele>
        <time>2022-03-12T08:27:10.659Z</time>
      </trkpt>
      <trkpt lat="48.836393" lon="-3.480670">
        <ele>10.495044</ele>
        <time>2022-03-12T08:27:16.785Z</time>
      </trkpt>
      <trkpt lat="48.836418" lon="-3.480633">
        <ele>10.515989</ele>
        <time>2022-03-12T08:27:22.286Z</time>
      </trkpt>
      <trkpt lat="48.836448" lon="-3.480402">
        <ele>10.608993</ele>
        <time>2022-03-12T08:27:45.252Z</time>
      </trkpt>
      <trkpt lat="48.836376" lon="-3.479908">
        <ele>10.808849</ele>
        <time>2022-03-12T08:28:33.530Z</time>
      </trkpt>
      <trkpt lat="48.836379" lon="-3.479835">
        <ele>10.837740</ele>
        <time>2022-03-12T08:28:41.033Z</time>
      </trkpt>
      <trkpt lat="48.836414" lon="-3.479820">
        <ele>10.859563</ele>
        <time>2022-03-12T08:28:46.636Z</time>
      </trkpt>
      <trkpt lat="48.836920" lon="-3.479573">
        <ele>11.178508</ele>
        <time>2022-03-12T08:30:02.414Z</time>
      </trkpt>
      <trkpt lat="48.837003" lon="-3.479502">
        <ele>11.235669</ele>
        <time>2022-03-12T08:30:16.342Z</time>
      </trkpt>
      <trkpt lat="48.837049" lon="-3.479451">
        <ele>11.269843</ele>
        <time>2022-03-12T08:30:24.995Z</time>
      </trkpt>
      <trkpt lat="48.837105" lon="-3.479328">
        <ele>11.323343</ele>
        <time>2022-03-12T08:30:39.256Z</time>
      </trkpt>
      <trkpt lat="48.837043" lon="-3.479017">
        <ele>11.222004</ele>
        <time>2022-03-12T08:31:09.422Z</time>
      </trkpt>
      <trkpt lat="48.837019" lon="-3.478973">
        <ele>11.204183</ele>
        <time>2022-03-12T08:31:15.025Z</time>
      </trkpt>
      <trkpt lat="48.836893" lon="-3.478739">
        <ele>11.109901</ele>
        <time>2022-03-12T08:31:43.003Z</time>
      </trkpt>
      <trkpt lat="48.836732" lon="-3.478578">
        <ele>11.018578</ele>
        <time>2022-03-12T08:32:10.451Z</time>
      </trkpt>
      <trkpt lat="48.836687" lon="-3.478537">
        <ele>10.993717</ele>
        <time>2022-03-12T08:32:17.981Z</time>
      </trkpt>
      <trkpt lat="48.836746" lon="-3.478382">
        <ele>10.937878</ele>
        <time>2022-03-12T08:32:34.902Z</time>
      </trkpt>
      <trkpt lat="48.836791" lon="-3.478165">
        <ele>10.866925</ele>
        <time>2022-03-12T08:32:56.134Z</time>
      </trkpt>
      <trkpt lat="48.836556" lon="-3.477288">
        <ele>10.571630</ele>
        <time>2022-03-12T08:34:25.016Z</time>
      </trkpt>
      <trkpt lat="48.836524" lon="-3.477193">
        <ele>10.538349</ele>
        <time>2022-03-12T08:34:35.446Z</time>
      </trkpt>
      <trkpt lat="48.836491" lon="-3.477139">
        <ele>10.515369</ele>
        <time>2022-03-12T08:34:42.404Z</time>
      </trkpt>
      <trkpt lat="48.836418" lon="-3.476941">
        <ele>10.386042</ele>
        <time>2022-03-12T08:35:03.766Z</time>
      </trkpt>
      <trkpt lat="48.836178" lon="-3.476840">
        <ele>10.029913</ele>
        <time>2022-03-12T08:35:39.762Z</time>
      </trkpt>
      <trkpt lat="48.836160" lon="-3.476828">
        <ele>10.001803</ele>
        <time>2022-03-12T08:35:42.591Z</time>
      </trkpt>
      <trkpt lat="48.836093" lon="-3.476704">
        <ele>9.850798</ele>
        <time>2022-03-12T08:35:57.862Z</time>
      </trkpt>
      <trkpt lat="48.835890" lon="-3.476490">
        <ele>9.497463</ele>
        <time>2022-03-12T08:36:33.766Z</time>
      </trkpt>
      <trkpt lat="48.834839" lon="-3.476185">
        <ele>7.967334</ele>
        <time>2022-03-12T08:39:08.651Z</time>
      </trkpt>
      <trkpt lat="48.834629" lon="-3.476040">
        <ele>7.782315</ele>
        <time>2022-03-12T08:39:41.449Z</time>
      </trkpt>
      <trkpt lat="48.834299" lon="-3.475609">
        <ele>7.501390</ele>
        <time>2022-03-12T08:40:43.324Z</time>
      </trkpt>
      <trkpt lat="48.834207" lon="-3.475554">
        <ele>7.437568</ele>
        <time>2022-03-12T08:40:58.144Z</time>
      </trkpt>
      <trkpt lat="48.834171" lon="-3.475546">
        <ele>7.414082</ele>
        <time>2022-03-12T08:41:03.268Z</time>
      </trkpt>
      <trkpt lat="48.833947" lon="-3.475608">
        <ele>7.267103</ele>
        <time>2022-03-12T08:41:35.756Z</time>
      </trkpt>
      <trkpt lat="48.833856" lon="-3.475640">
        <ele>7.206806</ele>
        <time>2022-03-12T08:41:49.694Z</time>
      </trkpt>
      <trkpt lat="48.833783" lon="-3.475688">
        <ele>7.155458</ele>
        <time>2022-03-12T08:42:01.062Z</time>
      </trkpt>
      <trkpt lat="48.833541" lon="-3.475775">
        <ele>6.994925</ele>
        <time>2022-03-12T08:42:36.019Z</time>
      </trkpt>
      <trkpt lat="48.833458" lon="-3.475823">
        <ele>6.937596</ele>
        <time>2022-03-12T08:42:48.751Z</time>
      </trkpt>
      <trkpt lat="48.833369" lon="-3.475889">
        <ele>6.873664</ele>
        <time>2022-03-12T08:43:03.729Z</time>
      </trkpt>
      <trkpt lat="48.833105" lon="-3.476029">
        <ele>6.777950</ele>
        <time>2022-03-12T08:43:43.539Z</time>
      </trkpt>
      <trkpt lat="48.833050" lon="-3.476035">
        <ele>6.806209</ele>
        <time>2022-03-12T08:43:51.685Z</time>
      </trkpt>
      <trkpt lat="48.833021" lon="-3.476042">
        <ele>6.821258</ele>
        <time>2022-03-12T08:43:56.371Z</time>
      </trkpt>
      <trkpt lat="48.832864" lon="-3.476281">
        <ele>6.935165</ele>
        <time>2022-03-12T08:44:28.638Z</time>
      </trkpt>
      <trkpt lat="48.832616" lon="-3.476441">
        <ele>7.073250</ele>
        <time>2022-03-12T08:45:07.537Z</time>
      </trkpt>
      <trkpt lat="48.832503" lon="-3.476424">
        <ele>7.131446</ele>
        <time>2022-03-12T08:45:23.584Z</time>
      </trkpt>
      <trkpt lat="48.832443" lon="-3.476368">
        <ele>7.167535</ele>
        <time>2022-03-12T08:45:34.867Z</time>
      </trkpt>
      <trkpt lat="48.832406" lon="-3.476272">
        <ele>7.205064</ele>
        <time>2022-03-12T08:45:45.780Z</time>
      </trkpt>
      <trkpt lat="48.832496" lon="-3.475793">
        <ele>7.373112</ele>
        <time>2022-03-12T08:46:33.576Z</time>
      </trkpt>
      <trkpt lat="48.832430" lon="-3.475498">
        <ele>7.478223</ele>
        <time>2022-03-12T08:47:02.588Z</time>
      </trkpt>
      <trkpt lat="48.832376" lon="-3.475439">
        <ele>7.512312</ele>
        <time>2022-03-12T08:47:12.172Z</time>
      </trkpt>
      <trkpt lat="48.832260" lon="-3.475370">
        <ele>7.576156</ele>
        <time>2022-03-12T08:47:31.034Z</time>
      </trkpt>
      <trkpt lat="48.832221" lon="-3.475338">
        <ele>7.598872</ele>
        <time>2022-03-12T08:47:37.325Z</time>
      </trkpt>
      <trkpt lat="48.832119" lon="-3.475178">
        <ele>7.654734</ele>
        <time>2022-03-12T08:47:58.001Z</time>
      </trkpt>
      <trkpt lat="48.832091" lon="-3.475154">
        <ele>7.644277</ele>
        <time>2022-03-12T08:48:02.795Z</time>
      </trkpt>
      <trkpt lat="48.832066" lon="-3.475150">
        <ele>7.636101</ele>
        <time>2022-03-12T08:48:07.054Z</time>
      </trkpt>
      <trkpt lat="48.831868" lon="-3.475188">
        <ele>7.571190</ele>
        <time>2022-03-12T08:48:35.081Z</time>
      </trkpt>
      <trkpt lat="48.831627" lon="-3.475088">
        <ele>7.489933</ele>
        <time>2022-03-12T08:49:10.352Z</time>
      </trkpt>
      <trkpt lat="48.831585" lon="-3.475066">
        <ele>7.475483</ele>
        <time>2022-03-12T08:49:16.909Z</time>
      </trkpt>
      <trkpt lat="48.831331" lon="-3.474540">
        <ele>7.335812</ele>
        <time>2022-03-12T08:50:18.154Z</time>
      </trkpt>
      <trkpt lat="48.831166" lon="-3.474071">
        <ele>7.221956</ele>
        <time>2022-03-12T08:51:07.876Z</time>
      </trkpt>
      <trkpt lat="48.831127" lon="-3.473952">
        <ele>7.193494</ele>
        <time>2022-03-12T08:51:20.294Z</time>
      </trkpt>
      <trkpt lat="48.831035" lon="-3.473795">
        <ele>7.148491</ele>
        <time>2022-03-12T08:51:40.224Z</time>
      </trkpt>
      <trkpt lat="48.830753" lon="-3.473340">
        <ele>7.417688</ele>
        <time>2022-03-12T08:52:38.134Z</time>
      </trkpt>
      <trkpt lat="48.830577" lon="-3.473160">
        <ele>7.793489</ele>
        <time>2022-03-12T08:53:07.934Z</time>
      </trkpt>
      <trkpt lat="48.830513" lon="-3.473142">
        <ele>7.908774</ele>
        <time>2022-03-12T08:53:17.594Z</time>
      </trkpt>
      <trkpt lat="48.830412" lon="-3.473140">
        <ele>8.087682</ele>
        <time>2022-03-12T08:53:31.893Z</time>
      </trkpt>
      <trkpt lat="48.829701" lon="-3.473298">
        <ele>9.360425</ele>
        <time>2022-03-12T08:55:20.159Z</time>
      </trkpt>
      <trkpt lat="48.828942" lon="-3.473297">
        <ele>10.858636</ele>
        <time>2022-03-12T08:57:20.707Z</time>
      </trkpt>
      <trkpt lat="48.828907" lon="-3.473298">
        <ele>10.942233</ele>
        <time>2022-03-12T08:57:26.358Z</time>
      </trkpt>
      <trkpt lat="48.828682" lon="-3.473303">
        <ele>11.479605</ele>
        <time>2022-03-12T08:58:04.090Z</time>
      </trkpt>
      <trkpt lat="48.828208" lon="-3.473104">
        <ele>12.653987</ele>
        <time>2022-03-12T08:59:17.581Z</time>
      </trkpt>
      <trkpt lat="48.828033" lon="-3.472982">
        <ele>13.113809</ele>
        <time>2022-03-12T08:59:49.830Z</time>
      </trkpt>
      <trkpt lat="48.827982" lon="-3.472934">
        <ele>13.257084</ele>
        <time>2022-03-12T08:59:59.061Z</time>
      </trkpt>
      <trkpt lat="48.827753" lon="-3.472636">
        <ele>13.977187</ele>
        <time>2022-03-12T09:00:44.829Z</time>
      </trkpt>
      <trkpt lat="48.827701" lon="-3.472493">
        <ele>14.234017</ele>
        <time>2022-03-12T09:01:01.036Z</time>
      </trkpt>
      <trkpt lat="48.827588" lon="-3.472008">
        <ele>14.298521</ele>
        <time>2022-03-12T09:01:51.108Z</time>
      </trkpt>
      <trkpt lat="48.827586" lon="-3.471520">
        <ele>13.887220</ele>
        <time>2022-03-12T09:02:36.963Z</time>
      </trkpt>
      <trkpt lat="48.827517" lon="-3.471291">
        <ele>13.674961</ele>
        <time>2022-03-12T09:03:02.432Z</time>
      </trkpt>
      <trkpt lat="48.827408" lon="-3.471167">
        <ele>13.500619</ele>
        <time>2022-03-12T09:03:24.275Z</time>
      </trkpt>
      <trkpt lat="48.827299" lon="-3.471160">
        <ele>13.360948</ele>
        <time>2022-03-12T09:03:41.068Z</time>
      </trkpt>
      <trkpt lat="48.827175" lon="-3.471136">
        <ele>13.200916</ele>
        <time>2022-03-12T09:04:01.143Z</time>
      </trkpt>
      <trkpt lat="48.827123" lon="-3.471155">
        <ele>13.132445</ele>
        <time>2022-03-12T09:04:09.713Z</time>
      </trkpt>
      <trkpt lat="48.826406" lon="-3.471213">
        <ele>12.266995</ele>
        <time>2022-03-12T09:05:54.470Z</time>
      </trkpt>
      <trkpt lat="48.826065" lon="-3.471148">
        <ele>12.385247</ele>
        <time>2022-03-12T09:06:44.172Z</time>
      </trkpt>
      <trkpt lat="48.825829" lon="-3.470961">
        <ele>12.476835</ele>
        <time>2022-03-12T09:07:22.097Z</time>
      </trkpt>
      <trkpt lat="48.825653" lon="-3.470718">
        <ele>12.558672</ele>
        <time>2022-03-12T09:07:56.588Z</time>
      </trkpt>
      <trkpt lat="48.825605" lon="-3.470651">
        <ele>12.581102</ele>
        <time>2022-03-12T09:08:06.467Z</time>
      </trkpt>
      <trkpt lat="48.825296" lon="-3.469958">
        <ele>12.770702</ele>
        <time>2022-03-12T09:09:26.408Z</time>
      </trkpt>
      <trkpt lat="48.824814" lon="-3.469645">
        <ele>13.462186</ele>
        <time>2022-03-12T09:10:44.222Z</time>
      </trkpt>
      <trkpt lat="48.824671" lon="-3.469513">
        <ele>13.904008</ele>
        <time>2022-03-12T09:11:09.217Z</time>
      </trkpt>
      <trkpt lat="48.824498" lon="-3.469322">
        <ele>14.468702</ele>
        <time>2022-03-12T09:11:41.843Z</time>
      </trkpt>
      <trkpt lat="48.823879" lon="-3.468845">
        <ele>16.301370</ele>
        <time>2022-03-12T09:13:28.155Z</time>
      </trkpt>
      <trkpt lat="48.823413" lon="-3.468594">
        <ele>17.606837</ele>
        <time>2022-03-12T09:14:44.203Z</time>
      </trkpt>
      <trkpt lat="48.823371" lon="-3.468554">
        <ele>17.790318</ele>
        <time>2022-03-12T09:14:53.042Z</time>
      </trkpt>
      <trkpt lat="48.823326" lon="-3.468488">
        <ele>18.031521</ele>
        <time>2022-03-12T09:15:02.632Z</time>
      </trkpt>
      <trkpt lat="48.822596" lon="-3.467074">
        <ele>22.593114</ele>
        <time>2022-03-12T09:18:14.756Z</time>
      </trkpt>
      <trkpt lat="48.822322" lon="-3.466435">
        <ele>24.529012</ele>
        <time>2022-03-12T09:19:32.523Z</time>
      </trkpt>
      <trkpt lat="48.822283" lon="-3.466370">
        <ele>24.619869</ele>
        <time>2022-03-12T09:19:43.998Z</time>
      </trkpt>
      <trkpt lat="48.822250" lon="-3.466320">
        <ele>24.676647</ele>
        <time>2022-03-12T09:19:50.827Z</time>
      </trkpt>
      <trkpt lat="48.822138" lon="-3.465974">
        <ele>24.985859</ele>
        <time>2022-03-12T09:20:27.496Z</time>
      </trkpt>
      <trkpt lat="48.822123" lon="-3.465618">
        <ele>25.271952</ele>
        <time>2022-03-12T09:21:03.748Z</time>
      </trkpt>
      <trkpt lat="48.821976" lon="-3.465224">
        <ele>25.635144</ele>
        <time>2022-03-12T09:21:48.608Z</time>
      </trkpt>
      <trkpt lat="48.821968" lon="-3.465027">
        <ele>25.793437</ele>
        <time>2022-03-12T09:22:07.101Z</time>
      </trkpt>
      <trkpt lat="48.821782" lon="-3.464707">
        <ele>26.135775</ele>
        <time>2022-03-12T09:22:48.555Z</time>
      </trkpt>
      <trkpt lat="48.821676" lon="-3.464324">
        <ele>26.468974</ele>
        <time>2022-03-12T09:23:28.599Z</time>
      </trkpt>
      <trkpt lat="48.821506" lon="-3.463952">
        <ele>26.563911</ele>
        <time>2022-03-12T09:24:11.664Z</time>
      </trkpt>
      <trkpt lat="48.821456" lon="-3.463631">
        <ele>25.968316</ele>
        <time>2022-03-12T09:24:43.066Z</time>
      </trkpt>
      <trkpt lat="48.821064" lon="-3.463118">
        <ele>24.549291</ele>
        <time>2022-03-12T09:25:59.435Z</time>
      </trkpt>
      <trkpt lat="48.820747" lon="-3.462872">
        <ele>23.573056</ele>
        <time>2022-03-12T09:26:52.745Z</time>
      </trkpt>
      <trkpt lat="48.820471" lon="-3.461762">
        <ele>21.228998</ele>
        <time>2022-03-12T09:28:50.292Z</time>
      </trkpt>
      <trkpt lat="48.820448" lon="-3.461715">
        <ele>21.068084</ele>
        <time>2022-03-12T09:28:56.534Z</time>
      </trkpt>
      <trkpt lat="48.820385" lon="-3.461595">
        <ele>20.646351</ele>
        <time>2022-03-12T09:29:12.480Z</time>
      </trkpt>
      <trkpt lat="48.820210" lon="-3.461242">
        <ele>19.432147</ele>
        <time>2022-03-12T09:29:55.927Z</time>
      </trkpt>
      <trkpt lat="48.820022" lon="-3.461096">
        <ele>18.550928</ele>
        <time>2022-03-12T09:30:27.408Z</time>
      </trkpt>
      <trkpt lat="48.819853" lon="-3.460857">
        <ele>17.587204</ele>
        <time>2022-03-12T09:31:02.935Z</time>
      </trkpt>
      <trkpt lat="48.819608" lon="-3.460365">
        <ele>15.892132</ele>
        <time>2022-03-12T09:32:05.035Z</time>
      </trkpt>
      <trkpt lat="48.819418" lon="-3.460406">
        <ele>15.091223</ele>
        <time>2022-03-12T09:32:34.929Z</time>
      </trkpt>
      <trkpt lat="48.819065" lon="-3.460798">
        <ele>13.469658</ele>
        <time>2022-03-12T09:33:41.451Z</time>
      </trkpt>
      <trkpt lat="48.818935" lon="-3.460922">
        <ele>12.953785</ele>
        <time>2022-03-12T09:34:04.602Z</time>
      </trkpt>
      <trkpt lat="48.818717" lon="-3.461093">
        <ele>12.129264</ele>
        <time>2022-03-12T09:34:41.669Z</time>
      </trkpt>
      <trkpt lat="48.818656" lon="-3.461134">
        <ele>11.905099</ele>
        <time>2022-03-12T09:34:51.671Z</time>
      </trkpt>
      <trkpt lat="48.818579" lon="-3.461128">
        <ele>11.646003</ele>
        <time>2022-03-12T09:35:03.217Z</time>
      </trkpt>
      <trkpt lat="48.818548" lon="-3.461128">
        <ele>11.541829</ele>
        <time>2022-03-12T09:35:08.734Z</time>
      </trkpt>
      <trkpt lat="48.817659" lon="-3.460980">
        <ele>8.536487</ele>
        <time>2022-03-12T09:37:20.907Z</time>
      </trkpt>
      <trkpt lat="48.817537" lon="-3.460947">
        <ele>8.244406</ele>
        <time>2022-03-12T09:37:39.212Z</time>
      </trkpt>
      <trkpt lat="48.817229" lon="-3.460866">
        <ele>8.086630</ele>
        <time>2022-03-12T09:38:24.606Z</time>
      </trkpt>
      <trkpt lat="48.817169" lon="-3.460846">
        <ele>8.055625</ele>
        <time>2022-03-12T09:38:33.630Z</time>
      </trkpt>
      <trkpt lat="48.817103" lon="-3.460812">
        <ele>8.020447</ele>
        <time>2022-03-12T09:38:44.397Z</time>
      </trkpt>
      <trkpt lat="48.817046" lon="-3.460774">
        <ele>7.989026</ele>
        <time>2022-03-12T09:38:53.391Z</time>
      </trkpt>
      <trkpt lat="48.817017" lon="-3.460756">
        <ele>7.973213</ele>
        <time>2022-03-12T09:38:57.834Z</time>
      </trkpt>
      <trkpt lat="48.816966" lon="-3.460699">
        <ele>7.941252</ele>
        <time>2022-03-12T09:39:06.742Z</time>
      </trkpt>
      <trkpt lat="48.816920" lon="-3.460651">
        <ele>7.913081</ele>
        <time>2022-03-12T09:39:14.905Z</time>
      </trkpt>
      <trkpt lat="48.816872" lon="-3.460587">
        <ele>7.880841</ele>
        <time>2022-03-12T09:39:24.170Z</time>
      </trkpt>
      <trkpt lat="48.816862" lon="-3.460447">
        <ele>7.834037</ele>
        <time>2022-03-12T09:39:37.370Z</time>
      </trkpt>
      <trkpt lat="48.816704" lon="-3.460156">
        <ele>7.708681</ele>
        <time>2022-03-12T09:40:12.366Z</time>
      </trkpt>
      <trkpt lat="48.816548" lon="-3.459773">
        <ele>7.559002</ele>
        <time>2022-03-12T09:40:54.725Z</time>
      </trkpt>
      <trkpt lat="48.816437" lon="-3.459484">
        <ele>7.447803</ele>
        <time>2022-03-12T09:41:25.966Z</time>
      </trkpt>
      <trkpt lat="48.816331" lon="-3.459201">
        <ele>7.456728</ele>
        <time>2022-03-12T09:41:57.147Z</time>
      </trkpt>
      <trkpt lat="48.816258" lon="-3.458974">
        <ele>7.892232</ele>
        <time>2022-03-12T09:42:21.829Z</time>
      </trkpt>
      <trkpt lat="48.816051" lon="-3.458374">
        <ele>9.059955</ele>
        <time>2022-03-12T09:43:28.519Z</time>
      </trkpt>
      <trkpt lat="48.815899" lon="-3.457875">
        <ele>10.007778</ele>
        <time>2022-03-12T09:44:23.636Z</time>
      </trkpt>
      <trkpt lat="48.815747" lon="-3.457340">
        <ele>11.012269</ele>
        <time>2022-03-12T09:45:22.328Z</time>
      </trkpt>
      <trkpt lat="48.815769" lon="-3.457296">
        <ele>11.107511</ele>
        <time>2022-03-12T09:45:27.899Z</time>
      </trkpt>
      <trkpt lat="48.815789" lon="-3.457211">
        <ele>11.263120</ele>
        <time>2022-03-12T09:45:37.043Z</time>
      </trkpt>
      <trkpt lat="48.815722" lon="-3.456922">
        <ele>11.791313</ele>
        <time>2022-03-12T09:46:09.715Z</time>
      </trkpt>
      <trkpt lat="48.815682" lon="-3.456653">
        <ele>12.661078</ele>
        <time>2022-03-12T09:46:37.932Z</time>
      </trkpt>
      <trkpt lat="48.815635" lon="-3.456301">
        <ele>14.505505</ele>
        <time>2022-03-12T09:47:17.396Z</time>
      </trkpt>
      <trkpt lat="48.815598" lon="-3.456015">
        <ele>16.002291</ele>
        <time>2022-03-12T09:47:47.945Z</time>
      </trkpt>
      <trkpt lat="48.815579" lon="-3.455825">
        <ele>16.989193</ele>
        <time>2022-03-12T09:48:10.704Z</time>
      </trkpt>
      <trkpt lat="48.815576" lon="-3.455797">
        <ele>17.134874</ele>
        <time>2022-03-12T09:48:13.957Z</time>
      </trkpt>
      <trkpt lat="48.815547" lon="-3.455320">
        <ele>19.594854</ele>
        <time>2022-03-12T09:49:10.646Z</time>
      </trkpt>
      <trkpt lat="48.815469" lon="-3.455340">
        <ele>20.211764</ele>
        <time>2022-03-12T09:49:25.261Z</time>
      </trkpt>
      <trkpt lat="48.815455" lon="-3.455282">
        <ele>20.528996</ele>
        <time>2022-03-12T09:49:32.354Z</time>
      </trkpt>
      <trkpt lat="48.815423" lon="-3.455182">
        <ele>21.099959</ele>
        <time>2022-03-12T09:49:45.452Z</time>
      </trkpt>
      <trkpt lat="48.815398" lon="-3.455090">
        <ele>21.611061</ele>
        <time>2022-03-12T09:49:57.944Z</time>
      </trkpt>
      <trkpt lat="48.815373" lon="-3.454982">
        <ele>22.198952</ele>
        <time>2022-03-12T09:50:14.051Z</time>
      </trkpt>
      <trkpt lat="48.815290" lon="-3.454599">
        <ele>24.269575</ele>
        <time>2022-03-12T09:51:02.389Z</time>
      </trkpt>
      <trkpt lat="48.815255" lon="-3.454544">
        <ele>24.662360</ele>
        <time>2022-03-12T09:51:14.834Z</time>
      </trkpt>
      <trkpt lat="48.815309" lon="-3.454471">
        <ele>25.226176</ele>
        <time>2022-03-12T09:51:28.265Z</time>
      </trkpt>
      <trkpt lat="48.815339" lon="-3.454236">
        <ele>26.498135</ele>
        <time>2022-03-12T09:51:57.168Z</time>
      </trkpt>
      <trkpt lat="48.815350" lon="-3.453995">
        <ele>27.885441</ele>
        <time>2022-03-12T09:52:28.056Z</time>
      </trkpt>
      <trkpt lat="48.815243" lon="-3.453955">
        <ele>28.846445</ele>
        <time>2022-03-12T09:52:48.590Z</time>
      </trkpt>
      <trkpt lat="48.815090" lon="-3.453944">
        <ele>30.182253</ele>
        <time>2022-03-12T09:53:16.220Z</time>
      </trkpt>
      <trkpt lat="48.815047" lon="-3.453993">
        <ele>30.651092</ele>
        <time>2022-03-12T09:53:28.369Z</time>
      </trkpt>
      <trkpt lat="48.815034" lon="-3.453934">
        <ele>31.008376</ele>
        <time>2022-03-12T09:53:36.190Z</time>
      </trkpt>
      <trkpt lat="48.815015" lon="-3.453858">
        <ele>31.475218</ele>
        <time>2022-03-12T09:53:46.033Z</time>
      </trkpt>
      <trkpt lat="48.814969" lon="-3.453878">
        <ele>31.892502</ele>
        <time>2022-03-12T09:53:54.744Z</time>
      </trkpt>
      <trkpt lat="48.814934" lon="-3.453890">
        <ele>32.205420</ele>
        <time>2022-03-12T09:54:01.348Z</time>
      </trkpt>
      <trkpt lat="48.814925" lon="-3.453812">
        <ele>32.660177</ele>
        <time>2022-03-12T09:54:10.767Z</time>
      </trkpt>
      <trkpt lat="48.814867" lon="-3.453824">
        <ele>33.170668</ele>
        <time>2022-03-12T09:54:21.419Z</time>
      </trkpt>
      <trkpt lat="48.814879" lon="-3.453672">
        <ele>34.049814</ele>
        <time>2022-03-12T09:54:41.968Z</time>
      </trkpt>
      <trkpt lat="48.814955" lon="-3.452919">
        <ele>38.424585</ele>
        <time>2022-03-12T09:56:12.551Z</time>
      </trkpt>
      <trkpt lat="48.814963" lon="-3.452842">
        <ele>38.872245</ele>
        <time>2022-03-12T09:56:21.930Z</time>
      </trkpt>
      <trkpt lat="48.815255" lon="-3.450909">
        <ele>45.865680</ele>
        <time>2022-03-12T10:00:00.377Z</time>
      </trkpt>
      <trkpt lat="48.815383" lon="-3.450402">
        <ele>47.367709</ele>
        <time>2022-03-12T10:00:55.657Z</time>
      </trkpt>
      <trkpt lat="48.815499" lon="-3.450117">
        <ele>48.294531</ele>
        <time>2022-03-12T10:01:29.048Z</time>
      </trkpt>
      <trkpt lat="48.815801" lon="-3.449638">
        <ele>49.378006</ele>
        <time>2022-03-12T10:02:34.514Z</time>
      </trkpt>
      <trkpt lat="48.815988" lon="-3.449189">
        <ele>49.455059</ele>
        <time>2022-03-12T10:03:25.145Z</time>
      </trkpt>
      <trkpt lat="48.815983" lon="-3.449094">
        <ele>49.468881</ele>
        <time>2022-03-12T10:03:34.117Z</time>
      </trkpt>
      <trkpt lat="48.816028" lon="-3.448938">
        <ele>49.493582</ele>
        <time>2022-03-12T10:03:49.867Z</time>
      </trkpt>
      <trkpt lat="48.815967" lon="-3.448069">
        <ele>49.620330</ele>
        <time>2022-03-12T10:05:11.217Z</time>
      </trkpt>
      <trkpt lat="48.816048" lon="-3.447682">
        <ele>49.679225</ele>
        <time>2022-03-12T10:05:49.273Z</time>
      </trkpt>
      <trkpt lat="48.816078" lon="-3.447586">
        <ele>49.694636</ele>
        <time>2022-03-12T10:05:59.230Z</time>
      </trkpt>
      <trkpt lat="48.816116" lon="-3.447615">
        <ele>49.704003</ele>
        <time>2022-03-12T10:06:05.388Z</time>
      </trkpt>
      <trkpt lat="48.816172" lon="-3.447607">
        <ele>49.716392</ele>
        <time>2022-03-12T10:06:13.286Z</time>
      </trkpt>
      <trkpt lat="48.816641" lon="-3.447049">
        <ele>49.808709</ele>
        <time>2022-03-12T10:07:38.041Z</time>
      </trkpt>
      <trkpt lat="48.816741" lon="-3.446789">
        <ele>49.837604</ele>
        <time>2022-03-12T10:08:05.827Z</time>
      </trkpt>
      <trkpt lat="48.816890" lon="-3.446619">
        <ele>49.864764</ele>
        <time>2022-03-12T10:08:32.324Z</time>
      </trkpt>
      <trkpt lat="48.816808" lon="-3.446061">
        <ele>49.919629</ele>
        <time>2022-03-12T10:09:25.422Z</time>
      </trkpt>
      <trkpt lat="48.816784" lon="-3.446016">
        <ele>49.925186</ele>
        <time>2022-03-12T10:09:31.027Z</time>
      </trkpt>
      <trkpt lat="48.816939" lon="-3.445609">
        <ele>49.970306</ele>
        <time>2022-03-12T10:10:15.046Z</time>
      </trkpt>
      <trkpt lat="48.816640" lon="-3.445163">
        <ele>50.545850</ele>
        <time>2022-03-12T10:11:17.810Z</time>
      </trkpt>
      <trkpt lat="48.816764" lon="-3.445127">
        <ele>50.822580</ele>
        <time>2022-03-12T10:11:37.286Z</time>
      </trkpt>
      <trkpt lat="48.817429" lon="-3.444920">
        <ele>52.310559</ele>
        <time>2022-03-12T10:13:21.405Z</time>
      </trkpt>
      <trkpt lat="48.817632" lon="-3.444816">
        <ele>52.780170</ele>
        <time>2022-03-12T10:13:54.102Z</time>
      </trkpt>
      <trkpt lat="48.817714" lon="-3.444759">
        <ele>52.977847</ele>
        <time>2022-03-12T10:14:07.416Z</time>
      </trkpt>
      <trkpt lat="48.817783" lon="-3.444710">
        <ele>53.144813</ele>
        <time>2022-03-12T10:14:19.323Z</time>
      </trkpt>
      <trkpt lat="48.817845" lon="-3.444612">
        <ele>53.340968</ele>
        <time>2022-03-12T10:14:33.023Z</time>
      </trkpt>
      <trkpt lat="48.817967" lon="-3.444202">
        <ele>53.942034</ele>
        <time>2022-03-12T10:15:17.885Z</time>
      </trkpt>
      <trkpt lat="48.818012" lon="-3.443400">
        <ele>54.044556</ele>
        <time>2022-03-12T10:16:36.200Z</time>
      </trkpt>
      <trkpt lat="48.818115" lon="-3.442957">
        <ele>54.104395</ele>
        <time>2022-03-12T10:17:20.968Z</time>
      </trkpt>
      <trkpt lat="48.818362" lon="-3.442361">
        <ele>54.194093</ele>
        <time>2022-03-12T10:18:26.432Z</time>
      </trkpt>
      <trkpt lat="48.818467" lon="-3.442184">
        <ele>54.224437</ele>
        <time>2022-03-12T10:18:48.790Z</time>
      </trkpt>
      <trkpt lat="48.818556" lon="-3.442035">
        <ele>54.250061</ele>
        <time>2022-03-12T10:19:08.477Z</time>
      </trkpt>
      <trkpt lat="48.818705" lon="-3.441830">
        <ele>54.245349</ele>
        <time>2022-03-12T10:19:37.086Z</time>
      </trkpt>
      <trkpt lat="48.818756" lon="-3.441797">
        <ele>54.128520</ele>
        <time>2022-03-12T10:19:45.532Z</time>
      </trkpt>
      <trkpt lat="48.818996" lon="-3.441625">
        <ele>53.569241</ele>
        <time>2022-03-12T10:20:23.984Z</time>
      </trkpt>
      <trkpt lat="48.819229" lon="-3.441041">
        <ele>52.621695</ele>
        <time>2022-03-12T10:21:29.625Z</time>
      </trkpt>
      <trkpt lat="48.819291" lon="-3.440822">
        <ele>52.290903</ele>
        <time>2022-03-12T10:21:52.614Z</time>
      </trkpt>
      <trkpt lat="48.819316" lon="-3.440652">
        <ele>52.049192</ele>
        <time>2022-03-12T10:22:08.836Z</time>
      </trkpt>
      <trkpt lat="48.819319" lon="-3.440496">
        <ele>51.832629</ele>
        <time>2022-03-12T10:22:23.814Z</time>
      </trkpt>
      <trkpt lat="48.819308" lon="-3.440434">
        <ele>51.743527</ele>
        <time>2022-03-12T10:22:30.126Z</time>
      </trkpt>
      <trkpt lat="48.819313" lon="-3.440326">
        <ele>51.593292</ele>
        <time>2022-03-12T10:22:40.677Z</time>
      </trkpt>
      <trkpt lat="48.819266" lon="-3.439548">
        <ele>50.509176</ele>
        <time>2022-03-12T10:23:56.694Z</time>
      </trkpt>
      <trkpt lat="48.819282" lon="-3.439367">
        <ele>50.058446</ele>
        <time>2022-03-12T10:24:14.002Z</time>
      </trkpt>
      <trkpt lat="48.819319" lon="-3.438924">
        <ele>48.927081</ele>
        <time>2022-03-12T10:24:57.433Z</time>
      </trkpt>
      <trkpt lat="48.819422" lon="-3.438485">
        <ele>47.746342</ele>
        <time>2022-03-12T10:25:45.182Z</time>
      </trkpt>
      <trkpt lat="48.819430" lon="-3.438216">
        <ele>47.064118</ele>
        <time>2022-03-12T10:26:10.893Z</time>
      </trkpt>
      <trkpt lat="48.819421" lon="-3.438098">
        <ele>46.763159</ele>
        <time>2022-03-12T10:26:24.527Z</time>
      </trkpt>
      <trkpt lat="48.819474" lon="-3.437673">
        <ele>45.667252</ele>
        <time>2022-03-12T10:27:05.744Z</time>
      </trkpt>
      <trkpt lat="48.819827" lon="-3.436739">
        <ele>42.580267</ele>
        <time>2022-03-12T10:28:52.672Z</time>
      </trkpt>
      <trkpt lat="48.819835" lon="-3.436686">
        <ele>42.364723</ele>
        <time>2022-03-12T10:29:00.247Z</time>
      </trkpt>
      <trkpt lat="48.819846" lon="-3.436616">
        <ele>42.079447</ele>
        <time>2022-03-12T10:29:07.979Z</time>
      </trkpt>
      <trkpt lat="48.819685" lon="-3.436150">
        <ele>39.993343</ele>
        <time>2022-03-12T10:30:01.951Z</time>
      </trkpt>
      <trkpt lat="48.818997" lon="-3.435094">
        <ele>34.104386</ele>
        <time>2022-03-12T10:32:35.474Z</time>
      </trkpt>
      <trkpt lat="48.818799" lon="-3.434715">
        <ele>32.259155</ele>
        <time>2022-03-12T10:33:27.568Z</time>
      </trkpt>
      <trkpt lat="48.818735" lon="-3.434592">
        <ele>31.718498</ele>
        <time>2022-03-12T10:33:44.291Z</time>
      </trkpt>
      <trkpt lat="48.818574" lon="-3.434174">
        <ele>30.048395</ele>
        <time>2022-03-12T10:34:34.712Z</time>
      </trkpt>
      <trkpt lat="48.818473" lon="-3.433514">
        <ele>27.711552</ele>
        <time>2022-03-12T10:35:44.864Z</time>
      </trkpt>
      <trkpt lat="48.818485" lon="-3.433399">
        <ele>27.309996</ele>
        <time>2022-03-12T10:35:57.213Z</time>
      </trkpt>
      <trkpt lat="48.818579" lon="-3.432767">
        <ele>25.075469</ele>
        <time>2022-03-12T10:37:03.147Z</time>
      </trkpt>
      <trkpt lat="48.818585" lon="-3.432727">
        <ele>24.933984</ele>
        <time>2022-03-12T10:37:07.147Z</time>
      </trkpt>
      <trkpt lat="48.818601" lon="-3.432593">
        <ele>24.464315</ele>
        <time>2022-03-12T10:37:21.097Z</time>
      </trkpt>
      <trkpt lat="48.818646" lon="-3.432213">
        <ele>23.386911</ele>
        <time>2022-03-12T10:37:58.937Z</time>
      </trkpt>
      <trkpt lat="48.818686" lon="-3.431972">
        <ele>23.666784</ele>
        <time>2022-03-12T10:38:22.839Z</time>
      </trkpt>
      <trkpt lat="48.818714" lon="-3.431928">
        <ele>23.735689</ele>
        <time>2022-03-12T10:38:28.899Z</time>
      </trkpt>
      <trkpt lat="48.818789" lon="-3.431498">
        <ele>24.236601</ele>
        <time>2022-03-12T10:39:10.025Z</time>
      </trkpt>
      <trkpt lat="48.818797" lon="-3.431449">
        <ele>24.293450</ele>
        <time>2022-03-12T10:39:14.838Z</time>
      </trkpt>
      <trkpt lat="48.818894" lon="-3.430844">
        <ele>24.994629</ele>
        <time>2022-03-12T10:40:18.679Z</time>
      </trkpt>
      <trkpt lat="48.818942" lon="-3.430799">
        <ele>25.091099</ele>
        <time>2022-03-12T10:40:28.523Z</time>
      </trkpt>
      <trkpt lat="48.819007" lon="-3.430637">
        <ele>25.304723</ele>
        <time>2022-03-12T10:40:48.670Z</time>
      </trkpt>
      <trkpt lat="48.819038" lon="-3.430646">
        <ele>25.358700</ele>
        <time>2022-03-12T10:40:53.279Z</time>
      </trkpt>
      <trkpt lat="48.819113" lon="-3.430279">
        <ele>25.791413</ele>
        <time>2022-03-12T10:41:35.421Z</time>
      </trkpt>
      <trkpt lat="48.819220" lon="-3.429992">
        <ele>26.162804</ele>
        <time>2022-03-12T10:42:09.083Z</time>
      </trkpt>
      <trkpt lat="48.819323" lon="-3.429901">
        <ele>26.366592</ele>
        <time>2022-03-12T10:42:29.846Z</time>
      </trkpt>
      <trkpt lat="48.819304" lon="-3.429826">
        <ele>26.353848</ele>
        <time>2022-03-12T10:42:39.265Z</time>
      </trkpt>
      <trkpt lat="48.819372" lon="-3.429749">
        <ele>26.234702</ele>
        <time>2022-03-12T10:42:51.378Z</time>
      </trkpt>
      <trkpt lat="48.819239" lon="-3.429735">
        <ele>26.047431</ele>
        <time>2022-03-12T10:43:10.209Z</time>
      </trkpt>
      <trkpt lat="48.819207" lon="-3.429695">
        <ele>25.989215</ele>
        <time>2022-03-12T10:43:16.215Z</time>
      </trkpt>
      <trkpt lat="48.819284" lon="-3.429624">
        <ele>25.862680</ele>
        <time>2022-03-12T10:43:31.597Z</time>
      </trkpt>
      <trkpt lat="48.819437" lon="-3.429473">
        <ele>25.606372</ele>
        <time>2022-03-12T10:43:57.274Z</time>
      </trkpt>
      <trkpt lat="48.819438" lon="-3.429439">
        <ele>25.574895</ele>
        <time>2022-03-12T10:44:01.369Z</time>
      </trkpt>
      <trkpt lat="48.819477" lon="-3.429390">
        <ele>25.503796</ele>
        <time>2022-03-12T10:44:10.169Z</time>
      </trkpt>
      <trkpt lat="48.820004" lon="-3.429084">
        <ele>24.711272</ele>
        <time>2022-03-12T10:45:31.942Z</time>
      </trkpt>
      <trkpt lat="48.820170" lon="-3.428913">
        <ele>24.429519</ele>
        <time>2022-03-12T10:46:01.408Z</time>
      </trkpt>
      <trkpt lat="48.820383" lon="-3.428665">
        <ele>24.052519</ele>
        <time>2022-03-12T10:46:41.147Z</time>
      </trkpt>
      <trkpt lat="48.820424" lon="-3.428631">
        <ele>23.986901</ele>
        <time>2022-03-12T10:46:49.472Z</time>
      </trkpt>
      <trkpt lat="48.820801" lon="-3.428463">
        <ele>22.126564</ele>
        <time>2022-03-12T10:47:50.897Z</time>
      </trkpt>
      <trkpt lat="48.820968" lon="-3.428329">
        <ele>21.070263</ele>
        <time>2022-03-12T10:48:21.283Z</time>
      </trkpt>
      <trkpt lat="48.820986" lon="-3.428280">
        <ele>20.863649</ele>
        <time>2022-03-12T10:48:27.091Z</time>
      </trkpt>
      <trkpt lat="48.820996" lon="-3.428217">
        <ele>20.625020</ele>
        <time>2022-03-12T10:48:33.515Z</time>
      </trkpt>
      <trkpt lat="48.820981" lon="-3.428173">
        <ele>20.442570</ele>
        <time>2022-03-12T10:48:38.421Z</time>
      </trkpt>
      <trkpt lat="48.820528" lon="-3.428044">
        <ele>17.864956</ele>
        <time>2022-03-12T10:49:52.405Z</time>
      </trkpt>
      <trkpt lat="48.820401" lon="-3.427844">
        <ele>16.841797</ele>
        <time>2022-03-12T10:50:21.772Z</time>
      </trkpt>
      <trkpt lat="48.820443" lon="-3.427731">
        <ele>16.363975</ele>
        <time>2022-03-12T10:50:35.091Z</time>
      </trkpt>
      <trkpt lat="48.819755" lon="-3.427356">
        <ele>12.916855</ele>
        <time>2022-03-12T10:52:26.657Z</time>
      </trkpt>
      <trkpt lat="48.819696" lon="-3.427322">
        <ele>12.710928</ele>
        <time>2022-03-12T10:52:35.945Z</time>
      </trkpt>
      <trkpt lat="48.819509" lon="-3.427213">
        <ele>12.057297</ele>
        <time>2022-03-12T10:53:05.366Z</time>
      </trkpt>
      <trkpt lat="48.818093" lon="-3.426904">
        <ele>7.760176</ele>
        <time>2022-03-12T10:56:38.498Z</time>
      </trkpt>
      <trkpt lat="48.817878" lon="-3.426714">
        <ele>7.490078</ele>
        <time>2022-03-12T10:57:14.877Z</time>
      </trkpt>
      <trkpt lat="48.817462" lon="-3.426905">
        <ele>7.018185</ele>
        <time>2022-03-12T10:58:17.647Z</time>
      </trkpt>
      <trkpt lat="48.817229" lon="-3.426926">
        <ele>6.764743</ele>
        <time>2022-03-12T10:58:50.614Z</time>
      </trkpt>
      <trkpt lat="48.817155" lon="-3.426979">
        <ele>6.675905</ele>
        <time>2022-03-12T10:59:02.253Z</time>
      </trkpt>
      <trkpt lat="48.816904" lon="-3.427387">
        <ele>6.276689</ele>
        <time>2022-03-12T10:59:54.310Z</time>
      </trkpt>
      <trkpt lat="48.816730" lon="-3.428330">
        <ele>6.397158</ele>
        <time>2022-03-12T11:01:26.140Z</time>
      </trkpt>
      <trkpt lat="48.816749" lon="-3.428890">
        <ele>6.787635</ele>
        <time>2022-03-12T11:02:18.314Z</time>
      </trkpt>
      <trkpt lat="48.816777" lon="-3.429026">
        <ele>6.886861</ele>
        <time>2022-03-12T11:02:33.421Z</time>
      </trkpt>
      <trkpt lat="48.816312" lon="-3.429368">
        <ele>7.433250</ele>
        <time>2022-03-12T11:03:50.356Z</time>
      </trkpt>
      <trkpt lat="48.816287" lon="-3.429503">
        <ele>7.530906</ele>
        <time>2022-03-12T11:04:03.806Z</time>
      </trkpt>
      <trkpt lat="48.816026" lon="-3.429968">
        <ele>8.049134</ele>
        <time>2022-03-12T11:05:04.276Z</time>
      </trkpt>
      <trkpt lat="48.815799" lon="-3.430181">
        <ele>8.753304</ele>
        <time>2022-03-12T11:05:44.469Z</time>
      </trkpt>
      <trkpt lat="48.815626" lon="-3.430218">
        <ele>9.214351</ele>
        <time>2022-03-12T11:06:11.974Z</time>
      </trkpt>
      <trkpt lat="48.815368" lon="-3.430618">
        <ele>10.187343</ele>
        <time>2022-03-12T11:07:08.094Z</time>
      </trkpt>
      <trkpt lat="48.815369" lon="-3.430748">
        <ele>10.413264</ele>
        <time>2022-03-12T11:07:21.740Z</time>
      </trkpt>
      <trkpt lat="48.815456" lon="-3.430982">
        <ele>10.880231</ele>
        <time>2022-03-12T11:07:47.787Z</time>
      </trkpt>
      <trkpt lat="48.815604" lon="-3.432678">
        <ele>13.051723</ele>
        <time>2022-03-12T11:10:43.546Z</time>
      </trkpt>
      <trkpt lat="48.815638" lon="-3.432755">
        <ele>13.106315</ele>
        <time>2022-03-12T11:10:54.332Z</time>
      </trkpt>
      <trkpt lat="48.815618" lon="-3.432982">
        <ele>13.241174</ele>
        <time>2022-03-12T11:11:16.220Z</time>
      </trkpt>
      <trkpt lat="48.815591" lon="-3.433156">
        <ele>13.346440</ele>
        <time>2022-03-12T11:11:33.318Z</time>
      </trkpt>
      <trkpt lat="48.815567" lon="-3.433298">
        <ele>13.432767</ele>
        <time>2022-03-12T11:11:48.348Z</time>
      </trkpt>
      <trkpt lat="48.815451" lon="-3.433588">
        <ele>13.632570</ele>
        <time>2022-03-12T11:12:19.832Z</time>
      </trkpt>
      <trkpt lat="48.815339" lon="-3.433703">
        <ele>13.753470</ele>
        <time>2022-03-12T11:12:39.936Z</time>
      </trkpt>
      <trkpt lat="48.814615" lon="-3.434021">
        <ele>13.652251</ele>
        <time>2022-03-12T11:14:28.388Z</time>
      </trkpt>
      <trkpt lat="48.813866" lon="-3.434493">
        <ele>11.220515</ele>
        <time>2022-03-12T11:16:30.993Z</time>
      </trkpt>
      <trkpt lat="48.813854" lon="-3.434561">
        <ele>11.081500</ele>
        <time>2022-03-12T11:16:38.018Z</time>
      </trkpt>
      <trkpt lat="48.813619" lon="-3.434605">
        <ele>10.371468</ele>
        <time>2022-03-12T11:17:13.576Z</time>
      </trkpt>
      <trkpt lat="48.813407" lon="-3.434640">
        <ele>9.731997</ele>
        <time>2022-03-12T11:17:45.106Z</time>
      </trkpt>
      <trkpt lat="48.813287" lon="-3.434667">
        <ele>9.368225</ele>
        <time>2022-03-12T11:18:03.494Z</time>
      </trkpt>
      <trkpt lat="48.813168" lon="-3.434697">
        <ele>9.006495</ele>
        <time>2022-03-12T11:18:21.334Z</time>
      </trkpt>
      <trkpt lat="48.812720" lon="-3.434941">
        <ele>8.021698</ele>
        <time>2022-03-12T11:19:31.694Z</time>
      </trkpt>
      <trkpt lat="48.812498" lon="-3.435156">
        <ele>7.505780</ele>
        <time>2022-03-12T11:20:10.703Z</time>
      </trkpt>
      <trkpt lat="48.812356" lon="-3.435360">
        <ele>7.122764</ele>
        <time>2022-03-12T11:20:39.450Z</time>
      </trkpt>
      <trkpt lat="48.812037" lon="-3.435820">
        <ele>6.260802</ele>
        <time>2022-03-12T11:21:43.179Z</time>
      </trkpt>
      <trkpt lat="48.811506" lon="-3.437227">
        <ele>4.701492</ele>
        <time>2022-03-12T11:24:15.435Z</time>
      </trkpt>
      <trkpt lat="48.811212" lon="-3.437562">
        <ele>4.311406</ele>
        <time>2022-03-12T11:25:08.135Z</time>
      </trkpt>
      <trkpt lat="48.811164" lon="-3.437590">
        <ele>4.256836</ele>
        <time>2022-03-12T11:25:15.401Z</time>
      </trkpt>
      <trkpt lat="48.810931" lon="-3.437729">
        <ele>3.991162</ele>
        <time>2022-03-12T11:25:51.410Z</time>
      </trkpt>
      <trkpt lat="48.810525" lon="-3.437759">
        <ele>3.559778</ele>
        <time>2022-03-12T11:26:49.677Z</time>
      </trkpt>
      <trkpt lat="48.810375" lon="-3.437745">
        <ele>3.401849</ele>
        <time>2022-03-12T11:27:11.201Z</time>
      </trkpt>
      <trkpt lat="48.810196" lon="-3.437679">
        <ele>3.219992</ele>
        <time>2022-03-12T11:27:37.582Z</time>
      </trkpt>
      <trkpt lat="48.809647" lon="-3.437475">
        <ele>2.661986</ele>
        <time>2022-03-12T11:28:58.848Z</time>
      </trkpt>
      <trkpt lat="48.809533" lon="-3.437457">
        <ele>2.548830</ele>
        <time>2022-03-12T11:29:15.369Z</time>
      </trkpt>
      <trkpt lat="48.808935" lon="-3.437372">
        <ele>1.955860</ele>
        <time>2022-03-12T11:30:41.747Z</time>
      </trkpt>
      <trkpt lat="48.808777" lon="-3.437347">
        <ele>1.799027</ele>
        <time>2022-03-12T11:31:04.352Z</time>
      </trkpt>
      <trkpt lat="48.808425" lon="-3.437301">
        <ele>1.692287</ele>
        <time>2022-03-12T11:31:54.006Z</time>
      </trkpt>
      <trkpt lat="48.808229" lon="-3.437176">
        <ele>1.740678</ele>
        <time>2022-03-12T11:32:23.832Z</time>
      </trkpt>
      <trkpt lat="48.808021" lon="-3.437069">
        <ele>1.790668</ele>
        <time>2022-03-12T11:32:54.869Z</time>
      </trkpt>
      <trkpt lat="48.807455" lon="-3.436882">
        <ele>1.922520</ele>
        <time>2022-03-12T11:34:17.604Z</time>
      </trkpt>
      <trkpt lat="48.807416" lon="-3.436895">
        <ele>1.931609</ele>
        <time>2022-03-12T11:34:23.232Z</time>
      </trkpt>
      <trkpt lat="48.807347" lon="-3.437084">
        <ele>1.964005</ele>
        <time>2022-03-12T11:34:43.623Z</time>
      </trkpt>
      <trkpt lat="48.807257" lon="-3.437057">
        <ele>1.984888</ele>
        <time>2022-03-12T11:34:56.697Z</time>
      </trkpt>
      <trkpt lat="48.806864" lon="-3.436938">
        <ele>2.052908</ele>
        <time>2022-03-12T11:35:53.886Z</time>
      </trkpt>
      <trkpt lat="48.806835" lon="-3.436938">
        <ele>2.051756</ele>
        <time>2022-03-12T11:35:58.016Z</time>
      </trkpt>
      <trkpt lat="48.806602" lon="-3.436936">
        <ele>2.042499</ele>
        <time>2022-03-12T11:36:31.170Z</time>
      </trkpt>
      <trkpt lat="48.806653" lon="-3.437044">
        <ele>2.039022</ele>
        <time>2022-03-12T11:36:43.827Z</time>
      </trkpt>
      <trkpt lat="48.806520" lon="-3.437064">
        <ele>2.033713</ele>
        <time>2022-03-12T11:37:02.620Z</time>
      </trkpt>
      <trkpt lat="48.806503" lon="-3.437067">
        <ele>2.033033</ele>
        <time>2022-03-12T11:37:04.978Z</time>
      </trkpt>
      <trkpt lat="48.806451" lon="-3.437075">
        <ele>2.030957</ele>
        <time>2022-03-12T11:37:12.515Z</time>
      </trkpt>
      <trkpt lat="48.806337" lon="-3.437176">
        <ele>2.025713</ele>
        <time>2022-03-12T11:37:31.257Z</time>
      </trkpt>
      <trkpt lat="48.806299" lon="-3.437229">
        <ele>2.023663</ele>
        <time>2022-03-12T11:37:38.424Z</time>
      </trkpt>
      <trkpt lat="48.806193" lon="-3.437416">
        <ele>2.017208</ele>
        <time>2022-03-12T11:38:01.277Z</time>
      </trkpt>
      <trkpt lat="48.806170" lon="-3.437476">
        <ele>2.015391</ele>
        <time>2022-03-12T11:38:07.680Z</time>
      </trkpt>
      <trkpt lat="48.806114" lon="-3.437620">
        <ele>2.011016</ele>
        <time>2022-03-12T11:38:23.118Z</time>
      </trkpt>
      <trkpt lat="48.806061" lon="-3.437957">
        <ele>2.001951</ele>
        <time>2022-03-12T11:38:55.478Z</time>
      </trkpt>
      <trkpt lat="48.806055" lon="-3.438132">
        <ele>1.997366</ele>
        <time>2022-03-12T11:39:11.808Z</time>
      </trkpt>
      <trkpt lat="48.806074" lon="-3.438363">
        <ele>1.991275</ele>
        <time>2022-03-12T11:39:33.444Z</time>
      </trkpt>
      <trkpt lat="48.806076" lon="-3.438361">
        <ele>1.991179</ele>
        <time>2022-03-12T11:39:33.727Z</time>
      </trkpt>
      <trkpt lat="48.806201" lon="-3.438685">
        <ele>1.931939</ele>
        <time>2022-03-12T11:40:08.847Z</time>
      </trkpt>
      <trkpt lat="48.806402" lon="-3.439159">
        <ele>1.711629</ele>
        <time>2022-03-12T11:41:01.699Z</time>
      </trkpt>
      <trkpt lat="48.806551" lon="-3.439845">
        <ele>1.429343</ele>
        <time>2022-03-12T11:42:09.372Z</time>
      </trkpt>
      <trkpt lat="48.806538" lon="-3.440597">
        <ele>1.135366</ele>
        <time>2022-03-12T11:43:19.861Z</time>
      </trkpt>
      <trkpt lat="48.806508" lon="-3.440787">
        <ele>1.059012</ele>
        <time>2022-03-12T11:43:38.255Z</time>
      </trkpt>
      <trkpt lat="48.806307" lon="-3.441422">
        <ele>0.967965</ele>
        <time>2022-03-12T11:44:43.644Z</time>
      </trkpt>
      <trkpt lat="48.806283" lon="-3.441397">
        <ele>0.974451</ele>
        <time>2022-03-12T11:44:47.697Z</time>
      </trkpt>
      <trkpt lat="48.805009" lon="-3.442724">
        <ele>1.319172</ele>
        <time>2022-03-12T11:48:26.763Z</time>
      </trkpt>
      <trkpt lat="48.804983" lon="-3.442738">
        <ele>1.334962</ele>
        <time>2022-03-12T11:48:30.852Z</time>
      </trkpt>
      <trkpt lat="48.804975" lon="-3.442688">
        <ele>1.354360</ele>
        <time>2022-03-12T11:48:35.571Z</time>
      </trkpt>
      <trkpt lat="48.804968" lon="-3.442647">
        <ele>1.370327</ele>
        <time>2022-03-12T11:48:39.551Z</time>
      </trkpt>
      <trkpt lat="48.803723" lon="-3.443085">
        <ele>2.101837</ele>
        <time>2022-03-12T11:51:43.540Z</time>
      </trkpt>
      <trkpt lat="48.803406" lon="-3.443196">
        <ele>2.288049</ele>
        <time>2022-03-12T11:52:29.955Z</time>
      </trkpt>
      <trkpt lat="48.802779" lon="-3.442855">
        <ele>2.318308</ele>
        <time>2022-03-12T11:54:03.796Z</time>
      </trkpt>
      <trkpt lat="48.802302" lon="-3.442595">
        <ele>2.291482</ele>
        <time>2022-03-12T11:55:15.287Z</time>
      </trkpt>
      <trkpt lat="48.802221" lon="-3.442558">
        <ele>2.287005</ele>
        <time>2022-03-12T11:55:27.210Z</time>
      </trkpt>
      <trkpt lat="48.801961" lon="-3.442439">
        <ele>2.272631</ele>
        <time>2022-03-12T11:56:05.519Z</time>
      </trkpt>
      <trkpt lat="48.801890" lon="-3.442530">
        <ele>2.267713</ele>
        <time>2022-03-12T11:56:18.528Z</time>
      </trkpt>
      <trkpt lat="48.801710" lon="-3.442425">
        <ele>2.257507</ele>
        <time>2022-03-12T11:56:45.775Z</time>
      </trkpt>
      <trkpt lat="48.801403" lon="-3.442246">
        <ele>2.437483</ele>
        <time>2022-03-12T11:57:31.979Z</time>
      </trkpt>
      <trkpt lat="48.801090" lon="-3.442063">
        <ele>2.695387</ele>
        <time>2022-03-12T11:58:18.953Z</time>
      </trkpt>
      <trkpt lat="48.800739" lon="-3.441859">
        <ele>2.984382</ele>
        <time>2022-03-12T11:59:12.080Z</time>
      </trkpt>
      <trkpt lat="48.798897" lon="-3.440809">
        <ele>5.636765</ele>
        <time>2022-03-12T12:04:03.352Z</time>
      </trkpt>
      <trkpt lat="48.798188" lon="-3.440665">
        <ele>6.939419</ele>
        <time>2022-03-12T12:05:51.223Z</time>
      </trkpt>
      <trkpt lat="48.798053" lon="-3.440234">
        <ele>7.714050</ele>
        <time>2022-03-12T12:06:38.235Z</time>
      </trkpt>
      <trkpt lat="48.798006" lon="-3.439863">
        <ele>8.327266</ele>
        <time>2022-03-12T12:07:16.393Z</time>
      </trkpt>
      <trkpt lat="48.798003" lon="-3.439834">
        <ele>8.374914</ele>
        <time>2022-03-12T12:07:19.663Z</time>
      </trkpt>
      <trkpt lat="48.797966" lon="-3.439742">
        <ele>8.549874</ele>
        <time>2022-03-12T12:07:29.849Z</time>
      </trkpt>
      <trkpt lat="48.797959" lon="-3.439560">
        <ele>8.845787</ele>
        <time>2022-03-12T12:07:47.790Z</time>
      </trkpt>
      <trkpt lat="48.797915" lon="-3.439561">
        <ele>8.954219</ele>
        <time>2022-03-12T12:07:54.708Z</time>
      </trkpt>
      <trkpt lat="48.797866" lon="-3.439566">
        <ele>9.075231</ele>
        <time>2022-03-12T12:08:02.752Z</time>
      </trkpt>
      <trkpt lat="48.797871" lon="-3.439742">
        <ele>9.361169</ele>
        <time>2022-03-12T12:08:20.171Z</time>
      </trkpt>
      <trkpt lat="48.797877" lon="-3.439935">
        <ele>9.674782</ele>
        <time>2022-03-12T12:08:39.018Z</time>
      </trkpt>
      <trkpt lat="48.797883" lon="-3.440062">
        <ele>9.881450</ele>
        <time>2022-03-12T12:08:52.062Z</time>
      </trkpt>
      <trkpt lat="48.797888" lon="-3.440197">
        <ele>10.100919</ele>
        <time>2022-03-12T12:09:05.660Z</time>
      </trkpt>
      <trkpt lat="48.797891" lon="-3.440331">
        <ele>10.318545</ele>
        <time>2022-03-12T12:09:18.682Z</time>
      </trkpt>
      <trkpt lat="48.797887" lon="-3.440396">
        <ele>10.424508</ele>
        <time>2022-03-12T12:09:24.691Z</time>
      </trkpt>
      <trkpt lat="48.797872" lon="-3.440469">
        <ele>10.548628</ele>
        <time>2022-03-12T12:09:32.733Z</time>
      </trkpt>
      <trkpt lat="48.797798" lon="-3.440611">
        <ele>10.842519</ele>
        <time>2022-03-12T12:09:51.977Z</time>
      </trkpt>
      <trkpt lat="48.797661" lon="-3.440709">
        <ele>11.215698</ele>
        <time>2022-03-12T12:10:14.934Z</time>
      </trkpt>
      <trkpt lat="48.797586" lon="-3.440739">
        <ele>11.448476</ele>
        <time>2022-03-12T12:10:26.725Z</time>
      </trkpt>
      <trkpt lat="48.797518" lon="-3.440793">
        <ele>11.699815</ele>
        <time>2022-03-12T12:10:39.210Z</time>
      </trkpt>
      <trkpt lat="48.797497" lon="-3.440821">
        <ele>11.791354</ele>
        <time>2022-03-12T12:10:43.793Z</time>
      </trkpt>
      <trkpt lat="48.797448" lon="-3.440829">
        <ele>11.952760</ele>
        <time>2022-03-12T12:10:52.258Z</time>
      </trkpt>
      <trkpt lat="48.796734" lon="-3.440953">
        <ele>14.306453</ele>
        <time>2022-03-12T12:12:42.769Z</time>
      </trkpt>
      <trkpt lat="48.796544" lon="-3.441008">
        <ele>14.939939</ele>
        <time>2022-03-12T12:13:12.354Z</time>
      </trkpt>
      <trkpt lat="48.796198" lon="-3.440758">
        <ele>16.194944</ele>
        <time>2022-03-12T12:14:13.493Z</time>
      </trkpt>
      <trkpt lat="48.795975" lon="-3.440609">
        <ele>16.992912</ele>
        <time>2022-03-12T12:14:52.714Z</time>
      </trkpt>
      <trkpt lat="48.795473" lon="-3.440394">
        <ele>18.504467</ele>
        <time>2022-03-12T12:16:14.641Z</time>
      </trkpt>
      <trkpt lat="48.794865" lon="-3.440297">
        <ele>20.249278</ele>
        <time>2022-03-12T12:17:50.572Z</time>
      </trkpt>
      <trkpt lat="48.794653" lon="-3.440201">
        <ele>20.880681</ele>
        <time>2022-03-12T12:18:24.387Z</time>
      </trkpt>
      <trkpt lat="48.794194" lon="-3.439750">
        <ele>22.382979</ele>
        <time>2022-03-12T12:19:45.565Z</time>
      </trkpt>
      <trkpt lat="48.793956" lon="-3.439490">
        <ele>22.863797</ele>
        <time>2022-03-12T12:20:28.561Z</time>
      </trkpt>
      <trkpt lat="48.793232" lon="-3.438817">
        <ele>24.255893</ele>
        <time>2022-03-12T12:22:33.010Z</time>
      </trkpt>
      <trkpt lat="48.792999" lon="-3.438473">
        <ele>24.788867</ele>
        <time>2022-03-12T12:23:21.534Z</time>
      </trkpt>
      <trkpt lat="48.792653" lon="-3.437690">
        <ele>26.160012</ele>
        <time>2022-03-12T12:24:54.865Z</time>
      </trkpt>
      <trkpt lat="48.792394" lon="-3.437325">
        <ele>27.108675</ele>
        <time>2022-03-12T12:25:48.663Z</time>
      </trkpt>
      <trkpt lat="48.792158" lon="-3.436993">
        <ele>27.972390</ele>
        <time>2022-03-12T12:26:38.233Z</time>
      </trkpt>
      <trkpt lat="48.791904" lon="-3.436510">
        <ele>29.065281</ele>
        <time>2022-03-12T12:27:41.158Z</time>
      </trkpt>
      <trkpt lat="48.791444" lon="-3.434868">
        <ele>32.251695</ele>
        <time>2022-03-12T12:30:44.587Z</time>
      </trkpt>
      <trkpt lat="48.790759" lon="-3.433474">
        <ele>35.373307</ele>
        <time>2022-03-12T12:33:38.330Z</time>
      </trkpt>
      <trkpt lat="48.790653" lon="-3.432497">
        <ele>37.156807</ele>
        <time>2022-03-12T12:35:17.199Z</time>
      </trkpt>
      <trkpt lat="48.790695" lon="-3.432025">
        <ele>38.014705</ele>
        <time>2022-03-12T12:36:05.530Z</time>
      </trkpt>
      <trkpt lat="48.790787" lon="-3.431607">
        <ele>38.808521</ele>
        <time>2022-03-12T12:36:50.659Z</time>
      </trkpt>
      <trkpt lat="48.790899" lon="-3.431369">
        <ele>39.335344</ele>
        <time>2022-03-12T12:37:20.726Z</time>
      </trkpt>
      <trkpt lat="48.790928" lon="-3.431253">
        <ele>39.558823</ele>
        <time>2022-03-12T12:37:33.579Z</time>
      </trkpt>
      <trkpt lat="48.791065" lon="-3.430974">
        <ele>40.235188</ele>
        <time>2022-03-12T12:38:08.856Z</time>
      </trkpt>
      <trkpt lat="48.791117" lon="-3.430859">
        <ele>40.529685</ele>
        <time>2022-03-12T12:38:23.621Z</time>
      </trkpt>
      <trkpt lat="48.791278" lon="-3.430510">
        <ele>41.429245</ele>
        <time>2022-03-12T12:39:07.154Z</time>
      </trkpt>
      <trkpt lat="48.791550" lon="-3.429955">
        <ele>42.889730</ele>
        <time>2022-03-12T12:40:19.076Z</time>
      </trkpt>
      <trkpt lat="48.791778" lon="-3.429424">
        <ele>44.227958</ele>
        <time>2022-03-12T12:41:25.174Z</time>
      </trkpt>
      <trkpt lat="48.791908" lon="-3.428845">
        <ele>45.519470</ele>
        <time>2022-03-12T12:42:27.919Z</time>
      </trkpt>
      <trkpt lat="48.791910" lon="-3.428215">
        <ele>46.181349</ele>
        <time>2022-03-12T12:43:30.413Z</time>
      </trkpt>
      <trkpt lat="48.791843" lon="-3.427694">
        <ele>46.671477</ele>
        <time>2022-03-12T12:44:22.125Z</time>
      </trkpt>
      <trkpt lat="48.791772" lon="-3.427494">
        <ele>46.881246</ele>
        <time>2022-03-12T12:44:43.694Z</time>
      </trkpt>
      <trkpt lat="48.791661" lon="-3.427286">
        <ele>47.128400</ele>
        <time>2022-03-12T12:45:09.569Z</time>
      </trkpt>
      <trkpt lat="48.791615" lon="-3.427210">
        <ele>47.223692</ele>
        <time>2022-03-12T12:45:19.112Z</time>
      </trkpt>
      <trkpt lat="48.791357" lon="-3.426893">
        <ele>47.688901</ele>
        <time>2022-03-12T12:46:07.389Z</time>
      </trkpt>
      <trkpt lat="48.791252" lon="-3.426765">
        <ele>47.877645</ele>
        <time>2022-03-12T12:46:26.595Z</time>
      </trkpt>
      <trkpt lat="48.791197" lon="-3.426728">
        <ele>47.961960</ele>
        <time>2022-03-12T12:46:34.970Z</time>
      </trkpt>
      <trkpt lat="48.791121" lon="-3.426677">
        <ele>48.078421</ele>
        <time>2022-03-12T12:46:47.245Z</time>
      </trkpt>
      <trkpt lat="48.790856" lon="-3.426547">
        <ele>48.390963</ele>
        <time>2022-03-12T12:47:27.050Z</time>
      </trkpt>
      <trkpt lat="48.790395" lon="-3.426467">
        <ele>48.864381</ele>
        <time>2022-03-12T12:48:34.012Z</time>
      </trkpt>
      <trkpt lat="48.790241" lon="-3.426465">
        <ele>49.021511</ele>
        <time>2022-03-12T12:48:55.688Z</time>
      </trkpt>
      <trkpt lat="48.790179" lon="-3.426463">
        <ele>49.084784</ele>
        <time>2022-03-12T12:49:04.467Z</time>
      </trkpt>
      <trkpt lat="48.789981" lon="-3.426460">
        <ele>49.286811</ele>
        <time>2022-03-12T12:49:32.996Z</time>
      </trkpt>
      <trkpt lat="48.789765" lon="-3.426457">
        <ele>49.507203</ele>
        <time>2022-03-12T12:50:03.805Z</time>
      </trkpt>
      <trkpt lat="48.789369" lon="-3.426430">
        <ele>49.911646</ele>
        <time>2022-03-12T12:51:02.119Z</time>
      </trkpt>
      <trkpt lat="48.787878" lon="-3.426346">
        <ele>53.349251</ele>
        <time>2022-03-12T12:54:47.995Z</time>
      </trkpt>
      <trkpt lat="48.787414" lon="-3.426318">
        <ele>54.521034</ele>
        <time>2022-03-12T12:55:59.984Z</time>
      </trkpt>
      <trkpt lat="48.787047" lon="-3.426311">
        <ele>55.793578</ele>
        <time>2022-03-12T12:56:57.214Z</time>
      </trkpt>
      <trkpt lat="48.786613" lon="-3.426294">
        <ele>57.298822</ele>
        <time>2022-03-12T12:58:05.354Z</time>
      </trkpt>
      <trkpt lat="48.782421" lon="-3.426074">
        <ele>71.513861</ele>
        <time>2022-03-12T13:09:06.256Z</time>
      </trkpt>
      <trkpt lat="48.782375" lon="-3.426073">
        <ele>71.662976</ele>
        <time>2022-03-12T13:09:14.205Z</time>
      </trkpt>
      <trkpt lat="48.781694" lon="-3.426068">
        <ele>73.200278</ele>
        <time>2022-03-12T13:10:55.964Z</time>
      </trkpt>
      <trkpt lat="48.781770" lon="-3.427041">
        <ele>74.155496</ele>
        <time>2022-03-12T13:12:31.481Z</time>
      </trkpt>
      <trkpt lat="48.781841" lon="-3.427481">
        <ele>74.597126</ele>
        <time>2022-03-12T13:13:15.394Z</time>
      </trkpt>
      <trkpt lat="48.781867" lon="-3.427820">
        <ele>74.929847</ele>
        <time>2022-03-12T13:13:47.747Z</time>
      </trkpt>
      <trkpt lat="48.781884" lon="-3.428000">
        <ele>75.107122</ele>
        <time>2022-03-12T13:14:05.008Z</time>
      </trkpt>
      <trkpt lat="48.781883" lon="-3.428457">
        <ele>75.389231</ele>
        <time>2022-03-12T13:14:47.919Z</time>
      </trkpt>
      <trkpt lat="48.781712" lon="-3.429569">
        <ele>75.786049</ele>
        <time>2022-03-12T13:16:36.401Z</time>
      </trkpt>
      <trkpt lat="48.781714" lon="-3.429705">
        <ele>75.833323</ele>
        <time>2022-03-12T13:16:49.750Z</time>
      </trkpt>
      <trkpt lat="48.781653" lon="-3.429739">
        <ele>75.867595</ele>
        <time>2022-03-12T13:16:59.469Z</time>
      </trkpt>
      <trkpt lat="48.781391" lon="-3.430143">
        <ele>76.064581</ele>
        <time>2022-03-12T13:17:53.306Z</time>
      </trkpt>
      <trkpt lat="48.781128" lon="-3.430795">
        <ele>75.801503</ele>
        <time>2022-03-12T13:19:04.082Z</time>
      </trkpt>
      <trkpt lat="48.781079" lon="-3.430945">
        <ele>75.488806</ele>
        <time>2022-03-12T13:19:20.039Z</time>
      </trkpt>
      <trkpt lat="48.780970" lon="-3.431279">
        <ele>74.792668</ele>
        <time>2022-03-12T13:19:55.548Z</time>
      </trkpt>
      <trkpt lat="48.780842" lon="-3.431677">
        <ele>73.965494</ele>
        <time>2022-03-12T13:20:38.295Z</time>
      </trkpt>
      <trkpt lat="48.780735" lon="-3.431872">
        <ele>73.491541</ele>
        <time>2022-03-12T13:21:02.877Z</time>
      </trkpt>
      <trkpt lat="48.780584" lon="-3.432100">
        <ele>72.887776</ele>
        <time>2022-03-12T13:21:35.066Z</time>
      </trkpt>
      <trkpt lat="48.780404" lon="-3.432317">
        <ele>72.236180</ele>
        <time>2022-03-12T13:22:10.126Z</time>
      </trkpt>
      <trkpt lat="48.780233" lon="-3.432505">
        <ele>71.637661</ele>
        <time>2022-03-12T13:22:41.738Z</time>
      </trkpt>
      <trkpt lat="48.780244" lon="-3.432580">
        <ele>71.494151</ele>
        <time>2022-03-12T13:22:49.295Z</time>
      </trkpt>
      <trkpt lat="48.780256" lon="-3.432662">
        <ele>71.337263</ele>
        <time>2022-03-12T13:22:58.441Z</time>
      </trkpt>
      <trkpt lat="48.780304" lon="-3.433414">
        <ele>68.487408</ele>
        <time>2022-03-12T13:24:15.428Z</time>
      </trkpt>
      <trkpt lat="48.780466" lon="-3.434345">
        <ele>64.573175</ele>
        <time>2022-03-12T13:25:57.537Z</time>
      </trkpt>
      <trkpt lat="48.780395" lon="-3.435088">
        <ele>61.521296</ele>
        <time>2022-03-12T13:27:16.443Z</time>
      </trkpt>
      <trkpt lat="48.780438" lon="-3.435301">
        <ele>60.615731</ele>
        <time>2022-03-12T13:27:39.693Z</time>
      </trkpt>
      <trkpt lat="48.780559" lon="-3.435471">
        <ele>59.790182</ele>
        <time>2022-03-12T13:28:04.826Z</time>
      </trkpt>
      <trkpt lat="48.780620" lon="-3.435537">
        <ele>59.522742</ele>
        <time>2022-03-12T13:28:17.250Z</time>
      </trkpt>
      <trkpt lat="48.780668" lon="-3.435607">
        <ele>59.285094</ele>
        <time>2022-03-12T13:28:27.757Z</time>
      </trkpt>
      <trkpt lat="48.780727" lon="-3.435914">
        <ele>58.532838</ele>
        <time>2022-03-12T13:28:59.245Z</time>
      </trkpt>
      <trkpt lat="48.780702" lon="-3.436348">
        <ele>57.508030</ele>
        <time>2022-03-12T13:29:43.078Z</time>
      </trkpt>
      <trkpt lat="48.780688" lon="-3.436592">
        <ele>56.931887</ele>
        <time>2022-03-12T13:30:07.916Z</time>
      </trkpt>
      <trkpt lat="48.780697" lon="-3.436728">
        <ele>56.610360</ele>
        <time>2022-03-12T13:30:21.673Z</time>
      </trkpt>
      <trkpt lat="48.780653" lon="-3.437451">
        <ele>54.902379</ele>
        <time>2022-03-12T13:31:32.239Z</time>
      </trkpt>
      <trkpt lat="48.780675" lon="-3.437500">
        <ele>54.762901</ele>
        <time>2022-03-12T13:31:38.026Z</time>
      </trkpt>
      <trkpt lat="48.780424" lon="-3.437396">
        <ele>53.834067</ele>
        <time>2022-03-12T13:32:16.689Z</time>
      </trkpt>
      <trkpt lat="48.780252" lon="-3.437293">
        <ele>53.728739</ele>
        <time>2022-03-12T13:32:42.683Z</time>
      </trkpt>
      <trkpt lat="48.779951" lon="-3.437293">
        <ele>53.954229</ele>
        <time>2022-03-12T13:33:25.398Z</time>
      </trkpt>
      <trkpt lat="48.778357" lon="-3.436631">
        <ele>55.622651</ele>
        <time>2022-03-12T13:37:29.509Z</time>
      </trkpt>
      <trkpt lat="48.778299" lon="-3.436584">
        <ele>55.771755</ele>
        <time>2022-03-12T13:37:38.891Z</time>
      </trkpt>
      <trkpt lat="48.778279" lon="-3.436371">
        <ele>56.093266</ele>
        <time>2022-03-12T13:38:01.132Z</time>
      </trkpt>
      <trkpt lat="48.778232" lon="-3.435551">
        <ele>57.323261</ele>
        <time>2022-03-12T13:39:23.137Z</time>
      </trkpt>
      <trkpt lat="48.778180" lon="-3.435347">
        <ele>57.650121</ele>
        <time>2022-03-12T13:39:45.688Z</time>
      </trkpt>
      <trkpt lat="48.777775" lon="-3.434684">
        <ele>59.001080</ele>
        <time>2022-03-12T13:41:16.706Z</time>
      </trkpt>
      <trkpt lat="48.777167" lon="-3.433918">
        <ele>60.432274</ele>
        <time>2022-03-12T13:43:15.773Z</time>
      </trkpt>
      <trkpt lat="48.776964" lon="-3.433791">
        <ele>60.826616</ele>
        <time>2022-03-12T13:43:47.995Z</time>
      </trkpt>
      <trkpt lat="48.776815" lon="-3.433692">
        <ele>61.118736</ele>
        <time>2022-03-12T13:44:11.953Z</time>
      </trkpt>
      <trkpt lat="48.776758" lon="-3.433750">
        <ele>61.241989</ele>
        <time>2022-03-12T13:44:21.702Z</time>
      </trkpt>
      <trkpt lat="48.776579" lon="-3.433859">
        <ele>61.588378</ele>
        <time>2022-03-12T13:44:50.185Z</time>
      </trkpt>
      <trkpt lat="48.776505" lon="-3.433874">
        <ele>61.722457</ele>
        <time>2022-03-12T13:45:01.068Z</time>
      </trkpt>
      <trkpt lat="48.776424" lon="-3.433864">
        <ele>61.868408</ele>
        <time>2022-03-12T13:45:12.714Z</time>
      </trkpt>
      <trkpt lat="48.776012" lon="-3.433571">
        <ele>62.800666</ele>
        <time>2022-03-12T13:46:20.239Z</time>
      </trkpt>
      <trkpt lat="48.775541" lon="-3.432979">
        <ele>64.217817</ele>
        <time>2022-03-12T13:47:52.928Z</time>
      </trkpt>
      <trkpt lat="48.775445" lon="-3.432770">
        <ele>64.606840</ele>
        <time>2022-03-12T13:48:17.413Z</time>
      </trkpt>
      <trkpt lat="48.775314" lon="-3.432324">
        <ele>65.352480</ele>
        <time>2022-03-12T13:49:06.512Z</time>
      </trkpt>
      <trkpt lat="48.775268" lon="-3.432166">
        <ele>65.616248</ele>
        <time>2022-03-12T13:49:24.834Z</time>
      </trkpt>
      <trkpt lat="48.775223" lon="-3.432054">
        <ele>65.816556</ele>
        <time>2022-03-12T13:49:38.449Z</time>
      </trkpt>
      <trkpt lat="48.775042" lon="-3.431815">
        <ele>66.372521</ele>
        <time>2022-03-12T13:50:14.586Z</time>
      </trkpt>
      <trkpt lat="48.774743" lon="-3.431724">
        <ele>67.299639</ele>
        <time>2022-03-12T13:51:01.663Z</time>
      </trkpt>
      <trkpt lat="48.774689" lon="-3.431693">
        <ele>67.480808</ele>
        <time>2022-03-12T13:51:11.196Z</time>
      </trkpt>
      <trkpt lat="48.774672" lon="-3.431669">
        <ele>67.553671</ele>
        <time>2022-03-12T13:51:15.247Z</time>
      </trkpt>
      <trkpt lat="48.774623" lon="-3.431352">
        <ele>68.227007</ele>
        <time>2022-03-12T13:51:48.269Z</time>
      </trkpt>
      <trkpt lat="48.774683" lon="-3.430202">
        <ele>70.612609</ele>
        <time>2022-03-12T13:53:48.007Z</time>
      </trkpt>
      <trkpt lat="48.774573" lon="-3.429876">
        <ele>71.369994</ele>
        <time>2022-03-12T13:54:25.476Z</time>
      </trkpt>
      <trkpt lat="48.774518" lon="-3.429824">
        <ele>71.573340</ele>
        <time>2022-03-12T13:54:35.353Z</time>
      </trkpt>
      <trkpt lat="48.774514" lon="-3.429593">
        <ele>72.051206</ele>
        <time>2022-03-12T13:54:59.763Z</time>
      </trkpt>
      <trkpt lat="48.774470" lon="-3.429242">
        <ele>72.531360</ele>
        <time>2022-03-12T13:55:34.636Z</time>
      </trkpt>
      <trkpt lat="48.774473" lon="-3.429158">
        <ele>72.640037</ele>
        <time>2022-03-12T13:55:42.918Z</time>
      </trkpt>
      <trkpt lat="48.774475" lon="-3.429087">
        <ele>72.731845</ele>
        <time>2022-03-12T13:55:50.259Z</time>
      </trkpt>
      <trkpt lat="48.774687" lon="-3.428070">
        <ele>74.109847</ele>
        <time>2022-03-12T13:57:35.078Z</time>
      </trkpt>
      <trkpt lat="48.774875" lon="-3.427493">
        <ele>74.941386</ele>
        <time>2022-03-12T13:58:38.617Z</time>
      </trkpt>
      <trkpt lat="48.775141" lon="-3.426365">
        <ele>76.098758</ele>
        <time>2022-03-12T14:00:34.891Z</time>
      </trkpt>
      <trkpt lat="48.775088" lon="-3.425044">
        <ele>77.034740</ele>
        <time>2022-03-12T14:02:43.023Z</time>
      </trkpt>
      <trkpt lat="48.775172" lon="-3.424314">
        <ele>77.556710</ele>
        <time>2022-03-12T14:03:52.322Z</time>
      </trkpt>
      <trkpt lat="48.775134" lon="-3.424115">
        <ele>77.550149</ele>
        <time>2022-03-12T14:04:11.553Z</time>
      </trkpt>
      <trkpt lat="48.775055" lon="-3.424061">
        <ele>77.545985</ele>
        <time>2022-03-12T14:04:24.567Z</time>
      </trkpt>
      <trkpt lat="48.774924" lon="-3.424178">
        <ele>77.538680</ele>
        <time>2022-03-12T14:04:46.268Z</time>
      </trkpt>
      <trkpt lat="48.774409" lon="-3.424791">
        <ele>77.507225</ele>
        <time>2022-03-12T14:06:18.197Z</time>
      </trkpt>
      <trkpt lat="48.774029" lon="-3.425243">
        <ele>77.484022</ele>
        <time>2022-03-12T14:07:26.477Z</time>
      </trkpt>
      <trkpt lat="48.773352" lon="-3.425465">
        <ele>77.875082</ele>
        <time>2022-03-12T14:09:03.477Z</time>
      </trkpt>
      <trkpt lat="48.773181" lon="-3.425462">
        <ele>78.044532</ele>
        <time>2022-03-12T14:09:27.682Z</time>
      </trkpt>
      <trkpt lat="48.773124" lon="-3.425427">
        <ele>78.105461</ele>
        <time>2022-03-12T14:09:37.002Z</time>
      </trkpt>
      <trkpt lat="48.772957" lon="-3.425348">
        <ele>78.278792</ele>
        <time>2022-03-12T14:10:01.868Z</time>
      </trkpt>
      <trkpt lat="48.772258" lon="-3.425298">
        <ele>78.972178</ele>
        <time>2022-03-12T14:11:44.312Z</time>
      </trkpt>
      <trkpt lat="48.771338" lon="-3.425309">
        <ele>80.666260</ele>
        <time>2022-03-12T14:14:03.922Z</time>
      </trkpt>
      <trkpt lat="48.770878" lon="-3.425190">
        <ele>81.701795</ele>
        <time>2022-03-12T14:15:14.729Z</time>
      </trkpt>
      <trkpt lat="48.770412" lon="-3.425280">
        <ele>82.744258</ele>
        <time>2022-03-12T14:16:25.653Z</time>
      </trkpt>
      <trkpt lat="48.770271" lon="-3.425286">
        <ele>83.057279</ele>
        <time>2022-03-12T14:16:47.346Z</time>
      </trkpt>
      <trkpt lat="48.770066" lon="-3.425606">
        <ele>83.670293</ele>
        <time>2022-03-12T14:17:31.486Z</time>
      </trkpt>
      <trkpt lat="48.769271" lon="-3.426682">
        <ele>85.833115</ele>
        <time>2022-03-12T14:20:11.713Z</time>
      </trkpt>
      <trkpt lat="48.769048" lon="-3.426924">
        <ele>86.389726</ele>
        <time>2022-03-12T14:20:52.606Z</time>
      </trkpt>
      <trkpt lat="48.768919" lon="-3.426586">
        <ele>86.911404</ele>
        <time>2022-03-12T14:21:30.987Z</time>
      </trkpt>
      <trkpt lat="48.768657" lon="-3.426215">
        <ele>87.598023</ele>
        <time>2022-03-12T14:22:24.331Z</time>
      </trkpt>
      <trkpt lat="48.768507" lon="-3.425924">
        <ele>88.064522</ele>
        <time>2022-03-12T14:23:00.579Z</time>
      </trkpt>
      <trkpt lat="48.768150" lon="-3.425461">
        <ele>88.964329</ele>
        <time>2022-03-12T14:24:11.064Z</time>
      </trkpt>
      <trkpt lat="48.768004" lon="-3.425360">
        <ele>89.271754</ele>
        <time>2022-03-12T14:24:35.014Z</time>
      </trkpt>
      <trkpt lat="48.767951" lon="-3.425338">
        <ele>89.377028</ele>
        <time>2022-03-12T14:24:43.184Z</time>
      </trkpt>
      <trkpt lat="48.767898" lon="-3.425256">
        <ele>89.522056</ele>
        <time>2022-03-12T14:24:54.848Z</time>
      </trkpt>
      <trkpt lat="48.767280" lon="-3.424856">
        <ele>90.803586</ele>
        <time>2022-03-12T14:26:35.221Z</time>
      </trkpt>
      <trkpt lat="48.766950" lon="-3.424359">
        <ele>91.683525</ele>
        <time>2022-03-12T14:27:45.428Z</time>
      </trkpt>
      <trkpt lat="48.766414" lon="-3.423915">
        <ele>92.839195</ele>
        <time>2022-03-12T14:29:17.003Z</time>
      </trkpt>
      <trkpt lat="48.765951" lon="-3.423491">
        <ele>93.826164</ele>
        <time>2022-03-12T14:30:37.281Z</time>
      </trkpt>
      <trkpt lat="48.765879" lon="-3.423185">
        <ele>94.105469</ele>
        <time>2022-03-12T14:31:08.881Z</time>
      </trkpt>
      <trkpt lat="48.765632" lon="-3.422380">
        <ele>94.868778</ele>
        <time>2022-03-12T14:32:34.995Z</time>
      </trkpt>
      <trkpt lat="48.765363" lon="-3.421801">
        <ele>95.477722</ele>
        <time>2022-03-12T14:33:43.227Z</time>
      </trkpt>
      <trkpt lat="48.765193" lon="-3.421533">
        <ele>95.797460</ele>
        <time>2022-03-12T14:34:18.853Z</time>
      </trkpt>
      <trkpt lat="48.764097" lon="-3.420331">
        <ele>97.395765</ele>
        <time>2022-03-12T14:37:34.800Z</time>
      </trkpt>
      <trkpt lat="48.764058" lon="-3.420200">
        <ele>97.505428</ele>
        <time>2022-03-12T14:37:48.993Z</time>
      </trkpt>
      <trkpt lat="48.763993" lon="-3.420036">
        <ele>97.651422</ele>
        <time>2022-03-12T14:38:07.444Z</time>
      </trkpt>
      <trkpt lat="48.763770" lon="-3.419762">
        <ele>97.983557</ele>
        <time>2022-03-12T14:38:49.550Z</time>
      </trkpt>
      <trkpt lat="48.763420" lon="-3.419500">
        <ele>98.511253</ele>
        <time>2022-03-12T14:39:47.173Z</time>
      </trkpt>
      <trkpt lat="48.762982" lon="-3.419172">
        <ele>99.240250</ele>
        <time>2022-03-12T14:40:59.327Z</time>
      </trkpt>
      <trkpt lat="48.762882" lon="-3.419165">
        <ele>99.389654</ele>
        <time>2022-03-12T14:41:14.026Z</time>
      </trkpt>
      <trkpt lat="48.762859" lon="-3.419183">
        <ele>99.428279</ele>
        <time>2022-03-12T14:41:18.165Z</time>
      </trkpt>
      <trkpt lat="48.762782" lon="-3.419419">
        <ele>99.687337</ele>
        <time>2022-03-12T14:41:43.942Z</time>
      </trkpt>
      <trkpt lat="48.762733" lon="-3.419643">
        <ele>99.919524</ele>
        <time>2022-03-12T14:42:06.540Z</time>
      </trkpt>
      <trkpt lat="48.762718" lon="-3.419717">
        <ele>99.995689</ele>
        <time>2022-03-12T14:42:14.367Z</time>
      </trkpt>
      <trkpt lat="48.762588" lon="-3.420322">
        <ele>100.621708</ele>
        <time>2022-03-12T14:43:15.822Z</time>
      </trkpt>
      <trkpt lat="48.762521" lon="-3.420581">
        <ele>100.896183</ele>
        <time>2022-03-12T14:43:42.596Z</time>
      </trkpt>
      <trkpt lat="48.762388" lon="-3.420968">
        <ele>101.334016</ele>
        <time>2022-03-12T14:44:25.154Z</time>
      </trkpt>
      <trkpt lat="48.762369" lon="-3.421024">
        <ele>101.397200</ele>
        <time>2022-03-12T14:44:31.298Z</time>
      </trkpt>
      <trkpt lat="48.762246" lon="-3.421395">
        <ele>101.813810</ele>
        <time>2022-03-12T14:45:11.925Z</time>
      </trkpt>
      <trkpt lat="48.762158" lon="-3.421661">
        <ele>102.112384</ele>
        <time>2022-03-12T14:45:41.079Z</time>
      </trkpt>
      <trkpt lat="48.762075" lon="-3.422059">
        <ele>102.531163</ele>
        <time>2022-03-12T14:46:21.780Z</time>
      </trkpt>
      <trkpt lat="48.761182" lon="-3.422647">
        <ele>103.879193</ele>
        <time>2022-03-12T14:48:45.154Z</time>
      </trkpt>
      <trkpt lat="48.761108" lon="-3.422326">
        <ele>104.111426</ele>
        <time>2022-03-12T14:49:18.220Z</time>
      </trkpt>
      <trkpt lat="48.761057" lon="-3.422139">
        <ele>104.249629</ele>
        <time>2022-03-12T14:49:37.715Z</time>
      </trkpt>
      <trkpt lat="48.760972" lon="-3.421965">
        <ele>104.397528</ele>
        <time>2022-03-12T14:49:58.839Z</time>
      </trkpt>
      <trkpt lat="48.760745" lon="-3.422040">
        <ele>104.638208</ele>
        <time>2022-03-12T14:50:32.766Z</time>
      </trkpt>
      <trkpt lat="48.759962" lon="-3.422142">
        <ele>105.452361</ele>
        <time>2022-03-12T14:52:26.078Z</time>
      </trkpt>
      <trkpt lat="48.759534" lon="-3.422214">
        <ele>105.267057</ele>
        <time>2022-03-12T14:53:26.948Z</time>
      </trkpt>
      <trkpt lat="48.759306" lon="-3.422257">
        <ele>105.163961</ele>
        <time>2022-03-12T14:53:59.261Z</time>
      </trkpt>
      <trkpt lat="48.759128" lon="-3.422322">
        <ele>105.081808</ele>
        <time>2022-03-12T14:54:25.064Z</time>
      </trkpt>
      <trkpt lat="48.758968" lon="-3.422414">
        <ele>105.005028</ele>
        <time>2022-03-12T14:54:49.312Z</time>
      </trkpt>
      <trkpt lat="48.758970" lon="-3.422648">
        <ele>104.935803</ele>
        <time>2022-03-12T14:55:11.430Z</time>
      </trkpt>
      <trkpt lat="48.758963" lon="-3.423078">
        <ele>104.808567</ele>
        <time>2022-03-12T14:55:51.693Z</time>
      </trkpt>
      <trkpt lat="48.758892" lon="-3.423357">
        <ele>104.720101</ele>
        <time>2022-03-12T14:56:19.824Z</time>
      </trkpt>
      <trkpt lat="48.758672" lon="-3.424032">
        <ele>104.091460</ele>
        <time>2022-03-12T14:57:31.253Z</time>
      </trkpt>
      <trkpt lat="48.758545" lon="-3.424258">
        <ele>103.771244</ele>
        <time>2022-03-12T14:57:59.504Z</time>
      </trkpt>
      <trkpt lat="48.758346" lon="-3.424570">
        <ele>103.303127</ele>
        <time>2022-03-12T14:58:41.113Z</time>
      </trkpt>
      <trkpt lat="48.758092" lon="-3.424794">
        <ele>102.822556</ele>
        <time>2022-03-12T14:59:23.472Z</time>
      </trkpt>
      <trkpt lat="48.757817" lon="-3.424987">
        <ele>102.326935</ele>
        <time>2022-03-12T15:00:07.515Z</time>
      </trkpt>
      <trkpt lat="48.755171" lon="-3.426833">
        <ele>95.860720</ele>
        <time>2022-03-12T15:07:14.244Z</time>
      </trkpt>
      <trkpt lat="48.754359" lon="-3.427654">
        <ele>93.370748</ele>
        <time>2022-03-12T15:09:38.813Z</time>
      </trkpt>
      <trkpt lat="48.754061" lon="-3.428227">
        <ele>91.995534</ele>
        <time>2022-03-12T15:10:50.085Z</time>
      </trkpt>
      <trkpt lat="48.753813" lon="-3.428914">
        <ele>90.484772</ele>
        <time>2022-03-12T15:12:06.897Z</time>
      </trkpt>
      <trkpt lat="48.753396" lon="-3.430652">
        <ele>86.972786</ele>
        <time>2022-03-12T15:15:08.129Z</time>
      </trkpt>
      <trkpt lat="48.753349" lon="-3.430837">
        <ele>86.612251</ele>
        <time>2022-03-12T15:15:27.475Z</time>
      </trkpt>
      <trkpt lat="48.753276" lon="-3.431092">
        <ele>86.106704</ele>
        <time>2022-03-12T15:15:54.627Z</time>
      </trkpt>
      <trkpt lat="48.752769" lon="-3.433142">
        <ele>82.210463</ele>
        <time>2022-03-12T15:19:28.158Z</time>
      </trkpt>
      <trkpt lat="48.752448" lon="-3.434439">
        <ele>79.959715</ele>
        <time>2022-03-12T15:21:42.376Z</time>
      </trkpt>
      <trkpt lat="48.752264" lon="-3.434836">
        <ele>79.171305</ele>
        <time>2022-03-12T15:22:29.433Z</time>
      </trkpt>
      <trkpt lat="48.751769" lon="-3.435330">
        <ele>77.588937</ele>
        <time>2022-03-12T15:23:56.599Z</time>
      </trkpt>
      <trkpt lat="48.751676" lon="-3.435396">
        <ele>77.296399</ele>
        <time>2022-03-12T15:24:12.029Z</time>
      </trkpt>
      <trkpt lat="48.751230" lon="-3.435470">
        <ele>76.018115</ele>
        <time>2022-03-12T15:25:18.258Z</time>
      </trkpt>
      <trkpt lat="48.750795" lon="-3.435363">
        <ele>74.762559</ele>
        <time>2022-03-12T15:26:23.453Z</time>
      </trkpt>
      <trkpt lat="48.749002" lon="-3.434618">
        <ele>68.810714</ele>
        <time>2022-03-12T15:31:01.615Z</time>
      </trkpt>
      <trkpt lat="48.748726" lon="-3.434328">
        <ele>67.693512</ele>
        <time>2022-03-12T15:31:52.055Z</time>
      </trkpt>
      <trkpt lat="48.748401" lon="-3.434092">
        <ele>66.538838</ele>
        <time>2022-03-12T15:32:46.193Z</time>
      </trkpt>
      <trkpt lat="48.748004" lon="-3.433952">
        <ele>65.250112</ele>
        <time>2022-03-12T15:33:47.136Z</time>
      </trkpt>
      <trkpt lat="48.747679" lon="-3.433942">
        <ele>64.222311</ele>
        <time>2022-03-12T15:34:35.743Z</time>
      </trkpt>
      <trkpt lat="48.747233" lon="-3.434145">
        <ele>62.750004</ele>
        <time>2022-03-12T15:35:45.122Z</time>
      </trkpt>
      <trkpt lat="48.746554" lon="-3.434639">
        <ele>60.459775</ele>
        <time>2022-03-12T15:37:36.764Z</time>
      </trkpt>
      <trkpt lat="48.746002" lon="-3.434714">
        <ele>58.827350</ele>
        <time>2022-03-12T15:38:58.583Z</time>
      </trkpt>
      <trkpt lat="48.743873" lon="-3.434199">
        <ele>52.078091</ele>
        <time>2022-03-12T15:44:20.233Z</time>
      </trkpt>
      <trkpt lat="48.743677" lon="-3.434165">
        <ele>51.437898</ele>
        <time>2022-03-12T15:44:50.032Z</time>
      </trkpt>
      <trkpt lat="48.743314" lon="-3.434103">
        <ele>50.226138</ele>
        <time>2022-03-12T15:45:44.712Z</time>
      </trkpt>
      <trkpt lat="48.742889" lon="-3.434156">
        <ele>48.724896</ele>
        <time>2022-03-12T15:46:48.519Z</time>
      </trkpt>
      <trkpt lat="48.742684" lon="-3.434081">
        <ele>47.982498</ele>
        <time>2022-03-12T15:47:20.235Z</time>
      </trkpt>
      <trkpt lat="48.742161" lon="-3.434328">
        <ele>46.054077</ele>
        <time>2022-03-12T15:48:42.892Z</time>
      </trkpt>
      <trkpt lat="48.741885" lon="-3.434381">
        <ele>45.074673</ele>
        <time>2022-03-12T15:49:24.605Z</time>
      </trkpt>
      <trkpt lat="48.741460" lon="-3.434038">
        <ele>43.254851</ele>
        <time>2022-03-12T15:50:36.700Z</time>
      </trkpt>
      <trkpt lat="48.741184" lon="-3.434006">
        <ele>42.137323</ele>
        <time>2022-03-12T15:51:18.250Z</time>
      </trkpt>
      <trkpt lat="48.740456" lon="-3.434317">
        <ele>39.083809</ele>
        <time>2022-03-12T15:53:13.746Z</time>
      </trkpt>
      <trkpt lat="48.740172" lon="-3.434532">
        <ele>37.802286</ele>
        <time>2022-03-12T15:54:02.266Z</time>
      </trkpt>
      <trkpt lat="48.739955" lon="-3.434627">
        <ele>36.908400</ele>
        <time>2022-03-12T15:54:36.776Z</time>
      </trkpt>
      <trkpt lat="48.739684" lon="-3.434746">
        <ele>36.029142</ele>
        <time>2022-03-12T15:55:19.463Z</time>
      </trkpt>
      <trkpt lat="48.739224" lon="-3.435111">
        <ele>34.411161</ele>
        <time>2022-03-12T15:56:37.343Z</time>
      </trkpt>
      <trkpt lat="48.739132" lon="-3.435422">
        <ele>33.710615</ele>
        <time>2022-03-12T15:57:10.888Z</time>
      </trkpt>
      <trkpt lat="48.739239" lon="-3.436903">
        <ele>31.229620</ele>
        <time>2022-03-12T15:59:35.782Z</time>
      </trkpt>
      <trkpt lat="48.739274" lon="-3.437268">
        <ele>31.087357</ele>
        <time>2022-03-12T16:00:10.888Z</time>
      </trkpt>
      <trkpt lat="48.738743" lon="-3.437353">
        <ele>30.775071</ele>
        <time>2022-03-12T16:01:26.253Z</time>
      </trkpt>
      <trkpt lat="48.738397" lon="-3.437525">
        <ele>30.562113</ele>
        <time>2022-03-12T16:02:18.181Z</time>
      </trkpt>
      <trkpt lat="48.738078" lon="-3.437815">
        <ele>30.344581</ele>
        <time>2022-03-12T16:03:10.871Z</time>
      </trkpt>
      <trkpt lat="48.737778" lon="-3.438288">
        <ele>30.192123</ele>
        <time>2022-03-12T16:04:11.861Z</time>
      </trkpt>
      <trkpt lat="48.737719" lon="-3.438421">
        <ele>30.158529</ele>
        <time>2022-03-12T16:04:27.141Z</time>
      </trkpt>
      <trkpt lat="48.737540" lon="-3.438928">
        <ele>30.038001</ele>
        <time>2022-03-12T16:05:20.872Z</time>
      </trkpt>
      <trkpt lat="48.736870" lon="-3.441723">
        <ele>27.914555</ele>
        <time>2022-03-12T16:10:00.672Z</time>
      </trkpt>
      <trkpt lat="48.736822" lon="-3.442007">
        <ele>27.570006</ele>
        <time>2022-03-12T16:10:29.492Z</time>
      </trkpt>
      <trkpt lat="48.736806" lon="-3.442380">
        <ele>27.130722</ele>
        <time>2022-03-12T16:11:05.963Z</time>
      </trkpt>
      <trkpt lat="48.736914" lon="-3.443530">
        <ele>25.872421</ele>
        <time>2022-03-12T16:13:00.154Z</time>
      </trkpt>
      <trkpt lat="48.736819" lon="-3.444102">
        <ele>25.275434</ele>
        <time>2022-03-12T16:13:57.481Z</time>
      </trkpt>
      <trkpt lat="48.736749" lon="-3.444361">
        <ele>24.992146</ele>
        <time>2022-03-12T16:14:24.603Z</time>
      </trkpt>
      <trkpt lat="48.736731" lon="-3.444455">
        <ele>24.893081</ele>
        <time>2022-03-12T16:14:33.817Z</time>
      </trkpt>
      <trkpt lat="48.736797" lon="-3.444580">
        <ele>24.731022</ele>
        <time>2022-03-12T16:14:49.100Z</time>
      </trkpt>
      <trkpt lat="48.736928" lon="-3.444666">
        <ele>24.511957</ele>
        <time>2022-03-12T16:15:09.976Z</time>
      </trkpt>
      <trkpt lat="48.737127" lon="-3.444889">
        <ele>24.132226</ele>
        <time>2022-03-12T16:15:44.784Z</time>
      </trkpt>
      <trkpt lat="48.737093" lon="-3.444958">
        <ele>24.045053</ele>
        <time>2022-03-12T16:15:52.914Z</time>
      </trkpt>
      <trkpt lat="48.737053" lon="-3.445064">
        <ele>23.921453</ele>
        <time>2022-03-12T16:16:04.445Z</time>
      </trkpt>
      <trkpt lat="48.736980" lon="-3.445181">
        <ele>23.791376</ele>
        <time>2022-03-12T16:16:20.605Z</time>
      </trkpt>
      <trkpt lat="48.736752" lon="-3.446007">
        <ele>24.680293</ele>
        <time>2022-03-12T16:17:46.998Z</time>
      </trkpt>
      <trkpt lat="48.736751" lon="-3.446065">
        <ele>24.737891</ele>
        <time>2022-03-12T16:17:52.827Z</time>
      </trkpt>
      <trkpt lat="48.736745" lon="-3.446697">
        <ele>25.365363</ele>
        <time>2022-03-12T16:18:56.552Z</time>
      </trkpt>
      <trkpt lat="48.736697" lon="-3.447147">
        <ele>25.817898</ele>
        <time>2022-03-12T16:19:41.454Z</time>
      </trkpt>
      <trkpt lat="48.736598" lon="-3.447359">
        <ele>26.075774</ele>
        <time>2022-03-12T16:20:07.817Z</time>
      </trkpt>
      <trkpt lat="48.736534" lon="-3.447633">
        <ele>26.364339</ele>
        <time>2022-03-12T16:20:35.942Z</time>
      </trkpt>
      <trkpt lat="48.736465" lon="-3.447927">
        <ele>26.465223</ele>
        <time>2022-03-12T16:21:06.129Z</time>
      </trkpt>
      <trkpt lat="48.736430" lon="-3.448076">
        <ele>26.451110</ele>
        <time>2022-03-12T16:21:20.827Z</time>
      </trkpt>
      <trkpt lat="48.736274" lon="-3.448834">
        <ele>26.380258</ele>
        <time>2022-03-12T16:22:35.958Z</time>
      </trkpt>
      <trkpt lat="48.736216" lon="-3.449115">
        <ele>26.353985</ele>
        <time>2022-03-12T16:23:03.323Z</time>
      </trkpt>
      <trkpt lat="48.736001" lon="-3.450106">
        <ele>26.260898</ele>
        <time>2022-03-12T16:24:41.012Z</time>
      </trkpt>
      <trkpt lat="48.735871" lon="-3.450709">
        <ele>25.828015</ele>
        <time>2022-03-12T16:25:42.045Z</time>
      </trkpt>
      <trkpt lat="48.735643" lon="-3.451825">
        <ele>24.597154</ele>
        <time>2022-03-12T16:27:34.400Z</time>
      </trkpt>
      <trkpt lat="48.735637" lon="-3.451869">
        <ele>24.549818</ele>
        <time>2022-03-12T16:27:38.958Z</time>
      </trkpt>
      <trkpt lat="48.735481" lon="-3.452824">
        <ele>23.513288</ele>
        <time>2022-03-12T16:29:12.091Z</time>
      </trkpt>
      <trkpt lat="48.735469" lon="-3.452991">
        <ele>23.348139</ele>
        <time>2022-03-12T16:29:28.290Z</time>
      </trkpt>
      <trkpt lat="48.735386" lon="-3.453120">
        <ele>23.234022</ele>
        <time>2022-03-12T16:29:45.247Z</time>
      </trkpt>
      <trkpt lat="48.735312" lon="-3.453278">
        <ele>23.111314</ele>
        <time>2022-03-12T16:30:03.378Z</time>
      </trkpt>
      <trkpt lat="48.735142" lon="-3.453876">
        <ele>22.698972</ele>
        <time>2022-03-12T16:31:05.504Z</time>
      </trkpt>
      <trkpt lat="48.735050" lon="-3.454627">
        <ele>22.215291</ele>
        <time>2022-03-12T16:32:18.044Z</time>
      </trkpt>
      <trkpt lat="48.735008" lon="-3.455310">
        <ele>21.780925</ele>
        <time>2022-03-12T16:33:22.104Z</time>
      </trkpt>
      <trkpt lat="48.734962" lon="-3.455501">
        <ele>21.652169</ele>
        <time>2022-03-12T16:33:41.115Z</time>
      </trkpt>
      <trkpt lat="48.734725" lon="-3.456421">
        <ele>21.601398</ele>
        <time>2022-03-12T16:35:12.607Z</time>
      </trkpt>
      <trkpt lat="48.734611" lon="-3.456812">
        <ele>21.584730</ele>
        <time>2022-03-12T16:35:52.134Z</time>
      </trkpt>
      <trkpt lat="48.734479" lon="-3.456846">
        <ele>21.576814</ele>
        <time>2022-03-12T16:36:10.920Z</time>
      </trkpt>
      <trkpt lat="48.734414" lon="-3.456786">
        <ele>21.572316</ele>
        <time>2022-03-12T16:36:21.824Z</time>
      </trkpt>
      <trkpt lat="48.734339" lon="-3.457199">
        <ele>21.555613</ele>
        <time>2022-03-12T16:37:01.632Z</time>
      </trkpt>
      <trkpt lat="48.734581" lon="-3.458246">
        <ele>21.065676</ele>
        <time>2022-03-12T16:38:44.538Z</time>
      </trkpt>
      <trkpt lat="48.734574" lon="-3.458519">
        <ele>20.821977</ele>
        <time>2022-03-12T16:39:10.084Z</time>
      </trkpt>
      <trkpt lat="48.734566" lon="-3.458612">
        <ele>20.738319</ele>
        <time>2022-03-12T16:39:19.158Z</time>
      </trkpt>
      <trkpt lat="48.734462" lon="-3.458938">
        <ele>20.415297</ele>
        <time>2022-03-12T16:39:52.593Z</time>
      </trkpt>
      <trkpt lat="48.734444" lon="-3.459016">
        <ele>20.341585</ele>
        <time>2022-03-12T16:40:00.606Z</time>
      </trkpt>
      <trkpt lat="48.734330" lon="-3.458998">
        <ele>20.186573</ele>
        <time>2022-03-12T16:40:16.901Z</time>
      </trkpt>
      <trkpt lat="48.734276" lon="-3.459101">
        <ele>20.069207</ele>
        <time>2022-03-12T16:40:29.602Z</time>
      </trkpt>
      <trkpt lat="48.734163" lon="-3.459174">
        <ele>19.903087</ele>
        <time>2022-03-12T16:40:47.347Z</time>
      </trkpt>
      <trkpt lat="48.733476" lon="-3.459439">
        <ele>18.589650</ele>
        <time>2022-03-12T16:42:32.483Z</time>
      </trkpt>
      <trkpt lat="48.733240" lon="-3.459523">
        <ele>17.515635</ele>
        <time>2022-03-12T16:43:09.276Z</time>
      </trkpt>
      <trkpt lat="48.732980" lon="-3.459829">
        <ele>16.057386</ele>
        <time>2022-03-12T16:43:59.820Z</time>
      </trkpt>
      <trkpt lat="48.732886" lon="-3.459924">
        <ele>15.556878</ele>
        <time>2022-03-12T16:44:17.430Z</time>
      </trkpt>
      <trkpt lat="48.732844" lon="-3.459896">
        <ele>15.353604</ele>
        <time>2022-03-12T16:44:24.421Z</time>
      </trkpt>
      <trkpt lat="48.732813" lon="-3.460003">
        <ele>15.012093</ele>
        <time>2022-03-12T16:44:36.305Z</time>
      </trkpt>
      <trkpt lat="48.732632" lon="-3.460633">
        <ele>13.004031</ele>
        <time>2022-03-12T16:45:45.833Z</time>
      </trkpt>
      <trkpt lat="48.732573" lon="-3.460844">
        <ele>12.334323</ele>
        <time>2022-03-12T16:46:09.468Z</time>
      </trkpt>
      <trkpt lat="48.732552" lon="-3.460910">
        <ele>12.120188</ele>
        <time>2022-03-12T16:46:16.725Z</time>
      </trkpt>
      <trkpt lat="48.732363" lon="-3.461561">
        <ele>11.131406</ele>
        <time>2022-03-12T16:47:28.706Z</time>
      </trkpt>
      <trkpt lat="48.732317" lon="-3.461710">
        <ele>11.131406</ele>
        <time>2022-03-12T16:47:45.270Z</time>
      </trkpt>
      <trkpt lat="48.732269" lon="-3.461724">
        <ele>11.131406</ele>
        <time>2022-03-12T16:47:52.866Z</time>
      </trkpt>
      <trkpt lat="48.732248" lon="-3.461690">
        <ele>11.131406</ele>
        <time>2022-03-12T16:47:57.617Z</time>
      </trkpt>
      <trkpt lat="48.732207" lon="-3.461734">
        <ele>11.131406</ele>
        <time>2022-03-12T16:48:05.333Z</time>
      </trkpt>
      <trkpt lat="48.732192" lon="-3.461775">
        <ele>11.131406</ele>
        <time>2022-03-12T16:48:10.078Z</time>
      </trkpt>
      <trkpt lat="48.732190" lon="-3.461829">
        <ele>11.131406</ele>
        <time>2022-03-12T16:48:15.519Z</time>
      </trkpt>
      <trkpt lat="48.732187" lon="-3.461879">
        <ele>11.131406</ele>
        <time>2022-03-12T16:48:20.472Z</time>
      </trkpt>
      <trkpt lat="48.732117" lon="-3.461919">
        <ele>11.131406</ele>
        <time>2022-03-12T16:48:31.722Z</time>
      </trkpt>
      <trkpt lat="48.732006" lon="-3.462072">
        <ele>11.131406</ele>
        <time>2022-03-12T16:48:54.918Z</time>
      </trkpt>
      <trkpt lat="48.731994" lon="-3.462088">
        <ele>11.131406</ele>
        <time>2022-03-12T16:48:57.258Z</time>
      </trkpt>
      <trkpt lat="48.731928" lon="-3.461986">
        <ele>11.131406</ele>
        <time>2022-03-12T16:49:11.393Z</time>
      </trkpt>
      <trkpt lat="48.731906" lon="-3.462010">
        <ele>11.131406</ele>
        <time>2022-03-12T16:49:15.369Z</time>
      </trkpt>
      <trkpt lat="48.731875" lon="-3.461959">
        <ele>11.131406</ele>
        <time>2022-03-12T16:49:22.097Z</time>
      </trkpt>
      <trkpt lat="48.731832" lon="-3.462010">
        <ele>11.131406</ele>
        <time>2022-03-12T16:49:30.355Z</time>
      </trkpt>
    </trkseg>
  </trk>
</gpx>