<?xml version="1.0" encoding="utf-8"?><gpx creator="Garmin Desktop App" version="1.1" xsi:schemaLocation="http://www.topografix.com/GPX/1/1 http://www.topografix.com/GPX/1/1/gpx.xsd http://www.garmin.com/xmlschemas/WaypointExtension/v1 http://www8.garmin.com/xmlschemas/WaypointExtensionv1.xsd http://www.garmin.com/xmlschemas/TrackPointExtension/v1 http://www.garmin.com/xmlschemas/TrackPointExtensionv1.xsd http://www.garmin.com/xmlschemas/GpxExtensions/v3 http://www8.garmin.com/xmlschemas/GpxExtensionsv3.xsd http://www.garmin.com/xmlschemas/ActivityExtension/v1 http://www8.garmin.com/xmlschemas/ActivityExtensionv1.xsd http://www.garmin.com/xmlschemas/AdventuresExtensions/v1 http://www8.garmin.com/xmlschemas/AdventuresExtensionv1.xsd http://www.garmin.com/xmlschemas/PressureExtension/v1 http://www.garmin.com/xmlschemas/PressureExtensionv1.xsd http://www.garmin.com/xmlschemas/TripExtensions/v1 http://www.garmin.com/xmlschemas/TripExtensionsv1.xsd http://www.garmin.com/xmlschemas/TripMetaDataExtensions/v1 http://www.garmin.com/xmlschemas/TripMetaDataExtensionsv1.xsd http://www.garmin.com/xmlschemas/ViaPointTransportationModeExtensions/v1 http://www.garmin.com/xmlschemas/ViaPointTransportationModeExtensionsv1.xsd http://www.garmin.com/xmlschemas/CreationTimeExtensions/v1 http://www.garmin.com/xmlschemas/CreationTimeExtensionsv1.xsd" xmlns="http://www.topografix.com/GPX/1/1" xmlns:xsi="http://www.w3.org/2001/XMLSchema-instance" xmlns:wptx1="http://www.garmin.com/xmlschemas/WaypointExtension/v1" xmlns:gpxtrx="http://www.garmin.com/xmlschemas/GpxExtensions/v3" xmlns:gpxtpx="http://www.garmin.com/xmlschemas/TrackPointExtension/v1" xmlns:gpxx="http://www.garmin.com/xmlschemas/GpxExtensions/v3" xmlns:trp="http://www.garmin.com/xmlschemas/TripExtensions/v1" xmlns:adv="http://www.garmin.com/xmlschemas/AdventuresExtensions/v1" xmlns:prs="http://www.garmin.com/xmlschemas/PressureExtension/v1" xmlns:tmd="http://www.garmin.com/xmlschemas/TripMetaDataExtensions/v1" xmlns:vptm="http://www.garmin.com/xmlschemas/ViaPointTransportationModeExtensions/v1" xmlns:ctx="http://www.garmin.com/xmlschemas/CreationTimeExtension/v1">

  <metadata>
    <link href="http://www.garmin.com">
      <text>Garmin International</text>
    </link>
    <time>2013-11-16T00:01:09Z</time>
    <bounds maxlat="48.868801016360521" maxlon="-1.115440037101507" minlat="47.472653388977051" minlon="-4.795125033706427" />
  </metadata>

  <trk>
    <name>GR 34</name>
    <extensions>
      <gpxx:TrackExtension>
        <gpxx:DisplayColor>Red</gpxx:DisplayColor>
      </gpxx:TrackExtension>
    </extensions>
    <trkseg>
      <trkpt lat="48.125098971650004" lon="-1.213820027187467">
        <ele>0</ele>
        <time>2012-06-26T16:45:43Z</time>
      </trkpt>
      <trkpt lat="48.126220973208547" lon="-1.208740007132292">
        <ele>0</ele>
        <time>2012-06-26T16:47:03Z</time>
      </trkpt>
      <trkpt lat="48.128509987145662" lon="-1.211539981886745">
        <ele>0</ele>
        <time>2012-06-26T16:51:03Z</time>
      </trkpt>
      <trkpt lat="48.134761964902282" lon="-1.196499997749925">
        <ele>0</ele>
        <time>2012-06-26T16:58:23Z</time>
      </trkpt>
      <trkpt lat="48.13363996334374" lon="-1.190910022705793">
        <ele>0</ele>
        <time>2012-06-26T17:00:23Z</time>
      </trkpt>
      <trkpt lat="48.13916003331542" lon="-1.188109964132309">
        <ele>0</ele>
        <time>2012-06-26T17:02:03Z</time>
      </trkpt>
      <trkpt lat="48.140411032363772" lon="-1.182549996301532">
        <ele>0</ele>
        <time>2012-06-26T17:04:03Z</time>
      </trkpt>
      <trkpt lat="48.137230016291142" lon="-1.169580006971955">
        <ele>0</ele>
        <time>2012-06-26T17:09:03Z</time>
      </trkpt>
      <trkpt lat="48.133579026907682" lon="-1.170040005818009">
        <ele>0</ele>
        <time>2012-06-26T17:13:23Z</time>
      </trkpt>
      <trkpt lat="48.136989958584309" lon="-1.159079996868968">
        <ele>0</ele>
        <time>2012-06-26T17:17:43Z</time>
      </trkpt>
      <trkpt lat="48.134761964902282" lon="-1.155339991673827">
        <ele>0</ele>
        <time>2012-06-26T17:18:43Z</time>
      </trkpt>
      <trkpt lat="48.139148969203234" lon="-1.149799972772598">
        <ele>0</ele>
        <time>2012-06-26T17:20:03Z</time>
      </trkpt>
      <trkpt lat="48.144931979477406" lon="-1.139819975942373">
        <ele>0</ele>
        <time>2012-06-26T17:21:43Z</time>
      </trkpt>
      <trkpt lat="48.144680019468069" lon="-1.130029996857047">
        <ele>0</ele>
        <time>2012-06-26T17:27:03Z</time>
      </trkpt>
      <trkpt lat="48.149830028414726" lon="-1.122870007529855">
        <ele>0</ele>
        <time>2012-06-26T17:32:03Z</time>
      </trkpt>
      <trkpt lat="48.174209967255592" lon="-1.115440037101507">
        <ele>0</ele>
        <time>2012-06-26T17:41:43Z</time>
      </trkpt>
      <trkpt lat="48.193408967927098" lon="-1.124649988487363">
        <ele>0</ele>
        <time>2012-06-26T17:52:23Z</time>
      </trkpt>
      <trkpt lat="48.195628998801112" lon="-1.120330039411783">
        <ele>0</ele>
        <time>2012-06-26T17:54:43Z</time>
      </trkpt>
      <trkpt lat="48.208061037585139" lon="-1.117160003632307">
        <ele>0</ele>
        <time>2012-06-26T18:00:43Z</time>
      </trkpt>
      <trkpt lat="48.211039965972304" lon="-1.125039998441935">
        <ele>0</ele>
        <time>2012-06-26T18:05:23Z</time>
      </trkpt>
      <trkpt lat="48.210030030459166" lon="-1.139529962092638">
        <ele>0</ele>
        <time>2012-06-26T18:09:03Z</time>
      </trkpt>
      <trkpt lat="48.202610034495592" lon="-1.14877000451088">
        <ele>0</ele>
        <time>2012-06-26T18:14:03Z</time>
      </trkpt>
      <trkpt lat="48.202621014788747" lon="-1.152689969167113">
        <ele>0</ele>
        <time>2012-06-26T18:15:23Z</time>
      </trkpt>
      <trkpt lat="48.20666897110641" lon="-1.153590017929673">
        <ele>0</ele>
        <time>2012-06-26T18:17:43Z</time>
      </trkpt>
      <trkpt lat="48.213847987353802" lon="-1.160710025578737">
        <ele>0</ele>
        <time>2012-06-26T18:18:43Z</time>
      </trkpt>
      <trkpt lat="48.219371996819973" lon="-1.158970026299357">
        <ele>0</ele>
        <time>2012-06-26T18:20:03Z</time>
      </trkpt>
      <trkpt lat="48.226188998669386" lon="-1.17913001216948">
        <ele>0</ele>
        <time>2012-06-26T18:31:43Z</time>
      </trkpt>
      <trkpt lat="48.233550991863012" lon="-1.17956000380218">
        <ele>0</ele>
        <time>2012-06-26T18:37:23Z</time>
      </trkpt>
      <trkpt lat="48.231620974838734" lon="-1.171340038999915">
        <ele>0</ele>
        <time>2012-06-26T18:41:03Z</time>
      </trkpt>
      <trkpt lat="48.225891022011638" lon="-1.166200004518032">
        <ele>0</ele>
        <time>2012-06-26T18:45:03Z</time>
      </trkpt>
      <trkpt lat="48.227679971605539" lon="-1.157809970900416">
        <ele>0</ele>
        <time>2012-06-26T18:46:23Z</time>
      </trkpt>
      <trkpt lat="48.230942040681839" lon="-1.156570035964251">
        <ele>0</ele>
        <time>2012-06-26T18:47:23Z</time>
      </trkpt>
      <trkpt lat="48.231991035863757" lon="-1.146449977532029">
        <ele>0</ele>
        <time>2012-06-26T18:52:03Z</time>
      </trkpt>
      <trkpt lat="48.233027961105108" lon="-1.141440030187368">
        <ele>0</ele>
        <time>2012-06-26T18:52:23Z</time>
      </trkpt>
      <trkpt lat="48.245021961629391" lon="-1.138360016047955">
        <ele>0</ele>
        <time>2012-06-26T18:56:23Z</time>
      </trkpt>
      <trkpt lat="48.250408004969358" lon="-1.139229973778129">
        <ele>0</ele>
        <time>2012-06-26T18:59:03Z</time>
      </trkpt>
      <trkpt lat="48.25114100240171" lon="-1.145109962671995">
        <ele>0</ele>
        <time>2012-06-26T19:00:23Z</time>
      </trkpt>
      <trkpt lat="48.256209958344698" lon="-1.14165997132659">
        <ele>0</ele>
        <time>2012-06-26T19:00:43Z</time>
      </trkpt>
      <trkpt lat="48.270283006131649" lon="-1.150904037058353">
        <ele>0</ele>
        <time>2012-06-26T19:02:23Z</time>
      </trkpt>
      <trkpt lat="48.273459998890758" lon="-1.162738027051091">
        <ele>0</ele>
        <time>2012-06-26T19:05:03Z</time>
      </trkpt>
      <trkpt lat="48.279349962249398" lon="-1.152642024680972">
        <ele>0</ele>
        <time>2012-06-26T19:08:23Z</time>
      </trkpt>
      <trkpt lat="48.285850966349244" lon="-1.153564034029841">
        <ele>0</ele>
        <time>2012-06-26T19:11:23Z</time>
      </trkpt>
      <trkpt lat="48.293556030839682" lon="-1.158284973353148">
        <ele>0</ele>
        <time>2012-06-26T19:11:43Z</time>
      </trkpt>
      <trkpt lat="48.311278978362679" lon="-1.179077960550785">
        <ele>0</ele>
        <time>2012-06-26T19:13:23Z</time>
      </trkpt>
      <trkpt lat="48.315337998792529" lon="-1.176181007176638">
        <ele>0</ele>
        <time>2012-06-26T19:15:03Z</time>
      </trkpt>
      <trkpt lat="48.318625967949629" lon="-1.153327999636531">
        <ele>0</ele>
        <time>2012-06-26T19:19:03Z</time>
      </trkpt>
      <trkpt lat="48.316105026751757" lon="-1.150205992162228">
        <ele>0</ele>
        <time>2012-06-26T19:19:43Z</time>
      </trkpt>
      <trkpt lat="48.319813013076782" lon="-1.145368041470647">
        <ele>0</ele>
        <time>2012-06-26T19:22:03Z</time>
      </trkpt>
      <trkpt lat="48.324035983532667" lon="-1.144155012443662">
        <ele>0</ele>
        <time>2012-06-26T19:22:23Z</time>
      </trkpt>
      <trkpt lat="48.323401976376772" lon="-1.141108023002744">
        <ele>0</ele>
        <time>2012-06-26T19:22:43Z</time>
      </trkpt>
      <trkpt lat="48.327258992940187" lon="-1.13895202986896">
        <ele>0</ele>
        <time>2012-06-26T19:24:03Z</time>
      </trkpt>
      <trkpt lat="48.330933032557368" lon="-1.132256984710693">
        <ele>0</ele>
        <time>2012-06-26T19:27:23Z</time>
      </trkpt>
      <trkpt lat="48.338271975517273" lon="-1.130990982055664">
        <ele>0</ele>
        <time>2012-06-26T19:31:03Z</time>
      </trkpt>
      <trkpt lat="48.341141017153859" lon="-1.122965980321169">
        <ele>0</ele>
        <time>2012-06-26T19:32:23Z</time>
      </trkpt>
      <trkpt lat="48.353954013437033" lon="-1.123980022966862">
        <ele>0</ele>
        <time>2012-06-26T19:38:43Z</time>
      </trkpt>
      <trkpt lat="48.354561030864716" lon="-1.127707958221436">
        <ele>0</ele>
        <time>2012-06-26T19:40:23Z</time>
      </trkpt>
      <trkpt lat="48.357452033087611" lon="-1.127515006810427">
        <ele>0</ele>
        <time>2012-06-26T19:42:43Z</time>
      </trkpt>
      <trkpt lat="48.359931986778975" lon="-1.14213296212256">
        <ele>0</ele>
        <time>2012-06-26T19:47:03Z</time>
      </trkpt>
      <trkpt lat="48.358425004407763" lon="-1.151231015101075">
        <ele>0</ele>
        <time>2012-06-26T19:49:43Z</time>
      </trkpt>
      <trkpt lat="48.362495005130768" lon="-1.150716030970216">
        <ele>0</ele>
        <time>2012-06-26T19:52:23Z</time>
      </trkpt>
      <trkpt lat="48.357573989778757" lon="-1.154525019228458">
        <ele>0</ele>
        <time>2012-06-26T19:54:43Z</time>
      </trkpt>
      <trkpt lat="48.359630992636085" lon="-1.185621963813901">
        <ele>0</ele>
        <time>2012-06-26T20:08:43Z</time>
      </trkpt>
      <trkpt lat="48.371043959632516" lon="-1.17549997754395">
        <ele>0</ele>
        <time>2012-06-26T20:16:43Z</time>
      </trkpt>
      <trkpt lat="48.372760992497206" lon="-1.16812901571393">
        <ele>0</ele>
        <time>2012-06-26T20:17:43Z</time>
      </trkpt>
      <trkpt lat="48.384936964139342" lon="-1.162620009854436">
        <ele>0</ele>
        <time>2012-06-26T20:22:03Z</time>
      </trkpt>
      <trkpt lat="48.394027976319194" lon="-1.176599012687802">
        <ele>0</ele>
        <time>2012-06-26T20:24:43Z</time>
      </trkpt>
      <trkpt lat="48.393249968066812" lon="-1.180976964533329">
        <ele>0</ele>
        <time>2012-06-26T20:25:23Z</time>
      </trkpt>
      <trkpt lat="48.395588016137481" lon="-1.183605026453733">
        <ele>0</ele>
        <time>2012-06-26T20:25:43Z</time>
      </trkpt>
      <trkpt lat="48.390842014923692" lon="-1.19593296200037">
        <ele>0</ele>
        <time>2012-06-26T20:28:23Z</time>
      </trkpt>
      <trkpt lat="48.384541003033519" lon="-1.198238991200924">
        <ele>0</ele>
        <time>2012-06-26T20:33:23Z</time>
      </trkpt>
      <trkpt lat="48.389374008402228" lon="-1.202911986038089">
        <ele>0</ele>
        <time>2012-06-26T20:38:03Z</time>
      </trkpt>
      <trkpt lat="48.389072008430958" lon="-1.211118958890438">
        <ele>0</ele>
        <time>2012-06-26T20:41:23Z</time>
      </trkpt>
      <trkpt lat="48.391689006239176" lon="-1.21769598685205">
        <ele>0</ele>
        <time>2012-06-26T20:42:03Z</time>
      </trkpt>
      <trkpt lat="48.38768002577126" lon="-1.223007012158632">
        <ele>0</ele>
        <time>2012-06-26T20:44:23Z</time>
      </trkpt>
      <trkpt lat="48.3935890160501" lon="-1.229803981259465">
        <ele>0</ele>
        <time>2012-06-26T20:47:03Z</time>
      </trkpt>
      <trkpt lat="48.389323968440294" lon="-1.244266033172607">
        <ele>0</ele>
        <time>2012-06-26T20:48:43Z</time>
      </trkpt>
      <trkpt lat="48.39268502779305" lon="-1.242688978090882">
        <ele>0</ele>
        <time>2012-06-26T20:50:43Z</time>
      </trkpt>
      <trkpt lat="48.394416980445385" lon="-1.250564027577639">
        <ele>0</ele>
        <time>2012-06-26T20:55:03Z</time>
      </trkpt>
      <trkpt lat="48.404678022488952" lon="-1.2561110034585">
        <ele>0</ele>
        <time>2012-06-26T21:04:43Z</time>
      </trkpt>
      <trkpt lat="48.406574008986354" lon="-1.276807012036443">
        <ele>0</ele>
        <time>2012-06-26T21:13:03Z</time>
      </trkpt>
      <trkpt lat="48.404151974245906" lon="-1.277272962033749">
        <ele>0</ele>
        <time>2012-06-26T21:13:43Z</time>
      </trkpt>
      <trkpt lat="48.409690987318754" lon="-1.298714959993959">
        <ele>0</ele>
        <time>2012-06-26T21:24:03Z</time>
      </trkpt>
      <trkpt lat="48.419086011126637" lon="-1.30423997528851">
        <ele>0</ele>
        <time>2012-06-26T21:31:03Z</time>
      </trkpt>
      <trkpt lat="48.422862980514765" lon="-1.301246965304017">
        <ele>0</ele>
        <time>2012-06-26T21:33:23Z</time>
      </trkpt>
      <trkpt lat="48.424671040847898" lon="-1.292159976437688">
        <ele>0</ele>
        <time>2012-06-26T21:36:43Z</time>
      </trkpt>
      <trkpt lat="48.427264988422394" lon="-1.289053978398442">
        <ele>0</ele>
        <time>2012-06-26T21:39:03Z</time>
      </trkpt>
      <trkpt lat="48.428412973880768" lon="-1.292073978111148">
        <ele>0</ele>
        <time>2012-06-26T21:40:43Z</time>
      </trkpt>
      <trkpt lat="48.430812964215875" lon="-1.305623995140195">
        <ele>0</ele>
        <time>2012-06-26T21:48:43Z</time>
      </trkpt>
      <trkpt lat="48.434493960812688" lon="-1.306927967816591">
        <ele>0</ele>
        <time>2012-06-26T21:49:23Z</time>
      </trkpt>
      <trkpt lat="48.435920979827642" lon="-1.330780014395714">
        <ele>0</ele>
        <time>2012-06-26T21:59:23Z</time>
      </trkpt>
      <trkpt lat="48.432739041745663" lon="-1.33002002723515">
        <ele>0</ele>
        <time>2012-06-26T22:00:43Z</time>
      </trkpt>
      <trkpt lat="48.431740002706647" lon="-1.333919959142804">
        <ele>0</ele>
        <time>2012-06-26T22:02:03Z</time>
      </trkpt>
      <trkpt lat="48.432811964303255" lon="-1.339610014110804">
        <ele>0</ele>
        <time>2012-06-26T22:03:03Z</time>
      </trkpt>
      <trkpt lat="48.430037973448634" lon="-1.342100026085973">
        <ele>0</ele>
        <time>2012-06-26T22:04:03Z</time>
      </trkpt>
      <trkpt lat="48.433589972555637" lon="-1.358668031170964">
        <ele>0</ele>
        <time>2012-06-26T22:09:43Z</time>
      </trkpt>
      <trkpt lat="48.430294040590525" lon="-1.369572971016169">
        <ele>0</ele>
        <time>2012-06-26T22:13:43Z</time>
      </trkpt>
      <trkpt lat="48.431968996301293" lon="-1.373928962275386">
        <ele>0</ele>
        <time>2012-06-26T22:16:23Z</time>
      </trkpt>
      <trkpt lat="48.427222995087504" lon="-1.388042997568846">
        <ele>0</ele>
        <time>2012-06-26T22:22:23Z</time>
      </trkpt>
      <trkpt lat="48.419795958325267" lon="-1.392623959109187">
        <ele>0</ele>
        <time>2012-06-26T22:25:03Z</time>
      </trkpt>
      <trkpt lat="48.42796303331852" lon="-1.410815035924316">
        <ele>0</ele>
        <time>2012-06-26T22:31:03Z</time>
      </trkpt>
      <trkpt lat="48.424243982881308" lon="-1.410605991259217">
        <ele>0</ele>
        <time>2012-06-26T22:33:43Z</time>
      </trkpt>
      <trkpt lat="48.424362000077963" lon="-1.421034000813961">
        <ele>0</ele>
        <time>2012-06-26T22:36:03Z</time>
      </trkpt>
      <trkpt lat="48.429332971572876" lon="-1.419746959581971">
        <ele>0</ele>
        <time>2012-06-26T22:38:03Z</time>
      </trkpt>
      <trkpt lat="48.43077901750803" lon="-1.426033973693848">
        <ele>0</ele>
        <time>2012-06-26T22:40:03Z</time>
      </trkpt>
      <trkpt lat="48.42517102137208" lon="-1.44088301807642">
        <ele>0</ele>
        <time>2012-06-26T22:45:23Z</time>
      </trkpt>
      <trkpt lat="48.437210032716393" lon="-1.449021007865667">
        <ele>0</ele>
        <time>2012-06-26T22:56:03Z</time>
      </trkpt>
      <trkpt lat="48.435145989060402" lon="-1.451203990727663">
        <ele>0</ele>
        <time>2012-06-26T22:56:43Z</time>
      </trkpt>
      <trkpt lat="48.450358975678682" lon="-1.467276038601995">
        <ele>0</ele>
        <time>2012-06-26T23:07:23Z</time>
      </trkpt>
      <trkpt lat="48.455570004880428" lon="-1.463916990906">
        <ele>0</ele>
        <time>2012-06-26T23:11:23Z</time>
      </trkpt>
      <trkpt lat="48.466105973348022" lon="-1.471857000142336">
        <ele>0</ele>
        <time>2012-06-26T23:16:03Z</time>
      </trkpt>
      <trkpt lat="48.461200967431068" lon="-1.490953993052244">
        <ele>0</ele>
        <time>2012-06-26T23:22:03Z</time>
      </trkpt>
      <trkpt lat="48.467354038730264" lon="-1.502493023872376">
        <ele>0</ele>
        <time>2012-06-26T23:27:03Z</time>
      </trkpt>
      <trkpt lat="48.46668197773397" lon="-1.507041966542602">
        <ele>0</ele>
        <time>2012-06-26T23:29:03Z</time>
      </trkpt>
      <trkpt lat="48.467700965702534" lon="-1.514128027483821">
        <ele>0</ele>
        <time>2012-06-26T23:30:03Z</time>
      </trkpt>
      <trkpt lat="48.463135007768869" lon="-1.519493032246828">
        <ele>0</ele>
        <time>2012-06-26T23:32:43Z</time>
      </trkpt>
      <trkpt lat="48.460388006642461" lon="-1.533698011189699">
        <ele>0</ele>
        <time>2012-06-26T23:40:23Z</time>
      </trkpt>
      <trkpt lat="48.464462030678988" lon="-1.536562023684382">
        <ele>0</ele>
        <time>2012-06-26T23:44:03Z</time>
      </trkpt>
      <trkpt lat="48.465538015589118" lon="-1.555059039965272">
        <ele>0</ele>
        <time>2012-06-26T23:50:23Z</time>
      </trkpt>
      <trkpt lat="48.479838967323303" lon="-1.56536903232336">
        <ele>0</ele>
        <time>2012-06-27T00:00:23Z</time>
      </trkpt>
      <trkpt lat="48.486041994765401" lon="-1.553648030385375">
        <ele>0</ele>
        <time>2012-06-27T00:08:23Z</time>
      </trkpt>
      <trkpt lat="48.490485996007919" lon="-1.553309988230467">
        <ele>0</ele>
        <time>2012-06-27T00:09:03Z</time>
      </trkpt>
      <trkpt lat="48.496562959626317" lon="-1.562376022338867">
        <ele>0</ele>
        <time>2012-06-27T00:15:03Z</time>
      </trkpt>
      <trkpt lat="48.499451028183103" lon="-1.561228036880493">
        <ele>0</ele>
        <time>2012-06-27T00:16:43Z</time>
      </trkpt>
      <trkpt lat="48.499779012054205" lon="-1.55235000886023">
        <ele>0</ele>
        <time>2012-06-27T00:17:43Z</time>
      </trkpt>
      <trkpt lat="48.515194002538919" lon="-1.544393990188837">
        <ele>0</ele>
        <time>2012-06-27T00:26:03Z</time>
      </trkpt>
      <trkpt lat="48.525970028713346" lon="-1.546787023544312">
        <ele>0</ele>
        <time>2012-06-27T00:30:43Z</time>
      </trkpt>
      <trkpt lat="48.532337006181479" lon="-1.562161026522517">
        <ele>0</ele>
        <time>2012-06-27T00:38:23Z</time>
      </trkpt>
      <trkpt lat="48.53337099775672" lon="-1.559458030387759">
        <ele>0</ele>
        <time>2012-06-27T00:38:43Z</time>
      </trkpt>
      <trkpt lat="48.53360703215003" lon="-1.56455934047699">
        <ele>39.28515625</ele>
      </trkpt>
      <trkpt lat="48.546417010948062" lon="-1.554629970341921">
        <ele>0</ele>
        <time>2012-06-26T17:35:47Z</time>
      </trkpt>
      <trkpt lat="48.548420034348965" lon="-1.559693980962038">
        <ele>0</ele>
        <time>2012-06-26T17:38:07Z</time>
      </trkpt>
      <trkpt lat="48.547564996406436" lon="-1.550922989845276">
        <ele>0</ele>
        <time>2012-06-26T17:41:47Z</time>
      </trkpt>
      <trkpt lat="48.553142985329032" lon="-1.550074992701411">
        <ele>0</ele>
        <time>2012-06-26T17:44:07Z</time>
      </trkpt>
      <trkpt lat="48.552566980943084" lon="-1.540150986984372">
        <ele>0</ele>
        <time>2012-06-26T17:46:27Z</time>
      </trkpt>
      <trkpt lat="48.555439040064812" lon="-1.538054002448916">
        <ele>0</ele>
        <time>2012-06-26T17:47:47Z</time>
      </trkpt>
      <trkpt lat="48.553204005584121" lon="-1.533504975959659">
        <ele>0</ele>
        <time>2012-06-26T17:50:07Z</time>
      </trkpt>
      <trkpt lat="48.558224011212587" lon="-1.521697975695133">
        <ele>0</ele>
        <time>2012-06-26T17:55:07Z</time>
      </trkpt>
      <trkpt lat="48.552761022001505" lon="-1.512862024828792">
        <ele>0</ele>
        <time>2012-06-26T18:00:07Z</time>
      </trkpt>
      <trkpt lat="48.572223968803883" lon="-1.522716963663697">
        <ele>0</ele>
        <time>2012-06-26T18:06:47Z</time>
      </trkpt>
      <trkpt lat="48.577517978847027" lon="-1.51999200694263">
        <ele>0</ele>
        <time>2012-06-26T18:08:47Z</time>
      </trkpt>
      <trkpt lat="48.58027302660048" lon="-1.512069012969732">
        <ele>0</ele>
        <time>2012-06-26T18:12:27Z</time>
      </trkpt>
      <trkpt lat="48.600409962236881" lon="-1.51524399407208">
        <ele>0</ele>
        <time>2012-06-26T18:18:47Z</time>
      </trkpt>
      <trkpt lat="48.61759596504271" lon="-1.513120019808412">
        <ele>0</ele>
        <time>2012-06-26T18:21:07Z</time>
      </trkpt>
      <trkpt lat="48.627022001892328" lon="-1.519042002037168">
        <ele>0</ele>
        <time>2012-06-26T18:23:07Z</time>
      </trkpt>
      <trkpt lat="48.630997035652399" lon="-1.541974972933531">
        <ele>0</ele>
        <time>2012-06-26T18:25:27Z</time>
      </trkpt>
      <trkpt lat="48.620392000302672" lon="-1.604330968111754">
        <ele>0</ele>
        <time>2012-06-26T18:29:27Z</time>
      </trkpt>
      <trkpt lat="48.613781025633216" lon="-1.605291031301022">
        <ele>0</ele>
        <time>2012-06-26T18:30:07Z</time>
      </trkpt>
      <trkpt lat="48.612361969426274" lon="-1.593409013003111">
        <ele>0</ele>
        <time>2012-06-26T18:30:47Z</time>
      </trkpt>
      <trkpt lat="48.604317018762231" lon="-1.59300098195672">
        <ele>0</ele>
        <time>2012-06-26T18:32:27Z</time>
      </trkpt>
      <trkpt lat="48.598721008747816" lon="-1.587444031611085">
        <ele>0</ele>
        <time>2012-06-26T18:36:27Z</time>
      </trkpt>
      <trkpt lat="48.587734010070562" lon="-1.592856980860233">
        <ele>0</ele>
        <time>2012-06-26T18:43:27Z</time>
      </trkpt>
      <trkpt lat="48.585983030498028" lon="-1.615511002019048">
        <ele>0</ele>
        <time>2012-06-26T18:52:27Z</time>
      </trkpt>
      <trkpt lat="48.587481966242194" lon="-1.620482979342341">
        <ele>0</ele>
        <time>2012-06-26T18:53:47Z</time>
      </trkpt>
      <trkpt lat="48.593903006985784" lon="-1.623010039329529">
        <ele>0</ele>
        <time>2012-06-26T18:58:27Z</time>
      </trkpt>
      <trkpt lat="48.579055974259973" lon="-1.651145992800593">
        <ele>0</ele>
        <time>2012-06-26T19:13:47Z</time>
      </trkpt>
      <trkpt lat="48.58560198917985" lon="-1.655845977365971">
        <ele>0</ele>
        <time>2012-06-26T19:17:47Z</time>
      </trkpt>
      <trkpt lat="48.584308996796608" lon="-1.661350037902594">
        <ele>0</ele>
        <time>2012-06-26T19:21:47Z</time>
      </trkpt>
      <trkpt lat="48.57808300293982" lon="-1.6657480224967">
        <ele>0</ele>
        <time>2012-06-26T19:26:47Z</time>
      </trkpt>
      <trkpt lat="48.567237993702292" lon="-1.697306977584958">
        <ele>0</ele>
        <time>2012-06-26T19:37:47Z</time>
      </trkpt>
      <trkpt lat="48.572533009573817" lon="-1.704174019396305">
        <ele>0</ele>
        <time>2012-06-26T19:41:47Z</time>
      </trkpt>
      <trkpt lat="48.568316996097565" lon="-1.711995005607605">
        <ele>0</ele>
        <time>2012-06-26T19:44:07Z</time>
      </trkpt>
      <trkpt lat="48.57342098839581" lon="-1.719295978546143">
        <ele>0</ele>
        <time>2012-06-26T19:45:27Z</time>
      </trkpt>
      <trkpt lat="48.560161991044879" lon="-1.739771962165833">
        <ele>0</ele>
        <time>2012-06-26T19:50:47Z</time>
      </trkpt>
      <trkpt lat="48.55449297465384" lon="-1.73692898824811">
        <ele>0</ele>
        <time>2012-06-26T19:52:47Z</time>
      </trkpt>
      <trkpt lat="48.551284968852997" lon="-1.753457011654973">
        <ele>0</ele>
        <time>2012-06-26T19:59:27Z</time>
      </trkpt>
      <trkpt lat="48.558936975896358" lon="-1.760017024353147">
        <ele>0</ele>
        <time>2012-06-26T20:04:07Z</time>
      </trkpt>
      <trkpt lat="48.562672035768628" lon="-1.7666419968009">
        <ele>0</ele>
        <time>2012-06-26T20:06:47Z</time>
      </trkpt>
      <trkpt lat="48.570785969495773" lon="-1.766352988779545">
        <ele>0</ele>
        <time>2012-06-26T20:10:47Z</time>
      </trkpt>
      <trkpt lat="48.577990969642997" lon="-1.774759031832218">
        <ele>0</ele>
        <time>2012-06-26T20:15:47Z</time>
      </trkpt>
      <trkpt lat="48.57962803915143" lon="-1.781522976234555">
        <ele>0</ele>
        <time>2012-06-26T20:18:07Z</time>
      </trkpt>
      <trkpt lat="48.605952998623252" lon="-1.791040040552616">
        <ele>0</ele>
        <time>2012-06-26T20:28:07Z</time>
      </trkpt>
      <trkpt lat="48.615397978574038" lon="-1.844109976664186">
        <ele>0</ele>
        <time>2012-06-26T20:37:27Z</time>
      </trkpt>
      <trkpt lat="48.624538024887443" lon="-1.857456983998418">
        <ele>0</ele>
        <time>2012-06-26T20:39:07Z</time>
      </trkpt>
      <trkpt lat="48.623637976124883" lon="-1.859510969370604">
        <ele>0</ele>
        <time>2012-06-26T20:39:27Z</time>
      </trkpt>
      <trkpt lat="48.634602008387446" lon="-1.868448005989194">
        <ele>0</ele>
        <time>2012-06-26T20:43:27Z</time>
      </trkpt>
      <trkpt lat="48.647320037707686" lon="-1.872337041422725">
        <ele>0</ele>
        <time>2012-06-26T20:48:47Z</time>
      </trkpt>
      <trkpt lat="48.65506399422884" lon="-1.869054017588496">
        <ele>0</ele>
        <time>2012-06-26T20:55:07Z</time>
      </trkpt>
      <trkpt lat="48.654387993738055" lon="-1.865873001515865">
        <ele>0</ele>
        <time>2012-06-26T20:56:07Z</time>
      </trkpt>
      <trkpt lat="48.658707020804286" lon="-1.862949980422854">
        <ele>0</ele>
        <time>2012-06-26T20:59:07Z</time>
      </trkpt>
      <trkpt lat="48.661761973053217" lon="-1.866039969027042">
        <ele>0</ele>
        <time>2012-06-26T21:02:07Z</time>
      </trkpt>
      <trkpt lat="48.667746987193823" lon="-1.862874962389469">
        <ele>0</ele>
        <time>2012-06-26T21:04:47Z</time>
      </trkpt>
      <trkpt lat="48.670680988579988" lon="-1.851560985669494">
        <ele>0</ele>
        <time>2012-06-26T21:07:47Z</time>
      </trkpt>
      <trkpt lat="48.677834020927548" lon="-1.844233023002744">
        <ele>0</ele>
        <time>2012-06-26T21:14:27Z</time>
      </trkpt>
      <trkpt lat="48.680550009012222" lon="-1.835982967168093">
        <ele>0</ele>
        <time>2012-06-26T21:21:27Z</time>
      </trkpt>
      <trkpt lat="48.690098002552986" lon="-1.847505988553166">
        <ele>0</ele>
        <time>2012-06-26T21:30:07Z</time>
      </trkpt>
      <trkpt lat="48.695507012307644" lon="-1.848906017839909">
        <ele>0</ele>
        <time>2012-06-26T21:33:27Z</time>
      </trkpt>
      <trkpt lat="48.69683101773262" lon="-1.845156038179994">
        <ele>0</ele>
        <time>2012-06-26T21:36:07Z</time>
      </trkpt>
      <trkpt lat="48.700283020734787" lon="-1.850696979090571">
        <ele>0</ele>
        <time>2012-06-26T21:43:27Z</time>
      </trkpt>
      <trkpt lat="48.70308299548924" lon="-1.843492984771729">
        <ele>0</ele>
        <time>2012-06-26T21:49:27Z</time>
      </trkpt>
      <trkpt lat="48.708698032423854" lon="-1.845520986244083">
        <ele>0</ele>
        <time>2012-06-26T21:57:07Z</time>
      </trkpt>
      <trkpt lat="48.695049025118351" lon="-1.877482021227479">
        <ele>0</ele>
        <time>2012-06-26T22:22:27Z</time>
      </trkpt>
      <trkpt lat="48.698345040902495" lon="-1.880862023681402">
        <ele>0</ele>
        <time>2012-06-26T22:26:47Z</time>
      </trkpt>
      <trkpt lat="48.696560030803084" lon="-1.884170025587082">
        <ele>0</ele>
        <time>2012-06-26T22:30:47Z</time>
      </trkpt>
      <trkpt lat="48.699008971452713" lon="-1.889090035110712">
        <ele>0</ele>
        <time>2012-06-26T22:35:47Z</time>
      </trkpt>
      <trkpt lat="48.691929029300809" lon="-1.896759979426861">
        <ele>0</ele>
        <time>2012-06-26T22:41:07Z</time>
      </trkpt>
      <trkpt lat="48.689448991790414" lon="-1.904650032520294">
        <ele>0</ele>
        <time>2012-06-26T22:42:47Z</time>
      </trkpt>
      <trkpt lat="48.690361026674509" lon="-1.912879971787334">
        <ele>0</ele>
        <time>2012-06-26T22:48:27Z</time>
      </trkpt>
      <trkpt lat="48.695411961525679" lon="-1.917509967461228">
        <ele>0</ele>
        <time>2012-06-26T22:54:47Z</time>
      </trkpt>
      <trkpt lat="48.692348040640354" lon="-1.92183000035584">
        <ele>0</ele>
        <time>2012-06-26T23:01:27Z</time>
      </trkpt>
      <trkpt lat="48.693161001428962" lon="-1.932130018249154">
        <ele>0</ele>
        <time>2012-06-26T23:06:47Z</time>
      </trkpt>
      <trkpt lat="48.702228963375092" lon="-1.936509981751442">
        <ele>0</ele>
        <time>2012-06-26T23:20:07Z</time>
      </trkpt>
      <trkpt lat="48.690361026674509" lon="-1.939840028062463">
        <ele>0</ele>
        <time>2012-06-26T23:30:47Z</time>
      </trkpt>
      <trkpt lat="48.688332019373775" lon="-1.938068009912968">
        <ele>0</ele>
        <time>2012-06-26T23:31:07Z</time>
      </trkpt>
      <trkpt lat="48.680092021822929" lon="-1.954770041629672">
        <ele>0</ele>
        <time>2012-06-26T23:40:07Z</time>
      </trkpt>
      <trkpt lat="48.681400017812848" lon="-1.964360028505325">
        <ele>0</ele>
        <time>2012-06-26T23:42:07Z</time>
      </trkpt>
      <trkpt lat="48.686168985441327" lon="-1.968930009752512">
        <ele>0</ele>
        <time>2012-06-26T23:45:27Z</time>
      </trkpt>
      <trkpt lat="48.683201037347317" lon="-1.971179964020848">
        <ele>0</ele>
        <time>2012-06-26T23:47:47Z</time>
      </trkpt>
      <trkpt lat="48.680882016196847" lon="-1.986390016973019">
        <ele>0</ele>
        <time>2012-06-26T23:51:47Z</time>
      </trkpt>
      <trkpt lat="48.683010013774037" lon="-1.990339988842607">
        <ele>0</ele>
        <time>2012-06-26T23:55:07Z</time>
      </trkpt>
      <trkpt lat="48.674430968239903" lon="-1.981790028512478">
        <ele>0</ele>
        <time>2012-06-27T00:00:47Z</time>
      </trkpt>
      <trkpt lat="48.660727981477976" lon="-1.994519960135222">
        <ele>0</ele>
        <time>2012-06-27T00:07:47Z</time>
      </trkpt>
      <trkpt lat="48.652430986985564" lon="-2.014769967645407">
        <ele>0</ele>
        <time>2012-06-27T00:08:47Z</time>
      </trkpt>
      <trkpt lat="48.65055100992322" lon="-2.028510002419353">
        <ele>0</ele>
        <time>2012-06-27T00:12:27Z</time>
      </trkpt>
      <trkpt lat="48.64586996845901" lon="-2.027940033003688">
        <ele>0</ele>
        <time>2012-06-27T00:15:47Z</time>
      </trkpt>
      <trkpt lat="48.646339019760489" lon="-2.023849999532104">
        <ele>0</ele>
        <time>2012-06-27T00:16:47Z</time>
      </trkpt>
      <trkpt lat="48.640910983085632" lon="-2.0265700109303">
        <ele>0</ele>
        <time>2012-06-27T00:19:47Z</time>
      </trkpt>
      <trkpt lat="48.638988006860018" lon="-2.018860001116991">
        <ele>0</ele>
        <time>2012-06-27T00:21:47Z</time>
      </trkpt>
      <trkpt lat="48.636107984930277" lon="-2.022360032424331">
        <ele>0</ele>
        <time>2012-06-27T00:23:07Z</time>
      </trkpt>
      <trkpt lat="48.638168005272746" lon="-2.030540015548468">
        <ele>0</ele>
        <time>2012-06-27T00:25:47Z</time>
      </trkpt>
      <trkpt lat="48.634731005877256" lon="-2.030840003862977">
        <ele>0</ele>
        <time>2012-06-27T00:27:27Z</time>
      </trkpt>
      <trkpt lat="48.635239033028483" lon="-2.02293997630477">
        <ele>0</ele>
        <time>2012-06-27T00:29:47Z</time>
      </trkpt>
      <trkpt lat="48.628341984003782" lon="-2.017659964039922">
        <ele>0</ele>
        <time>2012-06-27T00:34:47Z</time>
      </trkpt>
      <trkpt lat="48.626929968595505" lon="-2.012620009481907">
        <ele>0</ele>
        <time>2012-06-27T00:36:27Z</time>
      </trkpt>
      <trkpt lat="48.619899982586503" lon="-2.016190029680729">
        <ele>0</ele>
        <time>2012-06-27T00:42:07Z</time>
      </trkpt>
      <trkpt lat="48.616939997300506" lon="-2.029369985684753">
        <ele>0</ele>
        <time>2012-06-27T00:46:07Z</time>
      </trkpt>
      <trkpt lat="48.619468985125422" lon="-2.034759968519211">
        <ele>0</ele>
        <time>2012-06-27T00:48:07Z</time>
      </trkpt>
      <trkpt lat="48.621330019086599" lon="-2.031690012663603">
        <ele>0</ele>
        <time>2012-06-27T00:49:47Z</time>
      </trkpt>
      <trkpt lat="48.626999035477638" lon="-2.033130023628473">
        <ele>0</ele>
        <time>2012-06-27T00:55:47Z</time>
      </trkpt>
      <trkpt lat="48.623859006911516" lon="-2.047340031713247">
        <ele>0</ele>
        <time>2012-06-27T01:03:07Z</time>
      </trkpt>
      <trkpt lat="48.626881018280983" lon="-2.05533997155726">
        <ele>0</ele>
        <time>2012-06-27T01:05:27Z</time>
      </trkpt>
      <trkpt lat="48.634496228769422" lon="-2.049560816958547">
        <ele>27.0859375</ele>
      </trkpt>
      <trkpt lat="48.639019019901752" lon="-2.048560017719865">
        <ele>0</ele>
        <time>2012-06-26T18:10:02Z</time>
      </trkpt>
      <trkpt lat="48.635718980804086" lon="-2.052040016278625">
        <ele>0</ele>
        <time>2012-06-26T18:15:02Z</time>
      </trkpt>
      <trkpt lat="48.636730005964637" lon="-2.057049963623285">
        <ele>0</ele>
        <time>2012-06-26T18:16:22Z</time>
      </trkpt>
      <trkpt lat="48.640240011736751" lon="-2.057030014693737">
        <ele>0</ele>
        <time>2012-06-26T18:21:42Z</time>
      </trkpt>
      <trkpt lat="48.638268001377583" lon="-2.069076988846064">
        <ele>0</ele>
        <time>2012-06-26T18:29:42Z</time>
      </trkpt>
      <trkpt lat="48.640961023047566" lon="-2.077257977798581">
        <ele>0</ele>
        <time>2012-06-26T18:34:02Z</time>
      </trkpt>
      <trkpt lat="48.636429011821747" lon="-2.080514011904597">
        <ele>0</ele>
        <time>2012-06-26T18:40:22Z</time>
      </trkpt>
      <trkpt lat="48.63534196279943" lon="-2.084540007635951">
        <ele>0</ele>
        <time>2012-06-26T18:43:42Z</time>
      </trkpt>
      <trkpt lat="48.632088024169207" lon="-2.085942970588803">
        <ele>0</ele>
        <time>2012-06-26T18:44:22Z</time>
      </trkpt>
      <trkpt lat="48.634548028931022" lon="-2.08647002466023">
        <ele>0</ele>
        <time>2012-06-26T18:45:42Z</time>
      </trkpt>
      <trkpt lat="48.633658960461617" lon="-2.095630019903183">
        <ele>0</ele>
        <time>2012-06-26T18:51:02Z</time>
      </trkpt>
      <trkpt lat="48.637909004464746" lon="-2.105480013415217">
        <ele>0</ele>
        <time>2012-06-26T18:58:02Z</time>
      </trkpt>
      <trkpt lat="48.633339023217559" lon="-2.105299970135093">
        <ele>0</ele>
        <time>2012-06-26T19:02:22Z</time>
      </trkpt>
      <trkpt lat="48.636879036203027" lon="-2.106799995526671">
        <ele>0</ele>
        <time>2012-06-26T19:02:42Z</time>
      </trkpt>
      <trkpt lat="48.638340001925826" lon="-2.112890034914017">
        <ele>0</ele>
        <time>2012-06-26T19:04:42Z</time>
      </trkpt>
      <trkpt lat="48.642192995175719" lon="-2.114257039502263">
        <ele>0</ele>
        <time>2012-06-26T19:05:02Z</time>
      </trkpt>
      <trkpt lat="48.639050032943487" lon="-2.115360014140606">
        <ele>0</ele>
        <time>2012-06-26T19:05:42Z</time>
      </trkpt>
      <trkpt lat="48.635479006916285" lon="-2.123059965670109">
        <ele>0</ele>
        <time>2012-06-26T19:08:02Z</time>
      </trkpt>
      <trkpt lat="48.638100028038025" lon="-2.133069969713688">
        <ele>0</ele>
        <time>2012-06-26T19:14:22Z</time>
      </trkpt>
      <trkpt lat="48.635479006916285" lon="-2.133229980245233">
        <ele>0</ele>
        <time>2012-06-26T19:16:02Z</time>
      </trkpt>
      <trkpt lat="48.633240032941103" lon="-2.13840002194047">
        <ele>0</ele>
        <time>2012-06-26T19:19:02Z</time>
      </trkpt>
      <trkpt lat="48.631081022322178" lon="-2.141880020499229">
        <ele>0</ele>
        <time>2012-06-26T19:20:02Z</time>
      </trkpt>
      <trkpt lat="48.633059989660978" lon="-2.148480014875531">
        <ele>0</ele>
        <time>2012-06-26T19:22:42Z</time>
      </trkpt>
      <trkpt lat="48.62855102866888" lon="-2.151130037382245">
        <ele>0</ele>
        <time>2012-06-26T19:25:22Z</time>
      </trkpt>
      <trkpt lat="48.62953900359571" lon="-2.147249970585108">
        <ele>0</ele>
        <time>2012-06-26T19:27:42Z</time>
      </trkpt>
      <trkpt lat="48.624580018222332" lon="-2.136950036510825">
        <ele>0</ele>
        <time>2012-06-26T19:34:02Z</time>
      </trkpt>
      <trkpt lat="48.61570400185883" lon="-2.137011978775263">
        <ele>0</ele>
        <time>2012-06-26T19:38:42Z</time>
      </trkpt>
      <trkpt lat="48.617759998887777" lon="-2.146529965102673">
        <ele>0</ele>
        <time>2012-06-26T19:41:22Z</time>
      </trkpt>
      <trkpt lat="48.60945101827383" lon="-2.151820035651326">
        <ele>0</ele>
        <time>2012-06-26T19:45:42Z</time>
      </trkpt>
      <trkpt lat="48.606361029669642" lon="-2.163870027288795">
        <ele>0</ele>
        <time>2012-06-26T19:49:22Z</time>
      </trkpt>
      <trkpt lat="48.594359988346696" lon="-2.170089986175299">
        <ele>0</ele>
        <time>2012-06-26T20:06:42Z</time>
      </trkpt>
      <trkpt lat="48.593711983412504" lon="-2.165259998291731">
        <ele>0</ele>
        <time>2012-06-26T20:09:22Z</time>
      </trkpt>
      <trkpt lat="48.587551033124328" lon="-2.157310014590621">
        <ele>0</ele>
        <time>2012-06-26T20:11:22Z</time>
      </trkpt>
      <trkpt lat="48.581982012838125" lon="-2.166270017623901">
        <ele>0</ele>
        <time>2012-06-26T20:14:02Z</time>
      </trkpt>
      <trkpt lat="48.576889000833035" lon="-2.165910014882684">
        <ele>0</ele>
        <time>2012-06-26T20:16:02Z</time>
      </trkpt>
      <trkpt lat="48.571339007467031" lon="-2.1823800355196">
        <ele>0</ele>
        <time>2012-06-26T20:22:02Z</time>
      </trkpt>
      <trkpt lat="48.573502041399479" lon="-2.190200015902519">
        <ele>0</ele>
        <time>2012-06-26T20:24:42Z</time>
      </trkpt>
      <trkpt lat="48.589759999886155" lon="-2.187329968437553">
        <ele>0</ele>
        <time>2012-06-26T20:32:22Z</time>
      </trkpt>
      <trkpt lat="48.591609969735146" lon="-2.183700017631054">
        <ele>0</ele>
        <time>2012-06-26T20:33:42Z</time>
      </trkpt>
      <trkpt lat="48.603382017463446" lon="-2.186439977958798">
        <ele>0</ele>
        <time>2012-06-26T20:44:22Z</time>
      </trkpt>
      <trkpt lat="48.605533987283707" lon="-2.184599982574582">
        <ele>0</ele>
        <time>2012-06-26T20:45:22Z</time>
      </trkpt>
      <trkpt lat="48.605522001162171" lon="-2.190415011718869">
        <ele>0</ele>
        <time>2012-06-26T20:48:22Z</time>
      </trkpt>
      <trkpt lat="48.609074000269175" lon="-2.194659020751715">
        <ele>0</ele>
        <time>2012-06-26T20:49:22Z</time>
      </trkpt>
      <trkpt lat="48.606929993256927" lon="-2.195334015414119">
        <ele>0</ele>
        <time>2012-06-26T20:50:22Z</time>
      </trkpt>
      <trkpt lat="48.605750994756818" lon="-2.190967965871096">
        <ele>0</ele>
        <time>2012-06-26T20:52:42Z</time>
      </trkpt>
      <trkpt lat="48.598559992387891" lon="-2.195099992677569">
        <ele>0</ele>
        <time>2012-06-26T20:57:02Z</time>
      </trkpt>
      <trkpt lat="48.594890981912613" lon="-2.191139962524176">
        <ele>0</ele>
        <time>2012-06-26T21:02:22Z</time>
      </trkpt>
      <trkpt lat="48.588889958336949" lon="-2.195290010422468">
        <ele>0</ele>
        <time>2012-06-26T21:04:42Z</time>
      </trkpt>
      <trkpt lat="48.585320021957159" lon="-2.196129960939288">
        <ele>0</ele>
        <time>2012-06-26T21:05:22Z</time>
      </trkpt>
      <trkpt lat="48.582699000835419" lon="-2.201859997585416">
        <ele>0</ele>
        <time>2012-06-26T21:08:22Z</time>
      </trkpt>
      <trkpt lat="48.581389999017119" lon="-2.200949974358082">
        <ele>0</ele>
        <time>2012-06-26T21:10:02Z</time>
      </trkpt>
      <trkpt lat="48.579311035573483" lon="-2.2055200394243">
        <ele>0</ele>
        <time>2012-06-26T21:11:42Z</time>
      </trkpt>
      <trkpt lat="48.574069999158382" lon="-2.206450011581183">
        <ele>0</ele>
        <time>2012-06-26T21:18:02Z</time>
      </trkpt>
      <trkpt lat="48.571671014651656" lon="-2.212469978258014">
        <ele>0</ele>
        <time>2012-06-26T21:22:02Z</time>
      </trkpt>
      <trkpt lat="48.588130977004766" lon="-2.21663000062108">
        <ele>0</ele>
        <time>2012-06-26T21:29:22Z</time>
      </trkpt>
      <trkpt lat="48.594650002196431" lon="-2.225689999759197">
        <ele>0</ele>
        <time>2012-06-26T21:35:02Z</time>
      </trkpt>
      <trkpt lat="48.603648981079459" lon="-2.22586995922029">
        <ele>0</ele>
        <time>2012-06-26T21:43:42Z</time>
      </trkpt>
      <trkpt lat="48.610320976004004" lon="-2.229439979419112">
        <ele>0</ele>
        <time>2012-06-26T21:50:22Z</time>
      </trkpt>
      <trkpt lat="48.609940018504858" lon="-2.232519993558526">
        <ele>0</ele>
        <time>2012-06-26T21:53:42Z</time>
      </trkpt>
      <trkpt lat="48.614249993115664" lon="-2.245370037853718">
        <ele>0</ele>
        <time>2012-06-26T21:55:22Z</time>
      </trkpt>
      <trkpt lat="48.619208978489041" lon="-2.250509988516569">
        <ele>0</ele>
        <time>2012-06-26T21:56:42Z</time>
      </trkpt>
      <trkpt lat="48.625111011788249" lon="-2.239089980721474">
        <ele>0</ele>
        <time>2012-06-26T22:01:22Z</time>
      </trkpt>
      <trkpt lat="48.623199015855789" lon="-2.242650026455522">
        <ele>0</ele>
        <time>2012-06-26T22:03:02Z</time>
      </trkpt>
      <trkpt lat="48.627949040383101" lon="-2.251399978995323">
        <ele>0</ele>
        <time>2012-06-26T22:06:02Z</time>
      </trkpt>
      <trkpt lat="48.636360028758645" lon="-2.256316971033812">
        <ele>0</ele>
        <time>2012-06-26T22:07:42Z</time>
      </trkpt>
      <trkpt lat="48.640635972842574" lon="-2.247647987678647">
        <ele>0</ele>
        <time>2012-06-26T22:11:22Z</time>
      </trkpt>
      <trkpt lat="48.643874991685152" lon="-2.244193973019719">
        <ele>0</ele>
        <time>2012-06-26T22:12:22Z</time>
      </trkpt>
      <trkpt lat="48.645812971517444" lon="-2.247455036267638">
        <ele>0</ele>
        <time>2012-06-26T22:15:42Z</time>
      </trkpt>
      <trkpt lat="48.641025982797146" lon="-2.271155035123229">
        <ele>0</ele>
        <time>2012-06-26T22:26:42Z</time>
      </trkpt>
      <trkpt lat="48.636963022872806" lon="-2.273054039105773">
        <ele>0</ele>
        <time>2012-06-26T22:29:42Z</time>
      </trkpt>
      <trkpt lat="48.631991967558861" lon="-2.286893986165524">
        <ele>0</ele>
        <time>2012-06-26T22:36:22Z</time>
      </trkpt>
      <trkpt lat="48.62051404081285" lon="-2.292612958699465">
        <ele>0</ele>
        <time>2012-06-26T22:48:02Z</time>
      </trkpt>
      <trkpt lat="48.618461983278394" lon="-2.302215015515685">
        <ele>0</ele>
        <time>2012-06-26T22:50:42Z</time>
      </trkpt>
      <trkpt lat="48.609051033854485" lon="-2.311345003545284">
        <ele>0</ele>
        <time>2012-06-26T22:54:22Z</time>
      </trkpt>
      <trkpt lat="48.611454041674733" lon="-2.325186040252447">
        <ele>0</ele>
        <time>2012-06-26T22:56:22Z</time>
      </trkpt>
      <trkpt lat="48.615958979353309" lon="-2.321945009753108">
        <ele>0</ele>
        <time>2012-06-26T22:59:42Z</time>
      </trkpt>
      <trkpt lat="48.616717960685492" lon="-2.328339982777834">
        <ele>0</ele>
        <time>2012-06-26T23:01:42Z</time>
      </trkpt>
      <trkpt lat="48.619144018739462" lon="-2.327416967600584">
        <ele>0</ele>
        <time>2012-06-26T23:02:02Z</time>
      </trkpt>
      <trkpt lat="48.620178010314703" lon="-2.338210009038448">
        <ele>0</ele>
        <time>2012-06-26T23:05:22Z</time>
      </trkpt>
      <trkpt lat="48.628880018368363" lon="-2.320485971868038">
        <ele>0</ele>
        <time>2012-06-26T23:09:22Z</time>
      </trkpt>
      <trkpt lat="48.637608010321856" lon="-2.319102035835385">
        <ele>0</ele>
        <time>2012-06-26T23:12:42Z</time>
      </trkpt>
      <trkpt lat="48.641272997483611" lon="-2.315035974606872">
        <ele>0</ele>
        <time>2012-06-26T23:13:42Z</time>
      </trkpt>
      <trkpt lat="48.640919029712677" lon="-2.309693014249206">
        <ele>0</ele>
        <time>2012-06-26T23:16:02Z</time>
      </trkpt>
      <trkpt lat="48.660079976543784" lon="-2.295176982879639">
        <ele>0</ele>
        <time>2012-06-26T23:26:02Z</time>
      </trkpt>
      <trkpt lat="48.664897978305817" lon="-2.285779025405645">
        <ele>0</ele>
        <time>2012-06-26T23:29:22Z</time>
      </trkpt>
      <trkpt lat="48.667441969737411" lon="-2.287463033571839">
        <ele>0</ele>
        <time>2012-06-26T23:31:42Z</time>
      </trkpt>
      <trkpt lat="48.669772977009416" lon="-2.311398983001709">
        <ele>0</ele>
        <time>2012-06-26T23:41:22Z</time>
      </trkpt>
      <trkpt lat="48.68778602220118" lon="-2.317556999623776">
        <ele>0</ele>
        <time>2012-06-26T23:52:42Z</time>
      </trkpt>
      <trkpt lat="48.682757969945669" lon="-2.320540035143495">
        <ele>0</ele>
        <time>2012-06-26T23:55:42Z</time>
      </trkpt>
      <trkpt lat="48.680747989565134" lon="-2.325540008023381">
        <ele>0</ele>
        <time>2012-06-26T23:57:42Z</time>
      </trkpt>
      <trkpt lat="48.672714019194245" lon="-2.327342033386231">
        <ele>0</ele>
        <time>2012-06-27T00:03:22Z</time>
      </trkpt>
      <trkpt lat="48.653563968837261" lon="-2.363283969461918">
        <ele>0</ele>
        <time>2012-06-27T00:26:22Z</time>
      </trkpt>
      <trkpt lat="48.657493991777301" lon="-2.369705010205507">
        <ele>0</ele>
        <time>2012-06-27T00:32:22Z</time>
      </trkpt>
      <trkpt lat="48.656303007155657" lon="-2.373105967417359">
        <ele>0</ele>
        <time>2012-06-27T00:35:22Z</time>
      </trkpt>
      <trkpt lat="48.650581017136574" lon="-2.373444009572268">
        <ele>0</ele>
        <time>2012-06-27T00:39:02Z</time>
      </trkpt>
      <trkpt lat="48.642188971862197" lon="-2.396821975708008">
        <ele>0</ele>
        <time>2012-06-27T00:44:42Z</time>
      </trkpt>
      <trkpt lat="48.640892039984465" lon="-2.414364041760564">
        <ele>0</ele>
        <time>2012-06-27T00:46:02Z</time>
      </trkpt>
      <trkpt lat="48.635895000770688" lon="-2.408624030649662">
        <ele>0</ele>
        <time>2012-06-27T00:48:42Z</time>
      </trkpt>
      <trkpt lat="48.632191037759185" lon="-2.412304021418095">
        <ele>0</ele>
        <time>2012-06-27T00:49:42Z</time>
      </trkpt>
      <trkpt lat="48.633701037615538" lon="-2.421091021969914">
        <ele>0</ele>
        <time>2012-06-27T00:51:02Z</time>
      </trkpt>
      <trkpt lat="48.636417025700212" lon="-2.416852964088321">
        <ele>0</ele>
        <time>2012-06-27T00:52:22Z</time>
      </trkpt>
      <trkpt lat="48.640816016122699" lon="-2.422689031809568">
        <ele>0</ele>
        <time>2012-06-27T00:55:02Z</time>
      </trkpt>
      <trkpt lat="48.647021977230906" lon="-2.421466028317809">
        <ele>0</ele>
        <time>2012-06-27T00:58:02Z</time>
      </trkpt>
      <trkpt lat="48.652664003893733" lon="-2.437966978177428">
        <ele>0</ele>
        <time>2012-06-27T01:01:02Z</time>
      </trkpt>
      <trkpt lat="48.647468984127045" lon="-2.453931989148259">
        <ele>0</ele>
        <time>2012-06-27T01:03:42Z</time>
      </trkpt>
      <trkpt lat="48.64805999211967" lon="-2.467525005340576">
        <ele>0</ele>
        <time>2012-06-27T01:10:02Z</time>
      </trkpt>
      <trkpt lat="48.642616029828787" lon="-2.475978992879391">
        <ele>0</ele>
        <time>2012-06-27T01:15:02Z</time>
      </trkpt>
      <trkpt lat="48.644817033782601" lon="-2.486257972195745">
        <ele>0</ele>
        <time>2012-06-27T01:20:42Z</time>
      </trkpt>
      <trkpt lat="48.638374032452703" lon="-2.482857014983892">
        <ele>0</ele>
        <time>2012-06-27T01:26:22Z</time>
      </trkpt>
      <trkpt lat="48.639267040416598" lon="-2.465936969965696">
        <ele>0</ele>
        <time>2012-06-27T01:31:02Z</time>
      </trkpt>
      <trkpt lat="48.622142979875207" lon="-2.473608003929257">
        <ele>0</ele>
        <time>2012-06-27T01:41:22Z</time>
      </trkpt>
      <trkpt lat="48.614463983103633" lon="-2.489787004888058">
        <ele>0</ele>
        <time>2012-06-27T01:43:42Z</time>
      </trkpt>
      <trkpt lat="48.603965984657407" lon="-2.502952041104436">
        <ele>0</ele>
        <time>2012-06-27T01:49:02Z</time>
      </trkpt>
      <trkpt lat="48.605034006759524" lon="-2.504936037585139">
        <ele>0</ele>
        <time>2012-06-27T01:50:02Z</time>
      </trkpt>
      <trkpt lat="48.596138041466475" lon="-2.536324001848698">
        <ele>0</ele>
        <time>2012-06-27T01:53:22Z</time>
      </trkpt>
      <trkpt lat="48.599105989560485" lon="-2.553677977994084">
        <ele>0</ele>
        <time>2012-06-27T02:04:02Z</time>
      </trkpt>
      <trkpt lat="48.59471102245152" lon="-2.550860987976193">
        <ele>0</ele>
        <time>2012-06-27T02:08:22Z</time>
      </trkpt>
      <trkpt lat="48.582485010847449" lon="-2.56614999845624">
        <ele>0</ele>
        <time>2012-06-27T02:14:22Z</time>
      </trkpt>
      <trkpt lat="48.583221025764942" lon="-2.569255996495485">
        <ele>0</ele>
        <time>2012-06-27T02:16:22Z</time>
      </trkpt>
      <trkpt lat="48.578940974548459" lon="-2.569331014528871">
        <ele>0</ele>
        <time>2012-06-27T02:19:42Z</time>
      </trkpt>
      <trkpt lat="48.580037076026201" lon="-2.561784535646439">
        <ele>22.87890625</ele>
      </trkpt>
      <trkpt lat="48.575458964332938" lon="-2.565950006246567">
        <ele>0</ele>
        <time>2012-06-26T18:29:21Z</time>
      </trkpt>
      <trkpt lat="48.578621037304401" lon="-2.57165003567934">
        <ele>0</ele>
        <time>2012-06-26T18:36:41Z</time>
      </trkpt>
      <trkpt lat="48.571732034906745" lon="-2.58035003207624">
        <ele>0</ele>
        <time>2012-06-26T18:44:01Z</time>
      </trkpt>
      <trkpt lat="48.568119015544653" lon="-2.579679982736707">
        <ele>0</ele>
        <time>2012-06-26T18:45:41Z</time>
      </trkpt>
      <trkpt lat="48.5665019787848" lon="-2.586799990385771">
        <ele>0</ele>
        <time>2012-06-26T18:50:41Z</time>
      </trkpt>
      <trkpt lat="48.559780027717352" lon="-2.592979967594147">
        <ele>0</ele>
        <time>2012-06-26T18:58:21Z</time>
      </trkpt>
      <trkpt lat="48.552990015596151" lon="-2.604060005396605">
        <ele>0</ele>
        <time>2012-06-26T19:06:21Z</time>
      </trkpt>
      <trkpt lat="48.550120973959565" lon="-2.604339960962534">
        <ele>0</ele>
        <time>2012-06-26T19:10:01Z</time>
      </trkpt>
      <trkpt lat="48.549580005928874" lon="-2.610379960387945">
        <ele>0</ele>
        <time>2012-06-26T19:13:41Z</time>
      </trkpt>
      <trkpt lat="48.537738975137472" lon="-2.631270010024309">
        <ele>0</ele>
        <time>2012-06-26T19:25:41Z</time>
      </trkpt>
      <trkpt lat="48.529429994523525" lon="-2.632160000503063">
        <ele>0</ele>
        <time>2012-06-26T19:34:21Z</time>
      </trkpt>
      <trkpt lat="48.524559019133449" lon="-2.625330006703734">
        <ele>0</ele>
        <time>2012-06-26T19:38:01Z</time>
      </trkpt>
      <trkpt lat="48.522220971062779" lon="-2.62661000713706">
        <ele>0</ele>
        <time>2012-06-26T19:39:21Z</time>
      </trkpt>
      <trkpt lat="48.522961009293795" lon="-2.622700016945601">
        <ele>0</ele>
        <time>2012-06-26T19:40:21Z</time>
      </trkpt>
      <trkpt lat="48.520290032029152" lon="-2.622479991987348">
        <ele>0</ele>
        <time>2012-06-26T19:43:01Z</time>
      </trkpt>
      <trkpt lat="48.519031992182136" lon="-2.618439998477697">
        <ele>0</ele>
        <time>2012-06-26T19:44:21Z</time>
      </trkpt>
      <trkpt lat="48.520987993106246" lon="-2.62963998131454">
        <ele>0</ele>
        <time>2012-06-26T19:48:01Z</time>
      </trkpt>
      <trkpt lat="48.525790991261601" lon="-2.630050024017692">
        <ele>0</ele>
        <time>2012-06-26T19:51:41Z</time>
      </trkpt>
      <trkpt lat="48.52320902980864" lon="-2.640149965882301">
        <ele>0</ele>
        <time>2012-06-26T19:55:21Z</time>
      </trkpt>
      <trkpt lat="48.526039011776447" lon="-2.659059958532453">
        <ele>0</ele>
        <time>2012-06-26T20:06:01Z</time>
      </trkpt>
      <trkpt lat="48.529652031138539" lon="-2.658710014075041">
        <ele>0</ele>
        <time>2012-06-26T20:08:41Z</time>
      </trkpt>
      <trkpt lat="48.530842009931803" lon="-2.663990026339889">
        <ele>0</ele>
        <time>2012-06-26T20:11:21Z</time>
      </trkpt>
      <trkpt lat="48.533291034400463" lon="-2.663849964737892">
        <ele>0</ele>
        <time>2012-06-26T20:13:41Z</time>
      </trkpt>
      <trkpt lat="48.535739975050092" lon="-2.669359976425767">
        <ele>0</ele>
        <time>2012-06-26T20:16:21Z</time>
      </trkpt>
      <trkpt lat="48.53191003203392" lon="-2.68204003572464">
        <ele>0</ele>
        <time>2012-06-26T20:24:01Z</time>
      </trkpt>
      <trkpt lat="48.509021988138556" lon="-2.675080038607121">
        <ele>0</ele>
        <time>2012-06-26T20:42:41Z</time>
      </trkpt>
      <trkpt lat="48.500979971140623" lon="-2.682500034570694">
        <ele>0</ele>
        <time>2012-06-26T20:47:01Z</time>
      </trkpt>
      <trkpt lat="48.491959031671286" lon="-2.679109973832965">
        <ele>0</ele>
        <time>2012-06-26T20:50:41Z</time>
      </trkpt>
      <trkpt lat="48.492661016061902" lon="-2.671840013936162">
        <ele>0</ele>
        <time>2012-06-26T20:52:01Z</time>
      </trkpt>
      <trkpt lat="48.488097991794348" lon="-2.67851997166872">
        <ele>0</ele>
        <time>2012-06-26T20:53:01Z</time>
      </trkpt>
      <trkpt lat="48.515258962288499" lon="-2.705669961869717">
        <ele>0</ele>
        <time>2012-06-26T21:01:01Z</time>
      </trkpt>
      <trkpt lat="48.518969966098666" lon="-2.71615999750793">
        <ele>0</ele>
        <time>2012-06-26T21:03:41Z</time>
      </trkpt>
      <trkpt lat="48.529179040342569" lon="-2.717309994623065">
        <ele>0</ele>
        <time>2012-06-26T21:12:01Z</time>
      </trkpt>
      <trkpt lat="48.524170015007257" lon="-2.741499999538064">
        <ele>0</ele>
        <time>2012-06-26T21:21:01Z</time>
      </trkpt>
      <trkpt lat="48.528937976807356" lon="-2.73710997775197">
        <ele>0</ele>
        <time>2012-06-26T21:23:01Z</time>
      </trkpt>
      <trkpt lat="48.531238976866007" lon="-2.725280011072755">
        <ele>0</ele>
        <time>2012-06-26T21:25:41Z</time>
      </trkpt>
      <trkpt lat="48.539779968559742" lon="-2.718599969521165">
        <ele>0</ele>
        <time>2012-06-26T21:30:01Z</time>
      </trkpt>
      <trkpt lat="48.545399028807878" lon="-2.727220002561808">
        <ele>0</ele>
        <time>2012-06-26T21:33:21Z</time>
      </trkpt>
      <trkpt lat="48.553940020501614" lon="-2.713290033861995">
        <ele>0</ele>
        <time>2012-06-26T21:39:21Z</time>
      </trkpt>
      <trkpt lat="48.568581026047468" lon="-2.773779965937138">
        <ele>0</ele>
        <time>2012-06-26T21:58:01Z</time>
      </trkpt>
      <trkpt lat="48.580189039930701" lon="-2.775700008496642">
        <ele>0</ele>
        <time>2012-06-26T22:06:21Z</time>
      </trkpt>
      <trkpt lat="48.579287985339761" lon="-2.779919961467385">
        <ele>0</ele>
        <time>2012-06-26T22:07:21Z</time>
      </trkpt>
      <trkpt lat="48.58354196883738" lon="-2.779570017009974">
        <ele>0</ele>
        <time>2012-06-26T22:10:41Z</time>
      </trkpt>
      <trkpt lat="48.584739994257689" lon="-2.795450035482645">
        <ele>0</ele>
        <time>2012-06-26T22:17:41Z</time>
      </trkpt>
      <trkpt lat="48.592682015150785" lon="-2.810850022360683">
        <ele>0</ele>
        <time>2012-06-26T22:26:01Z</time>
      </trkpt>
      <trkpt lat="48.592128977179527" lon="-2.818179996684194">
        <ele>0</ele>
        <time>2012-06-26T22:29:21Z</time>
      </trkpt>
      <trkpt lat="48.599972007796168" lon="-2.82534996047616">
        <ele>0</ele>
        <time>2012-06-26T22:33:21Z</time>
      </trkpt>
      <trkpt lat="48.600688995793462" lon="-2.819620007649064">
        <ele>0</ele>
        <time>2012-06-26T22:33:41Z</time>
      </trkpt>
      <trkpt lat="48.610519040375948" lon="-2.814609976485372">
        <ele>0</ele>
        <time>2012-06-26T22:41:41Z</time>
      </trkpt>
      <trkpt lat="48.625480988994241" lon="-2.823890000581741">
        <ele>0</ele>
        <time>2012-06-26T22:53:21Z</time>
      </trkpt>
      <trkpt lat="48.631690973415971" lon="-2.821020036935806">
        <ele>0</ele>
        <time>2012-06-26T22:57:21Z</time>
      </trkpt>
      <trkpt lat="48.635929031297565" lon="-2.827479969710112">
        <ele>0</ele>
        <time>2012-06-26T23:02:41Z</time>
      </trkpt>
      <trkpt lat="48.641498973593116" lon="-2.822960028424859">
        <ele>0</ele>
        <time>2012-06-26T23:07:01Z</time>
      </trkpt>
      <trkpt lat="48.655780982226133" lon="-2.827219963073731">
        <ele>0</ele>
        <time>2012-06-26T23:19:01Z</time>
      </trkpt>
      <trkpt lat="48.655010014772415" lon="-2.836989993229508">
        <ele>0</ele>
        <time>2012-06-26T23:24:41Z</time>
      </trkpt>
      <trkpt lat="48.664101026952267" lon="-2.841770024970174">
        <ele>0</ele>
        <time>2012-06-26T23:34:01Z</time>
      </trkpt>
      <trkpt lat="48.667590999975801" lon="-2.848760029301047">
        <ele>0</ele>
        <time>2012-06-26T23:41:01Z</time>
      </trkpt>
      <trkpt lat="48.666962021961808" lon="-2.854270040988922">
        <ele>0</ele>
        <time>2012-06-26T23:46:21Z</time>
      </trkpt>
      <trkpt lat="48.675190033391118" lon="-2.859514011070132">
        <ele>0</ele>
        <time>2012-06-26T23:56:01Z</time>
      </trkpt>
      <trkpt lat="48.671458996832371" lon="-2.863900009542704">
        <ele>0</ele>
        <time>2012-06-26T23:59:41Z</time>
      </trkpt>
      <trkpt lat="48.673939034342766" lon="-2.880579996854067">
        <ele>0</ele>
        <time>2012-06-27T00:10:21Z</time>
      </trkpt>
      <trkpt lat="48.684569969773293" lon="-2.88915996439755">
        <ele>0</ele>
        <time>2012-06-27T00:19:21Z</time>
      </trkpt>
      <trkpt lat="48.69017000310123" lon="-2.885460024699569">
        <ele>0</ele>
        <time>2012-06-27T00:24:01Z</time>
      </trkpt>
      <trkpt lat="48.69279102422297" lon="-2.891059974208474">
        <ele>0</ele>
        <time>2012-06-27T00:27:21Z</time>
      </trkpt>
      <trkpt lat="48.697959976270795" lon="-2.892169989645481">
        <ele>0</ele>
        <time>2012-06-27T00:33:01Z</time>
      </trkpt>
      <trkpt lat="48.703120965510607" lon="-2.920550024136901">
        <ele>0</ele>
        <time>2012-06-27T00:49:21Z</time>
      </trkpt>
      <trkpt lat="48.706982005387545" lon="-2.926829997450113">
        <ele>0</ele>
        <time>2012-06-27T00:55:21Z</time>
      </trkpt>
      <trkpt lat="48.718379968777299" lon="-2.933469973504543">
        <ele>0</ele>
        <time>2012-06-27T01:07:41Z</time>
      </trkpt>
      <trkpt lat="48.717917958274484" lon="-2.950969962403178">
        <ele>0</ele>
        <time>2012-06-27T01:16:01Z</time>
      </trkpt>
      <trkpt lat="48.725880011916161" lon="-2.949600024148822">
        <ele>0</ele>
        <time>2012-06-27T01:20:41Z</time>
      </trkpt>
      <trkpt lat="48.732712017372251" lon="-2.939680041745305">
        <ele>0</ele>
        <time>2012-06-27T01:26:21Z</time>
      </trkpt>
      <trkpt lat="48.737099021673203" lon="-2.936519980430603">
        <ele>0</ele>
        <time>2012-06-27T01:26:41Z</time>
      </trkpt>
      <trkpt lat="48.746101018041372" lon="-2.943270010873675">
        <ele>0</ele>
        <time>2012-06-27T01:33:41Z</time>
      </trkpt>
      <trkpt lat="48.754269015043974" lon="-2.932040020823479">
        <ele>0</ele>
        <time>2012-06-27T01:37:41Z</time>
      </trkpt>
      <trkpt lat="48.758789040148258" lon="-2.945079999044538">
        <ele>0</ele>
        <time>2012-06-27T01:43:01Z</time>
      </trkpt>
      <trkpt lat="48.767421981319785" lon="-2.953670024871826">
        <ele>0</ele>
        <time>2012-06-27T01:48:21Z</time>
      </trkpt>
      <trkpt lat="48.766121026128531" lon="-2.955139959231019">
        <ele>0</ele>
        <time>2012-06-27T01:49:21Z</time>
      </trkpt>
      <trkpt lat="48.761397991329432" lon="-2.977200038731098">
        <ele>0</ele>
        <time>2012-06-27T01:55:01Z</time>
      </trkpt>
      <trkpt lat="48.766799960285425" lon="-3.005990032106638">
        <ele>0</ele>
        <time>2012-06-27T02:07:41Z</time>
      </trkpt>
      <trkpt lat="48.764912020415068" lon="-3.017580024898052">
        <ele>0</ele>
        <time>2012-06-27T02:11:21Z</time>
      </trkpt>
      <trkpt lat="48.769081011414528" lon="-3.018230041489005">
        <ele>0</ele>
        <time>2012-06-27T02:14:21Z</time>
      </trkpt>
      <trkpt lat="48.774780035018921" lon="-3.029769994318485">
        <ele>0</ele>
        <time>2012-06-27T02:18:41Z</time>
      </trkpt>
      <trkpt lat="48.778251986950636" lon="-3.029969986528158">
        <ele>0</ele>
        <time>2012-06-27T02:21:01Z</time>
      </trkpt>
      <trkpt lat="48.781509026885033" lon="-3.009440023452044">
        <ele>0</ele>
        <time>2012-06-27T02:30:41Z</time>
      </trkpt>
      <trkpt lat="48.783069988712668" lon="-3.036239985376597">
        <ele>0</ele>
        <time>2012-06-27T02:41:01Z</time>
      </trkpt>
      <trkpt lat="48.779387986287475" lon="-3.04453999735415">
        <ele>0</ele>
        <time>2012-06-27T02:44:41Z</time>
      </trkpt>
      <trkpt lat="48.787440983578563" lon="-3.046900006011128">
        <ele>0</ele>
        <time>2012-06-27T10:44:15Z</time>
      </trkpt>
      <trkpt lat="48.789688004180789" lon="-3.03613998927176">
        <ele>0</ele>
        <time>2012-06-27T10:49:55Z</time>
      </trkpt>
      <trkpt lat="48.800769969820976" lon="-3.015009965747595">
        <ele>0</ele>
        <time>2012-06-27T10:58:35Z</time>
      </trkpt>
      <trkpt lat="48.799849972128868" lon="-3.006120035424829">
        <ele>0</ele>
        <time>2012-06-27T11:02:35Z</time>
      </trkpt>
      <trkpt lat="48.804131029173732" lon="-3.003730019554496">
        <ele>0</ele>
        <time>2012-06-27T11:06:15Z</time>
      </trkpt>
      <trkpt lat="48.80271096713841" lon="-3.010290032252669">
        <ele>0</ele>
        <time>2012-06-27T11:09:15Z</time>
      </trkpt>
      <trkpt lat="48.807941023260355" lon="-3.017069986090064">
        <ele>0</ele>
        <time>2012-06-27T11:12:35Z</time>
      </trkpt>
      <trkpt lat="48.82118996232748" lon="-3.015580018982291">
        <ele>0</ele>
        <time>2012-06-27T11:22:35Z</time>
      </trkpt>
      <trkpt lat="48.815207965672016" lon="-3.053211998194456">
        <ele>0</ele>
        <time>2012-06-27T11:39:55Z</time>
      </trkpt>
      <trkpt lat="48.821998983621597" lon="-3.064359007403255">
        <ele>0</ele>
        <time>2012-06-27T11:46:15Z</time>
      </trkpt>
      <trkpt lat="48.819938963279128" lon="-3.072941992431879">
        <ele>0</ele>
        <time>2012-06-27T11:52:35Z</time>
      </trkpt>
      <trkpt lat="48.809745982289314" lon="-3.085650969296694">
        <ele>0</ele>
        <time>2012-06-27T12:02:55Z</time>
      </trkpt>
      <trkpt lat="48.796249022707343" lon="-3.093150006607175">
        <ele>0</ele>
        <time>2012-06-27T12:11:35Z</time>
      </trkpt>
      <trkpt lat="48.779296958819032" lon="-3.093487964943051">
        <ele>0</ele>
        <time>2012-06-27T12:24:15Z</time>
      </trkpt>
      <trkpt lat="48.77995703369379" lon="-3.10504300519824">
        <ele>0</ele>
        <time>2012-06-27T12:27:15Z</time>
      </trkpt>
      <trkpt lat="48.785830987617373" lon="-3.107028007507324">
        <ele>0</ele>
        <time>2012-06-27T12:29:15Z</time>
      </trkpt>
      <trkpt lat="48.790409015491605" lon="-3.100252998992801">
        <ele>0</ele>
        <time>2012-06-27T12:32:15Z</time>
      </trkpt>
      <trkpt lat="48.80116299726069" lon="-3.10302103869617">
        <ele>0</ele>
        <time>2012-06-27T12:38:35Z</time>
      </trkpt>
      <trkpt lat="48.802928980439901" lon="-3.100450979545713">
        <ele>0</ele>
        <time>2012-06-27T12:39:15Z</time>
      </trkpt>
      <trkpt lat="48.804344013333321" lon="-3.106458960101008">
        <ele>0</ele>
        <time>2012-06-27T12:41:35Z</time>
      </trkpt>
      <trkpt lat="48.807677999138832" lon="-3.1056650262326">
        <ele>0</ele>
        <time>2012-06-27T12:42:35Z</time>
      </trkpt>
      <trkpt lat="48.814361980184913" lon="-3.091202974319458">
        <ele>0</ele>
        <time>2012-06-27T12:48:35Z</time>
      </trkpt>
      <trkpt lat="48.827080009505153" lon="-3.086111973971129">
        <ele>0</ele>
        <time>2012-06-27T12:58:15Z</time>
      </trkpt>
      <trkpt lat="48.830337971448898" lon="-3.090634010732174">
        <ele>0</ele>
        <time>2012-06-27T13:01:35Z</time>
      </trkpt>
      <trkpt lat="48.827853994444013" lon="-3.098246036097407">
        <ele>0</ele>
        <time>2012-06-27T13:04:55Z</time>
      </trkpt>
      <trkpt lat="48.83311104029417" lon="-3.105016015470028">
        <ele>0</ele>
        <time>2012-06-27T13:08:15Z</time>
      </trkpt>
      <trkpt lat="48.837729971855879" lon="-3.091577980667353">
        <ele>0</ele>
        <time>2012-06-27T13:13:35Z</time>
      </trkpt>
      <trkpt lat="48.842090992256999" lon="-3.092362023890019">
        <ele>0</ele>
        <time>2012-06-27T13:15:15Z</time>
      </trkpt>
      <trkpt lat="48.845490021631122" lon="-3.084673974663019">
        <ele>0</ele>
        <time>2012-06-27T13:21:35Z</time>
      </trkpt>
      <trkpt lat="48.852303000167012" lon="-3.086959971114993">
        <ele>0</ele>
        <time>2012-06-27T13:26:15Z</time>
      </trkpt>
      <trkpt lat="48.848620997741818" lon="-3.094139993190765">
        <ele>0</ele>
        <time>2012-06-27T13:30:15Z</time>
      </trkpt>
      <trkpt lat="48.851070022210479" lon="-3.096720026805997">
        <ele>0</ele>
        <time>2012-06-27T13:31:55Z</time>
      </trkpt>
      <trkpt lat="48.856159010902047" lon="-3.093180013820529">
        <ele>0</ele>
        <time>2012-06-27T13:33:35Z</time>
      </trkpt>
      <trkpt lat="48.85726198554039" lon="-3.089560037478805">
        <ele>0</ele>
        <time>2012-06-27T13:34:35Z</time>
      </trkpt>
      <trkpt lat="48.861117996275425" lon="-3.093370031565428">
        <ele>0</ele>
        <time>2012-06-27T13:38:15Z</time>
      </trkpt>
      <trkpt lat="48.863670034334064" lon="-3.086559986695647">
        <ele>0</ele>
        <time>2012-06-27T13:42:35Z</time>
      </trkpt>
      <trkpt lat="48.8602489605546" lon="-3.07910998351872">
        <ele>0</ele>
        <time>2012-06-27T13:44:35Z</time>
      </trkpt>
      <trkpt lat="48.856269987300038" lon="-3.078059982508421">
        <ele>0</ele>
        <time>2012-06-27T13:46:15Z</time>
      </trkpt>
      <trkpt lat="48.858978012576699" lon="-3.076809989288449">
        <ele>0</ele>
        <time>2012-06-27T13:47:15Z</time>
      </trkpt>
      <trkpt lat="48.867970034480095" lon="-3.085200022906065">
        <ele>0</ele>
        <time>2012-06-27T13:50:15Z</time>
      </trkpt>
      <trkpt lat="48.864201027899981" lon="-3.12975000590086">
        <ele>0</ele>
        <time>2012-06-27T14:07:55Z</time>
      </trkpt>
      <trkpt lat="48.858391027897596" lon="-3.133920002728701">
        <ele>0</ele>
        <time>2012-06-27T14:13:15Z</time>
      </trkpt>
      <trkpt lat="48.857601033523679" lon="-3.141980040818453">
        <ele>0</ele>
        <time>2012-06-27T14:16:35Z</time>
      </trkpt>
      <trkpt lat="48.853642009198666" lon="-3.147180005908012">
        <ele>0</ele>
        <time>2012-06-27T14:19:15Z</time>
      </trkpt>
      <trkpt lat="48.852988975122571" lon="-3.167539983987808">
        <ele>0</ele>
        <time>2012-06-27T14:26:35Z</time>
      </trkpt>
      <trkpt lat="48.842010023072362" lon="-3.173470012843609">
        <ele>0</ele>
        <time>2012-06-27T14:33:15Z</time>
      </trkpt>
      <trkpt lat="48.837790992110968" lon="-3.189361011609435">
        <ele>0</ele>
        <time>2012-06-27T14:37:55Z</time>
      </trkpt>
      <trkpt lat="48.836497999727726" lon="-3.186657009646297">
        <ele>0</ele>
        <time>2012-06-27T14:38:15Z</time>
      </trkpt>
      <trkpt lat="48.826526971533895" lon="-3.196516977623105">
        <ele>0</ele>
        <time>2012-06-27T14:44:35Z</time>
      </trkpt>
      <trkpt lat="48.800845993682742" lon="-3.197488021105528">
        <ele>0</ele>
        <time>2012-06-27T14:56:35Z</time>
      </trkpt>
      <trkpt lat="48.797133984044194" lon="-3.211355041712523">
        <ele>0</ele>
        <time>2012-06-27T15:01:55Z</time>
      </trkpt>
      <trkpt lat="48.800533013418317" lon="-3.216473031789064">
        <ele>0</ele>
        <time>2012-06-27T15:05:15Z</time>
      </trkpt>
      <trkpt lat="48.793907035142183" lon="-3.223044024780393">
        <ele>0</ele>
        <time>2012-06-27T15:09:35Z</time>
      </trkpt>
      <trkpt lat="48.791126003488898" lon="-3.212734032422304">
        <ele>0</ele>
        <time>2012-06-27T15:11:35Z</time>
      </trkpt>
      <trkpt lat="48.786400035023689" lon="-3.212449969723821">
        <ele>0</ele>
        <time>2012-06-27T15:14:15Z</time>
      </trkpt>
      <trkpt lat="48.783626966178417" lon="-3.218864975497127">
        <ele>0</ele>
        <time>2012-06-27T15:15:35Z</time>
      </trkpt>
      <trkpt lat="48.788012964650989" lon="-3.224787963554263">
        <ele>0</ele>
        <time>2012-06-27T15:16:15Z</time>
      </trkpt>
      <trkpt lat="48.791060959920287" lon="-3.22879996150732">
        <ele>0</ele>
        <time>2012-06-27T15:16:35Z</time>
      </trkpt>
      <trkpt lat="48.789844997227192" lon="-3.236076962202787">
        <ele>0</ele>
        <time>2012-06-27T15:18:55Z</time>
      </trkpt>
      <trkpt lat="48.798919999971986" lon="-3.236106969416142">
        <ele>0</ele>
        <time>2012-06-27T15:23:15Z</time>
      </trkpt>
      <trkpt lat="48.807647991925478" lon="-3.218071041628718">
        <ele>0</ele>
        <time>2012-06-27T15:27:15Z</time>
      </trkpt>
      <trkpt lat="48.834350975230336" lon="-3.203539000824094">
        <ele>0</ele>
        <time>2012-06-27T15:46:35Z</time>
      </trkpt>
      <trkpt lat="48.837398970499635" lon="-3.207584023475647">
        <ele>0</ele>
        <time>2012-06-27T15:51:15Z</time>
      </trkpt>
      <trkpt lat="48.83358403109014" lon="-3.218623995780945">
        <ele>0</ele>
        <time>2012-06-27T15:55:35Z</time>
      </trkpt>
      <trkpt lat="48.840926997363567" lon="-3.228752017021179">
        <ele>0</ele>
        <time>2012-06-27T15:59:15Z</time>
      </trkpt>
      <trkpt lat="48.845764026045799" lon="-3.213039971888065">
        <ele>0</ele>
        <time>2012-06-27T16:05:55Z</time>
      </trkpt>
      <trkpt lat="48.856461010873318" lon="-3.212000029161573">
        <ele>0</ele>
        <time>2012-06-27T16:15:55Z</time>
      </trkpt>
      <trkpt lat="48.859310019761324" lon="-3.217490008100867">
        <ele>0</ele>
        <time>2012-06-27T16:19:55Z</time>
      </trkpt>
      <trkpt lat="48.865440040826797" lon="-3.218749975785613">
        <ele>0</ele>
        <time>2012-06-27T16:24:35Z</time>
      </trkpt>
      <trkpt lat="48.868801016360521" lon="-3.225809969007969">
        <ele>0</ele>
        <time>2012-06-27T16:29:55Z</time>
      </trkpt>
      <trkpt lat="48.866809979081154" lon="-3.237830037251115">
        <ele>0</ele>
        <time>2012-06-27T16:37:55Z</time>
      </trkpt>
      <trkpt lat="48.864638982340693" lon="-3.232920002192259">
        <ele>0</ele>
        <time>2012-06-27T16:42:15Z</time>
      </trkpt>
      <trkpt lat="48.856449024751782" lon="-3.24605000205338">
        <ele>0</ele>
        <time>2012-06-27T16:52:15Z</time>
      </trkpt>
      <trkpt lat="48.851101035252213" lon="-3.248459966853261">
        <ele>0</ele>
        <time>2012-06-27T16:54:35Z</time>
      </trkpt>
      <trkpt lat="48.847568985074759" lon="-3.257059967145324">
        <ele>0</ele>
        <time>2012-06-27T16:57:35Z</time>
      </trkpt>
      <trkpt lat="48.843651032075286" lon="-3.254889976233244">
        <ele>0</ele>
        <time>2012-06-27T17:01:15Z</time>
      </trkpt>
      <trkpt lat="48.834949024021626" lon="-3.26239999383688">
        <ele>0</ele>
        <time>2012-06-27T17:04:55Z</time>
      </trkpt>
      <trkpt lat="48.833870021626353" lon="-3.270040014758706">
        <ele>0</ele>
        <time>2012-06-27T17:06:15Z</time>
      </trkpt>
      <trkpt lat="48.842224013060331" lon="-3.277085004374385">
        <ele>0</ele>
        <time>2012-06-27T17:11:55Z</time>
      </trkpt>
      <trkpt lat="48.838202962651849" lon="-3.280095029622316">
        <ele>0</ele>
        <time>2012-06-27T17:15:15Z</time>
      </trkpt>
      <trkpt lat="48.838881980627775" lon="-3.28386596404016">
        <ele>0</ele>
        <time>2012-06-27T17:17:35Z</time>
      </trkpt>
      <trkpt lat="48.834292972460389" lon="-3.28369396738708">
        <ele>0</ele>
        <time>2012-06-27T17:20:35Z</time>
      </trkpt>
      <trkpt lat="48.830505022779107" lon="-3.295308016240597">
        <ele>0</ele>
        <time>2012-06-27T17:24:35Z</time>
      </trkpt>
      <trkpt lat="48.837597034871578" lon="-3.322467980906367">
        <ele>0</ele>
        <time>2012-06-27T17:37:15Z</time>
      </trkpt>
      <trkpt lat="48.82799900136888" lon="-3.334747971966863">
        <ele>0</ele>
        <time>2012-06-27T17:40:55Z</time>
      </trkpt>
      <trkpt lat="48.828102014958858" lon="-3.341103969141841">
        <ele>0</ele>
        <time>2012-06-27T17:42:55Z</time>
      </trkpt>
      <trkpt lat="48.824074007570744" lon="-3.346018027514219">
        <ele>0</ele>
        <time>2012-06-27T17:46:35Z</time>
      </trkpt>
      <trkpt lat="48.824669038876891" lon="-3.349312031641603">
        <ele>0</ele>
        <time>2012-06-27T17:47:15Z</time>
      </trkpt>
      <trkpt lat="48.820023033767939" lon="-3.353266026824713">
        <ele>0</ele>
        <time>2012-06-27T17:50:55Z</time>
      </trkpt>
      <trkpt lat="48.821292975917459" lon="-3.363081989809871">
        <ele>0</ele>
        <time>2012-06-27T17:53:15Z</time>
      </trkpt>
      <trkpt lat="48.815799979493022" lon="-3.380544008687139">
        <ele>0</ele>
        <time>2012-06-27T18:00:35Z</time>
      </trkpt>
      <trkpt lat="48.812344036996365" lon="-3.386749969795346">
        <ele>0</ele>
        <time>2012-06-27T18:02:35Z</time>
      </trkpt>
      <trkpt lat="48.804973997175694" lon="-3.387243999168277">
        <ele>0</ele>
        <time>2012-06-27T18:07:35Z</time>
      </trkpt>
      <trkpt lat="48.801094014197588" lon="-3.39524201117456">
        <ele>0</ele>
        <time>2012-06-27T18:09:55Z</time>
      </trkpt>
      <trkpt lat="48.798187002539635" lon="-3.440522979944944">
        <ele>0</ele>
        <time>2012-06-27T18:24:55Z</time>
      </trkpt>
      <trkpt lat="48.804966034367681" lon="-3.442846024408937">
        <ele>0</ele>
        <time>2012-06-27T18:27:15Z</time>
      </trkpt>
      <trkpt lat="48.80689999088645" lon="-3.437090003862977">
        <ele>0</ele>
        <time>2012-06-27T18:31:15Z</time>
      </trkpt>
      <trkpt lat="48.815491022542119" lon="-3.433480001986027">
        <ele>0</ele>
        <time>2012-06-27T18:35:15Z</time>
      </trkpt>
      <trkpt lat="48.817164972424507" lon="-3.426951002329588">
        <ele>0</ele>
        <time>2012-06-27T18:39:15Z</time>
      </trkpt>
      <trkpt lat="48.820450007915497" lon="-3.428500983864069">
        <ele>0</ele>
        <time>2012-06-27T18:41:35Z</time>
      </trkpt>
      <trkpt lat="48.818702967837453" lon="-3.445441983640194">
        <ele>0</ele>
        <time>2012-06-27T18:52:15Z</time>
      </trkpt>
      <trkpt lat="48.815344758331776" lon="-3.45038428902626">
        <ele>33.328125</ele>
      </trkpt>
      <trkpt lat="48.814837988466024" lon="-3.454684959724546">
        <ele>0</ele>
        <time>2012-06-27T10:57:30Z</time>
      </trkpt>
      <trkpt lat="48.823311002925038" lon="-3.468567989766598">
        <ele>0</ele>
        <time>2012-06-27T11:02:50Z</time>
      </trkpt>
      <trkpt lat="48.836758006364107" lon="-3.478267025202513">
        <ele>0</ele>
        <time>2012-06-27T11:13:10Z</time>
      </trkpt>
      <trkpt lat="48.835106017068028" lon="-3.486957969143987">
        <ele>0</ele>
        <time>2012-06-27T11:18:10Z</time>
      </trkpt>
      <trkpt lat="48.831042973324656" lon="-3.49068003706634">
        <ele>0</ele>
        <time>2012-06-27T11:22:50Z</time>
      </trkpt>
      <trkpt lat="48.825642010197043" lon="-3.486785972490907">
        <ele>0</ele>
        <time>2012-06-27T11:27:10Z</time>
      </trkpt>
      <trkpt lat="48.829074986279011" lon="-3.5025629773736">
        <ele>0</ele>
        <time>2012-06-27T11:34:30Z</time>
      </trkpt>
      <trkpt lat="48.823924977332354" lon="-3.503019036725164">
        <ele>0</ele>
        <time>2012-06-27T11:40:50Z</time>
      </trkpt>
      <trkpt lat="48.827400030568242" lon="-3.51059895940125">
        <ele>0</ele>
        <time>2012-06-27T11:44:30Z</time>
      </trkpt>
      <trkpt lat="48.834899989888072" lon="-3.511114027351141">
        <ele>0</ele>
        <time>2012-06-27T11:46:50Z</time>
      </trkpt>
      <trkpt lat="48.833518987521529" lon="-3.504933966323733">
        <ele>0</ele>
        <time>2012-06-27T11:50:50Z</time>
      </trkpt>
      <trkpt lat="48.837588988244534" lon="-3.498581992462277">
        <ele>0</ele>
        <time>2012-06-27T11:55:50Z</time>
      </trkpt>
      <trkpt lat="48.838405972346663" lon="-3.503920007497072">
        <ele>0</ele>
        <time>2012-06-27T11:58:10Z</time>
      </trkpt>
      <trkpt lat="48.830231018364429" lon="-3.519588969647884">
        <ele>0</ele>
        <time>2012-06-27T12:10:30Z</time>
      </trkpt>
      <trkpt lat="48.830253984779119" lon="-3.525473987683654">
        <ele>0</ele>
        <time>2012-06-27T12:11:50Z</time>
      </trkpt>
      <trkpt lat="48.822666015475988" lon="-3.525324035435915">
        <ele>0</ele>
        <time>2012-06-27T12:18:10Z</time>
      </trkpt>
      <trkpt lat="48.818508004769683" lon="-3.518157005310059">
        <ele>0</ele>
        <time>2012-06-27T12:22:50Z</time>
      </trkpt>
      <trkpt lat="48.818328967317939" lon="-3.528339006006718">
        <ele>0</ele>
        <time>2012-06-27T12:25:10Z</time>
      </trkpt>
      <trkpt lat="48.822655035182834" lon="-3.529727971181274">
        <ele>0</ele>
        <time>2012-06-27T12:29:10Z</time>
      </trkpt>
      <trkpt lat="48.824790995568037" lon="-3.538109958171845">
        <ele>0</ele>
        <time>2012-06-27T12:32:50Z</time>
      </trkpt>
      <trkpt lat="48.815891006961465" lon="-3.53966798633337">
        <ele>0</ele>
        <time>2012-06-27T12:37:10Z</time>
      </trkpt>
      <trkpt lat="48.814292997121811" lon="-3.547371961176395">
        <ele>0</ele>
        <time>2012-06-27T12:39:50Z</time>
      </trkpt>
      <trkpt lat="48.809787975624204" lon="-3.546996032819152">
        <ele>0</ele>
        <time>2012-06-27T12:42:30Z</time>
      </trkpt>
      <trkpt lat="48.81153903901577" lon="-3.536025965586305">
        <ele>0</ele>
        <time>2012-06-27T12:46:30Z</time>
      </trkpt>
      <trkpt lat="48.808086030185223" lon="-3.537752972915769">
        <ele>0</ele>
        <time>2012-06-27T12:49:30Z</time>
      </trkpt>
      <trkpt lat="48.805819982662797" lon="-3.532743025571108">
        <ele>0</ele>
        <time>2012-06-27T12:52:50Z</time>
      </trkpt>
      <trkpt lat="48.805138031020761" lon="-3.527474999427795">
        <ele>0</ele>
        <time>2012-06-27T12:54:10Z</time>
      </trkpt>
      <trkpt lat="48.801867999136448" lon="-3.52791496552527">
        <ele>0</ele>
        <time>2012-06-27T12:55:50Z</time>
      </trkpt>
      <trkpt lat="48.80485899746418" lon="-3.52099503390491">
        <ele>0</ele>
        <time>2012-06-27T13:00:10Z</time>
      </trkpt>
      <trkpt lat="48.803672958165407" lon="-3.509418033063412">
        <ele>0</ele>
        <time>2012-06-27T13:03:50Z</time>
      </trkpt>
      <trkpt lat="48.787479037418962" lon="-3.509047972038388">
        <ele>0</ele>
        <time>2012-06-27T13:11:50Z</time>
      </trkpt>
      <trkpt lat="48.788245981559157" lon="-3.525173999369144">
        <ele>0</ele>
        <time>2012-06-27T13:16:30Z</time>
      </trkpt>
      <trkpt lat="48.791282996535301" lon="-3.535087024793029">
        <ele>0</ele>
        <time>2012-06-27T13:18:30Z</time>
      </trkpt>
      <trkpt lat="48.788363998755813" lon="-3.555455971509218">
        <ele>0</ele>
        <time>2012-06-27T13:24:10Z</time>
      </trkpt>
      <trkpt lat="48.795260963961482" lon="-3.561131022870541">
        <ele>0</ele>
        <time>2012-06-27T13:28:30Z</time>
      </trkpt>
      <trkpt lat="48.79557796753943" lon="-3.564597023651004">
        <ele>0</ele>
        <time>2012-06-27T13:29:30Z</time>
      </trkpt>
      <trkpt lat="48.797485018149018" lon="-3.569618035107851">
        <ele>0</ele>
        <time>2012-06-27T13:30:30Z</time>
      </trkpt>
      <trkpt lat="48.799678981304169" lon="-3.566340040415525">
        <ele>0</ele>
        <time>2012-06-27T13:32:10Z</time>
      </trkpt>
      <trkpt lat="48.803062001243234" lon="-3.562639011070132">
        <ele>0</ele>
        <time>2012-06-27T13:33:30Z</time>
      </trkpt>
      <trkpt lat="48.807766009122133" lon="-3.565919017419219">
        <ele>0</ele>
        <time>2012-06-27T13:37:50Z</time>
      </trkpt>
      <trkpt lat="48.803328964859247" lon="-3.57632003724575">
        <ele>0</ele>
        <time>2012-06-27T13:43:10Z</time>
      </trkpt>
      <trkpt lat="48.806239999830723" lon="-3.579840017482638">
        <ele>0</ele>
        <time>2012-06-27T13:44:50Z</time>
      </trkpt>
      <trkpt lat="48.804520033299923" lon="-3.584189973771572">
        <ele>0</ele>
        <time>2012-06-27T13:46:10Z</time>
      </trkpt>
      <trkpt lat="48.79523104056716" lon="-3.583429986611009">
        <ele>0</ele>
        <time>2012-06-27T13:53:10Z</time>
      </trkpt>
      <trkpt lat="48.798260008916259" lon="-3.582409992814064">
        <ele>0</ele>
        <time>2012-06-27T13:53:50Z</time>
      </trkpt>
      <trkpt lat="48.799560964107513" lon="-3.578109992668033">
        <ele>0</ele>
        <time>2012-06-27T13:54:50Z</time>
      </trkpt>
      <trkpt lat="48.796108039095998" lon="-3.573579993098974">
        <ele>0</ele>
        <time>2012-06-27T13:57:30Z</time>
      </trkpt>
      <trkpt lat="48.795951968058944" lon="-3.56562003493309">
        <ele>0</ele>
        <time>2012-06-27T14:00:30Z</time>
      </trkpt>
      <trkpt lat="48.792918976396322" lon="-3.568410035222769">
        <ele>0</ele>
        <time>2012-06-27T14:01:50Z</time>
      </trkpt>
      <trkpt lat="48.78300896845758" lon="-3.561100009828806">
        <ele>0</ele>
        <time>2012-06-27T14:07:10Z</time>
      </trkpt>
      <trkpt lat="48.779709013178945" lon="-3.563790014013648">
        <ele>0</ele>
        <time>2012-06-27T14:07:50Z</time>
      </trkpt>
      <trkpt lat="48.78012802451849" lon="-3.567960010841489">
        <ele>0</ele>
        <time>2012-06-27T14:09:10Z</time>
      </trkpt>
      <trkpt lat="48.787479037418962" lon="-3.576290030032396">
        <ele>0</ele>
        <time>2012-06-27T14:13:10Z</time>
      </trkpt>
      <trkpt lat="48.782829008996487" lon="-3.574120039120317">
        <ele>0</ele>
        <time>2012-06-27T14:16:30Z</time>
      </trkpt>
      <trkpt lat="48.782451990991831" lon="-3.578100018203259">
        <ele>0</ele>
        <time>2012-06-27T14:17:10Z</time>
      </trkpt>
      <trkpt lat="48.777945963665843" lon="-3.579193018376827">
        <ele>0</ele>
        <time>2012-06-27T14:19:50Z</time>
      </trkpt>
      <trkpt lat="48.778202030807734" lon="-3.584492979571223">
        <ele>0</ele>
        <time>2012-06-27T14:21:50Z</time>
      </trkpt>
      <trkpt lat="48.768665017560124" lon="-3.583774985745549">
        <ele>0</ele>
        <time>2012-06-27T14:32:10Z</time>
      </trkpt>
      <trkpt lat="48.762645972892642" lon="-3.577917041257024">
        <ele>0</ele>
        <time>2012-06-27T14:34:10Z</time>
      </trkpt>
      <trkpt lat="48.758602039888501" lon="-3.580534039065242">
        <ele>0</ele>
        <time>2012-06-27T14:36:50Z</time>
      </trkpt>
      <trkpt lat="48.757468974217772" lon="-3.584707975387573">
        <ele>0</ele>
        <time>2012-06-27T14:40:10Z</time>
      </trkpt>
      <trkpt lat="48.760592993348837" lon="-3.561479961499572">
        <ele>0</ele>
        <time>2012-06-27T14:52:50Z</time>
      </trkpt>
      <trkpt lat="48.75312396325171" lon="-3.55749998241663">
        <ele>0</ele>
        <time>2012-06-27T14:58:10Z</time>
      </trkpt>
      <trkpt lat="48.747841017320752" lon="-3.548434032127261">
        <ele>0</ele>
        <time>2012-06-27T15:01:30Z</time>
      </trkpt>
      <trkpt lat="48.733611982315779" lon="-3.550149975344539">
        <ele>0</ele>
        <time>2012-06-27T15:12:30Z</time>
      </trkpt>
      <trkpt lat="48.735713995993137" lon="-3.539764964953065">
        <ele>0</ele>
        <time>2012-06-27T15:18:10Z</time>
      </trkpt>
      <trkpt lat="48.732329970225692" lon="-3.52406901307404">
        <ele>0</ele>
        <time>2012-06-27T15:23:30Z</time>
      </trkpt>
      <trkpt lat="48.735256008803844" lon="-3.512470973655582">
        <ele>0</ele>
        <time>2012-06-27T15:26:50Z</time>
      </trkpt>
      <trkpt lat="48.732749987393618" lon="-3.504777979105711">
        <ele>0</ele>
        <time>2012-06-27T15:29:10Z</time>
      </trkpt>
      <trkpt lat="48.737907037138939" lon="-3.496807040646672">
        <ele>0</ele>
        <time>2012-06-27T15:33:10Z</time>
      </trkpt>
      <trkpt lat="48.738537020981312" lon="-3.48178599961102">
        <ele>0</ele>
        <time>2012-06-27T15:36:10Z</time>
      </trkpt>
      <trkpt lat="48.73831900767982" lon="-3.469715975224972">
        <ele>0</ele>
        <time>2012-06-27T15:37:50Z</time>
      </trkpt>
      <trkpt lat="48.731850022450089" lon="-3.46485598012805">
        <ele>0</ele>
        <time>2012-06-27T15:39:10Z</time>
      </trkpt>
      <trkpt lat="48.73043398372829" lon="-3.468825984746218">
        <ele>0</ele>
        <time>2012-06-27T15:40:30Z</time>
      </trkpt>
      <trkpt lat="48.736415980383754" lon="-3.483180999755859">
        <ele>0</ele>
        <time>2012-06-27T15:45:50Z</time>
      </trkpt>
      <trkpt lat="48.736549001187086" lon="-3.495594011619687">
        <ele>0</ele>
        <time>2012-06-27T15:48:50Z</time>
      </trkpt>
      <trkpt lat="48.731277035549283" lon="-3.501248024404049">
        <ele>0</ele>
        <time>2012-06-27T15:51:50Z</time>
      </trkpt>
      <trkpt lat="48.732269033789635" lon="-3.538767015561461">
        <ele>0</ele>
        <time>2012-06-27T16:01:50Z</time>
      </trkpt>
      <trkpt lat="48.72744801454246" lon="-3.535334039479494">
        <ele>0</ele>
        <time>2012-06-27T16:07:50Z</time>
      </trkpt>
      <trkpt lat="48.728793980553746" lon="-3.53983998298645">
        <ele>0</ele>
        <time>2012-06-27T16:09:30Z</time>
      </trkpt>
      <trkpt lat="48.726742006838322" lon="-3.557166969403625">
        <ele>0</ele>
        <time>2012-06-27T16:14:30Z</time>
      </trkpt>
      <trkpt lat="48.731419024989009" lon="-3.564248001202941">
        <ele>0</ele>
        <time>2012-06-27T16:19:10Z</time>
      </trkpt>
      <trkpt lat="48.725609024986625" lon="-3.565524984151125">
        <ele>0</ele>
        <time>2012-06-27T16:22:50Z</time>
      </trkpt>
      <trkpt lat="48.725395034998655" lon="-3.568732989951968">
        <ele>0</ele>
        <time>2012-06-27T16:23:50Z</time>
      </trkpt>
      <trkpt lat="48.722389033064246" lon="-3.580717016011477">
        <ele>0</ele>
        <time>2012-06-27T16:27:10Z</time>
      </trkpt>
      <trkpt lat="48.716331012547016" lon="-3.584149992093444">
        <ele>0</ele>
        <time>2012-06-27T16:31:10Z</time>
      </trkpt>
      <trkpt lat="48.697781022638083" lon="-3.579139960929751">
        <ele>0</ele>
        <time>2012-06-27T16:50:10Z</time>
      </trkpt>
      <trkpt lat="48.691058987751603" lon="-3.583940025418997">
        <ele>0</ele>
        <time>2012-06-27T16:58:10Z</time>
      </trkpt>
      <trkpt lat="48.688042005524039" lon="-3.571949964389205">
        <ele>0</ele>
        <time>2012-06-27T17:05:50Z</time>
      </trkpt>
      <trkpt lat="48.686297982931137" lon="-3.566120015457273">
        <ele>0</ele>
        <time>2012-06-27T17:07:10Z</time>
      </trkpt>
      <trkpt lat="48.675639973953366" lon="-3.569460036233068">
        <ele>0</ele>
        <time>2012-06-27T17:11:30Z</time>
      </trkpt>
      <trkpt lat="48.669579019770026" lon="-3.553849998861551">
        <ele>0</ele>
        <time>2012-06-27T17:19:10Z</time>
      </trkpt>
      <trkpt lat="48.669299986213446" lon="-3.550449963659048">
        <ele>0</ele>
        <time>2012-06-27T17:19:50Z</time>
      </trkpt>
      <trkpt lat="48.666438991203904" lon="-3.549150014296174">
        <ele>0</ele>
        <time>2012-06-27T17:20:50Z</time>
      </trkpt>
      <trkpt lat="48.662922028452158" lon="-3.557299990206957">
        <ele>0</ele>
        <time>2012-06-27T17:23:30Z</time>
      </trkpt>
      <trkpt lat="48.664020979776978" lon="-3.561309976503253">
        <ele>0</ele>
        <time>2012-06-27T17:24:50Z</time>
      </trkpt>
      <trkpt lat="48.66151001304388" lon="-3.562640016898513">
        <ele>0</ele>
        <time>2012-06-27T17:25:50Z</time>
      </trkpt>
      <trkpt lat="48.665668023750186" lon="-3.565630009397864">
        <ele>0</ele>
        <time>2012-06-27T17:28:50Z</time>
      </trkpt>
      <trkpt lat="48.655589958652854" lon="-3.567779967561364">
        <ele>0</ele>
        <time>2012-06-27T17:32:50Z</time>
      </trkpt>
      <trkpt lat="48.655120991170406" lon="-3.57341998256743">
        <ele>0</ele>
        <time>2012-06-27T17:34:50Z</time>
      </trkpt>
      <trkpt lat="48.660369990393519" lon="-3.582449974492192">
        <ele>0</ele>
        <time>2012-06-27T17:40:10Z</time>
      </trkpt>
      <trkpt lat="48.665389996021986" lon="-3.582130037248135">
        <ele>0</ele>
        <time>2012-06-27T17:42:10Z</time>
      </trkpt>
      <trkpt lat="48.670559031888843" lon="-3.612279994413257">
        <ele>0</ele>
        <time>2012-06-27T17:50:30Z</time>
      </trkpt>
      <trkpt lat="48.683800008147955" lon="-3.615739960223436">
        <ele>0</ele>
        <time>2012-06-27T17:58:30Z</time>
      </trkpt>
      <trkpt lat="48.683719960972667" lon="-3.622540030628443">
        <ele>0</ele>
        <time>2012-06-27T18:03:10Z</time>
      </trkpt>
      <trkpt lat="48.686137972399592" lon="-3.623500009998679">
        <ele>0</ele>
        <time>2012-06-27T18:03:50Z</time>
      </trkpt>
      <trkpt lat="48.680550009012222" lon="-3.630299996584654">
        <ele>0</ele>
        <time>2012-06-27T18:11:30Z</time>
      </trkpt>
      <trkpt lat="48.681591041386127" lon="-3.636730005964637">
        <ele>0</ele>
        <time>2012-06-27T18:14:50Z</time>
      </trkpt>
      <trkpt lat="48.667857963591814" lon="-3.635710012167692">
        <ele>0</ele>
        <time>2012-06-27T18:22:50Z</time>
      </trkpt>
      <trkpt lat="48.669761996716261" lon="-3.643039986491203">
        <ele>0</ele>
        <time>2012-06-27T18:24:50Z</time>
      </trkpt>
      <trkpt lat="48.672160981222987" lon="-3.645019959658384">
        <ele>0</ele>
        <time>2012-06-27T18:25:50Z</time>
      </trkpt>
      <trkpt lat="48.675220040604472" lon="-3.638990018516779">
        <ele>0</ele>
        <time>2012-06-27T18:28:30Z</time>
      </trkpt>
      <trkpt lat="48.681090977042913" lon="-3.655770001932979">
        <ele>0</ele>
        <time>2012-06-27T18:34:10Z</time>
      </trkpt>
      <trkpt lat="48.687351001426578" lon="-3.653449974954128">
        <ele>0</ele>
        <time>2012-06-27T18:36:10Z</time>
      </trkpt>
      <trkpt lat="48.692744839936495" lon="-3.644743859767914">
        <ele>8.921875</ele>
      </trkpt>
      <trkpt lat="48.696620967239141" lon="-3.644055034965277">
        <ele>0</ele>
        <time>2012-06-27T11:13:33Z</time>
      </trkpt>
      <trkpt lat="48.693671962246299" lon="-3.647642992436886">
        <ele>0</ele>
        <time>2012-06-27T11:16:33Z</time>
      </trkpt>
      <trkpt lat="48.6957130394876" lon="-3.656076025217772">
        <ele>0</ele>
        <time>2012-06-27T11:20:33Z</time>
      </trkpt>
      <trkpt lat="48.688670983538032" lon="-3.671172000467777">
        <ele>0</ele>
        <time>2012-06-27T11:28:33Z</time>
      </trkpt>
      <trkpt lat="48.689713021740317" lon="-3.674712013453245">
        <ele>0</ele>
        <time>2012-06-27T11:30:53Z</time>
      </trkpt>
      <trkpt lat="48.685939991846681" lon="-3.676793994382024">
        <ele>0</ele>
        <time>2012-06-27T11:33:53Z</time>
      </trkpt>
      <trkpt lat="48.687877971678972" lon="-3.685805965214968">
        <ele>0</ele>
        <time>2012-06-27T11:36:33Z</time>
      </trkpt>
      <trkpt lat="48.691483028233051" lon="-3.689088989049196">
        <ele>0</ele>
        <time>2012-06-27T11:39:33Z</time>
      </trkpt>
      <trkpt lat="48.689372967928648" lon="-3.704152023419738">
        <ele>0</ele>
        <time>2012-06-27T11:45:33Z</time>
      </trkpt>
      <trkpt lat="48.694332037121058" lon="-3.705257009714842">
        <ele>0</ele>
        <time>2012-06-27T11:48:53Z</time>
      </trkpt>
      <trkpt lat="48.698971001431346" lon="-3.715964974835515">
        <ele>0</ele>
        <time>2012-06-27T11:53:33Z</time>
      </trkpt>
      <trkpt lat="48.705975003540516" lon="-3.722734032198787">
        <ele>0</ele>
        <time>2012-06-27T12:02:33Z</time>
      </trkpt>
      <trkpt lat="48.708897018805146" lon="-3.766020024195314">
        <ele>0</ele>
        <time>2012-06-27T12:37:13Z</time>
      </trkpt>
      <trkpt lat="48.70493296533823" lon="-3.773670019581914">
        <ele>0</ele>
        <time>2012-06-27T12:44:53Z</time>
      </trkpt>
      <trkpt lat="48.699551029130816" lon="-3.789328001439571">
        <ele>0</ele>
        <time>2012-06-27T12:46:53Z</time>
      </trkpt>
      <trkpt lat="48.703033039346337" lon="-3.78842200152576">
        <ele>0</ele>
        <time>2012-06-27T12:48:53Z</time>
      </trkpt>
      <trkpt lat="48.703316012397408" lon="-3.800551034510136">
        <ele>0</ele>
        <time>2012-06-27T12:56:13Z</time>
      </trkpt>
      <trkpt lat="48.710655039176345" lon="-3.802863014861941">
        <ele>0</ele>
        <time>2012-06-27T12:59:33Z</time>
      </trkpt>
      <trkpt lat="48.717963974922895" lon="-3.818768011406064">
        <ele>0</ele>
        <time>2012-06-27T13:05:53Z</time>
      </trkpt>
      <trkpt lat="48.709533959627151" lon="-3.814948964864016">
        <ele>0</ele>
        <time>2012-06-27T13:12:13Z</time>
      </trkpt>
      <trkpt lat="48.707371009513736" lon="-3.820061003789306">
        <ele>0</ele>
        <time>2012-06-27T13:14:13Z</time>
      </trkpt>
      <trkpt lat="48.696705037727952" lon="-3.815002022311091">
        <ele>0</ele>
        <time>2012-06-27T13:16:53Z</time>
      </trkpt>
      <trkpt lat="48.701800983399153" lon="-3.82292602211237">
        <ele>0</ele>
        <time>2012-06-27T13:20:13Z</time>
      </trkpt>
      <trkpt lat="48.704055966809392" lon="-3.828702997416258">
        <ele>0</ele>
        <time>2012-06-27T13:20:33Z</time>
      </trkpt>
      <trkpt lat="48.711327016353607" lon="-3.832040000706911">
        <ele>0</ele>
        <time>2012-06-27T13:25:33Z</time>
      </trkpt>
      <trkpt lat="48.710564011707902" lon="-3.835241971537471">
        <ele>0</ele>
        <time>2012-06-27T13:27:33Z</time>
      </trkpt>
      <trkpt lat="48.706413041800261" lon="-3.835800038650632">
        <ele>0</ele>
        <time>2012-06-27T13:30:53Z</time>
      </trkpt>
      <trkpt lat="48.705710973590612" lon="-3.841668963432312">
        <ele>0</ele>
        <time>2012-06-27T13:33:53Z</time>
      </trkpt>
      <trkpt lat="48.696648040786386" lon="-3.840230964124203">
        <ele>0</ele>
        <time>2012-06-27T13:37:53Z</time>
      </trkpt>
      <trkpt lat="48.695396035909653" lon="-3.850268041715026">
        <ele>0</ele>
        <time>2012-06-27T13:44:53Z</time>
      </trkpt>
      <trkpt lat="48.691802965477109" lon="-3.849013019353151">
        <ele>0</ele>
        <time>2012-06-27T13:47:13Z</time>
      </trkpt>
      <trkpt lat="48.688758993521333" lon="-3.854569969698787">
        <ele>0</ele>
        <time>2012-06-27T13:48:53Z</time>
      </trkpt>
      <trkpt lat="48.683643015101552" lon="-3.854387998580933">
        <ele>0</ele>
        <time>2012-06-27T13:51:33Z</time>
      </trkpt>
      <trkpt lat="48.683345960453153" lon="-3.849538983777165">
        <ele>0</ele>
        <time>2012-06-27T13:53:53Z</time>
      </trkpt>
      <trkpt lat="48.660308970138431" lon="-3.845820017158985">
        <ele>0</ele>
        <time>2012-06-27T14:02:33Z</time>
      </trkpt>
      <trkpt lat="48.657829016447067" lon="-3.851319970563054">
        <ele>0</ele>
        <time>2012-06-27T14:04:33Z</time>
      </trkpt>
      <trkpt lat="48.668940989300609" lon="-3.853809982538223">
        <ele>0</ele>
        <time>2012-06-27T14:09:53Z</time>
      </trkpt>
      <trkpt lat="48.671921007335186" lon="-3.8561200350523">
        <ele>0</ele>
        <time>2012-06-27T14:10:33Z</time>
      </trkpt>
      <trkpt lat="48.670489965006709" lon="-3.864400014281273">
        <ele>0</ele>
        <time>2012-06-27T14:14:33Z</time>
      </trkpt>
      <trkpt lat="48.661017995327711" lon="-3.856339976191521">
        <ele>0</ele>
        <time>2012-06-27T14:17:13Z</time>
      </trkpt>
      <trkpt lat="48.63108797930181" lon="-3.84769999422133">
        <ele>0</ele>
        <time>2012-06-27T14:33:13Z</time>
      </trkpt>
      <trkpt lat="48.628528984263539" lon="-3.843139987438917">
        <ele>0</ele>
        <time>2012-06-27T14:35:33Z</time>
      </trkpt>
      <trkpt lat="48.627189975231886" lon="-3.845490021631122">
        <ele>0</ele>
        <time>2012-06-27T14:35:53Z</time>
      </trkpt>
      <trkpt lat="48.622681014239788" lon="-3.837169976904988">
        <ele>0</ele>
        <time>2012-06-27T14:38:33Z</time>
      </trkpt>
      <trkpt lat="48.618777981027961" lon="-3.84290998801589">
        <ele>0</ele>
        <time>2012-06-27T14:42:33Z</time>
      </trkpt>
      <trkpt lat="48.605999015271664" lon="-3.832920016720891">
        <ele>0</ele>
        <time>2012-06-27T14:48:13Z</time>
      </trkpt>
      <trkpt lat="48.590469025075436" lon="-3.838542010635138">
        <ele>0</ele>
        <time>2012-06-27T14:57:13Z</time>
      </trkpt>
      <trkpt lat="48.581603989005089" lon="-3.831921983510256">
        <ele>0</ele>
        <time>2012-06-27T14:59:33Z</time>
      </trkpt>
      <trkpt lat="48.585850009694695" lon="-3.84247899055481">
        <ele>0</ele>
        <time>2012-06-27T15:04:33Z</time>
      </trkpt>
      <trkpt lat="48.588657025247812" lon="-3.83994203992188">
        <ele>0</ele>
        <time>2012-06-27T15:05:53Z</time>
      </trkpt>
      <trkpt lat="48.597030965611339" lon="-3.84230699390173">
        <ele>0</ele>
        <time>2012-06-27T15:08:33Z</time>
      </trkpt>
      <trkpt lat="48.601280003786087" lon="-3.849951960146427">
        <ele>0</ele>
        <time>2012-06-27T15:11:33Z</time>
      </trkpt>
      <trkpt lat="48.596203001216054" lon="-3.857445968315005">
        <ele>0</ele>
        <time>2012-06-27T15:13:33Z</time>
      </trkpt>
      <trkpt lat="48.596198977902532" lon="-3.86304097250104">
        <ele>0</ele>
        <time>2012-06-27T15:17:13Z</time>
      </trkpt>
      <trkpt lat="48.602427989244461" lon="-3.873780034482479">
        <ele>0</ele>
        <time>2012-06-27T15:21:13Z</time>
      </trkpt>
      <trkpt lat="48.596233008429408" lon="-3.875449039041996">
        <ele>0</ele>
        <time>2012-06-27T15:24:53Z</time>
      </trkpt>
      <trkpt lat="48.600388001650572" lon="-3.880281960591674">
        <ele>0</ele>
        <time>2012-06-27T15:27:33Z</time>
      </trkpt>
      <trkpt lat="48.610340002924204" lon="-3.873560009524226">
        <ele>0</ele>
        <time>2012-06-27T15:31:53Z</time>
      </trkpt>
      <trkpt lat="48.613467961549759" lon="-3.869214998558164">
        <ele>0</ele>
        <time>2012-06-27T15:32:53Z</time>
      </trkpt>
      <trkpt lat="48.609520001336932" lon="-3.860503016039729">
        <ele>0</ele>
        <time>2012-06-27T15:37:33Z</time>
      </trkpt>
      <trkpt lat="48.615158004686236" lon="-3.863840019330382">
        <ele>0</ele>
        <time>2012-06-27T15:42:13Z</time>
      </trkpt>
      <trkpt lat="48.624180033802986" lon="-3.857414033263922">
        <ele>0</ele>
        <time>2012-06-27T15:48:13Z</time>
      </trkpt>
      <trkpt lat="48.624354964122176" lon="-3.864665972068906">
        <ele>0</ele>
        <time>2012-06-27T15:49:53Z</time>
      </trkpt>
      <trkpt lat="48.628201000392437" lon="-3.86635098606348">
        <ele>0</ele>
        <time>2012-06-27T15:50:53Z</time>
      </trkpt>
      <trkpt lat="48.626797031611204" lon="-3.875190960243344">
        <ele>0</ele>
        <time>2012-06-27T15:54:13Z</time>
      </trkpt>
      <trkpt lat="48.63529996946454" lon="-3.876199973747134">
        <ele>0</ele>
        <time>2012-06-27T15:57:33Z</time>
      </trkpt>
      <trkpt lat="48.634632015600801" lon="-3.880008039996028">
        <ele>0</ele>
        <time>2012-06-27T15:59:13Z</time>
      </trkpt>
      <trkpt lat="48.638084018602967" lon="-3.882122039794922">
        <ele>0</ele>
        <time>2012-06-27T16:00:33Z</time>
      </trkpt>
      <trkpt lat="48.63592098467052" lon="-3.88446100987494">
        <ele>0</ele>
        <time>2012-06-27T16:01:13Z</time>
      </trkpt>
      <trkpt lat="48.644690969958901" lon="-3.895124970003963">
        <ele>0</ele>
        <time>2012-06-27T16:06:53Z</time>
      </trkpt>
      <trkpt lat="48.659244971349835" lon="-3.905865037813783">
        <ele>0</ele>
        <time>2012-06-27T16:11:33Z</time>
      </trkpt>
      <trkpt lat="48.666401021182537" lon="-3.902067029848695">
        <ele>0</ele>
        <time>2012-06-27T16:16:13Z</time>
      </trkpt>
      <trkpt lat="48.666935032233596" lon="-3.891397034749389">
        <ele>0</ele>
        <time>2012-06-27T16:19:33Z</time>
      </trkpt>
      <trkpt lat="48.670863965526223" lon="-3.890656996518374">
        <ele>0</ele>
        <time>2012-06-27T16:24:13Z</time>
      </trkpt>
      <trkpt lat="48.672275980934501" lon="-3.898273967206478">
        <ele>0</ele>
        <time>2012-06-27T16:30:53Z</time>
      </trkpt>
      <trkpt lat="48.66935002617538" lon="-3.909748960286379">
        <ele>0</ele>
        <time>2012-06-27T16:36:53Z</time>
      </trkpt>
      <trkpt lat="48.673408962786198" lon="-3.913386035710573">
        <ele>0</ele>
        <time>2012-06-27T16:39:53Z</time>
      </trkpt>
      <trkpt lat="48.675320036709309" lon="-3.922032974660397">
        <ele>0</ele>
        <time>2012-06-27T16:43:53Z</time>
      </trkpt>
      <trkpt lat="48.659798009321094" lon="-3.925573993474245">
        <ele>0</ele>
        <time>2012-06-27T16:51:33Z</time>
      </trkpt>
      <trkpt lat="48.652183972299099" lon="-3.946870984509587">
        <ele>0</ele>
        <time>2012-06-27T16:58:33Z</time>
      </trkpt>
      <trkpt lat="48.648242969065905" lon="-3.946227002888918">
        <ele>0</ele>
        <time>2012-06-27T17:00:13Z</time>
      </trkpt>
      <trkpt lat="48.646931033581495" lon="-3.950701011344791">
        <ele>0</ele>
        <time>2012-06-27T17:01:13Z</time>
      </trkpt>
      <trkpt lat="48.644855003803968" lon="-3.950776029378176">
        <ele>0</ele>
        <time>2012-06-27T17:02:33Z</time>
      </trkpt>
      <trkpt lat="48.647929988801479" lon="-3.957759998738766">
        <ele>0</ele>
        <time>2012-06-27T17:04:33Z</time>
      </trkpt>
      <trkpt lat="48.66483704186976" lon="-3.954182015731931">
        <ele>0</ele>
        <time>2012-06-27T17:13:13Z</time>
      </trkpt>
      <trkpt lat="48.666733028367162" lon="-3.958473969250917">
        <ele>0</ele>
        <time>2012-06-27T17:15:33Z</time>
      </trkpt>
      <trkpt lat="48.669688990339637" lon="-3.959477031603456">
        <ele>0</ele>
        <time>2012-06-27T17:17:53Z</time>
      </trkpt>
      <trkpt lat="48.670905958861113" lon="-3.9508300088346">
        <ele>0</ele>
        <time>2012-06-27T17:21:53Z</time>
      </trkpt>
      <trkpt lat="48.672771016135812" lon="-3.950331034138799">
        <ele>0</ele>
        <time>2012-06-27T17:24:13Z</time>
      </trkpt>
      <trkpt lat="48.673157002776861" lon="-3.953362014144659">
        <ele>0</ele>
        <time>2012-06-27T17:26:13Z</time>
      </trkpt>
      <trkpt lat="48.67667798884213" lon="-3.965303041040897">
        <ele>0</ele>
        <time>2012-06-27T17:37:53Z</time>
      </trkpt>
      <trkpt lat="48.673213999718428" lon="-3.968436028808355">
        <ele>0</ele>
        <time>2012-06-27T17:40:53Z</time>
      </trkpt>
      <trkpt lat="48.675404023379087" lon="-3.972073020413518">
        <ele>0</ele>
        <time>2012-06-27T17:43:13Z</time>
      </trkpt>
      <trkpt lat="48.680710019543767" lon="-3.970414996147156">
        <ele>0</ele>
        <time>2012-06-27T17:48:33Z</time>
      </trkpt>
      <trkpt lat="48.679439993575215" lon="-3.977180030196905">
        <ele>0</ele>
        <time>2012-06-27T17:52:33Z</time>
      </trkpt>
      <trkpt lat="48.683043960481882" lon="-3.986986018717289">
        <ele>0</ele>
        <time>2012-06-27T17:54:53Z</time>
      </trkpt>
      <trkpt lat="48.685737987980247" lon="-3.974191965535283">
        <ele>0</ele>
        <time>2012-06-27T18:00:13Z</time>
      </trkpt>
      <trkpt lat="48.693882012739778" lon="-3.969894982874394">
        <ele>0</ele>
        <time>2012-06-27T18:05:33Z</time>
      </trkpt>
      <trkpt lat="48.697444992139935" lon="-3.974749026820064">
        <ele>0</ele>
        <time>2012-06-27T18:07:13Z</time>
      </trkpt>
      <trkpt lat="48.714080974459648" lon="-3.975168038159609">
        <ele>0</ele>
        <time>2012-06-27T18:18:33Z</time>
      </trkpt>
      <trkpt lat="48.716613985598087" lon="-3.969186963513494">
        <ele>0</ele>
        <time>2012-06-27T18:22:33Z</time>
      </trkpt>
      <trkpt lat="48.718979023396969" lon="-3.972436962649226">
        <ele>0</ele>
        <time>2012-06-27T18:24:33Z</time>
      </trkpt>
      <trkpt lat="48.718876009806991" lon="-3.969170032069087">
        <ele>0</ele>
        <time>2012-06-27T18:25:53Z</time>
      </trkpt>
      <trkpt lat="48.722308985888958" lon="-3.967239009216428">
        <ele>0</ele>
        <time>2012-06-27T18:29:13Z</time>
      </trkpt>
      <trkpt lat="48.725826032459736" lon="-3.970431005582213">
        <ele>0</ele>
        <time>2012-06-27T18:34:33Z</time>
      </trkpt>
      <trkpt lat="48.722476959228516" lon="-3.980028033256531">
        <ele>0</ele>
        <time>2012-06-27T18:41:33Z</time>
      </trkpt>
      <trkpt lat="48.726287959143519" lon="-3.983020959421992">
        <ele>0</ele>
        <time>2012-06-27T18:43:53Z</time>
      </trkpt>
      <trkpt lat="48.727038977667689" lon="-3.988691987469792">
        <ele>0</ele>
        <time>2012-06-27T18:46:53Z</time>
      </trkpt>
      <trkpt lat="48.722988003864884" lon="-3.992956029251218">
        <ele>0</ele>
        <time>2012-06-27T18:50:13Z</time>
      </trkpt>
      <trkpt lat="48.718361025676131" lon="-3.990847980603576">
        <ele>0</ele>
        <time>2012-06-27T18:56:13Z</time>
      </trkpt>
      <trkpt lat="48.711502030491829" lon="-4.000771986320615">
        <ele>0</ele>
        <time>2012-06-27T18:59:13Z</time>
      </trkpt>
      <trkpt lat="48.719379007816315" lon="-4.010416958481073">
        <ele>0</ele>
        <time>2012-06-27T19:01:33Z</time>
      </trkpt>
      <trkpt lat="48.713679984211922" lon="-4.013089025393128">
        <ele>0</ele>
        <time>2012-06-27T19:04:13Z</time>
      </trkpt>
      <trkpt lat="48.711082013323903" lon="-4.021715009585023">
        <ele>0</ele>
        <time>2012-06-27T19:05:33Z</time>
      </trkpt>
      <trkpt lat="48.707649037241936" lon="-4.023904027417302">
        <ele>0</ele>
        <time>2012-06-27T19:07:33Z</time>
      </trkpt>
      <trkpt lat="48.711559027433395" lon="-4.035790991038084">
        <ele>0</ele>
        <time>2012-06-27T19:14:33Z</time>
      </trkpt>
      <trkpt lat="48.703786991536617" lon="-4.039810448884964">
        <ele>7.89453125</ele>
      </trkpt>
      <trkpt lat="48.700377987697721" lon="-4.04746999964118">
        <ele>0</ele>
        <time>2012-06-27T11:24:02Z</time>
      </trkpt>
      <trkpt lat="48.704848978668451" lon="-4.051259960979223">
        <ele>0</ele>
        <time>2012-06-27T11:26:42Z</time>
      </trkpt>
      <trkpt lat="48.701091958209872" lon="-4.05643000267446">
        <ele>0</ele>
        <time>2012-06-27T11:30:42Z</time>
      </trkpt>
      <trkpt lat="48.685329034924507" lon="-4.048169972375035">
        <ele>0</ele>
        <time>2012-06-27T11:35:42Z</time>
      </trkpt>
      <trkpt lat="48.68780898861587" lon="-4.069710038602352">
        <ele>0</ele>
        <time>2012-06-27T11:44:42Z</time>
      </trkpt>
      <trkpt lat="48.669121032580733" lon="-4.054650021716952">
        <ele>0</ele>
        <time>2012-06-27T12:00:02Z</time>
      </trkpt>
      <trkpt lat="48.675120966508985" lon="-4.05803999863565">
        <ele>0</ele>
        <time>2012-06-27T12:05:02Z</time>
      </trkpt>
      <trkpt lat="48.679520040750504" lon="-4.068609997630119">
        <ele>0</ele>
        <time>2012-06-27T12:10:02Z</time>
      </trkpt>
      <trkpt lat="48.685299027711153" lon="-4.070770014077425">
        <ele>0</ele>
        <time>2012-06-27T12:19:22Z</time>
      </trkpt>
      <trkpt lat="48.686722023412585" lon="-4.077760018408299">
        <ele>0</ele>
        <time>2012-06-27T12:25:22Z</time>
      </trkpt>
      <trkpt lat="48.69002197869122" lon="-4.077260037884116">
        <ele>0</ele>
        <time>2012-06-27T12:28:02Z</time>
      </trkpt>
      <trkpt lat="48.693481022492051" lon="-4.083860032260418">
        <ele>0</ele>
        <time>2012-06-27T12:32:22Z</time>
      </trkpt>
      <trkpt lat="48.690788000822067" lon="-4.084480041638017">
        <ele>0</ele>
        <time>2012-06-27T12:33:22Z</time>
      </trkpt>
      <trkpt lat="48.691841019317508" lon="-4.092019982635975">
        <ele>0</ele>
        <time>2012-06-27T12:36:02Z</time>
      </trkpt>
      <trkpt lat="48.686038982123137" lon="-4.095090022310615">
        <ele>0</ele>
        <time>2012-06-27T12:40:02Z</time>
      </trkpt>
      <trkpt lat="48.693400975316763" lon="-4.095869958400726">
        <ele>0</ele>
        <time>2012-06-27T12:45:22Z</time>
      </trkpt>
      <trkpt lat="48.693068968132138" lon="-4.1183499712497">
        <ele>0</ele>
        <time>2012-06-27T12:58:02Z</time>
      </trkpt>
      <trkpt lat="48.693550005555153" lon="-4.126840000972152">
        <ele>0</ele>
        <time>2012-06-27T12:59:42Z</time>
      </trkpt>
      <trkpt lat="48.696467997506261" lon="-4.12965003401041">
        <ele>0</ele>
        <time>2012-06-27T13:01:42Z</time>
      </trkpt>
      <trkpt lat="48.692637970671058" lon="-4.137370018288493">
        <ele>0</ele>
        <time>2012-06-27T13:04:42Z</time>
      </trkpt>
      <trkpt lat="48.69216900318861" lon="-4.149659983813763">
        <ele>0</ele>
        <time>2012-06-27T13:07:02Z</time>
      </trkpt>
      <trkpt lat="48.683158960193396" lon="-4.180860025808215">
        <ele>0</ele>
        <time>2012-06-27T13:16:42Z</time>
      </trkpt>
      <trkpt lat="48.686031019315124" lon="-4.186879992485046">
        <ele>0</ele>
        <time>2012-06-27T13:21:02Z</time>
      </trkpt>
      <trkpt lat="48.681807965040207" lon="-4.18894998729229">
        <ele>0</ele>
        <time>2012-06-27T13:23:42Z</time>
      </trkpt>
      <trkpt lat="48.683047983795404" lon="-4.192339964210987">
        <ele>0</ele>
        <time>2012-06-27T13:25:02Z</time>
      </trkpt>
      <trkpt lat="48.679419960826635" lon="-4.192959973588586">
        <ele>0</ele>
        <time>2012-06-27T13:27:22Z</time>
      </trkpt>
      <trkpt lat="48.669169982895255" lon="-4.21168003231287">
        <ele>0</ele>
        <time>2012-06-27T13:36:22Z</time>
      </trkpt>
      <trkpt lat="48.662060033529997" lon="-4.215439986437559">
        <ele>0</ele>
        <time>2012-06-27T13:40:42Z</time>
      </trkpt>
      <trkpt lat="48.658661004155874" lon="-4.221939984709024">
        <ele>0</ele>
        <time>2012-06-27T13:42:02Z</time>
      </trkpt>
      <trkpt lat="48.65644097328186" lon="-4.220350021496415">
        <ele>0</ele>
        <time>2012-06-27T13:43:02Z</time>
      </trkpt>
      <trkpt lat="48.656792007386684" lon="-4.202650040388107">
        <ele>0</ele>
        <time>2012-06-27T13:50:02Z</time>
      </trkpt>
      <trkpt lat="48.651730008423328" lon="-4.194480031728745">
        <ele>0</ele>
        <time>2012-06-27T13:53:42Z</time>
      </trkpt>
      <trkpt lat="48.648128975182772" lon="-4.221330033615232">
        <ele>0</ele>
        <time>2012-06-27T14:00:22Z</time>
      </trkpt>
      <trkpt lat="48.651112010702491" lon="-4.235569965094328">
        <ele>0</ele>
        <time>2012-06-27T14:05:22Z</time>
      </trkpt>
      <trkpt lat="48.649569991976023" lon="-4.267250038683415">
        <ele>0</ele>
        <time>2012-06-27T14:09:22Z</time>
      </trkpt>
      <trkpt lat="48.641579020768404" lon="-4.279830018058419">
        <ele>0</ele>
        <time>2012-06-27T14:12:42Z</time>
      </trkpt>
      <trkpt lat="48.638568995520473" lon="-4.279279997572303">
        <ele>0</ele>
        <time>2012-06-27T14:16:22Z</time>
      </trkpt>
      <trkpt lat="48.636870989575982" lon="-4.293090021237731">
        <ele>0</ele>
        <time>2012-06-27T14:20:42Z</time>
      </trkpt>
      <trkpt lat="48.632530001923442" lon="-4.296479998156428">
        <ele>0</ele>
        <time>2012-06-27T14:21:02Z</time>
      </trkpt>
      <trkpt lat="48.632770981639624" lon="-4.302749997004867">
        <ele>0</ele>
        <time>2012-06-27T14:23:22Z</time>
      </trkpt>
      <trkpt lat="48.635670030489564" lon="-4.312999974936247">
        <ele>0</ele>
        <time>2012-06-27T14:24:22Z</time>
      </trkpt>
      <trkpt lat="48.645640974864364" lon="-4.328559972345829">
        <ele>0</ele>
        <time>2012-06-27T14:28:02Z</time>
      </trkpt>
      <trkpt lat="48.650211039930582" lon="-4.324229964986444">
        <ele>0</ele>
        <time>2012-06-27T14:30:02Z</time>
      </trkpt>
      <trkpt lat="48.651019977405667" lon="-4.305460033938289">
        <ele>0</ele>
        <time>2012-06-27T14:37:42Z</time>
      </trkpt>
      <trkpt lat="48.654209040105343" lon="-4.299379969015718">
        <ele>0</ele>
        <time>2012-06-27T14:41:02Z</time>
      </trkpt>
      <trkpt lat="48.65921001881361" lon="-4.300450002774596">
        <ele>0</ele>
        <time>2012-06-27T14:42:22Z</time>
      </trkpt>
      <trkpt lat="48.661578996106982" lon="-4.294470017775893">
        <ele>0</ele>
        <time>2012-06-27T14:44:02Z</time>
      </trkpt>
      <trkpt lat="48.664439991116524" lon="-4.296830026432872">
        <ele>0</ele>
        <time>2012-06-27T14:46:22Z</time>
      </trkpt>
      <trkpt lat="48.668530024588108" lon="-4.312980026006699">
        <ele>0</ele>
        <time>2012-06-27T14:53:22Z</time>
      </trkpt>
      <trkpt lat="48.672507992014289" lon="-4.31289997883141">
        <ele>0</ele>
        <time>2012-06-27T14:57:22Z</time>
      </trkpt>
      <trkpt lat="48.664348963648081" lon="-4.326600031927228">
        <ele>0</ele>
        <time>2012-06-27T15:08:02Z</time>
      </trkpt>
      <trkpt lat="48.676220001652837" lon="-4.330740021541715">
        <ele>0</ele>
        <time>2012-06-27T15:18:22Z</time>
      </trkpt>
      <trkpt lat="48.677071016281843" lon="-4.34574999846518">
        <ele>0</ele>
        <time>2012-06-27T15:23:22Z</time>
      </trkpt>
      <trkpt lat="48.668259037658572" lon="-4.372639982029796">
        <ele>0</ele>
        <time>2012-06-27T15:36:42Z</time>
      </trkpt>
      <trkpt lat="48.659320995211601" lon="-4.379590004682541">
        <ele>0</ele>
        <time>2012-06-27T15:42:22Z</time>
      </trkpt>
      <trkpt lat="48.660019040107727" lon="-4.383309977129102">
        <ele>0</ele>
        <time>2012-06-27T15:43:22Z</time>
      </trkpt>
      <trkpt lat="48.65179798565805" lon="-4.427039958536625">
        <ele>0</ele>
        <time>2012-06-27T15:52:42Z</time>
      </trkpt>
      <trkpt lat="48.655189974233508" lon="-4.435069989413023">
        <ele>0</ele>
        <time>2012-06-27T16:00:02Z</time>
      </trkpt>
      <trkpt lat="48.647639974951744" lon="-4.432809976860881">
        <ele>0</ele>
        <time>2012-06-27T16:06:22Z</time>
      </trkpt>
      <trkpt lat="48.646171968430281" lon="-4.42328997887671">
        <ele>0</ele>
        <time>2012-06-27T16:10:42Z</time>
      </trkpt>
      <trkpt lat="48.64197900518775" lon="-4.41763998940587">
        <ele>0</ele>
        <time>2012-06-27T16:14:22Z</time>
      </trkpt>
      <trkpt lat="48.637421010062099" lon="-4.396929983049631">
        <ele>0</ele>
        <time>2012-06-27T16:23:42Z</time>
      </trkpt>
      <trkpt lat="48.636809969320893" lon="-4.410199960693717">
        <ele>0</ele>
        <time>2012-06-27T16:28:22Z</time>
      </trkpt>
      <trkpt lat="48.641890995204449" lon="-4.433369971811771">
        <ele>0</ele>
        <time>2012-06-27T16:39:22Z</time>
      </trkpt>
      <trkpt lat="48.63721095956862" lon="-4.430590029805899">
        <ele>0</ele>
        <time>2012-06-27T16:44:02Z</time>
      </trkpt>
      <trkpt lat="48.635078016668558" lon="-4.434270020574331">
        <ele>0</ele>
        <time>2012-06-27T16:46:22Z</time>
      </trkpt>
      <trkpt lat="48.638148978352547" lon="-4.441160028800368">
        <ele>0</ele>
        <time>2012-06-27T16:46:42Z</time>
      </trkpt>
      <trkpt lat="48.641540966928005" lon="-4.440270038321614">
        <ele>0</ele>
        <time>2012-06-27T16:48:42Z</time>
      </trkpt>
      <trkpt lat="48.639499973505735" lon="-4.443339994177222">
        <ele>0</ele>
        <time>2012-06-27T16:50:02Z</time>
      </trkpt>
      <trkpt lat="48.639041986316442" lon="-4.446889981627464">
        <ele>0</ele>
        <time>2012-06-27T16:50:42Z</time>
      </trkpt>
      <trkpt lat="48.63003202714026" lon="-4.456880036741495">
        <ele>0</ele>
        <time>2012-06-27T16:57:02Z</time>
      </trkpt>
      <trkpt lat="48.626621011644602" lon="-4.468640014529228">
        <ele>0</ele>
        <time>2012-06-27T17:01:02Z</time>
      </trkpt>
      <trkpt lat="48.623408982530236" lon="-4.478299990296364">
        <ele>0</ele>
        <time>2012-06-27T17:03:22Z</time>
      </trkpt>
      <trkpt lat="48.624259997159243" lon="-4.496689969673753">
        <ele>0</ele>
        <time>2012-06-27T17:12:22Z</time>
      </trkpt>
      <trkpt lat="48.622292010113597" lon="-4.496250003576279">
        <ele>0</ele>
        <time>2012-06-27T17:14:02Z</time>
      </trkpt>
      <trkpt lat="48.620701041072607" lon="-4.50052997097373">
        <ele>0</ele>
        <time>2012-06-27T17:15:42Z</time>
      </trkpt>
      <trkpt lat="48.621861012652516" lon="-4.510490018874407">
        <ele>0</ele>
        <time>2012-06-27T17:18:02Z</time>
      </trkpt>
      <trkpt lat="48.624722007662058" lon="-4.510759999975562">
        <ele>0</ele>
        <time>2012-06-27T17:20:02Z</time>
      </trkpt>
      <trkpt lat="48.625838980078697" lon="-4.513910003006458">
        <ele>0</ele>
        <time>2012-06-27T17:20:42Z</time>
      </trkpt>
      <trkpt lat="48.632499994710088" lon="-4.511289987713099">
        <ele>0</ele>
        <time>2012-06-27T17:23:22Z</time>
      </trkpt>
      <trkpt lat="48.634578958153725" lon="-4.521179962903261">
        <ele>0</ele>
        <time>2012-06-27T17:27:42Z</time>
      </trkpt>
      <trkpt lat="48.62919601611793" lon="-4.529998982325196">
        <ele>0</ele>
        <time>2012-06-27T17:31:02Z</time>
      </trkpt>
      <trkpt lat="48.632480967789888" lon="-4.54064198769629">
        <ele>0</ele>
        <time>2012-06-27T17:37:02Z</time>
      </trkpt>
      <trkpt lat="48.636592961847782" lon="-4.538452969864011">
        <ele>0</ele>
        <time>2012-06-27T17:39:22Z</time>
      </trkpt>
      <trkpt lat="48.636779962107539" lon="-4.542138995602727">
        <ele>0</ele>
        <time>2012-06-27T17:40:42Z</time>
      </trkpt>
      <trkpt lat="48.633117992430925" lon="-4.547759983688593">
        <ele>0</ele>
        <time>2012-06-27T17:43:02Z</time>
      </trkpt>
      <trkpt lat="48.624454038217664" lon="-4.540894031524658">
        <ele>0</ele>
        <time>2012-06-27T17:47:22Z</time>
      </trkpt>
      <trkpt lat="48.623184012249112" lon="-4.559207987040281">
        <ele>0</ele>
        <time>2012-06-27T17:53:22Z</time>
      </trkpt>
      <trkpt lat="48.625748036429286" lon="-4.565317975357175">
        <ele>0</ele>
        <time>2012-06-27T17:55:22Z</time>
      </trkpt>
      <trkpt lat="48.620525021106005" lon="-4.562421021983028">
        <ele>0</ele>
        <time>2012-06-27T17:57:42Z</time>
      </trkpt>
      <trkpt lat="48.619998972862959" lon="-4.569111037999392">
        <ele>0</ele>
        <time>2012-06-27T17:59:42Z</time>
      </trkpt>
      <trkpt lat="48.616703040897846" lon="-4.569266019389033">
        <ele>0</ele>
        <time>2012-06-27T18:01:02Z</time>
      </trkpt>
      <trkpt lat="48.615318015217781" lon="-4.563934039324522">
        <ele>0</ele>
        <time>2012-06-27T18:02:42Z</time>
      </trkpt>
      <trkpt lat="48.609051033854485" lon="-4.567759037017822">
        <ele>0</ele>
        <time>2012-06-27T18:06:42Z</time>
      </trkpt>
      <trkpt lat="48.612205982208252" lon="-4.552658032625914">
        <ele>0</ele>
        <time>2012-06-27T18:11:42Z</time>
      </trkpt>
      <trkpt lat="48.60996600240469" lon="-4.550083028152585">
        <ele>0</ele>
        <time>2012-06-27T18:12:22Z</time>
      </trkpt>
      <trkpt lat="48.609867012128234" lon="-4.554975964128971">
        <ele>0</ele>
        <time>2012-06-27T18:13:42Z</time>
      </trkpt>
      <trkpt lat="48.604904003441334" lon="-4.554654015228152">
        <ele>0</ele>
        <time>2012-06-27T18:15:42Z</time>
      </trkpt>
      <trkpt lat="48.604519022628665" lon="-4.54581898637116">
        <ele>0</ele>
        <time>2012-06-27T18:17:42Z</time>
      </trkpt>
      <trkpt lat="48.593952041119337" lon="-4.516506968066096">
        <ele>0</ele>
        <time>2012-06-27T18:25:42Z</time>
      </trkpt>
      <trkpt lat="48.593463962897658" lon="-4.520562971010804">
        <ele>0</ele>
        <time>2012-06-27T18:26:42Z</time>
      </trkpt>
      <trkpt lat="48.586529027670622" lon="-4.515080032870174">
        <ele>0</ele>
        <time>2012-06-27T18:30:42Z</time>
      </trkpt>
      <trkpt lat="48.583919992670417" lon="-4.521748004481196">
        <ele>0</ele>
        <time>2012-06-27T18:32:42Z</time>
      </trkpt>
      <trkpt lat="48.591353986412287" lon="-4.522644029930234">
        <ele>0</ele>
        <time>2012-06-27T18:35:22Z</time>
      </trkpt>
      <trkpt lat="48.589794030413032" lon="-4.530954016372562">
        <ele>0</ele>
        <time>2012-06-27T18:38:42Z</time>
      </trkpt>
      <trkpt lat="48.592517981305718" lon="-4.538839040324092">
        <ele>0</ele>
        <time>2012-06-27T18:43:02Z</time>
      </trkpt>
      <trkpt lat="48.597687017172575" lon="-4.542117035016418">
        <ele>0</ele>
        <time>2012-06-27T18:45:22Z</time>
      </trkpt>
      <trkpt lat="48.594214981421828" lon="-4.55682098865509">
        <ele>0</ele>
        <time>2012-06-27T18:50:42Z</time>
      </trkpt>
      <trkpt lat="48.598182974383235" lon="-4.564223969355226">
        <ele>0</ele>
        <time>2012-06-27T18:52:22Z</time>
      </trkpt>
      <trkpt lat="48.593189036473632" lon="-4.595831036567688">
        <ele>0</ele>
        <time>2012-06-27T19:02:22Z</time>
      </trkpt>
      <trkpt lat="48.598049031570554" lon="-4.594307960942388">
        <ele>0</ele>
        <time>2012-06-27T19:04:02Z</time>
      </trkpt>
      <trkpt lat="48.602179968729615" lon="-4.585977019742131">
        <ele>0</ele>
        <time>2012-06-27T19:07:02Z</time>
      </trkpt>
      <trkpt lat="48.60829196870327" lon="-4.598159026354551">
        <ele>0</ele>
        <time>2012-06-27T19:15:42Z</time>
      </trkpt>
      <trkpt lat="48.597522983327508" lon="-4.606930017471314">
        <ele>0</ele>
        <time>2012-06-27T19:26:02Z</time>
      </trkpt>
      <trkpt lat="48.587704002857208" lon="-4.60804003290832">
        <ele>0</ele>
        <time>2012-06-27T19:33:02Z</time>
      </trkpt>
      <trkpt lat="48.588337004184723" lon="-4.604833032935858">
        <ele>0</ele>
        <time>2012-06-27T19:34:22Z</time>
      </trkpt>
      <trkpt lat="48.582748034968972" lon="-4.603609023615718">
        <ele>0</ele>
        <time>2012-06-27T19:35:42Z</time>
      </trkpt>
      <trkpt lat="48.578723631799221" lon="-4.609935013577342">
        <ele>4.2421875</ele>
      </trkpt>
      <trkpt lat="48.577942019328475" lon="-4.611679958179593">
        <ele>0</ele>
        <time>2012-06-27T17:03:55Z</time>
      </trkpt>
      <trkpt lat="48.574120039120317" lon="-4.599240040406585">
        <ele>0</ele>
        <time>2012-06-27T17:09:15Z</time>
      </trkpt>
      <trkpt lat="48.57574101537466" lon="-4.589969990774989">
        <ele>0</ele>
        <time>2012-06-27T17:11:15Z</time>
      </trkpt>
      <trkpt lat="48.562648985534906" lon="-4.587209997698665">
        <ele>0</ele>
        <time>2012-06-27T17:17:35Z</time>
      </trkpt>
      <trkpt lat="48.561321040615439" lon="-4.565760036930442">
        <ele>0</ele>
        <time>2012-06-27T17:22:15Z</time>
      </trkpt>
      <trkpt lat="48.565780967473984" lon="-4.566430002450943">
        <ele>0</ele>
        <time>2012-06-27T17:24:15Z</time>
      </trkpt>
      <trkpt lat="48.563881041482091" lon="-4.550300035625696">
        <ele>0</ele>
        <time>2012-06-27T17:29:35Z</time>
      </trkpt>
      <trkpt lat="48.56695200316608" lon="-4.541949983686209">
        <ele>0</ele>
        <time>2012-06-27T17:31:55Z</time>
      </trkpt>
      <trkpt lat="48.562382021918893" lon="-4.541129982098937">
        <ele>0</ele>
        <time>2012-06-27T17:34:15Z</time>
      </trkpt>
      <trkpt lat="48.565430017188191" lon="-4.537249999120832">
        <ele>0</ele>
        <time>2012-06-27T17:37:15Z</time>
      </trkpt>
      <trkpt lat="48.553340965881944" lon="-4.535489967092872">
        <ele>0</ele>
        <time>2012-06-27T17:40:15Z</time>
      </trkpt>
      <trkpt lat="48.559501999989152" lon="-4.554979987442493">
        <ele>0</ele>
        <time>2012-06-27T17:48:55Z</time>
      </trkpt>
      <trkpt lat="48.559681037440896" lon="-4.585079988464713">
        <ele>0</ele>
        <time>2012-06-27T17:55:35Z</time>
      </trkpt>
      <trkpt lat="48.555161012336612" lon="-4.579490013420582">
        <ele>0</ele>
        <time>2012-06-27T17:58:35Z</time>
      </trkpt>
      <trkpt lat="48.55326795950532" lon="-4.595500035211444">
        <ele>0</ele>
        <time>2012-06-27T18:01:35Z</time>
      </trkpt>
      <trkpt lat="48.56211899779737" lon="-4.599550003185868">
        <ele>0</ele>
        <time>2012-06-27T18:04:35Z</time>
      </trkpt>
      <trkpt lat="48.56473901309073" lon="-4.595860037952662">
        <ele>0</ele>
        <time>2012-06-27T18:06:35Z</time>
      </trkpt>
      <trkpt lat="48.572231009602547" lon="-4.601429980248213">
        <ele>0</ele>
        <time>2012-06-27T18:08:55Z</time>
      </trkpt>
      <trkpt lat="48.571831025183201" lon="-4.615319967269898">
        <ele>0</ele>
        <time>2012-06-27T18:12:55Z</time>
      </trkpt>
      <trkpt lat="48.5748599935323" lon="-4.615249978378415">
        <ele>0</ele>
        <time>2012-06-27T18:14:35Z</time>
      </trkpt>
      <trkpt lat="48.574569979682565" lon="-4.618109967559576">
        <ele>0</ele>
        <time>2012-06-27T18:15:35Z</time>
      </trkpt>
      <trkpt lat="48.575290990993381" lon="-4.626139998435974">
        <ele>0</ele>
        <time>2012-06-27T18:17:15Z</time>
      </trkpt>
      <trkpt lat="48.578602010384202" lon="-4.626019969582558">
        <ele>0</ele>
        <time>2012-06-27T18:19:35Z</time>
      </trkpt>
      <trkpt lat="48.570270985364914" lon="-4.651800021529198">
        <ele>0</ele>
        <time>2012-06-27T18:31:15Z</time>
      </trkpt>
      <trkpt lat="48.571388041600585" lon="-4.669750034809113">
        <ele>0</ele>
        <time>2012-06-27T18:40:55Z</time>
      </trkpt>
      <trkpt lat="48.565979031845927" lon="-4.680469986051321">
        <ele>0</ele>
        <time>2012-06-27T18:48:15Z</time>
      </trkpt>
      <trkpt lat="48.571819039061666" lon="-4.685110040009022">
        <ele>0</ele>
        <time>2012-06-27T18:53:15Z</time>
      </trkpt>
      <trkpt lat="48.569099027663469" lon="-4.704899964854121">
        <ele>0</ele>
        <time>2012-06-27T19:03:35Z</time>
      </trkpt>
      <trkpt lat="48.566872039809823" lon="-4.701019981876016">
        <ele>0</ele>
        <time>2012-06-27T19:05:15Z</time>
      </trkpt>
      <trkpt lat="48.557559996843338" lon="-4.703530026599765">
        <ele>0</ele>
        <time>2012-06-27T19:10:55Z</time>
      </trkpt>
      <trkpt lat="48.557419013231993" lon="-4.700480019673705">
        <ele>0</ele>
        <time>2012-06-27T19:11:55Z</time>
      </trkpt>
      <trkpt lat="48.550030030310154" lon="-4.704020032659173">
        <ele>0</ele>
        <time>2012-06-27T19:18:35Z</time>
      </trkpt>
      <trkpt lat="48.552101030945778" lon="-4.709140034392476">
        <ele>0</ele>
        <time>2012-06-27T19:20:15Z</time>
      </trkpt>
      <trkpt lat="48.555119019001722" lon="-4.708529999479652">
        <ele>0</ele>
        <time>2012-06-27T19:22:55Z</time>
      </trkpt>
      <trkpt lat="48.555149026215076" lon="-4.711740016937256">
        <ele>0</ele>
        <time>2012-06-27T19:24:35Z</time>
      </trkpt>
      <trkpt lat="48.553379019722342" lon="-4.712379975244403">
        <ele>0</ele>
        <time>2012-06-27T19:26:15Z</time>
      </trkpt>
      <trkpt lat="48.556141024455428" lon="-4.719529990106821">
        <ele>0</ele>
        <time>2012-06-27T19:28:55Z</time>
      </trkpt>
      <trkpt lat="48.558689039200544" lon="-4.717290010303259">
        <ele>0</ele>
        <time>2012-06-27T19:30:35Z</time>
      </trkpt>
      <trkpt lat="48.55883002281189" lon="-4.722280008718371">
        <ele>0</ele>
        <time>2012-06-27T19:32:35Z</time>
      </trkpt>
      <trkpt lat="48.556018983945251" lon="-4.730359995737672">
        <ele>0</ele>
        <time>2012-06-27T19:37:15Z</time>
      </trkpt>
      <trkpt lat="48.549839006736875" lon="-4.734899969771504">
        <ele>0</ele>
        <time>2012-06-27T19:40:35Z</time>
      </trkpt>
      <trkpt lat="48.543098028749228" lon="-4.75126001983881">
        <ele>0</ele>
        <time>2012-06-27T19:45:55Z</time>
      </trkpt>
      <trkpt lat="48.531219027936459" lon="-4.750329963862896">
        <ele>0</ele>
        <time>2012-06-27T19:53:35Z</time>
      </trkpt>
      <trkpt lat="48.528660032898188" lon="-4.746200032532215">
        <ele>0</ele>
        <time>2012-06-27T19:56:35Z</time>
      </trkpt>
      <trkpt lat="48.527759984135628" lon="-4.749669972807169">
        <ele>0</ele>
        <time>2012-06-27T19:57:35Z</time>
      </trkpt>
      <trkpt lat="48.532398026436567" lon="-4.755560019984841">
        <ele>0</ele>
        <time>2012-06-27T20:02:15Z</time>
      </trkpt>
      <trkpt lat="48.529678015038371" lon="-4.756749998778105">
        <ele>0</ele>
        <time>2012-06-27T20:03:35Z</time>
      </trkpt>
      <trkpt lat="48.530800016596913" lon="-4.764220034703612">
        <ele>0</ele>
        <time>2012-06-27T20:05:35Z</time>
      </trkpt>
      <trkpt lat="48.523109033703804" lon="-4.758589994162321">
        <ele>0</ele>
        <time>2012-06-27T20:11:15Z</time>
      </trkpt>
      <trkpt lat="48.509440999478102" lon="-4.766509970650077">
        <ele>0</ele>
        <time>2012-06-27T20:20:35Z</time>
      </trkpt>
      <trkpt lat="48.503780029714108" lon="-4.777910029515624">
        <ele>0</ele>
        <time>2012-06-27T20:26:35Z</time>
      </trkpt>
      <trkpt lat="48.497329987585545" lon="-4.779039993882179">
        <ele>0</ele>
        <time>2012-06-27T20:30:55Z</time>
      </trkpt>
      <trkpt lat="48.481041016057134" lon="-4.766720021143556">
        <ele>0</ele>
        <time>2012-06-27T20:42:55Z</time>
      </trkpt>
      <trkpt lat="48.472427017986774" lon="-4.763372959569097">
        <ele>0</ele>
        <time>2012-06-27T20:50:55Z</time>
      </trkpt>
      <trkpt lat="48.470466993749142" lon="-4.756941022351384">
        <ele>0</ele>
        <time>2012-06-27T20:53:15Z</time>
      </trkpt>
      <trkpt lat="48.475787993520498" lon="-4.755444014444947">
        <ele>0</ele>
        <time>2012-06-27T20:57:35Z</time>
      </trkpt>
      <trkpt lat="48.473079968243837" lon="-4.743287991732359">
        <ele>0</ele>
        <time>2012-06-27T21:01:15Z</time>
      </trkpt>
      <trkpt lat="48.475886983796954" lon="-4.718133984133601">
        <ele>0</ele>
        <time>2012-06-27T21:17:55Z</time>
      </trkpt>
      <trkpt lat="48.470440004020929" lon="-4.719024980440736">
        <ele>0</ele>
        <time>2012-06-27T21:26:55Z</time>
      </trkpt>
      <trkpt lat="48.474387964233756" lon="-4.719512974843383">
        <ele>0</ele>
        <time>2012-06-27T21:29:35Z</time>
      </trkpt>
      <trkpt lat="48.470154013484716" lon="-4.753132034093142">
        <ele>0</ele>
        <time>2012-06-27T21:50:35Z</time>
      </trkpt>
      <trkpt lat="48.464558003470302" lon="-4.753228006884456">
        <ele>0</ele>
        <time>2012-06-27T21:51:55Z</time>
      </trkpt>
      <trkpt lat="48.465529968962073" lon="-4.755347035825253">
        <ele>0</ele>
        <time>2012-06-27T21:52:55Z</time>
      </trkpt>
      <trkpt lat="48.459693985059857" lon="-4.759477972984314">
        <ele>0</ele>
        <time>2012-06-27T21:58:15Z</time>
      </trkpt>
      <trkpt lat="48.466033972799778" lon="-4.758871961385012">
        <ele>0</ele>
        <time>2012-06-27T22:02:15Z</time>
      </trkpt>
      <trkpt lat="48.469298975542188" lon="-4.761505974456668">
        <ele>0</ele>
        <time>2012-06-27T22:03:55Z</time>
      </trkpt>
      <trkpt lat="48.462424976751208" lon="-4.766783975064755">
        <ele>0</ele>
        <time>2012-06-27T22:11:15Z</time>
      </trkpt>
      <trkpt lat="48.462128005921841" lon="-4.770066998898983">
        <ele>0</ele>
        <time>2012-06-27T22:12:15Z</time>
      </trkpt>
      <trkpt lat="48.457232974469662" lon="-4.770255004987121">
        <ele>0</ele>
        <time>2012-06-27T22:16:15Z</time>
      </trkpt>
      <trkpt lat="48.450892986729741" lon="-4.779223976656795">
        <ele>0</ele>
        <time>2012-06-27T22:19:35Z</time>
      </trkpt>
      <trkpt lat="48.445270992815495" lon="-4.774327017366886">
        <ele>0</ele>
        <time>2012-06-27T22:23:55Z</time>
      </trkpt>
      <trkpt lat="48.435904970392585" lon="-4.785329019650817">
        <ele>0</ele>
        <time>2012-06-27T22:30:15Z</time>
      </trkpt>
      <trkpt lat="48.430396970361471" lon="-4.783751964569092">
        <ele>0</ele>
        <time>2012-06-27T22:32:15Z</time>
      </trkpt>
      <trkpt lat="48.414715016260743" lon="-4.795125033706427">
        <ele>0</ele>
        <time>2012-06-27T22:40:55Z</time>
      </trkpt>
      <trkpt lat="48.407581010833383" lon="-4.7833819873631">
        <ele>0</ele>
        <time>2012-06-27T22:52:55Z</time>
      </trkpt>
      <trkpt lat="48.405193006619811" lon="-4.784685038030148">
        <ele>0</ele>
        <time>2012-06-27T22:54:55Z</time>
      </trkpt>
      <trkpt lat="48.406105041503906" lon="-4.77947099134326">
        <ele>0</ele>
        <time>2012-06-27T22:58:55Z</time>
      </trkpt>
      <trkpt lat="48.408100018277764" lon="-4.776665987446904">
        <ele>0</ele>
        <time>2012-06-27T22:59:55Z</time>
      </trkpt>
      <trkpt lat="48.404488004744053" lon="-4.770925976336002">
        <ele>0</ele>
        <time>2012-06-27T23:02:55Z</time>
      </trkpt>
      <trkpt lat="48.391395974904299" lon="-4.776381002739072">
        <ele>0</ele>
        <time>2012-06-27T23:13:15Z</time>
      </trkpt>
      <trkpt lat="48.38662700727582" lon="-4.771323027089238">
        <ele>0</ele>
        <time>2012-06-27T23:16:15Z</time>
      </trkpt>
      <trkpt lat="48.382946010679007" lon="-4.761527013033629">
        <ele>0</ele>
        <time>2012-06-27T23:19:55Z</time>
      </trkpt>
      <trkpt lat="48.380942987278104" lon="-4.765560971572995">
        <ele>0</ele>
        <time>2012-06-27T23:21:35Z</time>
      </trkpt>
      <trkpt lat="48.378768973052502" lon="-4.7607980389148">
        <ele>0</ele>
        <time>2012-06-27T23:25:35Z</time>
      </trkpt>
      <trkpt lat="48.372065965086222" lon="-4.760180963203311">
        <ele>0</ele>
        <time>2012-06-27T23:30:35Z</time>
      </trkpt>
      <trkpt lat="48.364459974691272" lon="-4.769885027781129">
        <ele>0</ele>
        <time>2012-06-27T23:36:35Z</time>
      </trkpt>
      <trkpt lat="48.36653902195394" lon="-4.784122025594115">
        <ele>0</ele>
        <time>2012-06-27T23:42:35Z</time>
      </trkpt>
      <trkpt lat="48.361873989924788" lon="-4.786177016794682">
        <ele>0</ele>
        <time>2012-06-27T23:47:15Z</time>
      </trkpt>
      <trkpt lat="48.364287978038192" lon="-4.765415964648128">
        <ele>0</ele>
        <time>2012-06-27T23:53:55Z</time>
      </trkpt>
      <trkpt lat="48.361628986895084" lon="-4.767175996676087">
        <ele>0</ele>
        <time>2012-06-27T23:54:55Z</time>
      </trkpt>
      <trkpt lat="48.360721981152892" lon="-4.776971004903317">
        <ele>0</ele>
        <time>2012-06-27T23:58:15Z</time>
      </trkpt>
      <trkpt lat="48.353771036490798" lon="-4.779712976887822">
        <ele>0</ele>
        <time>2012-06-28T00:00:35Z</time>
      </trkpt>
      <trkpt lat="48.347735982388258" lon="-4.769858038052917">
        <ele>0</ele>
        <time>2012-06-28T00:07:55Z</time>
      </trkpt>
      <trkpt lat="48.331096982583404" lon="-4.773457981646061">
        <ele>0</ele>
        <time>2012-06-28T00:14:35Z</time>
      </trkpt>
      <trkpt lat="48.330001970753074" lon="-4.746581995859742">
        <ele>0</ele>
        <time>2012-06-28T00:27:35Z</time>
      </trkpt>
      <trkpt lat="48.333736024796963" lon="-4.738234961405397">
        <ele>0</ele>
        <time>2012-06-28T00:32:15Z</time>
      </trkpt>
      <trkpt lat="48.330086041241884" lon="-4.716438995674253">
        <ele>0</ele>
        <time>2012-06-28T00:44:55Z</time>
      </trkpt>
      <trkpt lat="48.332133991643786" lon="-4.708350040018559">
        <ele>0</ele>
        <time>2012-06-28T00:49:35Z</time>
      </trkpt>
      <trkpt lat="48.334438009187579" lon="-4.709330974146724">
        <ele>0</ele>
        <time>2012-06-28T00:52:15Z</time>
      </trkpt>
      <trkpt lat="48.33826401270926" lon="-4.698393009603024">
        <ele>0</ele>
        <time>2012-06-28T00:56:15Z</time>
      </trkpt>
      <trkpt lat="48.339061969891191" lon="-4.702610028907657">
        <ele>0</ele>
        <time>2012-06-28T00:58:35Z</time>
      </trkpt>
      <trkpt lat="48.347641015425324" lon="-4.704095972701907">
        <ele>0</ele>
        <time>2012-06-28T01:03:35Z</time>
      </trkpt>
      <trkpt lat="48.35255398415029" lon="-4.699637973681092">
        <ele>0</ele>
        <time>2012-06-28T01:04:55Z</time>
      </trkpt>
      <trkpt lat="48.356101959943771" lon="-4.680239986628294">
        <ele>0</ele>
        <time>2012-06-28T01:14:15Z</time>
      </trkpt>
      <trkpt lat="48.353950995951891" lon="-4.662704039365053">
        <ele>0</ele>
        <time>2012-06-28T01:18:55Z</time>
      </trkpt>
      <trkpt lat="48.351718978956342" lon="-4.662638995796442">
        <ele>0</ele>
        <time>2012-06-28T01:19:35Z</time>
      </trkpt>
      <trkpt lat="48.347281347960234" lon="-4.653410771861672">
        <ele>47.8046875</ele>
      </trkpt>
      <trkpt lat="48.347548982128501" lon="-4.639869974926114">
        <ele>0</ele>
        <time>2012-06-27T17:30:36Z</time>
      </trkpt>
      <trkpt lat="48.33933999761939" lon="-4.624049970880151">
        <ele>0</ele>
        <time>2012-06-27T17:48:16Z</time>
      </trkpt>
      <trkpt lat="48.340831976383924" lon="-4.615300018340349">
        <ele>0</ele>
        <time>2012-06-27T17:52:16Z</time>
      </trkpt>
      <trkpt lat="48.338775979354978" lon="-4.608748974278569">
        <ele>0</ele>
        <time>2012-06-27T17:56:56Z</time>
      </trkpt>
      <trkpt lat="48.346840040758252" lon="-4.589270018041134">
        <ele>0</ele>
        <time>2012-06-27T18:06:36Z</time>
      </trkpt>
      <trkpt lat="48.349842019379139" lon="-4.588974975049496">
        <ele>0</ele>
        <time>2012-06-27T18:09:16Z</time>
      </trkpt>
      <trkpt lat="48.34819003008306" lon="-4.581523966044188">
        <ele>0</ele>
        <time>2012-06-27T18:15:16Z</time>
      </trkpt>
      <trkpt lat="48.350078975781798" lon="-4.571949988603592">
        <ele>0</ele>
        <time>2012-06-27T18:18:36Z</time>
      </trkpt>
      <trkpt lat="48.355122031643987" lon="-4.567440021783114">
        <ele>0</ele>
        <time>2012-06-27T18:23:16Z</time>
      </trkpt>
      <trkpt lat="48.355029998347163" lon="-4.55911997705698">
        <ele>0</ele>
        <time>2012-06-27T18:27:36Z</time>
      </trkpt>
      <trkpt lat="48.361149039119482" lon="-4.557339996099472">
        <ele>0</ele>
        <time>2012-06-27T18:30:36Z</time>
      </trkpt>
      <trkpt lat="48.36314401589334" lon="-4.550190987065435">
        <ele>0</ele>
        <time>2012-06-27T18:32:56Z</time>
      </trkpt>
      <trkpt lat="48.358088973909616" lon="-4.533920036628842">
        <ele>0</ele>
        <time>2012-06-27T18:43:56Z</time>
      </trkpt>
      <trkpt lat="48.364127967506647" lon="-4.530878998339176">
        <ele>0</ele>
        <time>2012-06-27T18:49:16Z</time>
      </trkpt>
      <trkpt lat="48.382319966331124" lon="-4.503402030095458">
        <ele>0</ele>
        <time>2012-06-27T18:55:16Z</time>
      </trkpt>
      <trkpt lat="48.384047979488969" lon="-4.494559960439801">
        <ele>0</ele>
        <time>2012-06-27T18:57:16Z</time>
      </trkpt>
      <trkpt lat="48.381720995530486" lon="-4.491563010960817">
        <ele>0</ele>
        <time>2012-06-27T18:58:16Z</time>
      </trkpt>
      <trkpt lat="48.389640972018242" lon="-4.474837007001042">
        <ele>0</ele>
        <time>2012-06-27T19:02:16Z</time>
      </trkpt>
      <trkpt lat="48.38954902254045" lon="-4.464340014383197">
        <ele>0</ele>
        <time>2012-06-27T19:04:16Z</time>
      </trkpt>
      <trkpt lat="48.395598996430635" lon="-4.450020035728812">
        <ele>0</ele>
        <time>2012-06-27T19:10:16Z</time>
      </trkpt>
      <trkpt lat="48.394530974328518" lon="-4.442600039765239">
        <ele>0</ele>
        <time>2012-06-27T19:12:36Z</time>
      </trkpt>
      <trkpt lat="48.391060028225183" lon="-4.442440029233694">
        <ele>0</ele>
        <time>2012-06-27T19:13:56Z</time>
      </trkpt>
      <trkpt lat="48.389061028137803" lon="-4.433750007301569">
        <ele>0</ele>
        <time>2012-06-27T19:16:36Z</time>
      </trkpt>
      <trkpt lat="48.396888971328735" lon="-4.433720000088215">
        <ele>0</ele>
        <time>2012-06-27T19:19:56Z</time>
      </trkpt>
      <trkpt lat="48.395241005346179" lon="-4.412129977717996">
        <ele>0</ele>
        <time>2012-06-27T19:22:16Z</time>
      </trkpt>
      <trkpt lat="48.391108978539705" lon="-4.4085499830544">
        <ele>0</ele>
        <time>2012-06-27T19:24:56Z</time>
      </trkpt>
      <trkpt lat="48.389888992533088" lon="-4.401749996468425">
        <ele>0</ele>
        <time>2012-06-27T19:26:56Z</time>
      </trkpt>
      <trkpt lat="48.383830972015858" lon="-4.396709958091378">
        <ele>0</ele>
        <time>2012-06-27T19:27:16Z</time>
      </trkpt>
      <trkpt lat="48.381828032433987" lon="-4.390659984201193">
        <ele>0</ele>
        <time>2012-06-27T19:28:56Z</time>
      </trkpt>
      <trkpt lat="48.379768012091517" lon="-4.390989979729056">
        <ele>0</ele>
        <time>2012-06-27T19:29:56Z</time>
      </trkpt>
      <trkpt lat="48.37990203872323" lon="-4.384570028632879">
        <ele>0</ele>
        <time>2012-06-27T19:31:56Z</time>
      </trkpt>
      <trkpt lat="48.37609900161624" lon="-4.382659960538149">
        <ele>0</ele>
        <time>2012-06-27T19:33:36Z</time>
      </trkpt>
      <trkpt lat="48.374858982861042" lon="-4.374460028484464">
        <ele>0</ele>
        <time>2012-06-27T19:34:56Z</time>
      </trkpt>
      <trkpt lat="48.378059025853872" lon="-4.356940006837249">
        <ele>0</ele>
        <time>2012-06-27T19:37:36Z</time>
      </trkpt>
      <trkpt lat="48.376850020140409" lon="-4.33376002125442">
        <ele>0</ele>
        <time>2012-06-27T19:44:36Z</time>
      </trkpt>
      <trkpt lat="48.375129969790578" lon="-4.329890012741089">
        <ele>0</ele>
        <time>2012-06-27T19:45:56Z</time>
      </trkpt>
      <trkpt lat="48.370739025995135" lon="-4.337280001491308">
        <ele>0</ele>
        <time>2012-06-27T19:47:36Z</time>
      </trkpt>
      <trkpt lat="48.367531020194292" lon="-4.33285997249186">
        <ele>0</ele>
        <time>2012-06-27T19:49:16Z</time>
      </trkpt>
      <trkpt lat="48.361820010468364" lon="-4.314899984747171">
        <ele>0</ele>
        <time>2012-06-27T19:55:36Z</time>
      </trkpt>
      <trkpt lat="48.362319990992546" lon="-4.300900027155876">
        <ele>0</ele>
        <time>2012-06-27T19:58:16Z</time>
      </trkpt>
      <trkpt lat="48.358799004927278" lon="-4.302819985896349">
        <ele>0</ele>
        <time>2012-06-27T19:59:56Z</time>
      </trkpt>
      <trkpt lat="48.355727959424257" lon="-4.296429958194494">
        <ele>0</ele>
        <time>2012-06-27T20:00:56Z</time>
      </trkpt>
      <trkpt lat="48.363129012286663" lon="-4.291329989209771">
        <ele>0</ele>
        <time>2012-06-27T20:03:56Z</time>
      </trkpt>
      <trkpt lat="48.358821971341968" lon="-4.284539977088571">
        <ele>0</ele>
        <time>2012-06-27T20:05:36Z</time>
      </trkpt>
      <trkpt lat="48.362201973795891" lon="-4.280260009691119">
        <ele>0</ele>
        <time>2012-06-27T20:06:56Z</time>
      </trkpt>
      <trkpt lat="48.362381011247635" lon="-4.262130036950111">
        <ele>0</ele>
        <time>2012-06-27T20:11:16Z</time>
      </trkpt>
      <trkpt lat="48.35414101369679" lon="-4.266280001029372">
        <ele>0</ele>
        <time>2012-06-27T20:14:16Z</time>
      </trkpt>
      <trkpt lat="48.350409977138042" lon="-4.262979961931706">
        <ele>0</ele>
        <time>2012-06-27T20:15:56Z</time>
      </trkpt>
      <trkpt lat="48.346599983051419" lon="-4.256890006363392">
        <ele>0</ele>
        <time>2012-06-27T20:18:56Z</time>
      </trkpt>
      <trkpt lat="48.349170964211226" lon="-4.246320007368922">
        <ele>0</ele>
        <time>2012-06-27T20:21:36Z</time>
      </trkpt>
      <trkpt lat="48.347141034901142" lon="-4.242199966683984">
        <ele>0</ele>
        <time>2012-06-27T20:22:16Z</time>
      </trkpt>
      <trkpt lat="48.348099002614617" lon="-4.238560041412711">
        <ele>0</ele>
        <time>2012-06-27T20:22:36Z</time>
      </trkpt>
      <trkpt lat="48.341308990493417" lon="-4.231819985434413">
        <ele>0</ele>
        <time>2012-06-27T20:25:36Z</time>
      </trkpt>
      <trkpt lat="48.333260016515851" lon="-4.234460033476353">
        <ele>0</ele>
        <time>2012-06-27T20:28:56Z</time>
      </trkpt>
      <trkpt lat="48.327990984544158" lon="-4.242429966107011">
        <ele>0</ele>
        <time>2012-06-27T20:31:36Z</time>
      </trkpt>
      <trkpt lat="48.32818997092545" lon="-4.22626999206841">
        <ele>0</ele>
        <time>2012-06-27T20:35:56Z</time>
      </trkpt>
      <trkpt lat="48.330348981544375" lon="-4.227449996396899">
        <ele>0</ele>
        <time>2012-06-27T20:36:16Z</time>
      </trkpt>
      <trkpt lat="48.335467977449298" lon="-4.216410024091601">
        <ele>0</ele>
        <time>2012-06-27T20:37:56Z</time>
      </trkpt>
      <trkpt lat="48.335139993578196" lon="-4.208900006487966">
        <ele>0</ele>
        <time>2012-06-27T20:39:16Z</time>
      </trkpt>
      <trkpt lat="48.315029041841626" lon="-4.201549999415875">
        <ele>0</ele>
        <time>2012-06-27T20:42:16Z</time>
      </trkpt>
      <trkpt lat="48.312439033761621" lon="-4.20818000100553">
        <ele>0</ele>
        <time>2012-06-27T20:44:16Z</time>
      </trkpt>
      <trkpt lat="48.312110966071486" lon="-4.204579973593354">
        <ele>0</ele>
        <time>2012-06-27T20:44:56Z</time>
      </trkpt>
      <trkpt lat="48.310748990625143" lon="-4.214610010385513">
        <ele>0</ele>
        <time>2012-06-27T20:47:56Z</time>
      </trkpt>
      <trkpt lat="48.305308967828751" lon="-4.221519967541099">
        <ele>0</ele>
        <time>2012-06-27T20:49:16Z</time>
      </trkpt>
      <trkpt lat="48.307509971782565" lon="-4.197960030287504">
        <ele>0</ele>
        <time>2012-06-27T20:52:36Z</time>
      </trkpt>
      <trkpt lat="48.304371032863855" lon="-4.189270008355379">
        <ele>0</ele>
        <time>2012-06-27T20:54:16Z</time>
      </trkpt>
      <trkpt lat="48.293620990589261" lon="-4.17928003706038">
        <ele>0</ele>
        <time>2012-06-27T20:56:56Z</time>
      </trkpt>
      <trkpt lat="48.279941976070404" lon="-4.18854002840817">
        <ele>0</ele>
        <time>2012-06-27T21:00:56Z</time>
      </trkpt>
      <trkpt lat="48.276711003854871" lon="-4.197510005906224">
        <ele>0</ele>
        <time>2012-06-27T21:02:16Z</time>
      </trkpt>
      <trkpt lat="48.280601967126131" lon="-4.199549993500114">
        <ele>0</ele>
        <time>2012-06-27T21:03:16Z</time>
      </trkpt>
      <trkpt lat="48.277061032131314" lon="-4.214649992063642">
        <ele>0</ele>
        <time>2012-06-27T21:05:56Z</time>
      </trkpt>
      <trkpt lat="48.279690016061068" lon="-4.234660025686026">
        <ele>0</ele>
        <time>2012-06-27T21:11:36Z</time>
      </trkpt>
      <trkpt lat="48.2764280308038" lon="-4.240259975194931">
        <ele>0</ele>
        <time>2012-06-27T21:13:36Z</time>
      </trkpt>
      <trkpt lat="48.266898980364203" lon="-4.232799997553229">
        <ele>0</ele>
        <time>2012-06-27T21:16:16Z</time>
      </trkpt>
      <trkpt lat="48.266190038993955" lon="-4.247930003330112">
        <ele>0</ele>
        <time>2012-06-27T21:19:36Z</time>
      </trkpt>
      <trkpt lat="48.270480986684561" lon="-4.261279022321105">
        <ele>0</ele>
        <time>2012-06-27T21:22:56Z</time>
      </trkpt>
      <trkpt lat="48.26755897141993" lon="-4.263680018484592">
        <ele>0</ele>
        <time>2012-06-27T21:23:16Z</time>
      </trkpt>
      <trkpt lat="48.271560994908214" lon="-4.276331998407841">
        <ele>0</ele>
        <time>2012-06-27T21:27:16Z</time>
      </trkpt>
      <trkpt lat="48.27176702208817" lon="-4.280849006026983">
        <ele>0</ele>
        <time>2012-06-27T21:27:36Z</time>
      </trkpt>
      <trkpt lat="48.274971004575491" lon="-4.281884003430605">
        <ele>0</ele>
        <time>2012-06-27T21:29:36Z</time>
      </trkpt>
      <trkpt lat="48.273720005527139" lon="-4.293782031163573">
        <ele>0</ele>
        <time>2012-06-27T21:31:56Z</time>
      </trkpt>
      <trkpt lat="48.278221003711224" lon="-4.285305999219418">
        <ele>0</ele>
        <time>2012-06-27T21:33:56Z</time>
      </trkpt>
      <trkpt lat="48.280787961557508" lon="-4.291395032778382">
        <ele>0</ele>
        <time>2012-06-27T21:34:56Z</time>
      </trkpt>
      <trkpt lat="48.288039984181523" lon="-4.286105968058109">
        <ele>0</ele>
        <time>2012-06-27T21:36:56Z</time>
      </trkpt>
      <trkpt lat="48.288811035454273" lon="-4.290309995412827">
        <ele>0</ele>
        <time>2012-06-27T21:37:56Z</time>
      </trkpt>
      <trkpt lat="48.293529963120818" lon="-4.267780026420951">
        <ele>0</ele>
        <time>2012-06-27T21:42:36Z</time>
      </trkpt>
      <trkpt lat="48.297561993822455" lon="-4.300949983298779">
        <ele>0</ele>
        <time>2012-06-27T21:53:56Z</time>
      </trkpt>
      <trkpt lat="48.289860030636191" lon="-4.330789977684617">
        <ele>0</ele>
        <time>2012-06-27T22:02:16Z</time>
      </trkpt>
      <trkpt lat="48.282394018024206" lon="-4.340178966522217">
        <ele>0</ele>
        <time>2012-06-27T22:08:56Z</time>
      </trkpt>
      <trkpt lat="48.285789024084806" lon="-4.340200005099177">
        <ele>0</ele>
        <time>2012-06-27T22:10:16Z</time>
      </trkpt>
      <trkpt lat="48.28016703017056" lon="-4.348054016008973">
        <ele>0</ele>
        <time>2012-06-27T22:13:16Z</time>
      </trkpt>
      <trkpt lat="48.28044899739325" lon="-4.357809964567423">
        <ele>0</ele>
        <time>2012-06-27T22:15:36Z</time>
      </trkpt>
      <trkpt lat="48.275760998949409" lon="-4.366339975968003">
        <ele>0</ele>
        <time>2012-06-27T22:17:36Z</time>
      </trkpt>
      <trkpt lat="48.277381975203753" lon="-4.372630007565022">
        <ele>0</ele>
        <time>2012-06-27T22:20:36Z</time>
      </trkpt>
      <trkpt lat="48.273829976096749" lon="-4.383469987660646">
        <ele>0</ele>
        <time>2012-06-27T22:21:56Z</time>
      </trkpt>
      <trkpt lat="48.274601027369499" lon="-4.419909976422787">
        <ele>0</ele>
        <time>2012-06-27T22:27:56Z</time>
      </trkpt>
      <trkpt lat="48.270740993320942" lon="-4.422420021146536">
        <ele>0</ele>
        <time>2012-06-27T22:29:36Z</time>
      </trkpt>
      <trkpt lat="48.27069103717804" lon="-4.427849985659123">
        <ele>0</ele>
        <time>2012-06-27T22:30:36Z</time>
      </trkpt>
      <trkpt lat="48.275268981233239" lon="-4.430149979889393">
        <ele>0</ele>
        <time>2012-06-27T22:31:16Z</time>
      </trkpt>
      <trkpt lat="48.273459998890758" lon="-4.445479977875948">
        <ele>0</ele>
        <time>2012-06-27T22:34:16Z</time>
      </trkpt>
      <trkpt lat="48.270489033311605" lon="-4.447270017117262">
        <ele>0</ele>
        <time>2012-06-27T22:35:36Z</time>
      </trkpt>
      <trkpt lat="48.27024101279676" lon="-4.451970001682639">
        <ele>0</ele>
        <time>2012-06-27T22:36:16Z</time>
      </trkpt>
      <trkpt lat="48.29088999889791" lon="-4.463459998369217">
        <ele>0</ele>
        <time>2012-06-27T22:44:36Z</time>
      </trkpt>
      <trkpt lat="48.279202021658421" lon="-4.501920025795698">
        <ele>0</ele>
        <time>2012-06-27T22:59:16Z</time>
      </trkpt>
      <trkpt lat="48.284569038078189" lon="-4.509370028972626">
        <ele>0</ele>
        <time>2012-06-27T23:00:56Z</time>
      </trkpt>
      <trkpt lat="48.279941976070404" lon="-4.513259986415505">
        <ele>0</ele>
        <time>2012-06-27T23:03:36Z</time>
      </trkpt>
      <trkpt lat="48.28001799993217" lon="-4.526962973177433">
        <ele>0</ele>
        <time>2012-06-27T23:06:16Z</time>
      </trkpt>
      <trkpt lat="48.284439034759998" lon="-4.528309023007751">
        <ele>0</ele>
        <time>2012-06-27T23:08:56Z</time>
      </trkpt>
      <trkpt lat="48.285660026594996" lon="-4.540378963574767">
        <ele>0</ele>
        <time>2012-06-27T23:14:36Z</time>
      </trkpt>
      <trkpt lat="48.298950036987662" lon="-4.556456040591002">
        <ele>0</ele>
        <time>2012-06-27T23:19:16Z</time>
      </trkpt>
      <trkpt lat="48.310596020892262" lon="-4.549111984670162">
        <ele>0</ele>
        <time>2012-06-27T23:28:36Z</time>
      </trkpt>
      <trkpt lat="48.313992032781243" lon="-4.552389979362488">
        <ele>0</ele>
        <time>2012-06-27T23:31:56Z</time>
      </trkpt>
      <trkpt lat="48.316569970920682" lon="-4.547429988160729">
        <ele>0</ele>
        <time>2012-06-27T23:35:56Z</time>
      </trkpt>
      <trkpt lat="48.325461996719241" lon="-4.54962202347815">
        <ele>0</ele>
        <time>2012-06-27T23:41:16Z</time>
      </trkpt>
      <trkpt lat="48.326160041615367" lon="-4.556810008361936">
        <ele>0</ele>
        <time>2012-06-27T23:44:36Z</time>
      </trkpt>
      <trkpt lat="48.33055098541081" lon="-4.552947962656617">
        <ele>0</ele>
        <time>2012-06-27T23:46:36Z</time>
      </trkpt>
      <trkpt lat="48.332298025488853" lon="-4.545359993353486">
        <ele>0</ele>
        <time>2012-06-27T23:47:36Z</time>
      </trkpt>
      <trkpt lat="48.333529997617006" lon="-4.551339978352189">
        <ele>0</ele>
        <time>2012-06-27T23:47:56Z</time>
      </trkpt>
      <trkpt lat="48.323688972741365" lon="-4.570769984275103">
        <ele>0</ele>
        <time>2012-06-27T23:53:56Z</time>
      </trkpt>
      <trkpt lat="48.30988297238946" lon="-4.565468011423945">
        <ele>0</ele>
        <time>2012-06-28T00:02:36Z</time>
      </trkpt>
      <trkpt lat="48.306579999625683" lon="-4.570843996480107">
        <ele>0</ele>
        <time>2012-06-28T00:05:16Z</time>
      </trkpt>
      <trkpt lat="48.301003016531467" lon="-4.570108987390995">
        <ele>0</ele>
        <time>2012-06-28T00:08:36Z</time>
      </trkpt>
      <trkpt lat="48.301040986552835" lon="-4.563129963353276">
        <ele>0</ele>
        <time>2012-06-28T00:13:56Z</time>
      </trkpt>
      <trkpt lat="48.297310033813119" lon="-4.560910016298294">
        <ele>0</ele>
        <time>2012-06-28T00:14:56Z</time>
      </trkpt>
      <trkpt lat="48.281876016408205" lon="-4.570234967395663">
        <ele>0</ele>
        <time>2012-06-28T00:24:36Z</time>
      </trkpt>
      <trkpt lat="48.274680990725756" lon="-4.591920040547848">
        <ele>0</ele>
        <time>2012-06-28T00:47:16Z</time>
      </trkpt>
      <trkpt lat="48.281409982591867" lon="-4.598139999434352">
        <ele>0</ele>
        <time>2012-09-05T11:13:58Z</time>
      </trkpt>
      <trkpt lat="48.282162006944418" lon="-4.602319970726967">
        <ele>0</ele>
        <time>2012-09-05T11:16:18Z</time>
      </trkpt>
      <trkpt lat="48.286381037905812" lon="-4.601429980248213">
        <ele>0</ele>
        <time>2012-09-05T11:21:58Z</time>
      </trkpt>
      <trkpt lat="48.285609986633062" lon="-4.606549981981516">
        <ele>0</ele>
        <time>2012-09-05T11:25:58Z</time>
      </trkpt>
      <trkpt lat="48.278999011963606" lon="-4.612670028582215">
        <ele>0</ele>
        <time>2012-09-05T11:33:38Z</time>
      </trkpt>
      <trkpt lat="48.280079020187259" lon="-4.627800034359098">
        <ele>0</ele>
        <time>2012-09-05T11:39:38Z</time>
      </trkpt>
      <trkpt lat="48.277179971337318" lon="-4.617019984871149">
        <ele>0</ele>
        <time>2012-09-05T11:46:38Z</time>
      </trkpt>
      <trkpt lat="48.267688974738121" lon="-4.615579973906279">
        <ele>0</ele>
        <time>2012-09-05T11:56:58Z</time>
      </trkpt>
      <trkpt lat="48.256270978599787" lon="-4.621779983863235">
        <ele>0</ele>
        <time>2012-09-05T12:11:18Z</time>
      </trkpt>
      <trkpt lat="48.259789030998945" lon="-4.619979970157147">
        <ele>0</ele>
        <time>2012-09-05T12:15:38Z</time>
      </trkpt>
      <trkpt lat="48.262328999117017" lon="-4.612320000305772">
        <ele>0</ele>
        <time>2012-09-05T12:20:38Z</time>
      </trkpt>
      <trkpt lat="48.261329960078001" lon="-4.601880004629493">
        <ele>0</ele>
        <time>2012-09-05T12:27:18Z</time>
      </trkpt>
      <trkpt lat="48.252936992794275" lon="-4.594259010627866">
        <ele>0</ele>
        <time>2012-09-05T12:33:58Z</time>
      </trkpt>
      <trkpt lat="48.252499038353562" lon="-4.580970006063581">
        <ele>0</ele>
        <time>2012-09-05T12:37:18Z</time>
      </trkpt>
      <trkpt lat="48.25915502384305" lon="-4.557990012690425">
        <ele>0</ele>
        <time>2012-09-05T12:46:58Z</time>
      </trkpt>
      <trkpt lat="48.255248973146081" lon="-4.547380032017827">
        <ele>0</ele>
        <time>2012-09-05T12:51:58Z</time>
      </trkpt>
      <trkpt lat="48.241790989413857" lon="-4.543559979647398">
        <ele>0</ele>
        <time>2012-09-05T12:57:58Z</time>
      </trkpt>
      <trkpt lat="48.235316975042224" lon="-4.565785015001893">
        <ele>0</ele>
        <time>2012-09-05T13:15:38Z</time>
      </trkpt>
      <trkpt lat="48.234734013676643" lon="-4.570130025967956">
        <ele>0</ele>
        <time>2012-09-05T13:16:58Z</time>
      </trkpt>
      <trkpt lat="48.232554970309138" lon="-4.570365976542234">
        <ele>0</ele>
        <time>2012-09-05T13:18:58Z</time>
      </trkpt>
      <trkpt lat="48.233486032113433" lon="-4.564160015434027">
        <ele>0</ele>
        <time>2012-09-05T13:20:38Z</time>
      </trkpt>
      <trkpt lat="48.230700977146626" lon="-4.560839021578431">
        <ele>0</ele>
        <time>2012-09-05T13:23:38Z</time>
      </trkpt>
      <trkpt lat="48.192368019372225" lon="-4.54850597307086">
        <ele>0</ele>
        <time>2012-09-05T13:55:18Z</time>
      </trkpt>
      <trkpt lat="48.190291989594698" lon="-4.552190992981195">
        <ele>0</ele>
        <time>2012-09-05T13:56:58Z</time>
      </trkpt>
      <trkpt lat="48.182198004797101" lon="-4.547413978725672">
        <ele>0</ele>
        <time>2012-09-05T14:04:58Z</time>
      </trkpt>
      <trkpt lat="48.176227994263172" lon="-4.557733023539186">
        <ele>0</ele>
        <time>2012-09-05T14:14:38Z</time>
      </trkpt>
      <trkpt lat="48.168900031596422" lon="-4.552620984613895">
        <ele>0</ele>
        <time>2012-09-05T14:20:18Z</time>
      </trkpt>
      <trkpt lat="48.170856032520533" lon="-4.540277039632201">
        <ele>0</ele>
        <time>2012-09-05T14:24:18Z</time>
      </trkpt>
      <trkpt lat="48.181083966046572" lon="-4.540914986282587">
        <ele>0</ele>
        <time>2012-09-05T14:32:38Z</time>
      </trkpt>
      <trkpt lat="48.189742974936962" lon="-4.526372971013188">
        <ele>0</ele>
        <time>2012-09-05T14:42:58Z</time>
      </trkpt>
      <trkpt lat="48.199345031753182" lon="-4.519773982465267">
        <ele>0</ele>
        <time>2012-09-05T14:48:38Z</time>
      </trkpt>
      <trkpt lat="48.201465988531709" lon="-4.514287021011114">
        <ele>0</ele>
        <time>2012-09-05T14:51:38Z</time>
      </trkpt>
      <trkpt lat="48.21191000752151" lon="-4.511438012123108">
        <ele>0</ele>
        <time>2012-09-05T15:00:18Z</time>
      </trkpt>
      <trkpt lat="48.2200319878757" lon="-4.496208010241389">
        <ele>0</ele>
        <time>2012-09-05T15:06:58Z</time>
      </trkpt>
      <trkpt lat="48.224911009892821" lon="-4.504785966128111">
        <ele>0</ele>
        <time>2012-09-05T15:10:18Z</time>
      </trkpt>
      <trkpt lat="48.227844005450606" lon="-4.50372900813818">
        <ele>0</ele>
        <time>2012-09-05T15:10:58Z</time>
      </trkpt>
      <trkpt lat="48.235793989151716" lon="-4.497597981244326">
        <ele>0</ele>
        <time>2012-09-05T15:12:18Z</time>
      </trkpt>
      <trkpt lat="48.236458003520966" lon="-4.479557024315">
        <ele>0</ele>
        <time>2012-09-05T15:18:18Z</time>
      </trkpt>
      <trkpt lat="48.239558972418308" lon="-4.464800013229251">
        <ele>0</ele>
        <time>2012-09-05T15:29:18Z</time>
      </trkpt>
      <trkpt lat="48.236271003261209" lon="-4.458931004628539">
        <ele>0</ele>
        <time>2012-09-05T15:32:18Z</time>
      </trkpt>
      <trkpt lat="48.235855009406805" lon="-4.447907041758299">
        <ele>0</ele>
        <time>2012-09-05T15:35:18Z</time>
      </trkpt>
      <trkpt lat="48.240134976804256" lon="-4.43284903652966">
        <ele>0</ele>
        <time>2012-09-05T15:37:38Z</time>
      </trkpt>
      <trkpt lat="48.235518978908658" lon="-4.426931999623776">
        <ele>0</ele>
        <time>2012-09-05T15:39:58Z</time>
      </trkpt>
      <trkpt lat="48.228816976770759" lon="-4.432693971320987">
        <ele>0</ele>
        <time>2012-09-05T15:44:58Z</time>
      </trkpt>
      <trkpt lat="48.230019025504589" lon="-4.425848973914981">
        <ele>0</ele>
        <time>2012-09-05T15:50:38Z</time>
      </trkpt>
      <trkpt lat="48.223884981125593" lon="-4.412072980776429">
        <ele>0</ele>
        <time>2012-09-05T16:03:38Z</time>
      </trkpt>
      <trkpt lat="48.220501039177179" lon="-4.391998993232846">
        <ele>0</ele>
        <time>2012-09-05T16:13:58Z</time>
      </trkpt>
      <trkpt lat="48.217280963435769" lon="-4.392052972689271">
        <ele>0</ele>
        <time>2012-09-05T16:18:38Z</time>
      </trkpt>
      <trkpt lat="48.218867992982268" lon="-4.377821004018188">
        <ele>0</ele>
        <time>2012-09-05T16:26:38Z</time>
      </trkpt>
      <trkpt lat="48.21577800437808" lon="-4.374033976346254">
        <ele>0</ele>
        <time>2012-09-05T16:27:38Z</time>
      </trkpt>
      <trkpt lat="48.209414966404438" lon="-4.36869596131146">
        <ele>0</ele>
        <time>2012-09-05T16:28:38Z</time>
      </trkpt>
      <trkpt lat="48.206885978579521" lon="-4.373208023607731">
        <ele>0</ele>
        <time>2012-09-05T16:31:38Z</time>
      </trkpt>
      <trkpt lat="48.207503976300359" lon="-4.349191021174192">
        <ele>0</ele>
        <time>2012-09-05T16:43:38Z</time>
      </trkpt>
      <trkpt lat="48.2055280264467" lon="-4.337630029767752">
        <ele>0</ele>
        <time>2012-09-05T16:52:58Z</time>
      </trkpt>
      <trkpt lat="48.207820979878306" lon="-4.334710026159883">
        <ele>0</ele>
        <time>2012-09-05T16:54:38Z</time>
      </trkpt>
      <trkpt lat="48.203910989686847" lon="-4.326129974797368">
        <ele>0</ele>
        <time>2012-09-05T16:58:38Z</time>
      </trkpt>
      <trkpt lat="48.202278027310967" lon="-4.327680040150881">
        <ele>0</ele>
        <time>2012-09-05T16:59:58Z</time>
      </trkpt>
      <trkpt lat="48.203620975837111" lon="-4.315529968589544">
        <ele>0</ele>
        <time>2012-09-05T17:04:38Z</time>
      </trkpt>
      <trkpt lat="48.196468027308583" lon="-4.303569998592138">
        <ele>0</ele>
        <time>2012-09-05T17:08:38Z</time>
      </trkpt>
      <trkpt lat="48.174179038032889" lon="-4.288860009983182">
        <ele>0</ele>
        <time>2012-09-05T17:13:38Z</time>
      </trkpt>
      <trkpt lat="48.167541995644569" lon="-4.293480031192303">
        <ele>0</ele>
        <time>2012-09-05T17:16:18Z</time>
      </trkpt>
      <trkpt lat="48.167789010331035" lon="-4.298540018498898">
        <ele>0</ele>
        <time>2012-09-05T17:18:58Z</time>
      </trkpt>
      <trkpt lat="48.16561097279191" lon="-4.297000011429191">
        <ele>0</ele>
        <time>2012-09-05T17:20:58Z</time>
      </trkpt>
      <trkpt lat="48.164248997345567" lon="-4.293499980121851">
        <ele>0</ele>
        <time>2012-09-05T17:23:58Z</time>
      </trkpt>
      <trkpt lat="48.15955001860857" lon="-4.29497997276485">
        <ele>0</ele>
        <time>2012-09-05T17:27:18Z</time>
      </trkpt>
      <trkpt lat="48.159530991688371" lon="-4.289719993248582">
        <ele>0</ele>
        <time>2012-09-05T17:31:38Z</time>
      </trkpt>
      <trkpt lat="48.156089968979359" lon="-4.286609971895814">
        <ele>0</ele>
        <time>2012-09-05T17:35:38Z</time>
      </trkpt>
      <trkpt lat="48.156020985916257" lon="-4.274540031328797">
        <ele>0</ele>
        <time>2012-09-05T17:41:58Z</time>
      </trkpt>
      <trkpt lat="48.151950985193253" lon="-4.271920016035438">
        <ele>0</ele>
        <time>2012-09-05T17:44:38Z</time>
      </trkpt>
      <trkpt lat="48.150349035859108" lon="-4.275330025702715">
        <ele>0</ele>
        <time>2012-09-05T17:48:58Z</time>
      </trkpt>
      <trkpt lat="48.130420977249742" lon="-4.267759993672371">
        <ele>0</ele>
        <time>2012-09-05T17:59:58Z</time>
      </trkpt>
      <trkpt lat="48.133380962535739" lon="-4.275230029597879">
        <ele>0</ele>
        <time>2012-09-05T18:04:38Z</time>
      </trkpt>
      <trkpt lat="48.125999020412564" lon="-4.284739969298244">
        <ele>0</ele>
        <time>2012-09-05T18:12:58Z</time>
      </trkpt>
      <trkpt lat="48.119099037721753" lon="-4.28036998026073">
        <ele>0</ele>
        <time>2012-09-05T18:18:38Z</time>
      </trkpt>
      <trkpt lat="48.103698967024684" lon="-4.284660005941987">
        <ele>0</ele>
        <time>2012-09-05T18:25:38Z</time>
      </trkpt>
      <trkpt lat="48.093670019879937" lon="-4.294919958338141">
        <ele>0</ele>
        <time>2012-09-05T18:30:38Z</time>
      </trkpt>
      <trkpt lat="48.087730016559362" lon="-4.305730015039444">
        <ele>0</ele>
        <time>2012-09-05T18:33:58Z</time>
      </trkpt>
      <trkpt lat="48.092898968607187" lon="-4.323810031637549">
        <ele>0</ele>
        <time>2012-09-05T18:41:38Z</time>
      </trkpt>
      <trkpt lat="48.097327966243029" lon="-4.324949970468879">
        <ele>0</ele>
        <time>2012-09-05T18:42:38Z</time>
      </trkpt>
      <trkpt lat="48.097610017284751" lon="-4.334569964557886">
        <ele>0</ele>
        <time>2012-09-05T18:45:18Z</time>
      </trkpt>
      <trkpt lat="48.092959988862276" lon="-4.333600010722876">
        <ele>0</ele>
        <time>2012-09-05T18:46:18Z</time>
      </trkpt>
      <trkpt lat="48.089588033035398" lon="-4.334390005096793">
        <ele>0</ele>
        <time>2012-09-05T18:46:58Z</time>
      </trkpt>
      <trkpt lat="48.092522621154785" lon="-4.337217807769775">
        <ele>29.38671875</ele>
      </trkpt>
      <trkpt lat="48.092865943908691" lon="-4.33760404586792">
        <ele>31.83984375</ele>
      </trkpt>
      <trkpt lat="48.099796772003174" lon="-4.346466064453125">
        <ele>15.07421875</ele>
      </trkpt>
      <trkpt lat="48.106555938720703" lon="-4.367837905883789">
        <ele>56.05859375</ele>
      </trkpt>
      <trkpt lat="48.109946250915527" lon="-4.372687339782715">
        <ele>17.265625</ele>
      </trkpt>
      <trkpt lat="48.103852272033691" lon="-4.394402503967285">
        <ele>27.8984375</ele>
      </trkpt>
      <trkpt lat="48.10537576675415" lon="-4.41699743270874">
        <ele>37.50390625</ele>
      </trkpt>
      <trkpt lat="48.101835250854492" lon="-4.422554969787598">
        <ele>32.78515625</ele>
      </trkpt>
      <trkpt lat="48.099510027095675" lon="-4.42475002259016">
        <ele>0</ele>
        <time>2012-06-28T09:52:23Z</time>
      </trkpt>
      <trkpt lat="48.09627897106111" lon="-4.433410037308931">
        <ele>0</ele>
        <time>2012-06-28T10:01:23Z</time>
      </trkpt>
      <trkpt lat="48.098270008340478" lon="-4.449960021302104">
        <ele>0</ele>
        <time>2012-06-28T10:15:23Z</time>
      </trkpt>
      <trkpt lat="48.09614896774292" lon="-4.456089958548546">
        <ele>0</ele>
        <time>2012-06-28T10:19:03Z</time>
      </trkpt>
      <trkpt lat="48.097969014197588" lon="-4.465820007026196">
        <ele>0</ele>
        <time>2012-06-28T10:27:23Z</time>
      </trkpt>
      <trkpt lat="48.095581009984016" lon="-4.466080013662577">
        <ele>0</ele>
        <time>2012-06-28T10:29:03Z</time>
      </trkpt>
      <trkpt lat="48.095199968665838" lon="-4.476369973272085">
        <ele>0</ele>
        <time>2012-06-28T10:37:03Z</time>
      </trkpt>
      <trkpt lat="48.092350037768483" lon="-4.476239969953895">
        <ele>0</ele>
        <time>2012-06-28T10:40:43Z</time>
      </trkpt>
      <trkpt lat="48.085780972614884" lon="-4.485979992896318">
        <ele>0</ele>
        <time>2012-06-28T10:51:03Z</time>
      </trkpt>
      <trkpt lat="48.089290978386998" lon="-4.502780009061098">
        <ele>0</ele>
        <time>2012-06-28T11:04:23Z</time>
      </trkpt>
      <trkpt lat="48.08821901679039" lon="-4.51995000243187">
        <ele>0</ele>
        <time>2012-06-28T11:15:23Z</time>
      </trkpt>
      <trkpt lat="48.085159035399556" lon="-4.522570017725229">
        <ele>0</ele>
        <time>2012-06-28T11:18:23Z</time>
      </trkpt>
      <trkpt lat="48.087378982454538" lon="-4.538810038939118">
        <ele>0</ele>
        <time>2012-06-28T11:30:23Z</time>
      </trkpt>
      <trkpt lat="48.080989960581064" lon="-4.539940003305674">
        <ele>0</ele>
        <time>2012-06-28T11:36:43Z</time>
      </trkpt>
      <trkpt lat="48.075957968831062" lon="-4.551650024950504">
        <ele>0</ele>
        <time>2012-06-28T11:47:03Z</time>
      </trkpt>
      <trkpt lat="48.081490024924278" lon="-4.567159982398152">
        <ele>0</ele>
        <time>2012-06-28T12:00:03Z</time>
      </trkpt>
      <trkpt lat="48.081558002158999" lon="-4.581780033186078">
        <ele>0</ele>
        <time>2012-06-28T12:12:23Z</time>
      </trkpt>
      <trkpt lat="48.075141990557313" lon="-4.588910015299916">
        <ele>0</ele>
        <time>2012-06-28T12:17:03Z</time>
      </trkpt>
      <trkpt lat="48.072898993268609" lon="-4.590610032901168">
        <ele>0</ele>
        <time>2012-06-28T12:17:43Z</time>
      </trkpt>
      <trkpt lat="48.074501026421785" lon="-4.603480026125908">
        <ele>0</ele>
        <time>2012-06-28T12:22:23Z</time>
      </trkpt>
      <trkpt lat="48.066792022436857" lon="-4.62206999771297">
        <ele>0</ele>
        <time>2012-06-28T12:30:23Z</time>
      </trkpt>
      <trkpt lat="48.070759009569883" lon="-4.628070015460253">
        <ele>0</ele>
        <time>2012-06-28T12:32:23Z</time>
      </trkpt>
      <trkpt lat="48.065577987581491" lon="-4.628939973190427">
        <ele>0</ele>
        <time>2012-06-28T12:34:23Z</time>
      </trkpt>
      <trkpt lat="48.069888968020678" lon="-4.664660040289164">
        <ele>0</ele>
        <time>2012-06-28T12:57:03Z</time>
      </trkpt>
      <trkpt lat="48.071387987583876" lon="-4.664600025862455">
        <ele>0</ele>
        <time>2012-06-28T12:58:23Z</time>
      </trkpt>
      <trkpt lat="48.060050960630178" lon="-4.671479975804687">
        <ele>0</ele>
        <time>2012-06-28T13:11:43Z</time>
      </trkpt>
      <trkpt lat="48.061440009623766" lon="-4.688509991392493">
        <ele>0</ele>
        <time>2012-06-28T13:23:23Z</time>
      </trkpt>
      <trkpt lat="48.058910015970469" lon="-4.693339979276061">
        <ele>0</ele>
        <time>2012-06-28T13:28:23Z</time>
      </trkpt>
      <trkpt lat="48.06349198333919" lon="-4.7136199939996">
        <ele>0</ele>
        <time>2012-06-28T13:39:43Z</time>
      </trkpt>
      <trkpt lat="48.053397992625833" lon="-4.712360026314855">
        <ele>0</ele>
        <time>2012-06-28T13:47:43Z</time>
      </trkpt>
      <trkpt lat="48.049567965790629" lon="-4.704829975962639">
        <ele>0</ele>
        <time>2012-06-28T13:51:03Z</time>
      </trkpt>
      <trkpt lat="48.044182006269693" lon="-4.704139977693558">
        <ele>0</ele>
        <time>2012-06-28T13:53:23Z</time>
      </trkpt>
      <trkpt lat="48.039471041411161" lon="-4.735840000212193">
        <ele>0</ele>
        <time>2012-06-28T14:14:03Z</time>
      </trkpt>
      <trkpt lat="48.033329034224153" lon="-4.725699992850423">
        <ele>0</ele>
        <time>2012-06-28T14:19:03Z</time>
      </trkpt>
      <trkpt lat="48.034530999138951" lon="-4.712479971349239">
        <ele>0</ele>
        <time>2012-06-28T14:27:23Z</time>
      </trkpt>
      <trkpt lat="48.026561988517642" lon="-4.697520034387708">
        <ele>0</ele>
        <time>2012-06-28T14:33:43Z</time>
      </trkpt>
      <trkpt lat="48.027019975706935" lon="-4.663950009271503">
        <ele>0</ele>
        <time>2012-06-28T14:51:03Z</time>
      </trkpt>
      <trkpt lat="48.022189987823367" lon="-4.65532997623086">
        <ele>0</ele>
        <time>2012-06-28T14:57:03Z</time>
      </trkpt>
      <trkpt lat="48.023781040683389" lon="-4.643690027296543">
        <ele>0</ele>
        <time>2012-06-28T15:03:23Z</time>
      </trkpt>
      <trkpt lat="48.029620964080095" lon="-4.632969992235303">
        <ele>0</ele>
        <time>2012-06-28T15:11:23Z</time>
      </trkpt>
      <trkpt lat="48.018139014020562" lon="-4.62260995991528">
        <ele>0</ele>
        <time>2012-06-28T15:24:43Z</time>
      </trkpt>
      <trkpt lat="48.015511035919189" lon="-4.597010035067797">
        <ele>0</ele>
        <time>2012-06-28T15:38:43Z</time>
      </trkpt>
      <trkpt lat="48.013167958706617" lon="-4.591920040547848">
        <ele>0</ele>
        <time>2012-06-28T15:41:23Z</time>
      </trkpt>
      <trkpt lat="48.007889036089182" lon="-4.592190021649003">
        <ele>0</ele>
        <time>2012-06-28T15:45:03Z</time>
      </trkpt>
      <trkpt lat="48.004107959568501" lon="-4.579729987308383">
        <ele>0</ele>
        <time>2012-06-28T15:53:23Z</time>
      </trkpt>
      <trkpt lat="47.999950032681227" lon="-4.565860033035278">
        <ele>0</ele>
        <time>2012-06-28T15:59:43Z</time>
      </trkpt>
      <trkpt lat="48.006149036809802" lon="-4.557430017739534">
        <ele>0</ele>
        <time>2012-06-28T16:06:03Z</time>
      </trkpt>
      <trkpt lat="48.009578995406628" lon="-4.556780001148582">
        <ele>0</ele>
        <time>2012-06-28T16:07:03Z</time>
      </trkpt>
      <trkpt lat="48.011748986318707" lon="-4.551699981093407">
        <ele>0</ele>
        <time>2012-06-28T16:08:23Z</time>
      </trkpt>
      <trkpt lat="48.012691028416157" lon="-4.540699990466237">
        <ele>0</ele>
        <time>2012-06-28T16:11:03Z</time>
      </trkpt>
      <trkpt lat="48.020271034911275" lon="-4.536060020327568">
        <ele>0</ele>
        <time>2012-06-28T16:13:03Z</time>
      </trkpt>
      <trkpt lat="48.022689968347549" lon="-4.538829987868667">
        <ele>0</ele>
        <time>2012-06-28T16:13:23Z</time>
      </trkpt>
      <trkpt lat="48.024811008945107" lon="-4.535470018163323">
        <ele>0</ele>
        <time>2012-06-28T16:14:03Z</time>
      </trkpt>
      <trkpt lat="48.016590038314462" lon="-4.53241003677249">
        <ele>0</ele>
        <time>2012-06-28T16:18:03Z</time>
      </trkpt>
      <trkpt lat="48.010189030319452" lon="-4.534880015999079">
        <ele>0</ele>
        <time>2012-06-28T16:24:03Z</time>
      </trkpt>
      <trkpt lat="48.001380991190672" lon="-4.497409975156188">
        <ele>0</ele>
        <time>2012-06-28T16:46:03Z</time>
      </trkpt>
      <trkpt lat="47.993140993639827" lon="-4.481589971110225">
        <ele>0</ele>
        <time>2012-06-28T16:55:03Z</time>
      </trkpt>
      <trkpt lat="47.986160041764379" lon="-4.474919987842441">
        <ele>0</ele>
        <time>2012-06-28T17:00:23Z</time>
      </trkpt>
      <trkpt lat="47.981688966974616" lon="-4.451410006731749">
        <ele>0</ele>
        <time>2012-06-28T17:15:03Z</time>
      </trkpt>
      <trkpt lat="47.973400019109249" lon="-4.442480010911822">
        <ele>0</ele>
        <time>2012-06-28T17:19:43Z</time>
      </trkpt>
      <trkpt lat="47.962478986009955" lon="-4.422390013933182">
        <ele>0</ele>
        <time>2012-06-28T17:28:43Z</time>
      </trkpt>
      <trkpt lat="47.939570993185043" lon="-4.402360031381249">
        <ele>0</ele>
        <time>2012-06-28T17:41:23Z</time>
      </trkpt>
      <trkpt lat="47.927010040730238" lon="-4.387349970638752">
        <ele>0</ele>
        <time>2012-06-28T17:46:43Z</time>
      </trkpt>
      <trkpt lat="47.913569994270802" lon="-4.378059972077608">
        <ele>0</ele>
        <time>2012-06-28T17:50:43Z</time>
      </trkpt>
      <trkpt lat="47.914379015564919" lon="-4.375550011172891">
        <ele>0</ele>
        <time>2012-06-28T17:51:43Z</time>
      </trkpt>
      <trkpt lat="47.909770980477333" lon="-4.370400002226234">
        <ele>0</ele>
        <time>2012-06-28T17:54:03Z</time>
      </trkpt>
      <trkpt lat="47.913891021162271" lon="-4.35765003785491">
        <ele>0</ele>
        <time>2012-06-28T17:56:23Z</time>
      </trkpt>
      <trkpt lat="47.911208979785442" lon="-4.356559971347451">
        <ele>0</ele>
        <time>2012-06-28T17:57:43Z</time>
      </trkpt>
      <trkpt lat="47.906878972426057" lon="-4.366179965436459">
        <ele>0</ele>
        <time>2012-06-28T18:03:23Z</time>
      </trkpt>
      <trkpt lat="47.896838961169124" lon="-4.361159959807992">
        <ele>0</ele>
        <time>2012-06-28T18:07:23Z</time>
      </trkpt>
      <trkpt lat="47.895008018240333" lon="-4.357903003692627">
        <ele>0</ele>
        <time>2012-06-28T18:09:03Z</time>
      </trkpt>
      <trkpt lat="47.89945394732058" lon="-4.347093030810356">
        <ele>12.6171875</ele>
      </trkpt>
      <trkpt lat="47.904307991266251" lon="-4.346270011737943">
        <ele>0</ele>
        <time>2012-06-28T10:20:06Z</time>
      </trkpt>
      <trkpt lat="47.905627973377705" lon="-4.338160017505288">
        <ele>0</ele>
        <time>2012-06-28T10:21:46Z</time>
      </trkpt>
      <trkpt lat="47.89902102202177" lon="-4.338460005819798">
        <ele>0</ele>
        <time>2012-06-28T10:23:46Z</time>
      </trkpt>
      <trkpt lat="47.89302796125412" lon="-4.343559974804521">
        <ele>0</ele>
        <time>2012-06-28T10:24:26Z</time>
      </trkpt>
      <trkpt lat="47.889251997694373" lon="-4.353660000488162">
        <ele>0</ele>
        <time>2012-06-28T10:26:46Z</time>
      </trkpt>
      <trkpt lat="47.885440997779369" lon="-4.349429989233613">
        <ele>0</ele>
        <time>2012-06-28T10:27:46Z</time>
      </trkpt>
      <trkpt lat="47.873877994716167" lon="-4.352219989523292">
        <ele>0</ele>
        <time>2012-06-28T10:30:26Z</time>
      </trkpt>
      <trkpt lat="47.869819980114698" lon="-4.345864998176694">
        <ele>0</ele>
        <time>2012-06-28T10:32:06Z</time>
      </trkpt>
      <trkpt lat="47.872272022068501" lon="-4.328677989542484">
        <ele>0</ele>
        <time>2012-06-28T10:38:46Z</time>
      </trkpt>
      <trkpt lat="47.876407988369465" lon="-4.320084024220705">
        <ele>0</ele>
        <time>2012-06-28T10:39:26Z</time>
      </trkpt>
      <trkpt lat="47.871901961043477" lon="-4.316688012331724">
        <ele>0</ele>
        <time>2012-06-28T10:41:06Z</time>
      </trkpt>
      <trkpt lat="47.864120034500957" lon="-4.336267970502377">
        <ele>0</ele>
        <time>2012-06-28T10:46:26Z</time>
      </trkpt>
      <trkpt lat="47.853267984464765" lon="-4.336600983515382">
        <ele>0</ele>
        <time>2012-06-28T10:49:06Z</time>
      </trkpt>
      <trkpt lat="47.850788030773401" lon="-4.343655025586486">
        <ele>0</ele>
        <time>2012-06-28T10:50:26Z</time>
      </trkpt>
      <trkpt lat="47.837317977100611" lon="-4.345585964620113">
        <ele>0</ele>
        <time>2012-06-28T10:53:46Z</time>
      </trkpt>
      <trkpt lat="47.837161989882588" lon="-4.348644018173218">
        <ele>0</ele>
        <time>2012-06-28T10:54:06Z</time>
      </trkpt>
      <trkpt lat="47.827853970229626" lon="-4.350575041025877">
        <ele>0</ele>
        <time>2012-06-28T10:58:46Z</time>
      </trkpt>
      <trkpt lat="47.825890006497502" lon="-4.361342014744878">
        <ele>0</ele>
        <time>2012-06-28T11:02:06Z</time>
      </trkpt>
      <trkpt lat="47.82803300768137" lon="-4.365578982979059">
        <ele>0</ele>
        <time>2012-06-28T11:05:06Z</time>
      </trkpt>
      <trkpt lat="47.824684018269181" lon="-4.367762971669436">
        <ele>0</ele>
        <time>2012-06-28T11:07:06Z</time>
      </trkpt>
      <trkpt lat="47.821377022191882" lon="-4.379420019686222">
        <ele>0</ele>
        <time>2012-06-28T11:12:26Z</time>
      </trkpt>
      <trkpt lat="47.809181017801166" lon="-4.371372973546386">
        <ele>0</ele>
        <time>2012-06-28T11:18:06Z</time>
      </trkpt>
      <trkpt lat="47.797801997512579" lon="-4.373990977182984">
        <ele>0</ele>
        <time>2012-06-28T11:23:06Z</time>
      </trkpt>
      <trkpt lat="47.795780031010509" lon="-4.363406980410218">
        <ele>0</ele>
        <time>2012-06-28T11:26:46Z</time>
      </trkpt>
      <trkpt lat="47.799338987097144" lon="-4.348902013152838">
        <ele>0</ele>
        <time>2012-06-28T11:30:26Z</time>
      </trkpt>
      <trkpt lat="47.801399007439613" lon="-4.305148981511593">
        <ele>0</ele>
        <time>2012-06-28T11:39:46Z</time>
      </trkpt>
      <trkpt lat="47.79819100163877" lon="-4.294587029144168">
        <ele>0</ele>
        <time>2012-06-28T11:44:06Z</time>
      </trkpt>
      <trkpt lat="47.792152008041739" lon="-4.291980005800724">
        <ele>0</ele>
        <time>2012-06-28T11:47:26Z</time>
      </trkpt>
      <trkpt lat="47.794643025845289" lon="-4.280634010210633">
        <ele>0</ele>
        <time>2012-06-28T11:50:26Z</time>
      </trkpt>
      <trkpt lat="47.797028012573719" lon="-4.275548039004207">
        <ele>0</ele>
        <time>2012-06-28T11:51:06Z</time>
      </trkpt>
      <trkpt lat="47.795997960492969" lon="-4.27334401756525">
        <ele>0</ele>
        <time>2012-06-28T11:52:06Z</time>
      </trkpt>
      <trkpt lat="47.793555976822972" lon="-4.279072964563966">
        <ele>0</ele>
        <time>2012-06-28T11:54:26Z</time>
      </trkpt>
      <trkpt lat="47.790428018197417" lon="-4.267753958702087">
        <ele>0</ele>
        <time>2012-06-28T11:59:06Z</time>
      </trkpt>
      <trkpt lat="47.795143006369472" lon="-4.229195024818182">
        <ele>0</ele>
        <time>2012-06-28T12:10:46Z</time>
      </trkpt>
      <trkpt lat="47.792789032682776" lon="-4.219334973022342">
        <ele>0</ele>
        <time>2012-06-28T12:15:46Z</time>
      </trkpt>
      <trkpt lat="47.803375041112304" lon="-4.210483012720943">
        <ele>0</ele>
        <time>2012-06-28T12:26:46Z</time>
      </trkpt>
      <trkpt lat="47.799952961504459" lon="-4.207088006660342">
        <ele>0</ele>
        <time>2012-06-28T12:29:06Z</time>
      </trkpt>
      <trkpt lat="47.796088987961411" lon="-4.19245395809412">
        <ele>0</ele>
        <time>2012-06-28T12:36:06Z</time>
      </trkpt>
      <trkpt lat="47.801773007959127" lon="-4.190179025754333">
        <ele>0</ele>
        <time>2012-06-28T12:39:26Z</time>
      </trkpt>
      <trkpt lat="47.801632024347782" lon="-4.186273980885744">
        <ele>0</ele>
        <time>2012-06-28T12:40:46Z</time>
      </trkpt>
      <trkpt lat="47.800212968140841" lon="-4.183811964467168">
        <ele>0</ele>
        <time>2012-06-28T12:41:26Z</time>
      </trkpt>
      <trkpt lat="47.805443024262786" lon="-4.177454961463809">
        <ele>0</ele>
        <time>2012-06-28T12:44:26Z</time>
      </trkpt>
      <trkpt lat="47.812915993854403" lon="-4.175013983622193">
        <ele>0</ele>
        <time>2012-06-28T12:48:46Z</time>
      </trkpt>
      <trkpt lat="47.81477702781558" lon="-4.165319977328181">
        <ele>0</ele>
        <time>2012-06-28T12:51:06Z</time>
      </trkpt>
      <trkpt lat="47.817108035087585" lon="-4.167492985725403">
        <ele>0</ele>
        <time>2012-06-28T12:53:06Z</time>
      </trkpt>
      <trkpt lat="47.816764963790774" lon="-4.174943994730711">
        <ele>0</ele>
        <time>2012-06-28T12:54:26Z</time>
      </trkpt>
      <trkpt lat="47.820723988115788" lon="-4.175797021016479">
        <ele>0</ele>
        <time>2012-06-28T12:56:06Z</time>
      </trkpt>
      <trkpt lat="47.820946024730802" lon="-4.172996962442994">
        <ele>0</ele>
        <time>2012-06-28T12:56:46Z</time>
      </trkpt>
      <trkpt lat="47.826050017029047" lon="-4.170218026265502">
        <ele>0</ele>
        <time>2012-06-28T12:59:46Z</time>
      </trkpt>
      <trkpt lat="47.832919992506504" lon="-4.175223028287292">
        <ele>0</ele>
        <time>2012-06-28T13:03:06Z</time>
      </trkpt>
      <trkpt lat="47.833832027390599" lon="-4.18166602961719">
        <ele>0</ele>
        <time>2012-06-28T13:05:06Z</time>
      </trkpt>
      <trkpt lat="47.848105989396572" lon="-4.191113021224737">
        <ele>0</ele>
        <time>2012-06-28T13:17:26Z</time>
      </trkpt>
      <trkpt lat="47.851859992370009" lon="-4.196734009310603">
        <ele>0</ele>
        <time>2012-06-28T13:18:26Z</time>
      </trkpt>
      <trkpt lat="47.853053994476795" lon="-4.193500019609928">
        <ele>0</ele>
        <time>2012-06-28T13:19:46Z</time>
      </trkpt>
      <trkpt lat="47.857062974944711" lon="-4.19614995829761">
        <ele>0</ele>
        <time>2012-06-28T13:22:46Z</time>
      </trkpt>
      <trkpt lat="47.865326022729278" lon="-4.207972967997193">
        <ele>0</ele>
        <time>2012-06-28T13:30:26Z</time>
      </trkpt>
      <trkpt lat="47.867907984182239" lon="-4.222237039357424">
        <ele>0</ele>
        <time>2012-06-28T13:33:26Z</time>
      </trkpt>
      <trkpt lat="47.871139962226152" lon="-4.214978981763125">
        <ele>0</ele>
        <time>2012-06-28T13:36:26Z</time>
      </trkpt>
      <trkpt lat="47.873027985915542" lon="-4.20274299569428">
        <ele>0</ele>
        <time>2012-06-28T13:38:46Z</time>
      </trkpt>
      <trkpt lat="47.878471026197076" lon="-4.201846970245242">
        <ele>0</ele>
        <time>2012-06-28T13:41:06Z</time>
      </trkpt>
      <trkpt lat="47.881405027583241" lon="-4.202768979594111">
        <ele>0</ele>
        <time>2012-06-28T13:41:26Z</time>
      </trkpt>
      <trkpt lat="47.881821021437645" lon="-4.197302972897887">
        <ele>0</ele>
        <time>2012-06-28T13:42:46Z</time>
      </trkpt>
      <trkpt lat="47.88359496742487" lon="-4.19825297780335">
        <ele>0</ele>
        <time>2012-06-28T13:44:06Z</time>
      </trkpt>
      <trkpt lat="47.883881041780114" lon="-4.194153975695372">
        <ele>0</ele>
        <time>2012-06-28T13:44:26Z</time>
      </trkpt>
      <trkpt lat="47.885117037221789" lon="-4.185350965708494">
        <ele>0</ele>
        <time>2012-06-28T13:44:46Z</time>
      </trkpt>
      <trkpt lat="47.879569977521896" lon="-4.182494999840856">
        <ele>0</ele>
        <time>2012-06-28T13:50:06Z</time>
      </trkpt>
      <trkpt lat="47.881839964538813" lon="-4.181166971102357">
        <ele>0</ele>
        <time>2012-06-28T13:52:46Z</time>
      </trkpt>
      <trkpt lat="47.876979969441891" lon="-4.166081976145506">
        <ele>0</ele>
        <time>2012-06-28T13:55:26Z</time>
      </trkpt>
      <trkpt lat="47.849216004833579" lon="-4.164209961891174">
        <ele>0</ele>
        <time>2012-06-28T14:05:26Z</time>
      </trkpt>
      <trkpt lat="47.859511999413371" lon="-4.142038989812136">
        <ele>0</ele>
        <time>2012-06-28T14:10:46Z</time>
      </trkpt>
      <trkpt lat="47.865658029913902" lon="-4.121262012049556">
        <ele>0</ele>
        <time>2012-06-28T14:12:46Z</time>
      </trkpt>
      <trkpt lat="47.862522024661303" lon="-4.113617967814207">
        <ele>0</ele>
        <time>2012-06-28T14:16:26Z</time>
      </trkpt>
      <trkpt lat="47.868908029049635" lon="-4.113547978922725">
        <ele>0</ele>
        <time>2012-06-28T14:22:26Z</time>
      </trkpt>
      <trkpt lat="47.8766980022192" lon="-4.123451029881835">
        <ele>0</ele>
        <time>2012-06-28T14:30:06Z</time>
      </trkpt>
      <trkpt lat="47.874989015981555" lon="-4.130343971773982">
        <ele>0</ele>
        <time>2012-06-28T14:33:06Z</time>
      </trkpt>
      <trkpt lat="47.87777298130095" lon="-4.134286986663938">
        <ele>0</ele>
        <time>2012-06-28T14:33:46Z</time>
      </trkpt>
      <trkpt lat="47.879131017252803" lon="-4.130547987297177">
        <ele>0</ele>
        <time>2012-06-28T14:34:46Z</time>
      </trkpt>
      <trkpt lat="47.886729966849089" lon="-4.115238022059202">
        <ele>0</ele>
        <time>2012-06-28T14:36:06Z</time>
      </trkpt>
      <trkpt lat="47.881172010675073" lon="-4.104901039972901">
        <ele>0</ele>
        <time>2012-06-28T14:36:26Z</time>
      </trkpt>
      <trkpt lat="47.882092008367181" lon="-4.111585021018982">
        <ele>0</ele>
        <time>2012-06-28T14:40:06Z</time>
      </trkpt>
      <trkpt lat="47.880268022418022" lon="-4.115925002843142">
        <ele>0</ele>
        <time>2012-06-28T14:43:26Z</time>
      </trkpt>
      <trkpt lat="47.873768024146557" lon="-4.113581003621221">
        <ele>0</ele>
        <time>2012-06-28T14:47:46Z</time>
      </trkpt>
      <trkpt lat="47.870421968400478" lon="-4.101446019485593">
        <ele>0</ele>
        <time>2012-06-28T14:51:26Z</time>
      </trkpt>
      <trkpt lat="47.86361301317811" lon="-4.098779987543821">
        <ele>0</ele>
        <time>2012-06-28T14:54:46Z</time>
      </trkpt>
      <trkpt lat="47.861251998692751" lon="-4.091090010479093">
        <ele>0</ele>
        <time>2012-06-28T14:58:06Z</time>
      </trkpt>
      <trkpt lat="47.877688994631171" lon="-4.087889967486262">
        <ele>0</ele>
        <time>2012-06-28T15:07:06Z</time>
      </trkpt>
      <trkpt lat="47.876307992264628" lon="-4.07310001552105">
        <ele>0</ele>
        <time>2012-06-28T15:11:26Z</time>
      </trkpt>
      <trkpt lat="47.872279984876513" lon="-4.069739961996675">
        <ele>0</ele>
        <time>2012-06-28T15:12:26Z</time>
      </trkpt>
      <trkpt lat="47.87078901194036" lon="-4.062690027058125">
        <ele>0</ele>
        <time>2012-06-28T15:13:46Z</time>
      </trkpt>
      <trkpt lat="47.867901027202606" lon="-4.064070023596287">
        <ele>0</ele>
        <time>2012-06-28T15:15:46Z</time>
      </trkpt>
      <trkpt lat="47.866309974342585" lon="-4.058339986950159">
        <ele>0</ele>
        <time>2012-06-28T15:19:06Z</time>
      </trkpt>
      <trkpt lat="47.860770961269736" lon="-4.056039992719889">
        <ele>0</ele>
        <time>2012-06-28T15:21:46Z</time>
      </trkpt>
      <trkpt lat="47.860747994855046" lon="-4.052329994738102">
        <ele>0</ele>
        <time>2012-06-28T15:23:26Z</time>
      </trkpt>
      <trkpt lat="47.854321002960205" lon="-4.052130002528429">
        <ele>0</ele>
        <time>2012-06-28T15:26:26Z</time>
      </trkpt>
      <trkpt lat="47.844528006389737" lon="-4.040430039167404">
        <ele>0</ele>
        <time>2012-06-28T15:31:06Z</time>
      </trkpt>
      <trkpt lat="47.850842010229826" lon="-4.026969959959388">
        <ele>0</ele>
        <time>2012-06-28T15:33:26Z</time>
      </trkpt>
      <trkpt lat="47.854621997103095" lon="-3.980769999325275">
        <ele>0</ele>
        <time>2012-06-28T15:42:06Z</time>
      </trkpt>
      <trkpt lat="47.884139958769083" lon="-3.989439988508821">
        <ele>0</ele>
        <time>2012-06-28T16:06:06Z</time>
      </trkpt>
      <trkpt lat="47.888592006638646" lon="-3.981750011444092">
        <ele>0</ele>
        <time>2012-06-28T16:07:26Z</time>
      </trkpt>
      <trkpt lat="47.890899963676929" lon="-3.987520029768348">
        <ele>0</ele>
        <time>2012-06-28T16:09:46Z</time>
      </trkpt>
      <trkpt lat="47.897071978077292" lon="-3.992320010438561">
        <ele>0</ele>
        <time>2012-06-28T16:13:46Z</time>
      </trkpt>
      <trkpt lat="47.894038986414671" lon="-3.982010018080473">
        <ele>0</ele>
        <time>2012-06-28T16:19:46Z</time>
      </trkpt>
      <trkpt lat="47.902431031689048" lon="-3.979610027745366">
        <ele>0</ele>
        <time>2012-06-28T16:25:46Z</time>
      </trkpt>
      <trkpt lat="47.901852009817958" lon="-3.973600035533309">
        <ele>0</ele>
        <time>2012-06-28T16:27:26Z</time>
      </trkpt>
      <trkpt lat="47.895870013162494" lon="-3.973110029473901">
        <ele>0</ele>
        <time>2012-06-28T16:29:26Z</time>
      </trkpt>
      <trkpt lat="47.897282028570771" lon="-3.958510011434555">
        <ele>0</ele>
        <time>2012-06-28T16:34:46Z</time>
      </trkpt>
      <trkpt lat="47.894278960302472" lon="-3.953720005229116">
        <ele>0</ele>
        <time>2012-06-28T16:39:26Z</time>
      </trkpt>
      <trkpt lat="47.905181972309947" lon="-3.946000020951033">
        <ele>0</ele>
        <time>2012-06-28T16:49:46Z</time>
      </trkpt>
      <trkpt lat="47.890700977295637" lon="-3.949540033936501">
        <ele>0</ele>
        <time>2012-06-28T16:59:06Z</time>
      </trkpt>
      <trkpt lat="47.892792010679841" lon="-3.944399999454618">
        <ele>0</ele>
        <time>2012-06-28T17:05:26Z</time>
      </trkpt>
      <trkpt lat="47.883929992094636" lon="-3.940999964252114">
        <ele>0</ele>
        <time>2012-06-28T17:14:06Z</time>
      </trkpt>
      <trkpt lat="47.882599029690027" lon="-3.934180028736591">
        <ele>0</ele>
        <time>2012-06-28T17:17:26Z</time>
      </trkpt>
      <trkpt lat="47.87498096935451" lon="-3.928619977086783">
        <ele>0</ele>
        <time>2012-06-28T17:20:46Z</time>
      </trkpt>
      <trkpt lat="47.871360993012786" lon="-3.929609963670373">
        <ele>0</ele>
        <time>2012-06-28T17:22:06Z</time>
      </trkpt>
      <trkpt lat="47.86954103037715" lon="-3.9191800262779">
        <ele>0</ele>
        <time>2012-06-28T17:25:26Z</time>
      </trkpt>
      <trkpt lat="47.872996972873807" lon="-3.910103011876345">
        <ele>0</ele>
        <time>2012-06-28T17:31:26Z</time>
      </trkpt>
      <trkpt lat="47.862810278311372" lon="-3.907283758744597">
        <ele>8.109375</ele>
      </trkpt>
      <trkpt lat="47.8605190012604" lon="-3.904129983857274">
        <ele>0</ele>
        <time>2012-06-28T16:27:11Z</time>
      </trkpt>
      <trkpt lat="47.86393404006958" lon="-3.897749008610845">
        <ele>0</ele>
        <time>2012-06-28T16:30:51Z</time>
      </trkpt>
      <trkpt lat="47.858958961442113" lon="-3.896070029586554">
        <ele>0</ele>
        <time>2012-06-28T16:34:31Z</time>
      </trkpt>
      <trkpt lat="47.858645981177688" lon="-3.897062027826905">
        <ele>0</ele>
        <time>2012-06-28T16:34:51Z</time>
      </trkpt>
      <trkpt lat="47.85572798922658" lon="-3.905892027541995">
        <ele>0</ele>
        <time>2012-06-28T16:37:11Z</time>
      </trkpt>
      <trkpt lat="47.849399987608194" lon="-3.902790974825621">
        <ele>0</ele>
        <time>2012-06-28T16:42:11Z</time>
      </trkpt>
      <trkpt lat="47.849663011729717" lon="-3.896456016227603">
        <ele>0</ele>
        <time>2012-06-28T16:47:11Z</time>
      </trkpt>
      <trkpt lat="47.854038029909134" lon="-3.897801982238889">
        <ele>0</ele>
        <time>2012-06-28T16:50:51Z</time>
      </trkpt>
      <trkpt lat="47.852702960371971" lon="-3.893232000991702">
        <ele>0</ele>
        <time>2012-06-28T16:54:11Z</time>
      </trkpt>
      <trkpt lat="47.857181997969747" lon="-3.885822985321283">
        <ele>0</ele>
        <time>2012-06-28T17:04:31Z</time>
      </trkpt>
      <trkpt lat="47.852371037006378" lon="-3.888306962326169">
        <ele>0</ele>
        <time>2012-06-28T17:11:11Z</time>
      </trkpt>
      <trkpt lat="47.849509958177805" lon="-3.894695984199643">
        <ele>0</ele>
        <time>2012-06-28T17:13:31Z</time>
      </trkpt>
      <trkpt lat="47.849631998687983" lon="-3.886837027966976">
        <ele>0</ele>
        <time>2012-06-28T17:18:31Z</time>
      </trkpt>
      <trkpt lat="47.847813041880727" lon="-3.891026973724365">
        <ele>0</ele>
        <time>2012-06-28T17:22:11Z</time>
      </trkpt>
      <trkpt lat="47.844008998945355" lon="-3.889740016311407">
        <ele>0</ele>
        <time>2012-06-28T17:24:31Z</time>
      </trkpt>
      <trkpt lat="47.842201022431254" lon="-3.893944965675473">
        <ele>0</ele>
        <time>2012-06-28T17:28:51Z</time>
      </trkpt>
      <trkpt lat="47.846518959850073" lon="-3.893038965761662">
        <ele>0</ele>
        <time>2012-06-28T17:32:51Z</time>
      </trkpt>
      <trkpt lat="47.846820959821343" lon="-3.898237003013492">
        <ele>0</ele>
        <time>2012-06-28T17:35:31Z</time>
      </trkpt>
      <trkpt lat="47.834411971271038" lon="-3.901642989367247">
        <ele>0</ele>
        <time>2012-06-28T17:49:51Z</time>
      </trkpt>
      <trkpt lat="47.833419973030686" lon="-3.893113983795047">
        <ele>0</ele>
        <time>2012-06-28T17:53:31Z</time>
      </trkpt>
      <trkpt lat="47.814575023949146" lon="-3.870556019246578">
        <ele>0</ele>
        <time>2012-06-28T18:03:11Z</time>
      </trkpt>
      <trkpt lat="47.802479015663266" lon="-3.851179992780089">
        <ele>0</ele>
        <time>2012-06-28T18:06:51Z</time>
      </trkpt>
      <trkpt lat="47.793139982968569" lon="-3.852698039263487">
        <ele>0</ele>
        <time>2012-06-28T18:11:51Z</time>
      </trkpt>
      <trkpt lat="47.792686019092798" lon="-3.84638998657465">
        <ele>0</ele>
        <time>2012-06-28T18:13:11Z</time>
      </trkpt>
      <trkpt lat="47.798553016036749" lon="-3.8390620239079">
        <ele>0</ele>
        <time>2012-06-28T18:16:31Z</time>
      </trkpt>
      <trkpt lat="47.796977972611785" lon="-3.830440985038877">
        <ele>0</ele>
        <time>2012-06-28T18:19:11Z</time>
      </trkpt>
      <trkpt lat="47.793575003743172" lon="-3.82819396443665">
        <ele>0</ele>
        <time>2012-06-28T18:22:51Z</time>
      </trkpt>
      <trkpt lat="47.796955006197095" lon="-3.827259968966246">
        <ele>0</ele>
        <time>2012-06-28T18:25:11Z</time>
      </trkpt>
      <trkpt lat="47.794158970937133" lon="-3.810802018269897">
        <ele>0</ele>
        <time>2012-06-28T18:32:51Z</time>
      </trkpt>
      <trkpt lat="47.789287995547056" lon="-3.806731011718512">
        <ele>0</ele>
        <time>2012-06-28T18:36:11Z</time>
      </trkpt>
      <trkpt lat="47.787926020100713" lon="-3.800186002627015">
        <ele>0</ele>
        <time>2012-06-28T18:38:11Z</time>
      </trkpt>
      <trkpt lat="47.791985040530562" lon="-3.788626017048955">
        <ele>0</ele>
        <time>2012-06-28T18:43:31Z</time>
      </trkpt>
      <trkpt lat="47.791171995922923" lon="-3.767629014328122">
        <ele>0</ele>
        <time>2012-06-28T18:52:51Z</time>
      </trkpt>
      <trkpt lat="47.794417971745133" lon="-3.766696024686098">
        <ele>0</ele>
        <time>2012-06-28T18:55:11Z</time>
      </trkpt>
      <trkpt lat="47.791240978986025" lon="-3.764786040410399">
        <ele>0</ele>
        <time>2012-06-28T18:57:11Z</time>
      </trkpt>
      <trkpt lat="47.79122899286449" lon="-3.758750986307859">
        <ele>0</ele>
        <time>2012-06-28T18:59:11Z</time>
      </trkpt>
      <trkpt lat="47.800384964793921" lon="-3.73840400017798">
        <ele>0</ele>
        <time>2012-06-28T19:09:31Z</time>
      </trkpt>
      <trkpt lat="47.814208986237645" lon="-3.745480002835393">
        <ele>0</ele>
        <time>2012-06-28T19:21:11Z</time>
      </trkpt>
      <trkpt lat="47.814388023689389" lon="-3.752000033855438">
        <ele>0</ele>
        <time>2012-06-28T19:25:51Z</time>
      </trkpt>
      <trkpt lat="47.81729101203382" lon="-3.754939986392856">
        <ele>0</ele>
        <time>2012-06-28T19:30:11Z</time>
      </trkpt>
      <trkpt lat="47.816570000723004" lon="-3.759100008755922">
        <ele>0</ele>
        <time>2012-06-28T19:32:51Z</time>
      </trkpt>
      <trkpt lat="47.817790992558002" lon="-3.75643003731966">
        <ele>0</ele>
        <time>2012-06-28T19:34:51Z</time>
      </trkpt>
      <trkpt lat="47.821250958368182" lon="-3.756310008466244">
        <ele>0</ele>
        <time>2012-06-28T19:36:11Z</time>
      </trkpt>
      <trkpt lat="47.82103001140058" lon="-3.748620031401515">
        <ele>0</ele>
        <time>2012-06-28T19:39:11Z</time>
      </trkpt>
      <trkpt lat="47.826301977038383" lon="-3.746690014377236">
        <ele>0</ele>
        <time>2012-06-28T19:44:31Z</time>
      </trkpt>
      <trkpt lat="47.825649026781321" lon="-3.753339964896441">
        <ele>0</ele>
        <time>2012-06-28T19:45:31Z</time>
      </trkpt>
      <trkpt lat="47.838718006387353" lon="-3.758809994906187">
        <ele>0</ele>
        <time>2012-06-28T19:54:11Z</time>
      </trkpt>
      <trkpt lat="47.851250041276217" lon="-3.747269958257675">
        <ele>0</ele>
        <time>2012-06-28T20:06:11Z</time>
      </trkpt>
      <trkpt lat="47.846371019259095" lon="-3.750439994037151">
        <ele>0</ele>
        <time>2012-06-28T20:10:51Z</time>
      </trkpt>
      <trkpt lat="47.843498038128018" lon="-3.746790010482073">
        <ele>0</ele>
        <time>2012-06-28T20:12:51Z</time>
      </trkpt>
      <trkpt lat="47.843498038128018" lon="-3.742950009182096">
        <ele>0</ele>
        <time>2012-06-28T20:13:31Z</time>
      </trkpt>
      <trkpt lat="47.833590963855386" lon="-3.739470010623336">
        <ele>0</ele>
        <time>2012-06-28T20:17:11Z</time>
      </trkpt>
      <trkpt lat="47.829330023378134" lon="-3.733239993453026">
        <ele>0</ele>
        <time>2012-06-28T20:19:11Z</time>
      </trkpt>
      <trkpt lat="47.821040991693735" lon="-3.744460009038448">
        <ele>0</ele>
        <time>2012-06-28T20:22:31Z</time>
      </trkpt>
      <trkpt lat="47.803902011364698" lon="-3.734120009467006">
        <ele>0</ele>
        <time>2012-06-28T20:35:31Z</time>
      </trkpt>
      <trkpt lat="47.809848971664906" lon="-3.714639963582158">
        <ele>0</ele>
        <time>2012-06-28T20:47:31Z</time>
      </trkpt>
      <trkpt lat="47.814621040597558" lon="-3.712190017104149">
        <ele>0</ele>
        <time>2012-06-28T20:50:51Z</time>
      </trkpt>
      <trkpt lat="47.81449900008738" lon="-3.705980032682419">
        <ele>0</ele>
        <time>2012-06-28T20:54:31Z</time>
      </trkpt>
      <trkpt lat="47.819710029289126" lon="-3.70563997887075">
        <ele>0</ele>
        <time>2012-06-28T20:57:11Z</time>
      </trkpt>
      <trkpt lat="47.827628999948502" lon="-3.695810018107295">
        <ele>0</ele>
        <time>2012-06-28T21:03:51Z</time>
      </trkpt>
      <trkpt lat="47.832240974530578" lon="-3.698170026764274">
        <ele>0</ele>
        <time>2012-06-28T21:07:11Z</time>
      </trkpt>
      <trkpt lat="47.831829003989697" lon="-3.695029998198152">
        <ele>0</ele>
        <time>2012-06-28T21:08:51Z</time>
      </trkpt>
      <trkpt lat="47.827338986098766" lon="-3.692820025607944">
        <ele>0</ele>
        <time>2012-06-28T21:12:31Z</time>
      </trkpt>
      <trkpt lat="47.821362018585205" lon="-3.696409994736314">
        <ele>0</ele>
        <time>2012-06-28T21:17:11Z</time>
      </trkpt>
      <trkpt lat="47.824229970574379" lon="-3.675379967316985">
        <ele>0</ele>
        <time>2012-06-28T21:28:11Z</time>
      </trkpt>
      <trkpt lat="47.828589985147119" lon="-3.673169994726777">
        <ele>0</ele>
        <time>2012-06-28T21:31:51Z</time>
      </trkpt>
      <trkpt lat="47.82135003246367" lon="-3.650989970192313">
        <ele>0</ele>
        <time>2012-06-28T21:36:11Z</time>
      </trkpt>
      <trkpt lat="47.818969991058111" lon="-3.652840023860335">
        <ele>0</ele>
        <time>2012-06-28T21:37:11Z</time>
      </trkpt>
      <trkpt lat="47.819550018757582" lon="-3.661529961973429">
        <ele>0</ele>
        <time>2012-06-28T21:41:31Z</time>
      </trkpt>
      <trkpt lat="47.821980016306043" lon="-3.661370035260916">
        <ele>0</ele>
        <time>2012-06-28T21:41:51Z</time>
      </trkpt>
      <trkpt lat="47.824401967227459" lon="-3.671539966017008">
        <ele>0</ele>
        <time>2012-06-28T21:47:11Z</time>
      </trkpt>
      <trkpt lat="47.818272029981017" lon="-3.685219986364245">
        <ele>0</ele>
        <time>2012-06-28T21:55:31Z</time>
      </trkpt>
      <trkpt lat="47.816951964050531" lon="-3.699520016089082">
        <ele>0</ele>
        <time>2012-06-28T22:02:31Z</time>
      </trkpt>
      <trkpt lat="47.813159991055727" lon="-3.7014099676162">
        <ele>0</ele>
        <time>2012-06-28T22:04:51Z</time>
      </trkpt>
      <trkpt lat="47.808471992611885" lon="-3.69870001450181">
        <ele>0</ele>
        <time>2012-06-28T22:08:11Z</time>
      </trkpt>
      <trkpt lat="47.808989994227886" lon="-3.702319990843535">
        <ele>0</ele>
        <time>2012-06-28T22:10:11Z</time>
      </trkpt>
      <trkpt lat="47.811679998412728" lon="-3.702459968626499">
        <ele>0</ele>
        <time>2012-06-28T22:11:11Z</time>
      </trkpt>
      <trkpt lat="47.812363039702177" lon="-3.708469960838556">
        <ele>0</ele>
        <time>2012-06-28T22:13:31Z</time>
      </trkpt>
      <trkpt lat="47.807251000776887" lon="-3.712610034272075">
        <ele>0</ele>
        <time>2012-06-28T22:16:31Z</time>
      </trkpt>
      <trkpt lat="47.803035993129015" lon="-3.72179601341486">
        <ele>0</ele>
        <time>2012-06-28T22:19:51Z</time>
      </trkpt>
      <trkpt lat="47.798259984701872" lon="-3.720000023022294">
        <ele>0</ele>
        <time>2012-06-28T22:24:31Z</time>
      </trkpt>
      <trkpt lat="47.775921039283276" lon="-3.677460020408034">
        <ele>0</ele>
        <time>2012-06-28T22:59:11Z</time>
      </trkpt>
      <trkpt lat="47.777252001687884" lon="-3.673054995015264">
        <ele>0</ele>
        <time>2012-06-28T23:02:11Z</time>
      </trkpt>
      <trkpt lat="47.786597991362214" lon="-3.6695889942348">
        <ele>0</ele>
        <time>2012-06-28T23:11:11Z</time>
      </trkpt>
      <trkpt lat="47.781447982415557" lon="-3.668590039014816">
        <ele>0</ele>
        <time>2012-06-28T23:18:31Z</time>
      </trkpt>
      <trkpt lat="47.782859997823834" lon="-3.663301980122924">
        <ele>0</ele>
        <time>2012-06-28T23:22:31Z</time>
      </trkpt>
      <trkpt lat="47.780108973383904" lon="-3.661059988662601">
        <ele>0</ele>
        <time>2012-06-28T23:25:31Z</time>
      </trkpt>
      <trkpt lat="47.779738996177912" lon="-3.652020022273064">
        <ele>0</ele>
        <time>2012-06-28T23:31:31Z</time>
      </trkpt>
      <trkpt lat="47.791191022843122" lon="-3.642579987645149">
        <ele>0</ele>
        <time>2012-06-28T23:43:51Z</time>
      </trkpt>
      <trkpt lat="47.792819961905479" lon="-3.63837000913918">
        <ele>0</ele>
        <time>2012-06-28T23:45:51Z</time>
      </trkpt>
      <trkpt lat="47.781650992110372" lon="-3.648870019242168">
        <ele>0</ele>
        <time>2012-06-28T23:54:11Z</time>
      </trkpt>
      <trkpt lat="47.774287993088365" lon="-3.6453300062567">
        <ele>0</ele>
        <time>2012-06-29T00:01:31Z</time>
      </trkpt>
      <trkpt lat="47.77737001888454" lon="-3.639190010726452">
        <ele>0</ele>
        <time>2012-06-29T00:04:31Z</time>
      </trkpt>
      <trkpt lat="47.774066962301731" lon="-3.639017008244991">
        <ele>0</ele>
        <time>2012-06-29T00:07:51Z</time>
      </trkpt>
      <trkpt lat="47.774341972544789" lon="-3.627159968018532">
        <ele>0</ele>
        <time>2012-06-29T00:15:51Z</time>
      </trkpt>
      <trkpt lat="47.770400969311595" lon="-3.626469969749451">
        <ele>0</ele>
        <time>2012-06-29T00:20:11Z</time>
      </trkpt>
      <trkpt lat="47.772757960483432" lon="-3.620610013604164">
        <ele>0</ele>
        <time>2012-06-29T00:24:11Z</time>
      </trkpt>
      <trkpt lat="47.769080987200141" lon="-3.612999999895692">
        <ele>0</ele>
        <time>2012-06-29T00:29:51Z</time>
      </trkpt>
      <trkpt lat="47.772963987663388" lon="-3.609379017725587">
        <ele>0</ele>
        <time>2012-06-29T00:35:51Z</time>
      </trkpt>
      <trkpt lat="47.773907035589218" lon="-3.6107839923352">
        <ele>0</ele>
        <time>2012-06-29T00:36:31Z</time>
      </trkpt>
      <trkpt lat="47.777480995282531" lon="-3.604512987658382">
        <ele>0</ele>
        <time>2012-06-29T00:40:31Z</time>
      </trkpt>
      <trkpt lat="47.771499082446098" lon="-3.608079655095935">
        <ele>13.5390625</ele>
      </trkpt>
      <trkpt lat="47.767159016802907" lon="-3.580330023542047">
        <ele>0</ele>
        <time>2012-06-28T16:59:13Z</time>
      </trkpt>
      <trkpt lat="47.770328968763351" lon="-3.573430040851235">
        <ele>0</ele>
        <time>2012-06-28T17:06:53Z</time>
      </trkpt>
      <trkpt lat="47.769161034375429" lon="-3.562749987468123">
        <ele>0</ele>
        <time>2012-06-28T17:12:53Z</time>
      </trkpt>
      <trkpt lat="47.765758987516165" lon="-3.560080016031861">
        <ele>0</ele>
        <time>2012-06-28T17:16:33Z</time>
      </trkpt>
      <trkpt lat="47.766918037086725" lon="-3.555480027571321">
        <ele>0</ele>
        <time>2012-06-28T17:19:13Z</time>
      </trkpt>
      <trkpt lat="47.76405000127852" lon="-3.554179994389415">
        <ele>0</ele>
        <time>2012-06-28T17:20:53Z</time>
      </trkpt>
      <trkpt lat="47.766738999634981" lon="-3.54692998342216">
        <ele>0</ele>
        <time>2012-06-28T17:24:13Z</time>
      </trkpt>
      <trkpt lat="47.762797996401787" lon="-3.539360035210848">
        <ele>0</ele>
        <time>2012-06-28T17:29:33Z</time>
      </trkpt>
      <trkpt lat="47.77088200673461" lon="-3.53188999928534">
        <ele>0</ele>
        <time>2012-06-28T17:40:13Z</time>
      </trkpt>
      <trkpt lat="47.774360999464989" lon="-3.53362999856472">
        <ele>0</ele>
        <time>2012-06-28T17:42:13Z</time>
      </trkpt>
      <trkpt lat="47.774699963629246" lon="-3.536629965528846">
        <ele>0</ele>
        <time>2012-06-28T17:43:13Z</time>
      </trkpt>
      <trkpt lat="47.786129023879766" lon="-3.528389967978001">
        <ele>0</ele>
        <time>2012-06-28T17:53:53Z</time>
      </trkpt>
      <trkpt lat="47.790561961010098" lon="-3.532010028138757">
        <ele>0</ele>
        <time>2012-06-28T17:56:33Z</time>
      </trkpt>
      <trkpt lat="47.797168996185064" lon="-3.527789991348982">
        <ele>0</ele>
        <time>2012-06-28T18:00:53Z</time>
      </trkpt>
      <trkpt lat="47.798461988568306" lon="-3.522862019017339">
        <ele>0</ele>
        <time>2012-06-28T18:02:53Z</time>
      </trkpt>
      <trkpt lat="47.784790014848113" lon="-3.524289960041642">
        <ele>0</ele>
        <time>2012-06-28T18:11:33Z</time>
      </trkpt>
      <trkpt lat="47.782391030341387" lon="-3.52965303696692">
        <ele>0</ele>
        <time>2012-06-28T18:14:33Z</time>
      </trkpt>
      <trkpt lat="47.771629001945257" lon="-3.527359999716282">
        <ele>0</ele>
        <time>2012-06-28T18:20:53Z</time>
      </trkpt>
      <trkpt lat="47.769839968532324" lon="-3.517470024526119">
        <ele>0</ele>
        <time>2012-06-28T18:24:13Z</time>
      </trkpt>
      <trkpt lat="47.764572026208043" lon="-3.516258001327515">
        <ele>0</ele>
        <time>2012-06-28T18:25:53Z</time>
      </trkpt>
      <trkpt lat="47.761822007596493" lon="-3.51321998052299">
        <ele>0</ele>
        <time>2012-06-28T18:26:13Z</time>
      </trkpt>
      <trkpt lat="47.756469994783401" lon="-3.516230005770922">
        <ele>0</ele>
        <time>2012-06-28T18:28:33Z</time>
      </trkpt>
      <trkpt lat="47.75698103941977" lon="-3.509620036929846">
        <ele>0</ele>
        <time>2012-06-28T18:31:33Z</time>
      </trkpt>
      <trkpt lat="47.752868961542845" lon="-3.506649993360043">
        <ele>0</ele>
        <time>2012-06-28T18:33:53Z</time>
      </trkpt>
      <trkpt lat="47.753269029781222" lon="-3.503209976479411">
        <ele>0</ele>
        <time>2012-06-28T18:34:13Z</time>
      </trkpt>
      <trkpt lat="47.750251963734627" lon="-3.505729995667934">
        <ele>0</ele>
        <time>2012-06-28T18:35:53Z</time>
      </trkpt>
      <trkpt lat="47.747004982084036" lon="-3.49948899820447">
        <ele>0</ele>
        <time>2012-06-28T18:39:33Z</time>
      </trkpt>
      <trkpt lat="47.745521971955895" lon="-3.503450034186244">
        <ele>0</ele>
        <time>2012-06-28T18:41:13Z</time>
      </trkpt>
      <trkpt lat="47.740909997373819" lon="-3.502579992637038">
        <ele>0</ele>
        <time>2012-06-28T18:42:33Z</time>
      </trkpt>
      <trkpt lat="47.737739961594343" lon="-3.485790034756064">
        <ele>0</ele>
        <time>2012-06-28T18:53:13Z</time>
      </trkpt>
      <trkpt lat="47.732921959832311" lon="-3.483769996091723">
        <ele>0</ele>
        <time>2012-06-28T18:56:33Z</time>
      </trkpt>
      <trkpt lat="47.72483803331852" lon="-3.489659959450364">
        <ele>0</ele>
        <time>2012-06-28T19:01:53Z</time>
      </trkpt>
      <trkpt lat="47.716541038826108" lon="-3.483400018885732">
        <ele>0</ele>
        <time>2012-06-28T19:06:13Z</time>
      </trkpt>
      <trkpt lat="47.715187026187778" lon="-3.475977005437017">
        <ele>0</ele>
        <time>2012-06-28T19:09:33Z</time>
      </trkpt>
      <trkpt lat="47.710719974711537" lon="-3.476340025663376">
        <ele>0</ele>
        <time>2012-06-28T19:12:13Z</time>
      </trkpt>
      <trkpt lat="47.711449032649398" lon="-3.471640041097999">
        <ele>0</ele>
        <time>2012-06-28T19:15:13Z</time>
      </trkpt>
      <trkpt lat="47.707489002496004" lon="-3.469429984688759">
        <ele>0</ele>
        <time>2012-06-28T19:18:13Z</time>
      </trkpt>
      <trkpt lat="47.706139013171196" lon="-3.462088024243712">
        <ele>0</ele>
        <time>2012-06-28T19:22:33Z</time>
      </trkpt>
      <trkpt lat="47.695843018591404" lon="-3.451788006350398">
        <ele>0</ele>
        <time>2012-06-28T19:34:53Z</time>
      </trkpt>
      <trkpt lat="47.704207990318537" lon="-3.423383999615908">
        <ele>0</ele>
        <time>2012-06-28T19:53:13Z</time>
      </trkpt>
      <trkpt lat="47.701083971187472" lon="-3.420604979619384">
        <ele>0</ele>
        <time>2012-06-28T19:54:53Z</time>
      </trkpt>
      <trkpt lat="47.70290401764214" lon="-3.3933109883219">
        <ele>0</ele>
        <time>2012-06-28T20:05:13Z</time>
      </trkpt>
      <trkpt lat="47.709465036168694" lon="-3.392060995101929">
        <ele>0</ele>
        <time>2012-06-28T20:09:53Z</time>
      </trkpt>
      <trkpt lat="47.708503967151046" lon="-3.389218021184206">
        <ele>0</ele>
        <time>2012-06-28T20:10:13Z</time>
      </trkpt>
      <trkpt lat="47.710288977250457" lon="-3.389844987541437">
        <ele>0</ele>
        <time>2012-06-28T20:10:53Z</time>
      </trkpt>
      <trkpt lat="47.721114959567785" lon="-3.375548981130123">
        <ele>0</ele>
        <time>2012-06-28T20:17:13Z</time>
      </trkpt>
      <trkpt lat="47.726668976247311" lon="-3.376504015177488">
        <ele>0</ele>
        <time>2012-06-28T20:18:13Z</time>
      </trkpt>
      <trkpt lat="47.732227016240358" lon="-3.385677002370358">
        <ele>0</ele>
        <time>2012-06-28T20:22:33Z</time>
      </trkpt>
      <trkpt lat="47.728118961676955" lon="-3.369906032457948">
        <ele>0</ele>
        <time>2012-06-28T20:26:33Z</time>
      </trkpt>
      <trkpt lat="47.723792977631092" lon="-3.350487006828189">
        <ele>0</ele>
        <time>2012-06-28T20:26:53Z</time>
      </trkpt>
      <trkpt lat="47.724522035568953" lon="-3.317387960851193">
        <ele>0</ele>
        <time>2012-06-28T20:32:13Z</time>
      </trkpt>
      <trkpt lat="47.719523990526795" lon="-3.297646986320615">
        <ele>0</ele>
        <time>2012-06-28T20:36:33Z</time>
      </trkpt>
      <trkpt lat="47.724159015342593" lon="-3.284322023391724">
        <ele>0</ele>
        <time>2012-06-28T20:39:33Z</time>
      </trkpt>
      <trkpt lat="47.718776995316148" lon="-3.283248972147703">
        <ele>0</ele>
        <time>2012-06-28T20:41:33Z</time>
      </trkpt>
      <trkpt lat="47.719685006886721" lon="-3.279360020533204">
        <ele>0</ele>
        <time>2012-06-28T20:41:53Z</time>
      </trkpt>
      <trkpt lat="47.713233958929777" lon="-3.282723007723689">
        <ele>0</ele>
        <time>2012-06-28T20:43:53Z</time>
      </trkpt>
      <trkpt lat="47.706573028117418" lon="-3.2775470148772">
        <ele>0</ele>
        <time>2012-06-28T20:47:13Z</time>
      </trkpt>
      <trkpt lat="47.699218997731805" lon="-3.28238002024591">
        <ele>0</ele>
        <time>2012-06-28T20:50:33Z</time>
      </trkpt>
      <trkpt lat="47.695610001683235" lon="-3.266983972862363">
        <ele>0</ele>
        <time>2012-06-28T20:52:13Z</time>
      </trkpt>
      <trkpt lat="47.690910017117858" lon="-3.269886039197445">
        <ele>0</ele>
        <time>2012-06-28T20:52:53Z</time>
      </trkpt>
      <trkpt lat="47.692485982552171" lon="-3.265664996579289">
        <ele>0</ele>
        <time>2012-06-28T20:54:13Z</time>
      </trkpt>
      <trkpt lat="47.68973495811224" lon="-3.260127995163202">
        <ele>0</ele>
        <time>2012-06-28T20:55:13Z</time>
      </trkpt>
      <trkpt lat="47.687229020521045" lon="-3.260583970695734">
        <ele>0</ele>
        <time>2012-06-28T20:56:53Z</time>
      </trkpt>
      <trkpt lat="47.688221018761396" lon="-3.257473027333617">
        <ele>0</ele>
        <time>2012-06-28T20:57:33Z</time>
      </trkpt>
      <trkpt lat="47.684624008834362" lon="-3.249613987281919">
        <ele>0</ele>
        <time>2012-06-28T20:58:13Z</time>
      </trkpt>
      <trkpt lat="47.671597022563219" lon="-3.242908967658877">
        <ele>0</ele>
        <time>2012-06-28T21:02:53Z</time>
      </trkpt>
      <trkpt lat="47.671036021783948" lon="-3.221129011362791">
        <ele>0</ele>
        <time>2012-06-28T21:04:53Z</time>
      </trkpt>
      <trkpt lat="47.668602000921965" lon="-3.220704970881343">
        <ele>0</ele>
        <time>2012-06-28T21:05:53Z</time>
      </trkpt>
      <trkpt lat="47.667942009866238" lon="-3.215395035222173">
        <ele>0</ele>
        <time>2012-06-28T21:08:53Z</time>
      </trkpt>
      <trkpt lat="47.674376964569092" lon="-3.217379031702876">
        <ele>0</ele>
        <time>2012-06-28T21:15:13Z</time>
      </trkpt>
      <trkpt lat="47.671680003404617" lon="-3.206312991678715">
        <ele>0</ele>
        <time>2012-06-28T21:19:53Z</time>
      </trkpt>
      <trkpt lat="47.676635971292853" lon="-3.208436965942383">
        <ele>0</ele>
        <time>2012-06-28T21:23:53Z</time>
      </trkpt>
      <trkpt lat="47.676898995414376" lon="-3.187854029238224">
        <ele>0</ele>
        <time>2012-06-28T21:32:33Z</time>
      </trkpt>
      <trkpt lat="47.680958015844226" lon="-3.189816987141967">
        <ele>0</ele>
        <time>2012-06-28T21:34:33Z</time>
      </trkpt>
      <trkpt lat="47.685059029608965" lon="-3.185477005317807">
        <ele>0</ele>
        <time>2012-06-28T21:37:53Z</time>
      </trkpt>
      <trkpt lat="47.680476978421211" lon="-3.182918010279536">
        <ele>0</ele>
        <time>2012-06-28T21:41:53Z</time>
      </trkpt>
      <trkpt lat="47.681190026924014" lon="-3.177470024675131">
        <ele>0</ele>
        <time>2012-06-28T21:43:13Z</time>
      </trkpt>
      <trkpt lat="47.683262033388019" lon="-3.171340003609657">
        <ele>0</ele>
        <time>2012-06-28T21:45:13Z</time>
      </trkpt>
      <trkpt lat="47.678767992183566" lon="-3.1589699909091">
        <ele>0</ele>
        <time>2012-06-28T21:52:33Z</time>
      </trkpt>
      <trkpt lat="47.675128988921642" lon="-3.160170027986169">
        <ele>0</ele>
        <time>2012-06-28T21:54:33Z</time>
      </trkpt>
      <trkpt lat="47.669010031968355" lon="-3.13467001542449">
        <ele>0</ele>
        <time>2012-06-28T22:02:13Z</time>
      </trkpt>
      <trkpt lat="47.66218900680542" lon="-3.13507997430861">
        <ele>0</ele>
        <time>2012-06-28T22:03:33Z</time>
      </trkpt>
      <trkpt lat="47.660999028012156" lon="-3.129080040380359">
        <ele>0</ele>
        <time>2012-06-28T22:04:53Z</time>
      </trkpt>
      <trkpt lat="47.655720021575689" lon="-3.126490032300353">
        <ele>0</ele>
        <time>2012-06-28T22:06:53Z</time>
      </trkpt>
      <trkpt lat="47.656199969351292" lon="-3.122929986566305">
        <ele>0</ele>
        <time>2012-06-28T22:07:33Z</time>
      </trkpt>
      <trkpt lat="47.647399976849556" lon="-3.126230025663972">
        <ele>0</ele>
        <time>2012-06-28T22:10:13Z</time>
      </trkpt>
      <trkpt lat="47.646130034700036" lon="-3.141170013695955">
        <ele>0</ele>
        <time>2012-06-28T22:11:13Z</time>
      </trkpt>
      <trkpt lat="47.637118985876441" lon="-3.141140006482601">
        <ele>0</ele>
        <time>2012-06-28T22:15:53Z</time>
      </trkpt>
      <trkpt lat="47.635207995772362" lon="-3.132660035043955">
        <ele>0</ele>
        <time>2012-06-28T22:20:33Z</time>
      </trkpt>
      <trkpt lat="47.631931006908417" lon="-3.132419977337122">
        <ele>0</ele>
        <time>2012-06-28T22:21:53Z</time>
      </trkpt>
      <trkpt lat="47.63264799490571" lon="-3.122750027105212">
        <ele>0</ele>
        <time>2012-06-28T22:24:13Z</time>
      </trkpt>
      <trkpt lat="47.627799985930324" lon="-3.120850017294288">
        <ele>0</ele>
        <time>2012-06-28T22:26:13Z</time>
      </trkpt>
      <trkpt lat="47.624802030622959" lon="-3.126929998397827">
        <ele>0</ele>
        <time>2012-06-28T22:27:33Z</time>
      </trkpt>
      <trkpt lat="47.620499012991786" lon="-3.124590022489429">
        <ele>0</ele>
        <time>2012-06-28T22:29:53Z</time>
      </trkpt>
      <trkpt lat="47.61949896812439" lon="-3.130999999120832">
        <ele>0</ele>
        <time>2012-06-28T22:32:13Z</time>
      </trkpt>
      <trkpt lat="47.611621990799904" lon="-3.124799989163876">
        <ele>0</ele>
        <time>2012-06-28T22:35:33Z</time>
      </trkpt>
      <trkpt lat="47.606709022074938" lon="-3.138310024514794">
        <ele>0</ele>
        <time>2012-06-28T22:40:13Z</time>
      </trkpt>
      <trkpt lat="47.598080020397902" lon="-3.136340025812388">
        <ele>0</ele>
        <time>2012-06-28T22:43:13Z</time>
      </trkpt>
      <trkpt lat="47.594540007412434" lon="-3.130130041390657">
        <ele>0</ele>
        <time>2012-06-28T22:45:33Z</time>
      </trkpt>
      <trkpt lat="47.575030960142612" lon="-3.13245995901525">
        <ele>0</ele>
        <time>2012-06-28T22:49:33Z</time>
      </trkpt>
      <trkpt lat="47.559760976582766" lon="-3.133000005036593">
        <ele>0</ele>
        <time>2012-06-28T22:49:53Z</time>
      </trkpt>
      <trkpt lat="47.559760976582766" lon="-3.13772002235055">
        <ele>0</ele>
        <time>2012-06-28T22:51:13Z</time>
      </trkpt>
      <trkpt lat="47.540362989529967" lon="-3.136258972808719">
        <ele>0</ele>
        <time>2012-06-28T22:53:53Z</time>
      </trkpt>
      <trkpt lat="47.529758037999272" lon="-3.146864008158445">
        <ele>0</ele>
        <time>2012-06-28T22:57:33Z</time>
      </trkpt>
      <trkpt lat="47.527057975530624" lon="-3.153897011652589">
        <ele>0</ele>
        <time>2012-06-28T22:59:53Z</time>
      </trkpt>
      <trkpt lat="47.529537007212639" lon="-3.161493027582765">
        <ele>0</ele>
        <time>2012-06-28T23:02:53Z</time>
      </trkpt>
      <trkpt lat="47.523894980549812" lon="-3.158945012837648">
        <ele>0</ele>
        <time>2012-06-28T23:06:13Z</time>
      </trkpt>
      <trkpt lat="47.522625038400292" lon="-3.152749026194215">
        <ele>0</ele>
        <time>2012-06-28T23:11:53Z</time>
      </trkpt>
      <trkpt lat="47.496807016432285" lon="-3.146933997049928">
        <ele>0</ele>
        <time>2012-06-28T23:28:13Z</time>
      </trkpt>
      <trkpt lat="47.49187896028161" lon="-3.141071023419499">
        <ele>0</ele>
        <time>2012-06-28T23:29:33Z</time>
      </trkpt>
      <trkpt lat="47.484176997095346" lon="-3.142502987757325">
        <ele>0</ele>
        <time>2012-06-28T23:33:33Z</time>
      </trkpt>
      <trkpt lat="47.483143005520105" lon="-3.137395977973938">
        <ele>0</ele>
        <time>2012-06-28T23:35:53Z</time>
      </trkpt>
      <trkpt lat="47.475253958255053" lon="-3.131886972114444">
        <ele>0</ele>
        <time>2012-06-28T23:41:33Z</time>
      </trkpt>
      <trkpt lat="47.479767026379704" lon="-3.121087979525328">
        <ele>0</ele>
        <time>2012-06-28T23:44:33Z</time>
      </trkpt>
      <trkpt lat="47.472854973748326" lon="-3.109006974846125">
        <ele>0</ele>
        <time>2012-06-28T23:47:13Z</time>
      </trkpt>
      <trkpt lat="47.473318576812744" lon="-3.100354671478272">
        <ele>10</ele>
      </trkpt>
      <trkpt lat="47.472653388977051" lon="-3.089883327484131">
        <ele>0</ele>
      </trkpt>
      <trkpt lat="47.482266426086426" lon="-3.095419406890869">
        <ele>9.69140625</ele>
      </trkpt>
      <trkpt lat="47.494261264801025" lon="-3.116598129272461">
        <ele>9.484375</ele>
      </trkpt>
      <trkpt lat="47.508788108825684" lon="-3.126726150512695">
        <ele>10.78515625</ele>
      </trkpt>
      <trkpt lat="47.51762866973877" lon="-3.12809944152832">
        <ele>11.0078125</ele>
      </trkpt>
      <trkpt lat="47.525825500488281" lon="-3.128378391265869">
        <ele>2.58984375</ele>
      </trkpt>
      <trkpt lat="47.525181770324707" lon="-3.133871555328369">
        <ele>14.640625</ele>
      </trkpt>
      <trkpt lat="47.554299831390381" lon="-3.134279251098633">
        <ele>5.05859375</ele>
      </trkpt>
      <trkpt lat="47.568118572235107" lon="-3.12462329864502">
        <ele>3.0625</ele>
      </trkpt>
      <trkpt lat="47.5718092918396" lon="-3.126404285430908">
        <ele>5</ele>
      </trkpt>
      <trkpt lat="47.574126720428467" lon="-3.130652904510498">
        <ele>3.79296875</ele>
      </trkpt>
      <trkpt lat="47.598223686218262" lon="-3.128914833068848">
        <ele>8.94140625</ele>
      </trkpt>
      <trkpt lat="47.596163749694824" lon="-3.116426467895508">
        <ele>17</ele>
      </trkpt>
      <trkpt lat="47.591207027435303" lon="-3.119473457336426">
        <ele>3.7890625</ele>
      </trkpt>
      <trkpt lat="47.587687969207764" lon="-3.11063289642334">
        <ele>7.859375</ele>
      </trkpt>
      <trkpt lat="47.589340209960938" lon="-3.107521533966065">
        <ele>16</ele>
      </trkpt>
      <trkpt lat="47.589919567108154" lon="-3.104732036590576">
        <ele>15.859375</ele>
      </trkpt>
      <trkpt lat="47.580564022064209" lon="-3.099818229675293">
        <ele>4.39453125</ele>
      </trkpt>
      <trkpt lat="47.58404016494751" lon="-3.092308044433594">
        <ele>17</ele>
      </trkpt>
      <trkpt lat="47.583396434783936" lon="-3.080227375030518">
        <ele>21.59765625</ele>
      </trkpt>
      <trkpt lat="47.588117122650146" lon="-3.069713115692139">
        <ele>13.69921875</ele>
      </trkpt>
      <trkpt lat="47.585649490356445" lon="-3.047354221343994">
        <ele>18.35546875</ele>
      </trkpt>
      <trkpt lat="47.57429838180542" lon="-3.039135932922363">
        <ele>4</ele>
      </trkpt>
      <trkpt lat="47.573654651641846" lon="-3.025832176208496">
        <ele>8.6875</ele>
      </trkpt>
      <trkpt lat="47.572388648986816" lon="-3.024330139160156">
        <ele>6.01171875</ele>
      </trkpt>
      <trkpt lat="47.579276561737061" lon="-3.022270202636719">
        <ele>0.1953125</ele>
      </trkpt>
      <trkpt lat="47.58204460144043" lon="-3.026905059814453">
        <ele>4.8984375</ele>
      </trkpt>
      <trkpt lat="47.59002685546875" lon="-3.028836250305176">
        <ele>2.12890625</ele>
      </trkpt>
      <trkpt lat="47.592880725860596" lon="-3.025038242340088">
        <ele>5.53515625</ele>
      </trkpt>
      <trkpt lat="47.590477466583252" lon="-3.021047115325928">
        <ele>17.12109375</ele>
      </trkpt>
      <trkpt lat="47.589898109436035" lon="-3.005125522613525">
        <ele>18</ele>
      </trkpt>
      <trkpt lat="47.591099739074707" lon="-2.994804382324219">
        <ele>4.4375</ele>
      </trkpt>
      <trkpt lat="47.588481903076172" lon="-2.991178035736084">
        <ele>12.96484375</ele>
      </trkpt>
      <trkpt lat="47.586808204650879" lon="-2.989482879638672">
        <ele>9.6953125</ele>
      </trkpt>
      <trkpt lat="47.589426040649414" lon="-2.987444400787354">
        <ele>12</ele>
      </trkpt>
      <trkpt lat="47.588953971862793" lon="-2.981328964233398">
        <ele>4</ele>
      </trkpt>
      <trkpt lat="47.582323551177979" lon="-2.964870929718018">
        <ele>10</ele>
      </trkpt>
      <trkpt lat="47.592751979827881" lon="-2.966630458831787">
        <ele>10.375</ele>
      </trkpt>
      <trkpt lat="47.612085342407227" lon="-2.996499538421631">
        <ele>15.9453125</ele>
      </trkpt>
      <trkpt lat="47.617278099060059" lon="-3.000705242156982">
        <ele>24.3515625</ele>
      </trkpt>
      <trkpt lat="47.637770175933838" lon="-2.999246120452881">
        <ele>35.26953125</ele>
      </trkpt>
      <trkpt lat="47.643864154815674" lon="-2.995061874389648">
        <ele>22.79296875</ele>
      </trkpt>
      <trkpt lat="47.644915580749512" lon="-2.989654541015625">
        <ele>29.453125</ele>
      </trkpt>
      <trkpt lat="47.648541927337646" lon="-2.987680435180664">
        <ele>34.0546875</ele>
      </trkpt>
      <trkpt lat="47.652575969696045" lon="-2.984247207641602">
        <ele>10.03515625</ele>
      </trkpt>
      <trkpt lat="47.656974792480469" lon="-2.998173236846924">
        <ele>31.640625</ele>
      </trkpt>
      <trkpt lat="47.659635543823242" lon="-2.997164726257324">
        <ele>37.73828125</ele>
      </trkpt>
      <trkpt lat="47.658584117889404" lon="-2.993345260620117">
        <ele>21.61328125</ele>
      </trkpt>
      <trkpt lat="47.663283348083496" lon="-2.991757392883301">
        <ele>23.04296875</ele>
      </trkpt>
      <trkpt lat="47.665493488311768" lon="-2.985641956329346">
        <ele>34.71875</ele>
      </trkpt>
      <trkpt lat="47.665729522705078" lon="-2.985427379608154">
        <ele>34.765625</ele>
      </trkpt>
      <trkpt lat="47.666115760803223" lon="-2.984740734100342">
        <ele>33.78125</ele>
      </trkpt>
      <trkpt lat="47.666759490966797" lon="-2.979912757873535">
        <ele>10</ele>
      </trkpt>
      <trkpt lat="47.661545276641846" lon="-2.965836524963379">
        <ele>27.83984375</ele>
      </trkpt>
      <trkpt lat="47.643005847930908" lon="-2.961738109588623">
        <ele>22</ele>
      </trkpt>
      <trkpt lat="47.639594078063965" lon="-2.958648204803467">
        <ele>15.51171875</ele>
      </trkpt>
      <trkpt lat="47.640323638916016" lon="-2.949056625366211">
        <ele>17</ele>
      </trkpt>
      <trkpt lat="47.638306617736816" lon="-2.952017784118652">
        <ele>32</ele>
      </trkpt>
      <trkpt lat="47.627148628234863" lon="-2.957382202148438">
        <ele>1.19140625</ele>
      </trkpt>
      <trkpt lat="47.629315853118896" lon="-2.942705154418945">
        <ele>4.0078125</ele>
      </trkpt>
      <trkpt lat="47.625346183776855" lon="-2.934765815734863">
        <ele>4.578125</ele>
      </trkpt>
      <trkpt lat="47.625174522399902" lon="-2.943906784057617">
        <ele>0.91015625</ele>
      </trkpt>
      <trkpt lat="47.620947360992432" lon="-2.948155403137207">
        <ele>8.37109375</ele>
      </trkpt>
      <trkpt lat="47.619423866271973" lon="-2.9443359375">
        <ele>22.5546875</ele>
      </trkpt>
      <trkpt lat="47.619552612304688" lon="-2.943005561828613">
        <ele>23</ele>
      </trkpt>
      <trkpt lat="47.61798620223999" lon="-2.934658527374268">
        <ele>24</ele>
      </trkpt>
      <trkpt lat="47.61375904083252" lon="-2.936525344848633">
        <ele>23.90625</ele>
      </trkpt>
      <trkpt lat="47.608802318572998" lon="-2.925560474395752">
        <ele>9</ele>
      </trkpt>
      <trkpt lat="47.602579593658447" lon="-2.929186820983887">
        <ele>2.203125</ele>
      </trkpt>
      <trkpt lat="47.60176420211792" lon="-2.925324440002441">
        <ele>20.27734375</ele>
      </trkpt>
      <trkpt lat="47.599790096282959" lon="-2.924981117248535">
        <ele>21.53125</ele>
      </trkpt>
      <trkpt lat="47.589511871337891" lon="-2.926890850067139">
        <ele>1.484375</ele>
      </trkpt>
      <trkpt lat="47.585971355438232" lon="-2.92560338973999">
        <ele>0.359375</ele>
      </trkpt>
      <trkpt lat="47.584168910980225" lon="-2.920646667480469">
        <ele>3.6484375</ele>
      </trkpt>
      <trkpt lat="47.582607781514525" lon="-2.919680736958981">
        <ele>1.50390625</ele>
      </trkpt>
      <trkpt lat="47.594082355499268" lon="-2.914059162139893">
        <ele>10.09375</ele>
      </trkpt>
      <trkpt lat="47.588760852813721" lon="-2.894296646118164">
        <ele>15.18359375</ele>
      </trkpt>
      <trkpt lat="47.605175971984863" lon="-2.890369892120361">
        <ele>18.0546875</ele>
      </trkpt>
      <trkpt lat="47.603352069854736" lon="-2.878804206848145">
        <ele>19.47265625</ele>
      </trkpt>
      <trkpt lat="47.599704265594482" lon="-2.861552238464356">
        <ele>8.4609375</ele>
      </trkpt>
      <trkpt lat="47.60699987411499" lon="-2.868461608886719">
        <ele>3.12890625</ele>
      </trkpt>
      <trkpt lat="47.614552974700928" lon="-2.858333587646484">
        <ele>7</ele>
      </trkpt>
      <trkpt lat="47.616462707519531" lon="-2.858505249023438">
        <ele>5.59765625</ele>
      </trkpt>
      <trkpt lat="47.618458271026611" lon="-2.869641780853272">
        <ele>16.20703125</ele>
      </trkpt>
      <trkpt lat="47.620840072631836" lon="-2.87017822265625">
        <ele>2.45703125</ele>
      </trkpt>
      <trkpt lat="47.61847972869873" lon="-2.865822315216065">
        <ele>2.21484375</ele>
      </trkpt>
      <trkpt lat="47.622041702270508" lon="-2.863311767578125">
        <ele>3.01953125</ele>
      </trkpt>
      <trkpt lat="47.623822689056396" lon="-2.856123447418213">
        <ele>12.5546875</ele>
      </trkpt>
      <trkpt lat="47.62397289276123" lon="-2.850630283355713">
        <ele>12.4765625</ele>
      </trkpt>
      <trkpt lat="47.619831562042236" lon="-2.847132682800293">
        <ele>21.84375</ele>
      </trkpt>
      <trkpt lat="47.617921829223633" lon="-2.845759391784668">
        <ele>0.96484375</ele>
      </trkpt>
      <trkpt lat="47.62272834777832" lon="-2.836682796478272">
        <ele>7.48046875</ele>
      </trkpt>
      <trkpt lat="47.617557048797607" lon="-2.826769351959229">
        <ele>13.80078125</ele>
      </trkpt>
      <trkpt lat="47.61620027013123" lon="-2.82827633433044">
        <ele>4.29296875</ele>
      </trkpt>
      <trkpt lat="47.621119022369385" lon="-2.82198429107666">
        <ele>19.3203125</ele>
      </trkpt>
      <trkpt lat="47.622556686401367" lon="-2.811770439147949">
        <ele>0.66015625</ele>
      </trkpt>
      <trkpt lat="47.618072032928467" lon="-2.800955772399902">
        <ele>0</ele>
      </trkpt>
      <trkpt lat="47.62122631072998" lon="-2.791192531585693">
        <ele>15.87109375</ele>
      </trkpt>
      <trkpt lat="47.628586292266846" lon="-2.78677225112915">
        <ele>26</ele>
      </trkpt>
      <trkpt lat="47.631182670593262" lon="-2.79202938079834">
        <ele>16.8984375</ele>
      </trkpt>
      <trkpt lat="47.645580768585205" lon="-2.796342372894287">
        <ele>22.3671875</ele>
      </trkpt>
      <trkpt lat="47.645859718322754" lon="-2.796599864959717">
        <ele>22.2890625</ele>
      </trkpt>
      <trkpt lat="47.649035453796387" lon="-2.798466682434082">
        <ele>7.6171875</ele>
      </trkpt>
      <trkpt lat="47.644679546356201" lon="-2.783017158508301">
        <ele>7.66796875</ele>
      </trkpt>
      <trkpt lat="47.638843059539795" lon="-2.783145904541016">
        <ele>3.671875</ele>
      </trkpt>
      <trkpt lat="47.638156414031982" lon="-2.786858081817627">
        <ele>7.14453125</ele>
      </trkpt>
      <trkpt lat="47.633306980133057" lon="-2.786836624145508">
        <ele>1.10546875</ele>
      </trkpt>
      <trkpt lat="47.631611824035645" lon="-2.764370441436768">
        <ele>2.50390625</ele>
      </trkpt>
      <trkpt lat="47.653541564941406" lon="-2.759006023406982">
        <ele>3.47265625</ele>
      </trkpt>
      <trkpt lat="47.65493631362915" lon="-2.753598690032959">
        <ele>25.6953125</ele>
      </trkpt>
      <trkpt lat="47.654163837432861" lon="-2.745101451873779">
        <ele>10.8359375</ele>
      </trkpt>
      <trkpt lat="47.649035453796387" lon="-2.710103988647461">
        <ele>4</ele>
      </trkpt>
      <trkpt lat="47.639594078063965" lon="-2.699825763702393">
        <ele>5.75</ele>
      </trkpt>
      <trkpt lat="47.636933326721191" lon="-2.688753604888916">
        <ele>4</ele>
      </trkpt>
      <trkpt lat="47.638928890228271" lon="-2.686929702758789">
        <ele>6.4765625</ele>
      </trkpt>
      <trkpt lat="47.637019157409668" lon="-2.683303356170654">
        <ele>3.0546875</ele>
      </trkpt>
      <trkpt lat="47.623307704925537" lon="-2.686564922332764">
        <ele>5</ele>
      </trkpt>
      <trkpt lat="47.612535953521729" lon="-2.680106163024902">
        <ele>20.3046875</ele>
      </trkpt>
      <trkpt lat="47.608931064605713" lon="-2.67667293548584">
        <ele>12.375</ele>
      </trkpt>
      <trkpt lat="47.609875202178955" lon="-2.68040657043457">
        <ele>8.64453125</ele>
      </trkpt>
      <trkpt lat="47.60000467300415" lon="-2.680213451385498">
        <ele>16</ele>
      </trkpt>
      <trkpt lat="47.595133781433105" lon="-2.686393260955811">
        <ele>7.08984375</ele>
      </trkpt>
      <trkpt lat="47.592451572418213" lon="-2.683882713317871">
        <ele>16</ele>
      </trkpt>
      <trkpt lat="47.579598426818848" lon="-2.695877552032471">
        <ele>5.08203125</ele>
      </trkpt>
      <trkpt lat="47.577173709869385" lon="-2.700812816619873">
        <ele>13.81640625</ele>
      </trkpt>
      <trkpt lat="47.573161125183105" lon="-2.710576057434082">
        <ele>9.984375</ele>
      </trkpt>
      <trkpt lat="47.575186779722571" lon="-2.716537853702903">
        <ele>0</ele>
      </trkpt>
      <trkpt lat="47.568848133087158" lon="-2.727055549621582">
        <ele>1</ele>
      </trkpt>
      <trkpt lat="47.564964294433594" lon="-2.720146179199219">
        <ele>4.40625</ele>
      </trkpt>
      <trkpt lat="47.562625408172607" lon="-2.720639705657959">
        <ele>5.7890625</ele>
      </trkpt>
      <trkpt lat="47.550781024619937" lon="-2.720610033720732">
        <ele>0</ele>
        <time>2012-06-28T16:49:43Z</time>
      </trkpt>
      <trkpt lat="47.553070038557053" lon="-2.730379980057478">
        <ele>0</ele>
        <time>2012-06-28T16:51:43Z</time>
      </trkpt>
      <trkpt lat="47.547770999372005" lon="-2.728400006890297">
        <ele>0</ele>
        <time>2012-06-28T16:54:23Z</time>
      </trkpt>
      <trkpt lat="47.545939972624183" lon="-2.726339986547828">
        <ele>0</ele>
        <time>2012-06-28T16:56:23Z</time>
      </trkpt>
      <trkpt lat="47.541038990020752" lon="-2.735120030120015">
        <ele>0</ele>
        <time>2012-06-28T16:59:43Z</time>
      </trkpt>
      <trkpt lat="47.54038997925818" lon="-2.741000019013882">
        <ele>0</ele>
        <time>2012-06-28T17:01:03Z</time>
      </trkpt>
      <trkpt lat="47.543120970949531" lon="-2.74237004108727">
        <ele>0</ele>
        <time>2012-06-28T17:02:23Z</time>
      </trkpt>
      <trkpt lat="47.537521021440625" lon="-2.75532997213304">
        <ele>0</ele>
        <time>2012-06-28T17:05:43Z</time>
      </trkpt>
      <trkpt lat="47.53463001921773" lon="-2.755549997091293">
        <ele>0</ele>
        <time>2012-06-28T17:07:03Z</time>
      </trkpt>
      <trkpt lat="47.536017978563905" lon="-2.770800031721592">
        <ele>0</ele>
        <time>2012-06-28T17:11:03Z</time>
      </trkpt>
      <trkpt lat="47.539780028164387" lon="-2.781099965795875">
        <ele>0</ele>
        <time>2012-06-28T17:11:43Z</time>
      </trkpt>
      <trkpt lat="47.543850028887391" lon="-2.779619973152876">
        <ele>0</ele>
        <time>2012-06-28T17:14:23Z</time>
      </trkpt>
      <trkpt lat="47.546187993139029" lon="-2.788079995661974">
        <ele>0</ele>
        <time>2012-06-28T17:17:03Z</time>
      </trkpt>
      <trkpt lat="47.544139958918095" lon="-2.794960029423237">
        <ele>0</ele>
        <time>2012-06-28T17:21:03Z</time>
      </trkpt>
      <trkpt lat="47.538410006090999" lon="-2.795520024374127">
        <ele>0</ele>
        <time>2012-06-28T17:23:03Z</time>
      </trkpt>
      <trkpt lat="47.538731032982469" lon="-2.804410038515925">
        <ele>0</ele>
        <time>2012-06-28T17:25:43Z</time>
      </trkpt>
      <trkpt lat="47.542770020663738" lon="-2.809080015867949">
        <ele>0</ele>
        <time>2012-06-28T17:27:03Z</time>
      </trkpt>
      <trkpt lat="47.551940996199846" lon="-2.807670012116432">
        <ele>0</ele>
        <time>2012-06-28T17:31:43Z</time>
      </trkpt>
      <trkpt lat="47.554110987111926" lon="-2.816140009090304">
        <ele>0</ele>
        <time>2012-06-28T17:35:03Z</time>
      </trkpt>
      <trkpt lat="47.556338980793953" lon="-2.816679971292615">
        <ele>0</ele>
        <time>2012-06-28T17:35:43Z</time>
      </trkpt>
      <trkpt lat="47.554759997874498" lon="-2.824659962207079">
        <ele>0</ele>
        <time>2012-06-28T17:38:23Z</time>
      </trkpt>
      <trkpt lat="47.550980011001229" lon="-2.82365002669394">
        <ele>0</ele>
        <time>2012-06-28T17:39:03Z</time>
      </trkpt>
      <trkpt lat="47.548779007047415" lon="-2.817259998992086">
        <ele>0</ele>
        <time>2012-06-28T17:41:43Z</time>
      </trkpt>
      <trkpt lat="47.540150005370378" lon="-2.817039974033833">
        <ele>0</ele>
        <time>2012-06-28T17:45:03Z</time>
      </trkpt>
      <trkpt lat="47.542159985750914" lon="-2.828310029581189">
        <ele>0</ele>
        <time>2012-06-28T17:50:23Z</time>
      </trkpt>
      <trkpt lat="47.535160006955266" lon="-2.832559989765286">
        <ele>0</ele>
        <time>2012-06-28T17:53:03Z</time>
      </trkpt>
      <trkpt lat="47.543961005285382" lon="-2.839830033481121">
        <ele>0</ele>
        <time>2012-06-28T17:55:43Z</time>
      </trkpt>
      <trkpt lat="47.545059034600854" lon="-2.850800016894937">
        <ele>0</ele>
        <time>2012-06-28T17:59:03Z</time>
      </trkpt>
      <trkpt lat="47.541827978566289" lon="-2.853910038247705">
        <ele>0</ele>
        <time>2012-06-28T17:59:43Z</time>
      </trkpt>
      <trkpt lat="47.542289989069104" lon="-2.848200034350157">
        <ele>0</ele>
        <time>2012-06-28T18:01:03Z</time>
      </trkpt>
      <trkpt lat="47.538379998877645" lon="-2.845599967986345">
        <ele>0</ele>
        <time>2012-06-28T18:03:03Z</time>
      </trkpt>
      <trkpt lat="47.53968003205955" lon="-2.849659994244576">
        <ele>0</ele>
        <time>2012-06-28T18:05:03Z</time>
      </trkpt>
      <trkpt lat="47.536811996251345" lon="-2.854359978809953">
        <ele>0</ele>
        <time>2012-06-28T18:06:23Z</time>
      </trkpt>
      <trkpt lat="47.541962005198002" lon="-2.863479992374778">
        <ele>0</ele>
        <time>2012-06-28T18:12:23Z</time>
      </trkpt>
      <trkpt lat="47.544781006872654" lon="-2.857560021802783">
        <ele>0</ele>
        <time>2012-06-28T18:15:03Z</time>
      </trkpt>
      <trkpt lat="47.550968024879694" lon="-2.858499968424439">
        <ele>0</ele>
        <time>2012-06-28T18:17:43Z</time>
      </trkpt>
      <trkpt lat="47.55168903619051" lon="-2.869359981268644">
        <ele>0</ele>
        <time>2012-06-28T18:21:03Z</time>
      </trkpt>
      <trkpt lat="47.559250015765429" lon="-2.867340026423335">
        <ele>0</ele>
        <time>2012-06-28T18:24:23Z</time>
      </trkpt>
      <trkpt lat="47.556758997961879" lon="-2.870600000023842">
        <ele>0</ele>
        <time>2012-06-28T18:26:23Z</time>
      </trkpt>
      <trkpt lat="47.555759036913514" lon="-2.879959987476468">
        <ele>0</ele>
        <time>2012-06-28T18:27:43Z</time>
      </trkpt>
      <trkpt lat="47.560828998684883" lon="-2.876549977809191">
        <ele>0</ele>
        <time>2012-06-28T18:29:43Z</time>
      </trkpt>
      <trkpt lat="47.564361970871687" lon="-2.880730032920837">
        <ele>0</ele>
        <time>2012-06-28T18:32:23Z</time>
      </trkpt>
      <trkpt lat="47.556961001828313" lon="-2.883239993825555">
        <ele>0</ele>
        <time>2012-06-28T18:37:03Z</time>
      </trkpt>
      <trkpt lat="47.561618993058801" lon="-2.890339968726039">
        <ele>0</ele>
        <time>2012-06-28T18:41:03Z</time>
      </trkpt>
      <trkpt lat="47.553268019109964" lon="-2.895670020952821">
        <ele>0</ele>
        <time>2012-06-28T18:44:23Z</time>
      </trkpt>
      <trkpt lat="47.563461000099778" lon="-2.897619986906648">
        <ele>0</ele>
        <time>2012-06-28T18:47:43Z</time>
      </trkpt>
      <trkpt lat="47.562801009044051" lon="-2.900339998304844">
        <ele>0</ele>
        <time>2012-06-28T18:48:23Z</time>
      </trkpt>
      <trkpt lat="47.559219002723694" lon="-2.905260007828474">
        <ele>0</ele>
        <time>2012-06-28T18:50:23Z</time>
      </trkpt>
      <trkpt lat="47.563332002609968" lon="-2.9078299831599">
        <ele>0</ele>
        <time>2012-06-28T18:52:23Z</time>
      </trkpt>
      <trkpt lat="47.554599987342954" lon="-2.91363000869751">
        <ele>0</ele>
        <time>2012-06-28T19:01:43Z</time>
      </trkpt>
      <trkpt lat="47.549808975309134" lon="-2.90755002759397">
        <ele>0</ele>
        <time>2012-06-28T19:04:23Z</time>
      </trkpt>
      <trkpt lat="47.547770999372005" lon="-2.919310005381703">
        <ele>0</ele>
        <time>2012-06-28T19:09:43Z</time>
      </trkpt>
      <trkpt lat="47.545490032061934" lon="-2.912940010428429">
        <ele>0</ele>
        <time>2012-06-28T19:14:23Z</time>
      </trkpt>
      <trkpt lat="47.54238897934556" lon="-2.912080027163029">
        <ele>0</ele>
        <time>2012-06-28T19:16:23Z</time>
      </trkpt>
      <trkpt lat="47.546268040314317" lon="-2.89364998228848">
        <ele>0</ele>
        <time>2012-06-28T19:23:03Z</time>
      </trkpt>
      <trkpt lat="47.54457900300622" lon="-2.890220023691654">
        <ele>0</ele>
        <time>2012-06-28T19:25:03Z</time>
      </trkpt>
      <trkpt lat="47.540378998965025" lon="-2.897210028022528">
        <ele>0</ele>
        <time>2012-06-28T19:29:43Z</time>
      </trkpt>
      <trkpt lat="47.537570977583528" lon="-2.905239975079894">
        <ele>0</ele>
        <time>2012-06-28T19:32:23Z</time>
      </trkpt>
      <trkpt lat="47.534999996423721" lon="-2.903150031343103">
        <ele>0</ele>
        <time>2012-06-28T19:33:43Z</time>
      </trkpt>
      <trkpt lat="47.540118992328644" lon="-2.879009982571006">
        <ele>0</ele>
        <time>2012-06-28T19:39:03Z</time>
      </trkpt>
      <trkpt lat="47.535419007763267" lon="-2.877399986609817">
        <ele>0</ele>
        <time>2012-06-28T19:40:23Z</time>
      </trkpt>
      <trkpt lat="47.535019023343921" lon="-2.87283000536263">
        <ele>0</ele>
        <time>2012-06-28T19:41:03Z</time>
      </trkpt>
      <trkpt lat="47.522571980953217" lon="-2.858239961788058">
        <ele>0</ele>
        <time>2012-06-28T19:45:43Z</time>
      </trkpt>
      <trkpt lat="47.519309995695949" lon="-2.858139965683222">
        <ele>0</ele>
        <time>2012-06-28T19:47:03Z</time>
      </trkpt>
      <trkpt lat="47.517071021720767" lon="-2.84797003492713">
        <ele>0</ele>
        <time>2012-06-28T19:49:43Z</time>
      </trkpt>
      <trkpt lat="47.500320039689541" lon="-2.850559959188104">
        <ele>0</ele>
        <time>2012-06-28T19:55:43Z</time>
      </trkpt>
      <trkpt lat="47.487358013167977" lon="-2.816590033471584">
        <ele>0</ele>
        <time>2012-06-28T20:09:03Z</time>
      </trkpt>
      <trkpt lat="47.489249976351857" lon="-2.806959981098771">
        <ele>0</ele>
        <time>2012-06-28T20:11:03Z</time>
      </trkpt>
      <trkpt lat="47.485038992017508" lon="-2.793049961328507">
        <ele>0</ele>
        <time>2012-06-28T20:13:43Z</time>
      </trkpt>
      <trkpt lat="47.488670032471418" lon="-2.79299003072083">
        <ele>0</ele>
        <time>2012-06-28T20:16:23Z</time>
      </trkpt>
      <trkpt lat="47.490261001512408" lon="-2.785849990323186">
        <ele>0</ele>
        <time>2012-06-28T20:19:03Z</time>
      </trkpt>
      <trkpt lat="47.498427992686629" lon="-2.787859970703721">
        <ele>0</ele>
        <time>2012-06-28T20:23:43Z</time>
      </trkpt>
      <trkpt lat="47.500702003017068" lon="-2.741209985688329">
        <ele>0</ele>
        <time>2012-06-28T20:33:43Z</time>
      </trkpt>
      <trkpt lat="47.503208024427295" lon="-2.742670029401779">
        <ele>0</ele>
        <time>2012-06-28T20:35:43Z</time>
      </trkpt>
      <trkpt lat="47.506591966375709" lon="-2.734259963035584">
        <ele>0</ele>
        <time>2012-06-28T20:37:43Z</time>
      </trkpt>
      <trkpt lat="47.506512003019452" lon="-2.715760013088584">
        <ele>0</ele>
        <time>2012-06-28T20:39:43Z</time>
      </trkpt>
      <trkpt lat="47.496470985934138" lon="-2.682310016825795">
        <ele>0</ele>
        <time>2012-06-28T20:44:23Z</time>
      </trkpt>
      <trkpt lat="47.509178034961224" lon="-2.665730025619268">
        <ele>0</ele>
        <time>2012-06-28T20:49:03Z</time>
      </trkpt>
      <trkpt lat="47.512530963867903" lon="-2.668639970943332">
        <ele>0</ele>
        <time>2012-06-28T20:50:23Z</time>
      </trkpt>
      <trkpt lat="47.519600009545684" lon="-2.663449980318546">
        <ele>0</ele>
        <time>2012-06-28T20:52:23Z</time>
      </trkpt>
      <trkpt lat="47.519428012892604" lon="-2.649889988824725">
        <ele>0</ele>
        <time>2012-06-28T20:57:03Z</time>
      </trkpt>
      <trkpt lat="47.516338024288416" lon="-2.643710011616349">
        <ele>0</ele>
        <time>2012-06-28T20:59:03Z</time>
      </trkpt>
      <trkpt lat="47.518329983577132" lon="-2.630989970639348">
        <ele>0</ele>
        <time>2012-06-28T21:01:03Z</time>
      </trkpt>
      <trkpt lat="47.522929972037673" lon="-2.624400034546852">
        <ele>0</ele>
        <time>2012-06-28T21:04:23Z</time>
      </trkpt>
      <trkpt lat="47.527309013530612" lon="-2.621950004249811">
        <ele>0</ele>
        <time>2012-06-28T21:06:23Z</time>
      </trkpt>
      <trkpt lat="47.526168990880251" lon="-2.647829968482256">
        <ele>0</ele>
        <time>2012-06-28T21:11:43Z</time>
      </trkpt>
    </trkseg>
  </trk>

</gpx>