<?xml version="1.0" encoding="UTF-8" standalone="no" ?>
<gpx xmlns="http://www.topografix.com/GPX/1/1" xmlns:xsi="http://www.w3.org/2001/XMLSchema-instance" xsi:schemaLocation="http://www.topografix.com/GPX/1/1 http://www.topografix.com/GPX/1/1/gpx.xsd" version="1.1" creator="VisuGPX - https://www.visugpx.com">
  <metadata>
    <name>Marseille, les calanques et la côte bleue</name>
    <desc><![CDATA[Marseille dispose de beaux sentiers de randonnées propices à la découverte de paysages exceptionnels en bord de mer. Un grand classique pour les marseillais, la [b]traversée des calanques[/b] depuis Cassis ! Une randonnée cependant assez physique avec des points de vues imprenables sur les calanques. Attention du 1er juin au 30 septembre l'accès sur les chemins peut-être réglementé voire interdit. A l'ouest de Marseille, le [b]chemin du littoral de la côte bleue[/b] moins connu que celui des calanques offre aussi des points de vues remarquables sur des petits ports tranquilles et sur les ouvrages d'art de la ligne de chemin de fer vers Carry le Rouet. Ce topo décrit les 3 randonnées réalisées en mars 2013 lors d'un séjour dans la cité phocéenne.
[b]Site internet[/b]: [url]https://www.au-fil-des-sentiers.fr/[/url]

[b]Campus de Luminy - Cassis [/b]: Le sentier suit le GR51, aussi nommé [b]Balcon de la Méditerrannée[/b] un GR de grande randonnée de  Marseille à Menton. Petites variantes après le vallon d'en Vau pour une descente à la calanque, puis sur les hauteurs pour les points de vues au gouffre de Cadeiron et du refuge du Piolet. Panoramas grandioses jusqu'au port de Cassis. Retour à Marseille par bus.
[b]Campus de Luminy - Marseille Pointe Rouge[/b]. Nous sommes toujours sur le GR51 avec des points de vues exceptionnels. Une petite variante pour descendre à calanque de Sormiou.
[b]Carry le Rouet - le Port de Lestaque[/b] : le trajet aller en train vers Carry le Rouet donne déjà un avant goût des panoramas à découvrir sur le sentier. Au port de Carry le Rouet nous prenons le sentier du Littoral vers le Port de Lestaque, un sentier assez difficile avec des passages escarpés au dessus de la mer. Découverte des petits ports du Rouet, de la Redonne, de Méjean, de Niolon et de la Vesse.]]></desc>
  </metadata>
  <wpt lat="43.20647" lon="5.51463">
    <ele>22.7</ele>
    <name><![CDATA[Calanque de Port Miou]]></name>
    <type><![CDATA[vue]]></type>
  </wpt>
  <wpt lat="43.21464" lon="5.53612">
    <ele>3.9</ele>
    <name><![CDATA[Cassis]]></name>
    <type><![CDATA[ville]]></type>
  </wpt>
  <wpt lat="43.22405" lon="5.54338">
    <ele>93.7</ele>
    <name><![CDATA[Station bus]]></name>
    <type><![CDATA[bus]]></type>
  </wpt>
  <wpt lat="43.202" lon="5.50823">
    <ele>31.8</ele>
    <name><![CDATA[Calanque de Port Pin]]></name>
    <type><![CDATA[vue]]></type>
  </wpt>
  <wpt lat="43.20239" lon="5.49804">
    <ele>3.9</ele>
    <name><![CDATA[Calanque d'En Vau]]></name>
    <type><![CDATA[vue]]></type>
  </wpt>
  <wpt lat="43.23228" lon="5.43272">
    <ele>161</ele>
    <name><![CDATA[Luminy université]]></name>
    <type><![CDATA[bus]]></type>
  </wpt>
  <wpt lat="43.21872" lon="5.44714">
    <ele>215.5</ele>
    <name><![CDATA[Col de Sugiton]]></name>
    <type><![CDATA[col]]></type>
  </wpt>
  <wpt lat="43.21301" lon="5.46606">
    <ele>423.9</ele>
    <name><![CDATA[Col de la Candelle]]></name>
    <type><![CDATA[col]]></type>
  </wpt>
  <wpt lat="43.20718" lon="5.47835">
    <ele>237.8</ele>
    <name><![CDATA[Col du Devenson]]></name>
    <type><![CDATA[col]]></type>
  </wpt>
  <wpt lat="43.21042" lon="5.42034">
    <ele>8</ele>
    <name><![CDATA[Calanque de Sormiou]]></name>
    <type><![CDATA[vue]]></type>
  </wpt>
  <wpt lat="43.2124" lon="5.38871">
    <ele>98.1</ele>
    <name><![CDATA[Corniche du Pêcheur]]></name>
    <type><![CDATA[vue]]></type>
  </wpt>
  <wpt lat="43.20871" lon="5.36234">
    <ele>23.5</ele>
    <name><![CDATA[Sentier des douaniers]]></name>
    <type><![CDATA[vue]]></type>
  </wpt>
  <wpt lat="43.21257" lon="5.3541">
    <ele>4.3</ele>
    <name><![CDATA[Calanque de Callelongue]]></name>
    <type><![CDATA[vue]]></type>
  </wpt>
  <wpt lat="43.21669" lon="5.34631">
    <ele>7.4</ele>
    <name><![CDATA[Les Goudes]]></name>
    <type><![CDATA[ville]]></type>
  </wpt>
  <wpt lat="43.33092" lon="5.15302">
    <ele>2.9</ele>
    <name><![CDATA[Carry le Rouet]]></name>
    <type><![CDATA[ville]]></type>
  </wpt>
  <wpt lat="43.3322" lon="5.19937">
    <ele>9.9</ele>
    <name><![CDATA[Calanque la Redonne]]></name>
    <type><![CDATA[vue]]></type>
  </wpt>
  <wpt lat="43.32849" lon="5.16117">
    <ele>3.82</ele>
    <name><![CDATA[Calanque du Cap Rousset]]></name>
    <type><![CDATA[vue]]></type>
  </wpt>
  <wpt lat="43.32783" lon="5.22014">
    <name><![CDATA[Calanque de Méjean]]></name>
    <type><![CDATA[vue]]></type>
  </wpt>
  <wpt lat="43.33988" lon="5.2567">
    <ele>33.2</ele>
    <name><![CDATA[Gare de Niolon]]></name>
    <type><![CDATA[gare]]></type>
  </wpt>
  <wpt lat="43.36151" lon="5.31172">
    <ele>3.3</ele>
    <name><![CDATA[L'estaque]]></name>
    <type><![CDATA[ville]]></type>
  </wpt>
  <wpt lat="43.33398" lon="5.19705">
    <ele>27.8</ele>
    <name><![CDATA[La Redonne]]></name>
    <type><![CDATA[gare]]></type>
  </wpt>
  <wpt lat="43.35733" lon="5.28807">
    <ele>18.5</ele>
    <name><![CDATA[Viaduc de la Corbiere]]></name>
    <type><![CDATA[vue]]></type>
  </wpt>
  <wpt lat="43.34244" lon="5.26061">
    <ele>5.8</ele>
    <name><![CDATA[Viaduc de la Vesse]]></name>
    <type><![CDATA[vue]]></type>
  </wpt>
  <trk>
    <name><![CDATA[Luminy - Cassis]]></name>
    <extensions>
      <line xmlns="http://www.topografix.com/GPX/gpx_style/0/2">
        <color>0000FF</color>
        <opacity>1</opacity>
        <width>4</width>
      </line>
    </extensions>
    <trkseg>
      <trkpt lat="43.23231" lon="5.43261">
        <ele>160.8</ele>
      </trkpt>
      <trkpt lat="43.23226" lon="5.43258">
        <ele>160.9</ele>
      </trkpt>
      <trkpt lat="43.23221" lon="5.43255">
        <ele>161</ele>
      </trkpt>
      <trkpt lat="43.23215" lon="5.43252">
        <ele>161.2</ele>
      </trkpt>
      <trkpt lat="43.2321" lon="5.43249">
        <ele>161.4</ele>
      </trkpt>
      <trkpt lat="43.23204" lon="5.43246">
        <ele>161.5</ele>
      </trkpt>
      <trkpt lat="43.23198" lon="5.43242">
        <ele>161.6</ele>
      </trkpt>
      <trkpt lat="43.23192" lon="5.43239">
        <ele>161.6</ele>
      </trkpt>
      <trkpt lat="43.23187" lon="5.43236">
        <ele>161.6</ele>
      </trkpt>
      <trkpt lat="43.23181" lon="5.43232">
        <ele>161.7</ele>
      </trkpt>
      <trkpt lat="43.23175" lon="5.43229">
        <ele>161.8</ele>
      </trkpt>
      <trkpt lat="43.23169" lon="5.43225">
        <ele>161.9</ele>
      </trkpt>
      <trkpt lat="43.23163" lon="5.43222">
        <ele>162.1</ele>
      </trkpt>
      <trkpt lat="43.23159" lon="5.43217">
        <ele>162.2</ele>
      </trkpt>
      <trkpt lat="43.23154" lon="5.43212">
        <ele>162.3</ele>
      </trkpt>
      <trkpt lat="43.23147" lon="5.43213">
        <ele>162.6</ele>
      </trkpt>
      <trkpt lat="43.2314" lon="5.43213">
        <ele>162.9</ele>
      </trkpt>
      <trkpt lat="43.23135" lon="5.43216">
        <ele>163.1</ele>
      </trkpt>
      <trkpt lat="43.2313" lon="5.43218">
        <ele>163.3</ele>
      </trkpt>
      <trkpt lat="43.23125" lon="5.43219">
        <ele>163.5</ele>
      </trkpt>
      <trkpt lat="43.23121" lon="5.43228">
        <ele>163.5</ele>
      </trkpt>
      <trkpt lat="43.23116" lon="5.43236">
        <ele>163.4</ele>
      </trkpt>
      <trkpt lat="43.23114" lon="5.43225">
        <ele>163.8</ele>
      </trkpt>
      <trkpt lat="43.2311" lon="5.43226">
        <ele>163.9</ele>
      </trkpt>
      <trkpt lat="43.23106" lon="5.43226">
        <ele>164</ele>
      </trkpt>
      <trkpt lat="43.23099" lon="5.43223">
        <ele>164.4</ele>
      </trkpt>
      <trkpt lat="43.23091" lon="5.43218">
        <ele>164.7</ele>
      </trkpt>
      <trkpt lat="43.23086" lon="5.43217">
        <ele>164.9</ele>
      </trkpt>
      <trkpt lat="43.2308" lon="5.43215">
        <ele>164.9</ele>
      </trkpt>
      <trkpt lat="43.23074" lon="5.43215">
        <ele>164.8</ele>
      </trkpt>
      <trkpt lat="43.23068" lon="5.43214">
        <ele>164.6</ele>
      </trkpt>
      <trkpt lat="43.23061" lon="5.43212">
        <ele>164.5</ele>
      </trkpt>
      <trkpt lat="43.23056" lon="5.43209">
        <ele>164.5</ele>
      </trkpt>
      <trkpt lat="43.2305" lon="5.43205">
        <ele>164.4</ele>
      </trkpt>
      <trkpt lat="43.23045" lon="5.43201">
        <ele>164.4</ele>
      </trkpt>
      <trkpt lat="43.2304" lon="5.43195">
        <ele>164.4</ele>
      </trkpt>
      <trkpt lat="43.23034" lon="5.43189">
        <ele>164.4</ele>
      </trkpt>
      <trkpt lat="43.23029" lon="5.43183">
        <ele>164.5</ele>
      </trkpt>
      <trkpt lat="43.23024" lon="5.43177">
        <ele>164.2</ele>
      </trkpt>
      <trkpt lat="43.23019" lon="5.4317">
        <ele>163.9</ele>
      </trkpt>
      <trkpt lat="43.23014" lon="5.43163">
        <ele>163.6</ele>
      </trkpt>
      <trkpt lat="43.23011" lon="5.43158">
        <ele>163.5</ele>
      </trkpt>
      <trkpt lat="43.23008" lon="5.43153">
        <ele>163.3</ele>
      </trkpt>
      <trkpt lat="43.23005" lon="5.43148">
        <ele>163.2</ele>
      </trkpt>
      <trkpt lat="43.23002" lon="5.43143">
        <ele>163</ele>
      </trkpt>
      <trkpt lat="43.22998" lon="5.43138">
        <ele>162.7</ele>
      </trkpt>
      <trkpt lat="43.22995" lon="5.43133">
        <ele>162.2</ele>
      </trkpt>
      <trkpt lat="43.22992" lon="5.43128">
        <ele>161.8</ele>
      </trkpt>
      <trkpt lat="43.22989" lon="5.43123">
        <ele>161.4</ele>
      </trkpt>
      <trkpt lat="43.22984" lon="5.43116">
        <ele>160.8</ele>
      </trkpt>
      <trkpt lat="43.22979" lon="5.43109">
        <ele>160.4</ele>
      </trkpt>
      <trkpt lat="43.22976" lon="5.43104">
        <ele>160.4</ele>
      </trkpt>
      <trkpt lat="43.22971" lon="5.43094">
        <ele>160.9</ele>
      </trkpt>
      <trkpt lat="43.22968" lon="5.43091">
        <ele>161.5</ele>
      </trkpt>
      <trkpt lat="43.22964" lon="5.43092">
        <ele>161.7</ele>
      </trkpt>
      <trkpt lat="43.22962" lon="5.43095">
        <ele>161.5</ele>
      </trkpt>
      <trkpt lat="43.22963" lon="5.431">
        <ele>160.9</ele>
      </trkpt>
      <trkpt lat="43.22965" lon="5.43106">
        <ele>160.1</ele>
      </trkpt>
      <trkpt lat="43.22966" lon="5.43113">
        <ele>159.3</ele>
      </trkpt>
      <trkpt lat="43.22967" lon="5.43119">
        <ele>158.8</ele>
      </trkpt>
      <trkpt lat="43.22967" lon="5.43131">
        <ele>157.8</ele>
      </trkpt>
      <trkpt lat="43.22967" lon="5.43136">
        <ele>157.4</ele>
      </trkpt>
      <trkpt lat="43.22965" lon="5.43147">
        <ele>157</ele>
      </trkpt>
      <trkpt lat="43.22962" lon="5.43153">
        <ele>156.6</ele>
      </trkpt>
      <trkpt lat="43.22958" lon="5.4316">
        <ele>156</ele>
      </trkpt>
      <trkpt lat="43.22954" lon="5.43164">
        <ele>155.3</ele>
      </trkpt>
      <trkpt lat="43.22947" lon="5.43168">
        <ele>154.1</ele>
      </trkpt>
      <trkpt lat="43.22939" lon="5.43171">
        <ele>153.2</ele>
      </trkpt>
      <trkpt lat="43.22934" lon="5.43172">
        <ele>153.1</ele>
      </trkpt>
      <trkpt lat="43.22929" lon="5.4317">
        <ele>152.9</ele>
      </trkpt>
      <trkpt lat="43.22923" lon="5.43166">
        <ele>152.6</ele>
      </trkpt>
      <trkpt lat="43.22919" lon="5.43163">
        <ele>152.8</ele>
      </trkpt>
      <trkpt lat="43.22915" lon="5.4316">
        <ele>153.5</ele>
      </trkpt>
      <trkpt lat="43.22913" lon="5.43159">
        <ele>153.9</ele>
      </trkpt>
      <trkpt lat="43.22909" lon="5.43156">
        <ele>154.7</ele>
      </trkpt>
      <trkpt lat="43.22905" lon="5.43153">
        <ele>155.1</ele>
      </trkpt>
      <trkpt lat="43.229" lon="5.43149">
        <ele>155.2</ele>
      </trkpt>
      <trkpt lat="43.22894" lon="5.43146">
        <ele>154.7</ele>
      </trkpt>
      <trkpt lat="43.22889" lon="5.43142">
        <ele>153.7</ele>
      </trkpt>
      <trkpt lat="43.22883" lon="5.43138">
        <ele>154.2</ele>
      </trkpt>
      <trkpt lat="43.22877" lon="5.43134">
        <ele>155.7</ele>
      </trkpt>
      <trkpt lat="43.2287" lon="5.43129">
        <ele>156.6</ele>
      </trkpt>
      <trkpt lat="43.22866" lon="5.43125">
        <ele>156.8</ele>
      </trkpt>
      <trkpt lat="43.22862" lon="5.4312">
        <ele>156.7</ele>
      </trkpt>
      <trkpt lat="43.22858" lon="5.43115">
        <ele>156.7</ele>
      </trkpt>
      <trkpt lat="43.22854" lon="5.4311">
        <ele>156.8</ele>
      </trkpt>
      <trkpt lat="43.22848" lon="5.43104">
        <ele>157.6</ele>
      </trkpt>
      <trkpt lat="43.22841" lon="5.43099">
        <ele>157.9</ele>
      </trkpt>
      <trkpt lat="43.22836" lon="5.43095">
        <ele>157.8</ele>
      </trkpt>
      <trkpt lat="43.22831" lon="5.43091">
        <ele>157.8</ele>
      </trkpt>
      <trkpt lat="43.22827" lon="5.43086">
        <ele>157.8</ele>
      </trkpt>
      <trkpt lat="43.22822" lon="5.43081">
        <ele>158.2</ele>
      </trkpt>
      <trkpt lat="43.22818" lon="5.43079">
        <ele>158.9</ele>
      </trkpt>
      <trkpt lat="43.22813" lon="5.43076">
        <ele>159.3</ele>
      </trkpt>
      <trkpt lat="43.22808" lon="5.43075">
        <ele>159.6</ele>
      </trkpt>
      <trkpt lat="43.22804" lon="5.43075">
        <ele>159.6</ele>
      </trkpt>
      <trkpt lat="43.22799" lon="5.43075">
        <ele>159.6</ele>
      </trkpt>
      <trkpt lat="43.22792" lon="5.43075">
        <ele>159.6</ele>
      </trkpt>
      <trkpt lat="43.22784" lon="5.43075">
        <ele>159.6</ele>
      </trkpt>
      <trkpt lat="43.22776" lon="5.43073">
        <ele>159.9</ele>
      </trkpt>
      <trkpt lat="43.22772" lon="5.4307">
        <ele>160.4</ele>
      </trkpt>
      <trkpt lat="43.22768" lon="5.43068">
        <ele>160.8</ele>
      </trkpt>
      <trkpt lat="43.22764" lon="5.43065">
        <ele>161</ele>
      </trkpt>
      <trkpt lat="43.2276" lon="5.43063">
        <ele>161.2</ele>
      </trkpt>
      <trkpt lat="43.22755" lon="5.4306">
        <ele>161.2</ele>
      </trkpt>
      <trkpt lat="43.22751" lon="5.43057">
        <ele>161.1</ele>
      </trkpt>
      <trkpt lat="43.22747" lon="5.43055">
        <ele>161.2</ele>
      </trkpt>
      <trkpt lat="43.22743" lon="5.43052">
        <ele>161.7</ele>
      </trkpt>
      <trkpt lat="43.22739" lon="5.4305">
        <ele>162</ele>
      </trkpt>
      <trkpt lat="43.22734" lon="5.43048">
        <ele>162.2</ele>
      </trkpt>
      <trkpt lat="43.22729" lon="5.43047">
        <ele>162.3</ele>
      </trkpt>
      <trkpt lat="43.22723" lon="5.43049">
        <ele>162.2</ele>
      </trkpt>
      <trkpt lat="43.22718" lon="5.43051">
        <ele>162.4</ele>
      </trkpt>
      <trkpt lat="43.22712" lon="5.43053">
        <ele>162.6</ele>
      </trkpt>
      <trkpt lat="43.22706" lon="5.43055">
        <ele>162.7</ele>
      </trkpt>
      <trkpt lat="43.22698" lon="5.43057">
        <ele>163.1</ele>
      </trkpt>
      <trkpt lat="43.22691" lon="5.4306">
        <ele>163.8</ele>
      </trkpt>
      <trkpt lat="43.22683" lon="5.43062">
        <ele>164.6</ele>
      </trkpt>
      <trkpt lat="43.22675" lon="5.43064">
        <ele>165.2</ele>
      </trkpt>
      <trkpt lat="43.22668" lon="5.43066">
        <ele>165.7</ele>
      </trkpt>
      <trkpt lat="43.2266" lon="5.43068">
        <ele>166.2</ele>
      </trkpt>
      <trkpt lat="43.22653" lon="5.43069">
        <ele>166.8</ele>
      </trkpt>
      <trkpt lat="43.22645" lon="5.43071">
        <ele>167.2</ele>
      </trkpt>
      <trkpt lat="43.22639" lon="5.4307">
        <ele>167.6</ele>
      </trkpt>
      <trkpt lat="43.22632" lon="5.43069">
        <ele>168.2</ele>
      </trkpt>
      <trkpt lat="43.22625" lon="5.43067">
        <ele>168.8</ele>
      </trkpt>
      <trkpt lat="43.22619" lon="5.43065">
        <ele>169.3</ele>
      </trkpt>
      <trkpt lat="43.22612" lon="5.43062">
        <ele>169.7</ele>
      </trkpt>
      <trkpt lat="43.22605" lon="5.4306">
        <ele>169.7</ele>
      </trkpt>
      <trkpt lat="43.226" lon="5.43059">
        <ele>169.8</ele>
      </trkpt>
      <trkpt lat="43.22596" lon="5.43059">
        <ele>169.9</ele>
      </trkpt>
      <trkpt lat="43.22591" lon="5.43058">
        <ele>170</ele>
      </trkpt>
      <trkpt lat="43.22586" lon="5.43057">
        <ele>170.1</ele>
      </trkpt>
      <trkpt lat="43.22581" lon="5.43056">
        <ele>170.2</ele>
      </trkpt>
      <trkpt lat="43.22576" lon="5.43055">
        <ele>170.6</ele>
      </trkpt>
      <trkpt lat="43.22571" lon="5.43054">
        <ele>171.1</ele>
      </trkpt>
      <trkpt lat="43.22566" lon="5.43053">
        <ele>171.7</ele>
      </trkpt>
      <trkpt lat="43.22561" lon="5.43052">
        <ele>172.1</ele>
      </trkpt>
      <trkpt lat="43.22556" lon="5.43051">
        <ele>172.6</ele>
      </trkpt>
      <trkpt lat="43.22551" lon="5.4305">
        <ele>173.3</ele>
      </trkpt>
      <trkpt lat="43.22546" lon="5.43049">
        <ele>173.9</ele>
      </trkpt>
      <trkpt lat="43.22538" lon="5.43048">
        <ele>174.9</ele>
      </trkpt>
      <trkpt lat="43.2253" lon="5.43046">
        <ele>175.8</ele>
      </trkpt>
      <trkpt lat="43.22525" lon="5.43045">
        <ele>176.5</ele>
      </trkpt>
      <trkpt lat="43.2252" lon="5.43044">
        <ele>177.1</ele>
      </trkpt>
      <trkpt lat="43.22512" lon="5.43044">
        <ele>178</ele>
      </trkpt>
      <trkpt lat="43.22508" lon="5.43045">
        <ele>178.4</ele>
      </trkpt>
      <trkpt lat="43.22504" lon="5.43046">
        <ele>178.9</ele>
      </trkpt>
      <trkpt lat="43.22499" lon="5.43046">
        <ele>179.4</ele>
      </trkpt>
      <trkpt lat="43.22495" lon="5.43046">
        <ele>179.8</ele>
      </trkpt>
      <trkpt lat="43.22489" lon="5.43046">
        <ele>180.4</ele>
      </trkpt>
      <trkpt lat="43.22482" lon="5.43045">
        <ele>181</ele>
      </trkpt>
      <trkpt lat="43.22475" lon="5.43044">
        <ele>181.5</ele>
      </trkpt>
      <trkpt lat="43.22468" lon="5.43043">
        <ele>182</ele>
      </trkpt>
      <trkpt lat="43.22463" lon="5.43043">
        <ele>182.4</ele>
      </trkpt>
      <trkpt lat="43.22459" lon="5.43045">
        <ele>182.9</ele>
      </trkpt>
      <trkpt lat="43.22451" lon="5.43051">
        <ele>183.6</ele>
      </trkpt>
      <trkpt lat="43.22443" lon="5.43056">
        <ele>184.3</ele>
      </trkpt>
      <trkpt lat="43.22435" lon="5.43061">
        <ele>186.2</ele>
      </trkpt>
      <trkpt lat="43.22427" lon="5.43065">
        <ele>187.7</ele>
      </trkpt>
      <trkpt lat="43.22421" lon="5.43068">
        <ele>188.6</ele>
      </trkpt>
      <trkpt lat="43.22413" lon="5.43069">
        <ele>189.3</ele>
      </trkpt>
      <trkpt lat="43.22405" lon="5.43072">
        <ele>190.4</ele>
      </trkpt>
      <trkpt lat="43.224" lon="5.43077">
        <ele>190.9</ele>
      </trkpt>
      <trkpt lat="43.22395" lon="5.43081">
        <ele>191.1</ele>
      </trkpt>
      <trkpt lat="43.22389" lon="5.43081">
        <ele>191.2</ele>
      </trkpt>
      <trkpt lat="43.22383" lon="5.43082">
        <ele>192.1</ele>
      </trkpt>
      <trkpt lat="43.22377" lon="5.43082">
        <ele>193</ele>
      </trkpt>
      <trkpt lat="43.22372" lon="5.43081">
        <ele>194</ele>
      </trkpt>
      <trkpt lat="43.22375" lon="5.43077">
        <ele>194.4</ele>
      </trkpt>
      <trkpt lat="43.22379" lon="5.43072">
        <ele>194.4</ele>
      </trkpt>
      <trkpt lat="43.22375" lon="5.43077">
        <ele>194.4</ele>
      </trkpt>
      <trkpt lat="43.22372" lon="5.43081">
        <ele>194</ele>
      </trkpt>
      <trkpt lat="43.22372" lon="5.43085">
        <ele>193.8</ele>
      </trkpt>
      <trkpt lat="43.22373" lon="5.43088">
        <ele>194.4</ele>
      </trkpt>
      <trkpt lat="43.22381" lon="5.43093">
        <ele>194.8</ele>
      </trkpt>
      <trkpt lat="43.22388" lon="5.43097">
        <ele>195.5</ele>
      </trkpt>
      <trkpt lat="43.22393" lon="5.431">
        <ele>196.3</ele>
      </trkpt>
      <trkpt lat="43.22397" lon="5.43103">
        <ele>197.2</ele>
      </trkpt>
      <trkpt lat="43.22402" lon="5.43103">
        <ele>197</ele>
      </trkpt>
      <trkpt lat="43.22406" lon="5.43103">
        <ele>196.8</ele>
      </trkpt>
      <trkpt lat="43.22411" lon="5.43102">
        <ele>196.6</ele>
      </trkpt>
      <trkpt lat="43.22415" lon="5.43102">
        <ele>196.4</ele>
      </trkpt>
      <trkpt lat="43.22423" lon="5.43102">
        <ele>196.6</ele>
      </trkpt>
      <trkpt lat="43.2243" lon="5.43102">
        <ele>196.9</ele>
      </trkpt>
      <trkpt lat="43.22439" lon="5.43103">
        <ele>197.5</ele>
      </trkpt>
      <trkpt lat="43.22447" lon="5.43105">
        <ele>198.1</ele>
      </trkpt>
      <trkpt lat="43.22456" lon="5.43106">
        <ele>198.4</ele>
      </trkpt>
      <trkpt lat="43.22464" lon="5.43107">
        <ele>198.8</ele>
      </trkpt>
      <trkpt lat="43.2247" lon="5.4311">
        <ele>199.5</ele>
      </trkpt>
      <trkpt lat="43.22476" lon="5.43112">
        <ele>199.8</ele>
      </trkpt>
      <trkpt lat="43.22481" lon="5.43115">
        <ele>200.1</ele>
      </trkpt>
      <trkpt lat="43.22485" lon="5.43118">
        <ele>200.2</ele>
      </trkpt>
      <trkpt lat="43.2249" lon="5.4312">
        <ele>200.3</ele>
      </trkpt>
      <trkpt lat="43.22494" lon="5.43123">
        <ele>200.4</ele>
      </trkpt>
      <trkpt lat="43.22499" lon="5.43129">
        <ele>201</ele>
      </trkpt>
      <trkpt lat="43.22503" lon="5.43134">
        <ele>201.3</ele>
      </trkpt>
      <trkpt lat="43.22508" lon="5.43143">
        <ele>202.2</ele>
      </trkpt>
      <trkpt lat="43.22512" lon="5.43151">
        <ele>202.9</ele>
      </trkpt>
      <trkpt lat="43.22517" lon="5.43159">
        <ele>203.2</ele>
      </trkpt>
      <trkpt lat="43.22521" lon="5.43167">
        <ele>203.3</ele>
      </trkpt>
      <trkpt lat="43.22526" lon="5.43178">
        <ele>203.7</ele>
      </trkpt>
      <trkpt lat="43.2253" lon="5.43188">
        <ele>204.3</ele>
      </trkpt>
      <trkpt lat="43.22532" lon="5.43197">
        <ele>205.6</ele>
      </trkpt>
      <trkpt lat="43.22534" lon="5.43205">
        <ele>207.1</ele>
      </trkpt>
      <trkpt lat="43.22539" lon="5.43212">
        <ele>207.9</ele>
      </trkpt>
      <trkpt lat="43.22543" lon="5.43215">
        <ele>208</ele>
      </trkpt>
      <trkpt lat="43.22548" lon="5.43217">
        <ele>207.8</ele>
      </trkpt>
      <trkpt lat="43.22552" lon="5.4322">
        <ele>207.8</ele>
      </trkpt>
      <trkpt lat="43.22557" lon="5.43222">
        <ele>207.8</ele>
      </trkpt>
      <trkpt lat="43.22561" lon="5.43224">
        <ele>208</ele>
      </trkpt>
      <trkpt lat="43.22567" lon="5.43229">
        <ele>208.4</ele>
      </trkpt>
      <trkpt lat="43.2257" lon="5.43233">
        <ele>208.8</ele>
      </trkpt>
      <trkpt lat="43.22571" lon="5.43238">
        <ele>209.5</ele>
      </trkpt>
      <trkpt lat="43.22572" lon="5.43242">
        <ele>210</ele>
      </trkpt>
      <trkpt lat="43.22571" lon="5.4325">
        <ele>211</ele>
      </trkpt>
      <trkpt lat="43.2257" lon="5.43258">
        <ele>210.6</ele>
      </trkpt>
      <trkpt lat="43.22569" lon="5.43263">
        <ele>210.3</ele>
      </trkpt>
      <trkpt lat="43.22568" lon="5.43271">
        <ele>209.8</ele>
      </trkpt>
      <trkpt lat="43.22565" lon="5.43276">
        <ele>209.4</ele>
      </trkpt>
      <trkpt lat="43.22562" lon="5.43279">
        <ele>208.9</ele>
      </trkpt>
      <trkpt lat="43.22559" lon="5.43281">
        <ele>208.3</ele>
      </trkpt>
      <trkpt lat="43.22555" lon="5.43283">
        <ele>208</ele>
      </trkpt>
      <trkpt lat="43.2255" lon="5.43284">
        <ele>208.3</ele>
      </trkpt>
      <trkpt lat="43.22546" lon="5.43287">
        <ele>208.4</ele>
      </trkpt>
      <trkpt lat="43.22541" lon="5.4329">
        <ele>208.5</ele>
      </trkpt>
      <trkpt lat="43.22535" lon="5.43298">
        <ele>208</ele>
      </trkpt>
      <trkpt lat="43.22528" lon="5.43306">
        <ele>207.9</ele>
      </trkpt>
      <trkpt lat="43.22524" lon="5.43314">
        <ele>207.3</ele>
      </trkpt>
      <trkpt lat="43.2252" lon="5.43323">
        <ele>206.9</ele>
      </trkpt>
      <trkpt lat="43.22515" lon="5.43331">
        <ele>206.6</ele>
      </trkpt>
      <trkpt lat="43.22511" lon="5.43339">
        <ele>206.6</ele>
      </trkpt>
      <trkpt lat="43.22508" lon="5.43348">
        <ele>206.2</ele>
      </trkpt>
      <trkpt lat="43.22504" lon="5.43357">
        <ele>205.7</ele>
      </trkpt>
      <trkpt lat="43.22499" lon="5.43366">
        <ele>205.7</ele>
      </trkpt>
      <trkpt lat="43.22494" lon="5.43374">
        <ele>205.8</ele>
      </trkpt>
      <trkpt lat="43.2249" lon="5.43381">
        <ele>205.6</ele>
      </trkpt>
      <trkpt lat="43.22485" lon="5.43388">
        <ele>205.4</ele>
      </trkpt>
      <trkpt lat="43.2248" lon="5.43395">
        <ele>205.1</ele>
      </trkpt>
      <trkpt lat="43.22476" lon="5.43401">
        <ele>204.6</ele>
      </trkpt>
      <trkpt lat="43.22469" lon="5.43407">
        <ele>204.7</ele>
      </trkpt>
      <trkpt lat="43.22462" lon="5.43412">
        <ele>204.3</ele>
      </trkpt>
      <trkpt lat="43.22458" lon="5.43415">
        <ele>204.1</ele>
      </trkpt>
      <trkpt lat="43.22453" lon="5.43418">
        <ele>203.9</ele>
      </trkpt>
      <trkpt lat="43.22449" lon="5.4342">
        <ele>203.7</ele>
      </trkpt>
      <trkpt lat="43.22444" lon="5.43423">
        <ele>203.4</ele>
      </trkpt>
      <trkpt lat="43.22438" lon="5.43424">
        <ele>202.7</ele>
      </trkpt>
      <trkpt lat="43.22433" lon="5.43425">
        <ele>202.2</ele>
      </trkpt>
      <trkpt lat="43.22427" lon="5.43425">
        <ele>201.6</ele>
      </trkpt>
      <trkpt lat="43.22422" lon="5.43423">
        <ele>201.8</ele>
      </trkpt>
      <trkpt lat="43.22417" lon="5.43421">
        <ele>201.9</ele>
      </trkpt>
      <trkpt lat="43.22415" lon="5.4342">
        <ele>202.1</ele>
      </trkpt>
      <trkpt lat="43.2241" lon="5.43417">
        <ele>202.7</ele>
      </trkpt>
      <trkpt lat="43.22405" lon="5.43414">
        <ele>203.2</ele>
      </trkpt>
      <trkpt lat="43.22401" lon="5.43413">
        <ele>203.3</ele>
      </trkpt>
      <trkpt lat="43.22397" lon="5.43413">
        <ele>203</ele>
      </trkpt>
      <trkpt lat="43.22394" lon="5.43415">
        <ele>202.5</ele>
      </trkpt>
      <trkpt lat="43.22392" lon="5.43418">
        <ele>201.9</ele>
      </trkpt>
      <trkpt lat="43.2239" lon="5.43423">
        <ele>201.1</ele>
      </trkpt>
      <trkpt lat="43.22388" lon="5.43435">
        <ele>199.6</ele>
      </trkpt>
      <trkpt lat="43.22382" lon="5.43444">
        <ele>199.6</ele>
      </trkpt>
      <trkpt lat="43.22376" lon="5.4345">
        <ele>200.3</ele>
      </trkpt>
      <trkpt lat="43.22374" lon="5.43453">
        <ele>200.5</ele>
      </trkpt>
      <trkpt lat="43.22373" lon="5.43456">
        <ele>200.4</ele>
      </trkpt>
      <trkpt lat="43.22369" lon="5.43459">
        <ele>201.1</ele>
      </trkpt>
      <trkpt lat="43.22368" lon="5.43463">
        <ele>201</ele>
      </trkpt>
      <trkpt lat="43.22368" lon="5.43467">
        <ele>200.7</ele>
      </trkpt>
      <trkpt lat="43.22369" lon="5.43471">
        <ele>200.1</ele>
      </trkpt>
      <trkpt lat="43.22373" lon="5.43477">
        <ele>200.1</ele>
      </trkpt>
      <trkpt lat="43.22379" lon="5.43486">
        <ele>200.6</ele>
      </trkpt>
      <trkpt lat="43.22384" lon="5.43492">
        <ele>200.8</ele>
      </trkpt>
      <trkpt lat="43.22388" lon="5.43498">
        <ele>200.8</ele>
      </trkpt>
      <trkpt lat="43.22392" lon="5.43506">
        <ele>201.3</ele>
      </trkpt>
      <trkpt lat="43.22395" lon="5.43514">
        <ele>201.6</ele>
      </trkpt>
      <trkpt lat="43.22398" lon="5.43525">
        <ele>202.5</ele>
      </trkpt>
      <trkpt lat="43.22401" lon="5.43535">
        <ele>202.7</ele>
      </trkpt>
      <trkpt lat="43.22403" lon="5.43545">
        <ele>203.1</ele>
      </trkpt>
      <trkpt lat="43.22404" lon="5.43554">
        <ele>203.5</ele>
      </trkpt>
      <trkpt lat="43.22404" lon="5.43561">
        <ele>203.6</ele>
      </trkpt>
      <trkpt lat="43.22404" lon="5.43568">
        <ele>203.4</ele>
      </trkpt>
      <trkpt lat="43.22402" lon="5.43575">
        <ele>203.9</ele>
      </trkpt>
      <trkpt lat="43.224" lon="5.43581">
        <ele>204.3</ele>
      </trkpt>
      <trkpt lat="43.22395" lon="5.43591">
        <ele>204.4</ele>
      </trkpt>
      <trkpt lat="43.22392" lon="5.43595">
        <ele>204.7</ele>
      </trkpt>
      <trkpt lat="43.22388" lon="5.43599">
        <ele>204.9</ele>
      </trkpt>
      <trkpt lat="43.22383" lon="5.43604">
        <ele>205.5</ele>
      </trkpt>
      <trkpt lat="43.22377" lon="5.43608">
        <ele>206.1</ele>
      </trkpt>
      <trkpt lat="43.2237" lon="5.43614">
        <ele>206.5</ele>
      </trkpt>
      <trkpt lat="43.22363" lon="5.4362">
        <ele>206.7</ele>
      </trkpt>
      <trkpt lat="43.22359" lon="5.43623">
        <ele>207</ele>
      </trkpt>
      <trkpt lat="43.22355" lon="5.43626">
        <ele>207.3</ele>
      </trkpt>
      <trkpt lat="43.2235" lon="5.43628">
        <ele>207.6</ele>
      </trkpt>
      <trkpt lat="43.22346" lon="5.43631">
        <ele>207.7</ele>
      </trkpt>
      <trkpt lat="43.22341" lon="5.43634">
        <ele>208.2</ele>
      </trkpt>
      <trkpt lat="43.22335" lon="5.43636">
        <ele>208.5</ele>
      </trkpt>
      <trkpt lat="43.22328" lon="5.43638">
        <ele>209.2</ele>
      </trkpt>
      <trkpt lat="43.22321" lon="5.4364">
        <ele>209.9</ele>
      </trkpt>
      <trkpt lat="43.22313" lon="5.43643">
        <ele>210.7</ele>
      </trkpt>
      <trkpt lat="43.22305" lon="5.43645">
        <ele>211.4</ele>
      </trkpt>
      <trkpt lat="43.22299" lon="5.43649">
        <ele>212</ele>
      </trkpt>
      <trkpt lat="43.22295" lon="5.43653">
        <ele>212.1</ele>
      </trkpt>
      <trkpt lat="43.2229" lon="5.43657">
        <ele>212.3</ele>
      </trkpt>
      <trkpt lat="43.22286" lon="5.43662">
        <ele>212.1</ele>
      </trkpt>
      <trkpt lat="43.22281" lon="5.43667">
        <ele>212</ele>
      </trkpt>
      <trkpt lat="43.22277" lon="5.43674">
        <ele>212.5</ele>
      </trkpt>
      <trkpt lat="43.22272" lon="5.43681">
        <ele>213.1</ele>
      </trkpt>
      <trkpt lat="43.22267" lon="5.43689">
        <ele>213.5</ele>
      </trkpt>
      <trkpt lat="43.22262" lon="5.43697">
        <ele>213.5</ele>
      </trkpt>
      <trkpt lat="43.22256" lon="5.43706">
        <ele>213.3</ele>
      </trkpt>
      <trkpt lat="43.2225" lon="5.43715">
        <ele>212.8</ele>
      </trkpt>
      <trkpt lat="43.22243" lon="5.43722">
        <ele>213.1</ele>
      </trkpt>
      <trkpt lat="43.22236" lon="5.43729">
        <ele>213.4</ele>
      </trkpt>
      <trkpt lat="43.22232" lon="5.43734">
        <ele>213.4</ele>
      </trkpt>
      <trkpt lat="43.22229" lon="5.43739">
        <ele>213.2</ele>
      </trkpt>
      <trkpt lat="43.22225" lon="5.43743">
        <ele>213.1</ele>
      </trkpt>
      <trkpt lat="43.22221" lon="5.43748">
        <ele>212.6</ele>
      </trkpt>
      <trkpt lat="43.22216" lon="5.43754">
        <ele>211.9</ele>
      </trkpt>
      <trkpt lat="43.2221" lon="5.4376">
        <ele>211.2</ele>
      </trkpt>
      <trkpt lat="43.22202" lon="5.43765">
        <ele>210.9</ele>
      </trkpt>
      <trkpt lat="43.22195" lon="5.43766">
        <ele>211.5</ele>
      </trkpt>
      <trkpt lat="43.22188" lon="5.43765">
        <ele>210.2</ele>
      </trkpt>
      <trkpt lat="43.22184" lon="5.43762">
        <ele>209.7</ele>
      </trkpt>
      <trkpt lat="43.2218" lon="5.43759">
        <ele>209.2</ele>
      </trkpt>
      <trkpt lat="43.22176" lon="5.43755">
        <ele>208.7</ele>
      </trkpt>
      <trkpt lat="43.22171" lon="5.43751">
        <ele>208.1</ele>
      </trkpt>
      <trkpt lat="43.22166" lon="5.43744">
        <ele>207.5</ele>
      </trkpt>
      <trkpt lat="43.2216" lon="5.43737">
        <ele>206.6</ele>
      </trkpt>
      <trkpt lat="43.22156" lon="5.43728">
        <ele>206.2</ele>
      </trkpt>
      <trkpt lat="43.22151" lon="5.43719">
        <ele>205.7</ele>
      </trkpt>
      <trkpt lat="43.22149" lon="5.43709">
        <ele>205.7</ele>
      </trkpt>
      <trkpt lat="43.22146" lon="5.43699">
        <ele>205.7</ele>
      </trkpt>
      <trkpt lat="43.22145" lon="5.43693">
        <ele>205.6</ele>
      </trkpt>
      <trkpt lat="43.22144" lon="5.43687">
        <ele>205.6</ele>
      </trkpt>
      <trkpt lat="43.22142" lon="5.43681">
        <ele>205.5</ele>
      </trkpt>
      <trkpt lat="43.22141" lon="5.43675">
        <ele>205.4</ele>
      </trkpt>
      <trkpt lat="43.22138" lon="5.43667">
        <ele>204.8</ele>
      </trkpt>
      <trkpt lat="43.22132" lon="5.43659">
        <ele>205.8</ele>
      </trkpt>
      <trkpt lat="43.22126" lon="5.43651">
        <ele>206.1</ele>
      </trkpt>
      <trkpt lat="43.2212" lon="5.43647">
        <ele>205.1</ele>
      </trkpt>
      <trkpt lat="43.22113" lon="5.43645">
        <ele>203.2</ele>
      </trkpt>
      <trkpt lat="43.22107" lon="5.43644">
        <ele>204.1</ele>
      </trkpt>
      <trkpt lat="43.22101" lon="5.43651">
        <ele>205.6</ele>
      </trkpt>
      <trkpt lat="43.22099" lon="5.43659">
        <ele>205.6</ele>
      </trkpt>
      <trkpt lat="43.22096" lon="5.43668">
        <ele>205.8</ele>
      </trkpt>
      <trkpt lat="43.22093" lon="5.43677">
        <ele>206.1</ele>
      </trkpt>
      <trkpt lat="43.22091" lon="5.43685">
        <ele>206.2</ele>
      </trkpt>
      <trkpt lat="43.22089" lon="5.43692">
        <ele>206.3</ele>
      </trkpt>
      <trkpt lat="43.22086" lon="5.43702">
        <ele>207</ele>
      </trkpt>
      <trkpt lat="43.22082" lon="5.43711">
        <ele>207.9</ele>
      </trkpt>
      <trkpt lat="43.22078" lon="5.43719">
        <ele>208.9</ele>
      </trkpt>
      <trkpt lat="43.22074" lon="5.43727">
        <ele>209.7</ele>
      </trkpt>
      <trkpt lat="43.22071" lon="5.43735">
        <ele>210.3</ele>
      </trkpt>
      <trkpt lat="43.22068" lon="5.43742">
        <ele>210.9</ele>
      </trkpt>
      <trkpt lat="43.22065" lon="5.4375">
        <ele>211.6</ele>
      </trkpt>
      <trkpt lat="43.22062" lon="5.43757">
        <ele>212.2</ele>
      </trkpt>
      <trkpt lat="43.2206" lon="5.43764">
        <ele>212.5</ele>
      </trkpt>
      <trkpt lat="43.22058" lon="5.43771">
        <ele>212.7</ele>
      </trkpt>
      <trkpt lat="43.22055" lon="5.43777">
        <ele>213.1</ele>
      </trkpt>
      <trkpt lat="43.22053" lon="5.43784">
        <ele>213.4</ele>
      </trkpt>
      <trkpt lat="43.2205" lon="5.4379">
        <ele>213.7</ele>
      </trkpt>
      <trkpt lat="43.22047" lon="5.43796">
        <ele>213.9</ele>
      </trkpt>
      <trkpt lat="43.22044" lon="5.43802">
        <ele>214.4</ele>
      </trkpt>
      <trkpt lat="43.2204" lon="5.43807">
        <ele>214.7</ele>
      </trkpt>
      <trkpt lat="43.22036" lon="5.43813">
        <ele>214.7</ele>
      </trkpt>
      <trkpt lat="43.22028" lon="5.43816">
        <ele>216.1</ele>
      </trkpt>
      <trkpt lat="43.22023" lon="5.43817">
        <ele>216.3</ele>
      </trkpt>
      <trkpt lat="43.22018" lon="5.43818">
        <ele>216.5</ele>
      </trkpt>
      <trkpt lat="43.22011" lon="5.43818">
        <ele>217</ele>
      </trkpt>
      <trkpt lat="43.22004" lon="5.43817">
        <ele>217.7</ele>
      </trkpt>
      <trkpt lat="43.22002" lon="5.43815">
        <ele>218.2</ele>
      </trkpt>
      <trkpt lat="43.22002" lon="5.4381">
        <ele>219.1</ele>
      </trkpt>
      <trkpt lat="43.22004" lon="5.43805">
        <ele>219.8</ele>
      </trkpt>
      <trkpt lat="43.2201" lon="5.438">
        <ele>220.3</ele>
      </trkpt>
      <trkpt lat="43.22015" lon="5.43794">
        <ele>220.6</ele>
      </trkpt>
      <trkpt lat="43.2202" lon="5.43788">
        <ele>220.8</ele>
      </trkpt>
      <trkpt lat="43.22022" lon="5.43784">
        <ele>221.1</ele>
      </trkpt>
      <trkpt lat="43.22025" lon="5.43778">
        <ele>221.4</ele>
      </trkpt>
      <trkpt lat="43.22024" lon="5.43775">
        <ele>221.7</ele>
      </trkpt>
      <trkpt lat="43.22022" lon="5.4377">
        <ele>222.4</ele>
      </trkpt>
      <trkpt lat="43.22016" lon="5.43768">
        <ele>223.4</ele>
      </trkpt>
      <trkpt lat="43.22008" lon="5.43769">
        <ele>224.5</ele>
      </trkpt>
      <trkpt lat="43.22" lon="5.43769">
        <ele>225.6</ele>
      </trkpt>
      <trkpt lat="43.21996" lon="5.43768">
        <ele>225.7</ele>
      </trkpt>
      <trkpt lat="43.21991" lon="5.43766">
        <ele>225.8</ele>
      </trkpt>
      <trkpt lat="43.21985" lon="5.43763">
        <ele>226.1</ele>
      </trkpt>
      <trkpt lat="43.21979" lon="5.43757">
        <ele>226.9</ele>
      </trkpt>
      <trkpt lat="43.21977" lon="5.43752">
        <ele>227.6</ele>
      </trkpt>
      <trkpt lat="43.21972" lon="5.43755">
        <ele>227.1</ele>
      </trkpt>
      <trkpt lat="43.21967" lon="5.43758">
        <ele>223.2</ele>
      </trkpt>
      <trkpt lat="43.21962" lon="5.43766">
        <ele>220.7</ele>
      </trkpt>
      <trkpt lat="43.21958" lon="5.43772">
        <ele>220.1</ele>
      </trkpt>
      <trkpt lat="43.21955" lon="5.43777">
        <ele>220.6</ele>
      </trkpt>
      <trkpt lat="43.21951" lon="5.43783">
        <ele>219.8</ele>
      </trkpt>
      <trkpt lat="43.21947" lon="5.43788">
        <ele>219</ele>
      </trkpt>
      <trkpt lat="43.21942" lon="5.43796">
        <ele>216.9</ele>
      </trkpt>
      <trkpt lat="43.21938" lon="5.43803">
        <ele>215.2</ele>
      </trkpt>
      <trkpt lat="43.21936" lon="5.4381">
        <ele>213.9</ele>
      </trkpt>
      <trkpt lat="43.21938" lon="5.43818">
        <ele>213.3</ele>
      </trkpt>
      <trkpt lat="43.2194" lon="5.43825">
        <ele>212.9</ele>
      </trkpt>
      <trkpt lat="43.21945" lon="5.43834">
        <ele>212.9</ele>
      </trkpt>
      <trkpt lat="43.21949" lon="5.43842">
        <ele>211.2</ele>
      </trkpt>
      <trkpt lat="43.21952" lon="5.43849">
        <ele>209.6</ele>
      </trkpt>
      <trkpt lat="43.21954" lon="5.43856">
        <ele>208</ele>
      </trkpt>
      <trkpt lat="43.21957" lon="5.43864">
        <ele>206.1</ele>
      </trkpt>
      <trkpt lat="43.21961" lon="5.43871">
        <ele>204.7</ele>
      </trkpt>
      <trkpt lat="43.21965" lon="5.43877">
        <ele>203.3</ele>
      </trkpt>
      <trkpt lat="43.2197" lon="5.43884">
        <ele>202</ele>
      </trkpt>
      <trkpt lat="43.21973" lon="5.43889">
        <ele>201.1</ele>
      </trkpt>
      <trkpt lat="43.21976" lon="5.43894">
        <ele>200.3</ele>
      </trkpt>
      <trkpt lat="43.21978" lon="5.43901">
        <ele>199.1</ele>
      </trkpt>
      <trkpt lat="43.2198" lon="5.43907">
        <ele>197.9</ele>
      </trkpt>
      <trkpt lat="43.21982" lon="5.43917">
        <ele>195.9</ele>
      </trkpt>
      <trkpt lat="43.21983" lon="5.43927">
        <ele>194.4</ele>
      </trkpt>
      <trkpt lat="43.21985" lon="5.43933">
        <ele>193.8</ele>
      </trkpt>
      <trkpt lat="43.21987" lon="5.43939">
        <ele>193.2</ele>
      </trkpt>
      <trkpt lat="43.21993" lon="5.43946">
        <ele>193.6</ele>
      </trkpt>
      <trkpt lat="43.21998" lon="5.43953">
        <ele>193.9</ele>
      </trkpt>
      <trkpt lat="43.21999" lon="5.43958">
        <ele>193.3</ele>
      </trkpt>
      <trkpt lat="43.21996" lon="5.43964">
        <ele>191.3</ele>
      </trkpt>
      <trkpt lat="43.21995" lon="5.43972">
        <ele>189.6</ele>
      </trkpt>
      <trkpt lat="43.21997" lon="5.43983">
        <ele>188.8</ele>
      </trkpt>
      <trkpt lat="43.21997" lon="5.43992">
        <ele>187.8</ele>
      </trkpt>
      <trkpt lat="43.21997" lon="5.44">
        <ele>186.7</ele>
      </trkpt>
      <trkpt lat="43.22" lon="5.4401">
        <ele>186.7</ele>
      </trkpt>
      <trkpt lat="43.22002" lon="5.44019">
        <ele>185.9</ele>
      </trkpt>
      <trkpt lat="43.22003" lon="5.44027">
        <ele>185.1</ele>
      </trkpt>
      <trkpt lat="43.22005" lon="5.44039">
        <ele>183.5</ele>
      </trkpt>
      <trkpt lat="43.22005" lon="5.44048">
        <ele>182.4</ele>
      </trkpt>
      <trkpt lat="43.22005" lon="5.44057">
        <ele>181.3</ele>
      </trkpt>
      <trkpt lat="43.22005" lon="5.44069">
        <ele>180.6</ele>
      </trkpt>
      <trkpt lat="43.22005" lon="5.44081">
        <ele>179.9</ele>
      </trkpt>
      <trkpt lat="43.22005" lon="5.44089">
        <ele>180</ele>
      </trkpt>
      <trkpt lat="43.22004" lon="5.44097">
        <ele>180.4</ele>
      </trkpt>
      <trkpt lat="43.22003" lon="5.44103">
        <ele>180.6</ele>
      </trkpt>
      <trkpt lat="43.22001" lon="5.44109">
        <ele>180.9</ele>
      </trkpt>
      <trkpt lat="43.21999" lon="5.44115">
        <ele>180.8</ele>
      </trkpt>
      <trkpt lat="43.21999" lon="5.44125">
        <ele>181.7</ele>
      </trkpt>
      <trkpt lat="43.22002" lon="5.44134">
        <ele>182.7</ele>
      </trkpt>
      <trkpt lat="43.22003" lon="5.4414">
        <ele>183.2</ele>
      </trkpt>
      <trkpt lat="43.22004" lon="5.44147">
        <ele>183.7</ele>
      </trkpt>
      <trkpt lat="43.22005" lon="5.44155">
        <ele>184.2</ele>
      </trkpt>
      <trkpt lat="43.22006" lon="5.44162">
        <ele>184.7</ele>
      </trkpt>
      <trkpt lat="43.22007" lon="5.44169">
        <ele>185.1</ele>
      </trkpt>
      <trkpt lat="43.22011" lon="5.44179">
        <ele>185.7</ele>
      </trkpt>
      <trkpt lat="43.22013" lon="5.44189">
        <ele>186.2</ele>
      </trkpt>
      <trkpt lat="43.22014" lon="5.44198">
        <ele>186.7</ele>
      </trkpt>
      <trkpt lat="43.22013" lon="5.44207">
        <ele>187.2</ele>
      </trkpt>
      <trkpt lat="43.22009" lon="5.44217">
        <ele>188</ele>
      </trkpt>
      <trkpt lat="43.22008" lon="5.44229">
        <ele>188.6</ele>
      </trkpt>
      <trkpt lat="43.22006" lon="5.44239">
        <ele>189.1</ele>
      </trkpt>
      <trkpt lat="43.22003" lon="5.44249">
        <ele>189.6</ele>
      </trkpt>
      <trkpt lat="43.22001" lon="5.44253">
        <ele>189.9</ele>
      </trkpt>
      <trkpt lat="43.22001" lon="5.44261">
        <ele>190</ele>
      </trkpt>
      <trkpt lat="43.22" lon="5.44269">
        <ele>190</ele>
      </trkpt>
      <trkpt lat="43.21999" lon="5.44279">
        <ele>190.1</ele>
      </trkpt>
      <trkpt lat="43.22" lon="5.4429">
        <ele>190</ele>
      </trkpt>
      <trkpt lat="43.22001" lon="5.44295">
        <ele>190</ele>
      </trkpt>
      <trkpt lat="43.21997" lon="5.44304">
        <ele>190.5</ele>
      </trkpt>
      <trkpt lat="43.21993" lon="5.44313">
        <ele>191.5</ele>
      </trkpt>
      <trkpt lat="43.21988" lon="5.44322">
        <ele>192.4</ele>
      </trkpt>
      <trkpt lat="43.21984" lon="5.44331">
        <ele>193.1</ele>
      </trkpt>
      <trkpt lat="43.21981" lon="5.44339">
        <ele>193.4</ele>
      </trkpt>
      <trkpt lat="43.21977" lon="5.44347">
        <ele>193.4</ele>
      </trkpt>
      <trkpt lat="43.21975" lon="5.44355">
        <ele>193.3</ele>
      </trkpt>
      <trkpt lat="43.21972" lon="5.44362">
        <ele>193.1</ele>
      </trkpt>
      <trkpt lat="43.21967" lon="5.44369">
        <ele>194.1</ele>
      </trkpt>
      <trkpt lat="43.21962" lon="5.44376">
        <ele>194.8</ele>
      </trkpt>
      <trkpt lat="43.21958" lon="5.44386">
        <ele>195.1</ele>
      </trkpt>
      <trkpt lat="43.21955" lon="5.44389">
        <ele>195.2</ele>
      </trkpt>
      <trkpt lat="43.21947" lon="5.44393">
        <ele>195.9</ele>
      </trkpt>
      <trkpt lat="43.21942" lon="5.44403">
        <ele>196.5</ele>
      </trkpt>
      <trkpt lat="43.21938" lon="5.4441">
        <ele>197.2</ele>
      </trkpt>
      <trkpt lat="43.21933" lon="5.44417">
        <ele>197.7</ele>
      </trkpt>
      <trkpt lat="43.21931" lon="5.44422">
        <ele>198.2</ele>
      </trkpt>
      <trkpt lat="43.21928" lon="5.44428">
        <ele>198.6</ele>
      </trkpt>
      <trkpt lat="43.21926" lon="5.44433">
        <ele>198.9</ele>
      </trkpt>
      <trkpt lat="43.21923" lon="5.44438">
        <ele>199</ele>
      </trkpt>
      <trkpt lat="43.21922" lon="5.44445">
        <ele>199</ele>
      </trkpt>
      <trkpt lat="43.21921" lon="5.44452">
        <ele>199.3</ele>
      </trkpt>
      <trkpt lat="43.2192" lon="5.44459">
        <ele>199.6</ele>
      </trkpt>
      <trkpt lat="43.21919" lon="5.44467">
        <ele>199.8</ele>
      </trkpt>
      <trkpt lat="43.21917" lon="5.44474">
        <ele>200.1</ele>
      </trkpt>
      <trkpt lat="43.21916" lon="5.44481">
        <ele>200.7</ele>
      </trkpt>
      <trkpt lat="43.21915" lon="5.44488">
        <ele>201.4</ele>
      </trkpt>
      <trkpt lat="43.21914" lon="5.44495">
        <ele>202.1</ele>
      </trkpt>
      <trkpt lat="43.21914" lon="5.44502">
        <ele>202.5</ele>
      </trkpt>
      <trkpt lat="43.21914" lon="5.44508">
        <ele>202.9</ele>
      </trkpt>
      <trkpt lat="43.21916" lon="5.4452">
        <ele>203.5</ele>
      </trkpt>
      <trkpt lat="43.21914" lon="5.44529">
        <ele>204.3</ele>
      </trkpt>
      <trkpt lat="43.21912" lon="5.44539">
        <ele>204.9</ele>
      </trkpt>
      <trkpt lat="43.21909" lon="5.44548">
        <ele>205.4</ele>
      </trkpt>
      <trkpt lat="43.21907" lon="5.44557">
        <ele>205.7</ele>
      </trkpt>
      <trkpt lat="43.21906" lon="5.44568">
        <ele>206.4</ele>
      </trkpt>
      <trkpt lat="43.21904" lon="5.44578">
        <ele>207.1</ele>
      </trkpt>
      <trkpt lat="43.219" lon="5.44585">
        <ele>207.8</ele>
      </trkpt>
      <trkpt lat="43.21896" lon="5.44593">
        <ele>208.5</ele>
      </trkpt>
      <trkpt lat="43.21891" lon="5.446">
        <ele>209.1</ele>
      </trkpt>
      <trkpt lat="43.21887" lon="5.44607">
        <ele>209.9</ele>
      </trkpt>
      <trkpt lat="43.21885" lon="5.44613">
        <ele>210.5</ele>
      </trkpt>
      <trkpt lat="43.21882" lon="5.44618">
        <ele>210.8</ele>
      </trkpt>
      <trkpt lat="43.2188" lon="5.4463">
        <ele>211.2</ele>
      </trkpt>
      <trkpt lat="43.21878" lon="5.44641">
        <ele>211.7</ele>
      </trkpt>
      <trkpt lat="43.21875" lon="5.44646">
        <ele>212.2</ele>
      </trkpt>
      <trkpt lat="43.21873" lon="5.44652">
        <ele>212.7</ele>
      </trkpt>
      <trkpt lat="43.2187" lon="5.44657">
        <ele>212.9</ele>
      </trkpt>
      <trkpt lat="43.21867" lon="5.44662">
        <ele>213</ele>
      </trkpt>
      <trkpt lat="43.21864" lon="5.44668">
        <ele>213</ele>
      </trkpt>
      <trkpt lat="43.2186" lon="5.44673">
        <ele>213.4</ele>
      </trkpt>
      <trkpt lat="43.21856" lon="5.44677">
        <ele>214.1</ele>
      </trkpt>
      <trkpt lat="43.21851" lon="5.4468">
        <ele>214.6</ele>
      </trkpt>
      <trkpt lat="43.21846" lon="5.44683">
        <ele>215</ele>
      </trkpt>
      <trkpt lat="43.21841" lon="5.44686">
        <ele>215.3</ele>
      </trkpt>
      <trkpt lat="43.21836" lon="5.44692">
        <ele>215.1</ele>
      </trkpt>
      <trkpt lat="43.21832" lon="5.44697">
        <ele>215</ele>
      </trkpt>
      <trkpt lat="43.21839" lon="5.44702">
        <ele>214.9</ele>
      </trkpt>
      <trkpt lat="43.21845" lon="5.44706">
        <ele>214.9</ele>
      </trkpt>
      <trkpt lat="43.21852" lon="5.44709">
        <ele>215</ele>
      </trkpt>
      <trkpt lat="43.21856" lon="5.4471">
        <ele>215.1</ele>
      </trkpt>
      <trkpt lat="43.21861" lon="5.44712">
        <ele>215.2</ele>
      </trkpt>
      <trkpt lat="43.21866" lon="5.44713">
        <ele>215.4</ele>
      </trkpt>
      <trkpt lat="43.21873" lon="5.44717">
        <ele>215.7</ele>
      </trkpt>
      <trkpt lat="43.2188" lon="5.44721">
        <ele>215.9</ele>
      </trkpt>
      <trkpt lat="43.21884" lon="5.4473">
        <ele>215.8</ele>
      </trkpt>
      <trkpt lat="43.21887" lon="5.44739">
        <ele>215.5</ele>
      </trkpt>
      <trkpt lat="43.21888" lon="5.44744">
        <ele>215.3</ele>
      </trkpt>
      <trkpt lat="43.21888" lon="5.44749">
        <ele>215.1</ele>
      </trkpt>
      <trkpt lat="43.21886" lon="5.44755">
        <ele>215.4</ele>
      </trkpt>
      <trkpt lat="43.21884" lon="5.44761">
        <ele>215.5</ele>
      </trkpt>
      <trkpt lat="43.2188" lon="5.4477">
        <ele>214.9</ele>
      </trkpt>
      <trkpt lat="43.21875" lon="5.44778">
        <ele>213.5</ele>
      </trkpt>
      <trkpt lat="43.21873" lon="5.44783">
        <ele>212.8</ele>
      </trkpt>
      <trkpt lat="43.21873" lon="5.44786">
        <ele>212.7</ele>
      </trkpt>
      <trkpt lat="43.21874" lon="5.44792">
        <ele>212.7</ele>
      </trkpt>
      <trkpt lat="43.21876" lon="5.44804">
        <ele>212.8</ele>
      </trkpt>
      <trkpt lat="43.21877" lon="5.44811">
        <ele>212.9</ele>
      </trkpt>
      <trkpt lat="43.21878" lon="5.44819">
        <ele>213.1</ele>
      </trkpt>
      <trkpt lat="43.21878" lon="5.44827">
        <ele>212.8</ele>
      </trkpt>
      <trkpt lat="43.21877" lon="5.44834">
        <ele>212.7</ele>
      </trkpt>
      <trkpt lat="43.21874" lon="5.44844">
        <ele>213.1</ele>
      </trkpt>
      <trkpt lat="43.21869" lon="5.44849">
        <ele>212.9</ele>
      </trkpt>
      <trkpt lat="43.21867" lon="5.44851">
        <ele>212.8</ele>
      </trkpt>
      <trkpt lat="43.21864" lon="5.44852">
        <ele>212.5</ele>
      </trkpt>
      <trkpt lat="43.21858" lon="5.44853">
        <ele>211.8</ele>
      </trkpt>
      <trkpt lat="43.21851" lon="5.44853">
        <ele>211.2</ele>
      </trkpt>
      <trkpt lat="43.21846" lon="5.44853">
        <ele>210.6</ele>
      </trkpt>
      <trkpt lat="43.21841" lon="5.44853">
        <ele>210</ele>
      </trkpt>
      <trkpt lat="43.21836" lon="5.44852">
        <ele>209.4</ele>
      </trkpt>
      <trkpt lat="43.21831" lon="5.44852">
        <ele>208.7</ele>
      </trkpt>
      <trkpt lat="43.21826" lon="5.44853">
        <ele>208.3</ele>
      </trkpt>
      <trkpt lat="43.21821" lon="5.44854">
        <ele>207.8</ele>
      </trkpt>
      <trkpt lat="43.21815" lon="5.44858">
        <ele>207.9</ele>
      </trkpt>
      <trkpt lat="43.2181" lon="5.44864">
        <ele>208</ele>
      </trkpt>
      <trkpt lat="43.21808" lon="5.44867">
        <ele>207.8</ele>
      </trkpt>
      <trkpt lat="43.21807" lon="5.44877">
        <ele>208</ele>
      </trkpt>
      <trkpt lat="43.21807" lon="5.44884">
        <ele>208.3</ele>
      </trkpt>
      <trkpt lat="43.21807" lon="5.44891">
        <ele>208.6</ele>
      </trkpt>
      <trkpt lat="43.21806" lon="5.44897">
        <ele>209.2</ele>
      </trkpt>
      <trkpt lat="43.21806" lon="5.44904">
        <ele>209.9</ele>
      </trkpt>
      <trkpt lat="43.21803" lon="5.44909">
        <ele>209.9</ele>
      </trkpt>
      <trkpt lat="43.21802" lon="5.4491">
        <ele>210</ele>
      </trkpt>
      <trkpt lat="43.21797" lon="5.4491">
        <ele>209.5</ele>
      </trkpt>
      <trkpt lat="43.21791" lon="5.44909">
        <ele>208.7</ele>
      </trkpt>
      <trkpt lat="43.21784" lon="5.44908">
        <ele>207.8</ele>
      </trkpt>
      <trkpt lat="43.21776" lon="5.44908">
        <ele>207.3</ele>
      </trkpt>
      <trkpt lat="43.21768" lon="5.44909">
        <ele>207.2</ele>
      </trkpt>
      <trkpt lat="43.21759" lon="5.44909">
        <ele>207.2</ele>
      </trkpt>
      <trkpt lat="43.21751" lon="5.44909">
        <ele>207.1</ele>
      </trkpt>
      <trkpt lat="43.21746" lon="5.44912">
        <ele>207</ele>
      </trkpt>
      <trkpt lat="43.21742" lon="5.44916">
        <ele>207.1</ele>
      </trkpt>
      <trkpt lat="43.21737" lon="5.44922">
        <ele>207.7</ele>
      </trkpt>
      <trkpt lat="43.21732" lon="5.44928">
        <ele>208.4</ele>
      </trkpt>
      <trkpt lat="43.21727" lon="5.44931">
        <ele>208.2</ele>
      </trkpt>
      <trkpt lat="43.21722" lon="5.44934">
        <ele>207.9</ele>
      </trkpt>
      <trkpt lat="43.21718" lon="5.44937">
        <ele>207.8</ele>
      </trkpt>
      <trkpt lat="43.21713" lon="5.44939">
        <ele>207.7</ele>
      </trkpt>
      <trkpt lat="43.21708" lon="5.44942">
        <ele>207.4</ele>
      </trkpt>
      <trkpt lat="43.21704" lon="5.44946">
        <ele>207.3</ele>
      </trkpt>
      <trkpt lat="43.217" lon="5.44949">
        <ele>207.1</ele>
      </trkpt>
      <trkpt lat="43.21695" lon="5.44954">
        <ele>206.9</ele>
      </trkpt>
      <trkpt lat="43.21691" lon="5.44962">
        <ele>207.4</ele>
      </trkpt>
      <trkpt lat="43.21687" lon="5.44969">
        <ele>207.4</ele>
      </trkpt>
      <trkpt lat="43.21684" lon="5.44978">
        <ele>207.5</ele>
      </trkpt>
      <trkpt lat="43.21681" lon="5.44987">
        <ele>207.2</ele>
      </trkpt>
      <trkpt lat="43.2168" lon="5.44994">
        <ele>207.2</ele>
      </trkpt>
      <trkpt lat="43.21678" lon="5.45001">
        <ele>207.1</ele>
      </trkpt>
      <trkpt lat="43.21677" lon="5.45008">
        <ele>206.9</ele>
      </trkpt>
      <trkpt lat="43.21675" lon="5.45015">
        <ele>206.8</ele>
      </trkpt>
      <trkpt lat="43.21675" lon="5.45022">
        <ele>207.1</ele>
      </trkpt>
      <trkpt lat="43.21675" lon="5.45029">
        <ele>207.1</ele>
      </trkpt>
      <trkpt lat="43.21675" lon="5.45032">
        <ele>206.2</ele>
      </trkpt>
      <trkpt lat="43.21678" lon="5.45037">
        <ele>205.7</ele>
      </trkpt>
      <trkpt lat="43.21684" lon="5.45043">
        <ele>206.1</ele>
      </trkpt>
      <trkpt lat="43.2169" lon="5.45048">
        <ele>206.5</ele>
      </trkpt>
      <trkpt lat="43.21693" lon="5.45053">
        <ele>206.2</ele>
      </trkpt>
      <trkpt lat="43.21697" lon="5.4506">
        <ele>206.2</ele>
      </trkpt>
      <trkpt lat="43.217" lon="5.45067">
        <ele>206.5</ele>
      </trkpt>
      <trkpt lat="43.21704" lon="5.45074">
        <ele>206.9</ele>
      </trkpt>
      <trkpt lat="43.21707" lon="5.45081">
        <ele>207.3</ele>
      </trkpt>
      <trkpt lat="43.21711" lon="5.45089">
        <ele>208</ele>
      </trkpt>
      <trkpt lat="43.21713" lon="5.45096">
        <ele>208</ele>
      </trkpt>
      <trkpt lat="43.21715" lon="5.45103">
        <ele>208.1</ele>
      </trkpt>
      <trkpt lat="43.21717" lon="5.45111">
        <ele>208</ele>
      </trkpt>
      <trkpt lat="43.21717" lon="5.4512">
        <ele>208.1</ele>
      </trkpt>
      <trkpt lat="43.21717" lon="5.45127">
        <ele>208.1</ele>
      </trkpt>
      <trkpt lat="43.21717" lon="5.45135">
        <ele>208.2</ele>
      </trkpt>
      <trkpt lat="43.21717" lon="5.45142">
        <ele>208.1</ele>
      </trkpt>
      <trkpt lat="43.21717" lon="5.45149">
        <ele>207.9</ele>
      </trkpt>
      <trkpt lat="43.21718" lon="5.45156">
        <ele>208</ele>
      </trkpt>
      <trkpt lat="43.21718" lon="5.45163">
        <ele>208.1</ele>
      </trkpt>
      <trkpt lat="43.21719" lon="5.4517">
        <ele>208.2</ele>
      </trkpt>
      <trkpt lat="43.2172" lon="5.45178">
        <ele>208.2</ele>
      </trkpt>
      <trkpt lat="43.2172" lon="5.45185">
        <ele>208.3</ele>
      </trkpt>
      <trkpt lat="43.21721" lon="5.45192">
        <ele>208.4</ele>
      </trkpt>
      <trkpt lat="43.21721" lon="5.45199">
        <ele>208.6</ele>
      </trkpt>
      <trkpt lat="43.21722" lon="5.45206">
        <ele>208.9</ele>
      </trkpt>
      <trkpt lat="43.21725" lon="5.45217">
        <ele>210.3</ele>
      </trkpt>
      <trkpt lat="43.21727" lon="5.45227">
        <ele>211.3</ele>
      </trkpt>
      <trkpt lat="43.21729" lon="5.45234">
        <ele>211.5</ele>
      </trkpt>
      <trkpt lat="43.2173" lon="5.45241">
        <ele>211.7</ele>
      </trkpt>
      <trkpt lat="43.21732" lon="5.45247">
        <ele>211.9</ele>
      </trkpt>
      <trkpt lat="43.21733" lon="5.45254">
        <ele>212.7</ele>
      </trkpt>
      <trkpt lat="43.21735" lon="5.45263">
        <ele>214.1</ele>
      </trkpt>
      <trkpt lat="43.21735" lon="5.4527">
        <ele>214.3</ele>
      </trkpt>
      <trkpt lat="43.21734" lon="5.45276">
        <ele>214</ele>
      </trkpt>
      <trkpt lat="43.21732" lon="5.45281">
        <ele>214.1</ele>
      </trkpt>
      <trkpt lat="43.21729" lon="5.45285">
        <ele>214</ele>
      </trkpt>
      <trkpt lat="43.21725" lon="5.45287">
        <ele>213.3</ele>
      </trkpt>
      <trkpt lat="43.21719" lon="5.45286">
        <ele>212.6</ele>
      </trkpt>
      <trkpt lat="43.21714" lon="5.45285">
        <ele>213.1</ele>
      </trkpt>
      <trkpt lat="43.21708" lon="5.45283">
        <ele>213.5</ele>
      </trkpt>
      <trkpt lat="43.21702" lon="5.45281">
        <ele>213.7</ele>
      </trkpt>
      <trkpt lat="43.21696" lon="5.45278">
        <ele>213.8</ele>
      </trkpt>
      <trkpt lat="43.21692" lon="5.45275">
        <ele>214</ele>
      </trkpt>
      <trkpt lat="43.21688" lon="5.45272">
        <ele>214.5</ele>
      </trkpt>
      <trkpt lat="43.21684" lon="5.45268">
        <ele>214.9</ele>
      </trkpt>
      <trkpt lat="43.2168" lon="5.45265">
        <ele>215.2</ele>
      </trkpt>
      <trkpt lat="43.21674" lon="5.4526">
        <ele>215.1</ele>
      </trkpt>
      <trkpt lat="43.21669" lon="5.45255">
        <ele>214.7</ele>
      </trkpt>
      <trkpt lat="43.21663" lon="5.4525">
        <ele>214.6</ele>
      </trkpt>
      <trkpt lat="43.21658" lon="5.45245">
        <ele>215</ele>
      </trkpt>
      <trkpt lat="43.21652" lon="5.45239">
        <ele>215.5</ele>
      </trkpt>
      <trkpt lat="43.21646" lon="5.45234">
        <ele>216</ele>
      </trkpt>
      <trkpt lat="43.21641" lon="5.45229">
        <ele>216.4</ele>
      </trkpt>
      <trkpt lat="43.21635" lon="5.45224">
        <ele>216</ele>
      </trkpt>
      <trkpt lat="43.21627" lon="5.45219">
        <ele>216.1</ele>
      </trkpt>
      <trkpt lat="43.21619" lon="5.45214">
        <ele>216.7</ele>
      </trkpt>
      <trkpt lat="43.21612" lon="5.45209">
        <ele>217.4</ele>
      </trkpt>
      <trkpt lat="43.21607" lon="5.45203">
        <ele>216</ele>
      </trkpt>
      <trkpt lat="43.21601" lon="5.45198">
        <ele>215.1</ele>
      </trkpt>
      <trkpt lat="43.21595" lon="5.45196">
        <ele>215.1</ele>
      </trkpt>
      <trkpt lat="43.21588" lon="5.45196">
        <ele>215.8</ele>
      </trkpt>
      <trkpt lat="43.2158" lon="5.45195">
        <ele>215.9</ele>
      </trkpt>
      <trkpt lat="43.21588" lon="5.45196">
        <ele>215.8</ele>
      </trkpt>
      <trkpt lat="43.21595" lon="5.45196">
        <ele>215.1</ele>
      </trkpt>
      <trkpt lat="43.21601" lon="5.45198">
        <ele>215.1</ele>
      </trkpt>
      <trkpt lat="43.21597" lon="5.45203">
        <ele>216.7</ele>
      </trkpt>
      <trkpt lat="43.21593" lon="5.45208">
        <ele>218.1</ele>
      </trkpt>
      <trkpt lat="43.2159" lon="5.45215">
        <ele>219.7</ele>
      </trkpt>
      <trkpt lat="43.21586" lon="5.45222">
        <ele>221.1</ele>
      </trkpt>
      <trkpt lat="43.21582" lon="5.45231">
        <ele>223</ele>
      </trkpt>
      <trkpt lat="43.21577" lon="5.4524">
        <ele>224.8</ele>
      </trkpt>
      <trkpt lat="43.21576" lon="5.45244">
        <ele>225.7</ele>
      </trkpt>
      <trkpt lat="43.21575" lon="5.45247">
        <ele>226.3</ele>
      </trkpt>
      <trkpt lat="43.21571" lon="5.45253">
        <ele>227.7</ele>
      </trkpt>
      <trkpt lat="43.21569" lon="5.4526">
        <ele>229.6</ele>
      </trkpt>
      <trkpt lat="43.21566" lon="5.45266">
        <ele>231.5</ele>
      </trkpt>
      <trkpt lat="43.21563" lon="5.4527">
        <ele>232.5</ele>
      </trkpt>
      <trkpt lat="43.21558" lon="5.45275">
        <ele>233.4</ele>
      </trkpt>
      <trkpt lat="43.21552" lon="5.4528">
        <ele>234.2</ele>
      </trkpt>
      <trkpt lat="43.21547" lon="5.45287">
        <ele>234.8</ele>
      </trkpt>
      <trkpt lat="43.21546" lon="5.45291">
        <ele>235.2</ele>
      </trkpt>
      <trkpt lat="43.21545" lon="5.45294">
        <ele>235.4</ele>
      </trkpt>
      <trkpt lat="43.21547" lon="5.45298">
        <ele>236.4</ele>
      </trkpt>
      <trkpt lat="43.21552" lon="5.45306">
        <ele>239</ele>
      </trkpt>
      <trkpt lat="43.21554" lon="5.4531">
        <ele>240.1</ele>
      </trkpt>
      <trkpt lat="43.21557" lon="5.45314">
        <ele>241.9</ele>
      </trkpt>
      <trkpt lat="43.21562" lon="5.45311">
        <ele>243.7</ele>
      </trkpt>
      <trkpt lat="43.21567" lon="5.45308">
        <ele>245.1</ele>
      </trkpt>
      <trkpt lat="43.21572" lon="5.45306">
        <ele>246.6</ele>
      </trkpt>
      <trkpt lat="43.21577" lon="5.45305">
        <ele>247.9</ele>
      </trkpt>
      <trkpt lat="43.21581" lon="5.45303">
        <ele>248.9</ele>
      </trkpt>
      <trkpt lat="43.21586" lon="5.45301">
        <ele>249.6</ele>
      </trkpt>
      <trkpt lat="43.21592" lon="5.45301">
        <ele>251</ele>
      </trkpt>
      <trkpt lat="43.21598" lon="5.453">
        <ele>252.4</ele>
      </trkpt>
      <trkpt lat="43.216" lon="5.45302">
        <ele>253.8</ele>
      </trkpt>
      <trkpt lat="43.21601" lon="5.45304">
        <ele>254.8</ele>
      </trkpt>
      <trkpt lat="43.21601" lon="5.45308">
        <ele>256.5</ele>
      </trkpt>
      <trkpt lat="43.21598" lon="5.45313">
        <ele>257.6</ele>
      </trkpt>
      <trkpt lat="43.21594" lon="5.45317">
        <ele>258.5</ele>
      </trkpt>
      <trkpt lat="43.21591" lon="5.45322">
        <ele>259.4</ele>
      </trkpt>
      <trkpt lat="43.21587" lon="5.45326">
        <ele>260.2</ele>
      </trkpt>
      <trkpt lat="43.21582" lon="5.45336">
        <ele>261.8</ele>
      </trkpt>
      <trkpt lat="43.21579" lon="5.45345">
        <ele>262</ele>
      </trkpt>
      <trkpt lat="43.21577" lon="5.45353">
        <ele>262.5</ele>
      </trkpt>
      <trkpt lat="43.21576" lon="5.45356">
        <ele>262.5</ele>
      </trkpt>
      <trkpt lat="43.21578" lon="5.45368">
        <ele>265.5</ele>
      </trkpt>
      <trkpt lat="43.21579" lon="5.45379">
        <ele>267.4</ele>
      </trkpt>
      <trkpt lat="43.21578" lon="5.45386">
        <ele>267.6</ele>
      </trkpt>
      <trkpt lat="43.21577" lon="5.45396">
        <ele>268.3</ele>
      </trkpt>
      <trkpt lat="43.21576" lon="5.45405">
        <ele>269</ele>
      </trkpt>
      <trkpt lat="43.21575" lon="5.45412">
        <ele>269.2</ele>
      </trkpt>
      <trkpt lat="43.21573" lon="5.45418">
        <ele>269.4</ele>
      </trkpt>
      <trkpt lat="43.21572" lon="5.45428">
        <ele>269.8</ele>
      </trkpt>
      <trkpt lat="43.2157" lon="5.45438">
        <ele>270.4</ele>
      </trkpt>
      <trkpt lat="43.21576" lon="5.45443">
        <ele>272.3</ele>
      </trkpt>
      <trkpt lat="43.21582" lon="5.45448">
        <ele>273.6</ele>
      </trkpt>
      <trkpt lat="43.21588" lon="5.45455">
        <ele>274.5</ele>
      </trkpt>
      <trkpt lat="43.21593" lon="5.45464">
        <ele>275.3</ele>
      </trkpt>
      <trkpt lat="43.21598" lon="5.45472">
        <ele>276.2</ele>
      </trkpt>
      <trkpt lat="43.21604" lon="5.45465">
        <ele>277.5</ele>
      </trkpt>
      <trkpt lat="43.2161" lon="5.45458">
        <ele>278.8</ele>
      </trkpt>
      <trkpt lat="43.21611" lon="5.45465">
        <ele>279</ele>
      </trkpt>
      <trkpt lat="43.21612" lon="5.45471">
        <ele>279.4</ele>
      </trkpt>
      <trkpt lat="43.21613" lon="5.45478">
        <ele>280.1</ele>
      </trkpt>
      <trkpt lat="43.21615" lon="5.45484">
        <ele>280.8</ele>
      </trkpt>
      <trkpt lat="43.21616" lon="5.45491">
        <ele>281.5</ele>
      </trkpt>
      <trkpt lat="43.21617" lon="5.45497">
        <ele>282.3</ele>
      </trkpt>
      <trkpt lat="43.21618" lon="5.45504">
        <ele>282.9</ele>
      </trkpt>
      <trkpt lat="43.21619" lon="5.4551">
        <ele>283.4</ele>
      </trkpt>
      <trkpt lat="43.21619" lon="5.45518">
        <ele>283.4</ele>
      </trkpt>
      <trkpt lat="43.21619" lon="5.45525">
        <ele>283.4</ele>
      </trkpt>
      <trkpt lat="43.2162" lon="5.45532">
        <ele>283.8</ele>
      </trkpt>
      <trkpt lat="43.21623" lon="5.4554">
        <ele>284.9</ele>
      </trkpt>
      <trkpt lat="43.21625" lon="5.45548">
        <ele>286</ele>
      </trkpt>
      <trkpt lat="43.21628" lon="5.45555">
        <ele>287.3</ele>
      </trkpt>
      <trkpt lat="43.21631" lon="5.45562">
        <ele>288.5</ele>
      </trkpt>
      <trkpt lat="43.21633" lon="5.45572">
        <ele>289.5</ele>
      </trkpt>
      <trkpt lat="43.21636" lon="5.45582">
        <ele>290.4</ele>
      </trkpt>
      <trkpt lat="43.21638" lon="5.45592">
        <ele>291.5</ele>
      </trkpt>
      <trkpt lat="43.2164" lon="5.45602">
        <ele>292.6</ele>
      </trkpt>
      <trkpt lat="43.21642" lon="5.45612">
        <ele>293.7</ele>
      </trkpt>
      <trkpt lat="43.21643" lon="5.45619">
        <ele>294.3</ele>
      </trkpt>
      <trkpt lat="43.21644" lon="5.45626">
        <ele>294.9</ele>
      </trkpt>
      <trkpt lat="43.21645" lon="5.45633">
        <ele>295.5</ele>
      </trkpt>
      <trkpt lat="43.21646" lon="5.4564">
        <ele>296</ele>
      </trkpt>
      <trkpt lat="43.21647" lon="5.45647">
        <ele>296.3</ele>
      </trkpt>
      <trkpt lat="43.21649" lon="5.45653">
        <ele>297.1</ele>
      </trkpt>
      <trkpt lat="43.21652" lon="5.45659">
        <ele>298.5</ele>
      </trkpt>
      <trkpt lat="43.21655" lon="5.45665">
        <ele>299.8</ele>
      </trkpt>
      <trkpt lat="43.21658" lon="5.45672">
        <ele>300.6</ele>
      </trkpt>
      <trkpt lat="43.21661" lon="5.45678">
        <ele>301.1</ele>
      </trkpt>
      <trkpt lat="43.21664" lon="5.45685">
        <ele>301.5</ele>
      </trkpt>
      <trkpt lat="43.21667" lon="5.45691">
        <ele>301.8</ele>
      </trkpt>
      <trkpt lat="43.21671" lon="5.45696">
        <ele>302.6</ele>
      </trkpt>
      <trkpt lat="43.21674" lon="5.457">
        <ele>303.3</ele>
      </trkpt>
      <trkpt lat="43.21678" lon="5.45704">
        <ele>304.4</ele>
      </trkpt>
      <trkpt lat="43.21682" lon="5.45707">
        <ele>305.4</ele>
      </trkpt>
      <trkpt lat="43.21686" lon="5.45713">
        <ele>305.7</ele>
      </trkpt>
      <trkpt lat="43.21689" lon="5.45718">
        <ele>305.8</ele>
      </trkpt>
      <trkpt lat="43.21695" lon="5.45724">
        <ele>307.2</ele>
      </trkpt>
      <trkpt lat="43.217" lon="5.45732">
        <ele>310</ele>
      </trkpt>
      <trkpt lat="43.21703" lon="5.45739">
        <ele>310.8</ele>
      </trkpt>
      <trkpt lat="43.21707" lon="5.4575">
        <ele>310.7</ele>
      </trkpt>
      <trkpt lat="43.21711" lon="5.45755">
        <ele>312.8</ele>
      </trkpt>
      <trkpt lat="43.21714" lon="5.4576">
        <ele>315.2</ele>
      </trkpt>
      <trkpt lat="43.21721" lon="5.45768">
        <ele>320.6</ele>
      </trkpt>
      <trkpt lat="43.21727" lon="5.45776">
        <ele>325.9</ele>
      </trkpt>
      <trkpt lat="43.21733" lon="5.45776">
        <ele>329.8</ele>
      </trkpt>
      <trkpt lat="43.21739" lon="5.45776">
        <ele>333.6</ele>
      </trkpt>
      <trkpt lat="43.21747" lon="5.45778">
        <ele>339.2</ele>
      </trkpt>
      <trkpt lat="43.21751" lon="5.45778">
        <ele>341.8</ele>
      </trkpt>
      <trkpt lat="43.21756" lon="5.45778">
        <ele>344.6</ele>
      </trkpt>
      <trkpt lat="43.21761" lon="5.45777">
        <ele>347.6</ele>
      </trkpt>
      <trkpt lat="43.21766" lon="5.45776">
        <ele>350.5</ele>
      </trkpt>
      <trkpt lat="43.21771" lon="5.45774">
        <ele>353.4</ele>
      </trkpt>
      <trkpt lat="43.21779" lon="5.45778">
        <ele>358.9</ele>
      </trkpt>
      <trkpt lat="43.21785" lon="5.45777">
        <ele>362.4</ele>
      </trkpt>
      <trkpt lat="43.21792" lon="5.45776">
        <ele>366.3</ele>
      </trkpt>
      <trkpt lat="43.21798" lon="5.45774">
        <ele>370.3</ele>
      </trkpt>
      <trkpt lat="43.21804" lon="5.45776">
        <ele>374.2</ele>
      </trkpt>
      <trkpt lat="43.21811" lon="5.45778">
        <ele>378.6</ele>
      </trkpt>
      <trkpt lat="43.21817" lon="5.45779">
        <ele>383.5</ele>
      </trkpt>
      <trkpt lat="43.21823" lon="5.45781">
        <ele>388.5</ele>
      </trkpt>
      <trkpt lat="43.21823" lon="5.45783">
        <ele>389.1</ele>
      </trkpt>
      <trkpt lat="43.21819" lon="5.45792">
        <ele>389.3</ele>
      </trkpt>
      <trkpt lat="43.21818" lon="5.45799">
        <ele>391.1</ele>
      </trkpt>
      <trkpt lat="43.21816" lon="5.45803">
        <ele>391.4</ele>
      </trkpt>
      <trkpt lat="43.21812" lon="5.45806">
        <ele>390.3</ele>
      </trkpt>
      <trkpt lat="43.21808" lon="5.45807">
        <ele>388.3</ele>
      </trkpt>
      <trkpt lat="43.21803" lon="5.45808">
        <ele>386.8</ele>
      </trkpt>
      <trkpt lat="43.21798" lon="5.45808">
        <ele>385.3</ele>
      </trkpt>
      <trkpt lat="43.21791" lon="5.45807">
        <ele>383</ele>
      </trkpt>
      <trkpt lat="43.21788" lon="5.45808">
        <ele>382.3</ele>
      </trkpt>
      <trkpt lat="43.21786" lon="5.45816">
        <ele>382.7</ele>
      </trkpt>
      <trkpt lat="43.21785" lon="5.45823">
        <ele>383.2</ele>
      </trkpt>
      <trkpt lat="43.21786" lon="5.45829">
        <ele>384.3</ele>
      </trkpt>
      <trkpt lat="43.21787" lon="5.45836">
        <ele>384.5</ele>
      </trkpt>
      <trkpt lat="43.21788" lon="5.45842">
        <ele>382.7</ele>
      </trkpt>
      <trkpt lat="43.21789" lon="5.45848">
        <ele>380.9</ele>
      </trkpt>
      <trkpt lat="43.2179" lon="5.4585">
        <ele>380.5</ele>
      </trkpt>
      <trkpt lat="43.21795" lon="5.45855">
        <ele>380.6</ele>
      </trkpt>
      <trkpt lat="43.21796" lon="5.4586">
        <ele>379</ele>
      </trkpt>
      <trkpt lat="43.21795" lon="5.45865">
        <ele>379.8</ele>
      </trkpt>
      <trkpt lat="43.2179" lon="5.45869">
        <ele>379.9</ele>
      </trkpt>
      <trkpt lat="43.21786" lon="5.4587">
        <ele>379.2</ele>
      </trkpt>
      <trkpt lat="43.21782" lon="5.45871">
        <ele>378.1</ele>
      </trkpt>
      <trkpt lat="43.21777" lon="5.45871">
        <ele>377.2</ele>
      </trkpt>
      <trkpt lat="43.21773" lon="5.45873">
        <ele>377.5</ele>
      </trkpt>
      <trkpt lat="43.21767" lon="5.45873">
        <ele>376.2</ele>
      </trkpt>
      <trkpt lat="43.2176" lon="5.45873">
        <ele>374.9</ele>
      </trkpt>
      <trkpt lat="43.21756" lon="5.45872">
        <ele>373.7</ele>
      </trkpt>
      <trkpt lat="43.21752" lon="5.45872">
        <ele>372.9</ele>
      </trkpt>
      <trkpt lat="43.21749" lon="5.45875">
        <ele>373.6</ele>
      </trkpt>
      <trkpt lat="43.21745" lon="5.45878">
        <ele>373.5</ele>
      </trkpt>
      <trkpt lat="43.21741" lon="5.45881">
        <ele>373.7</ele>
      </trkpt>
      <trkpt lat="43.2174" lon="5.45884">
        <ele>375.1</ele>
      </trkpt>
      <trkpt lat="43.21737" lon="5.45885">
        <ele>374.8</ele>
      </trkpt>
      <trkpt lat="43.21729" lon="5.45886">
        <ele>372.9</ele>
      </trkpt>
      <trkpt lat="43.21721" lon="5.45884">
        <ele>369</ele>
      </trkpt>
      <trkpt lat="43.21715" lon="5.45887">
        <ele>370.6</ele>
      </trkpt>
      <trkpt lat="43.21708" lon="5.45888">
        <ele>370.3</ele>
      </trkpt>
      <trkpt lat="43.217" lon="5.45889">
        <ele>369.8</ele>
      </trkpt>
      <trkpt lat="43.21696" lon="5.45889">
        <ele>369.3</ele>
      </trkpt>
      <trkpt lat="43.21692" lon="5.45892">
        <ele>368.6</ele>
      </trkpt>
      <trkpt lat="43.2169" lon="5.45896">
        <ele>368.5</ele>
      </trkpt>
      <trkpt lat="43.2169" lon="5.45902">
        <ele>370.2</ele>
      </trkpt>
      <trkpt lat="43.21689" lon="5.45913">
        <ele>372.3</ele>
      </trkpt>
      <trkpt lat="43.21688" lon="5.45919">
        <ele>372.3</ele>
      </trkpt>
      <trkpt lat="43.21687" lon="5.45923">
        <ele>371.5</ele>
      </trkpt>
      <trkpt lat="43.21681" lon="5.45932">
        <ele>367.1</ele>
      </trkpt>
      <trkpt lat="43.2168" lon="5.45938">
        <ele>367.2</ele>
      </trkpt>
      <trkpt lat="43.21681" lon="5.45947">
        <ele>368</ele>
      </trkpt>
      <trkpt lat="43.21681" lon="5.45956">
        <ele>366.7</ele>
      </trkpt>
      <trkpt lat="43.21682" lon="5.45965">
        <ele>365.8</ele>
      </trkpt>
      <trkpt lat="43.21683" lon="5.45974">
        <ele>364.7</ele>
      </trkpt>
      <trkpt lat="43.21684" lon="5.45983">
        <ele>363.2</ele>
      </trkpt>
      <trkpt lat="43.21685" lon="5.45992">
        <ele>361.6</ele>
      </trkpt>
      <trkpt lat="43.21688" lon="5.45999">
        <ele>361.5</ele>
      </trkpt>
      <trkpt lat="43.21691" lon="5.46005">
        <ele>361.4</ele>
      </trkpt>
      <trkpt lat="43.21693" lon="5.46012">
        <ele>361.1</ele>
      </trkpt>
      <trkpt lat="43.21696" lon="5.46018">
        <ele>360.7</ele>
      </trkpt>
      <trkpt lat="43.21703" lon="5.46024">
        <ele>362.7</ele>
      </trkpt>
      <trkpt lat="43.21705" lon="5.4603">
        <ele>362.9</ele>
      </trkpt>
      <trkpt lat="43.21703" lon="5.46037">
        <ele>363.4</ele>
      </trkpt>
      <trkpt lat="43.217" lon="5.46043">
        <ele>364</ele>
      </trkpt>
      <trkpt lat="43.21695" lon="5.46046">
        <ele>362.6</ele>
      </trkpt>
      <trkpt lat="43.21691" lon="5.46048">
        <ele>361.6</ele>
      </trkpt>
      <trkpt lat="43.21686" lon="5.46051">
        <ele>360.9</ele>
      </trkpt>
      <trkpt lat="43.21682" lon="5.46054">
        <ele>360.1</ele>
      </trkpt>
      <trkpt lat="43.21677" lon="5.46056">
        <ele>359.6</ele>
      </trkpt>
      <trkpt lat="43.21672" lon="5.46059">
        <ele>359.3</ele>
      </trkpt>
      <trkpt lat="43.21668" lon="5.46061">
        <ele>358.7</ele>
      </trkpt>
      <trkpt lat="43.21663" lon="5.46064">
        <ele>360</ele>
      </trkpt>
      <trkpt lat="43.21658" lon="5.46063">
        <ele>360.5</ele>
      </trkpt>
      <trkpt lat="43.21653" lon="5.46061">
        <ele>360.5</ele>
      </trkpt>
      <trkpt lat="43.21648" lon="5.46059">
        <ele>360.4</ele>
      </trkpt>
      <trkpt lat="43.21643" lon="5.46058">
        <ele>360.7</ele>
      </trkpt>
      <trkpt lat="43.21639" lon="5.46056">
        <ele>360</ele>
      </trkpt>
      <trkpt lat="43.21635" lon="5.46053">
        <ele>359.3</ele>
      </trkpt>
      <trkpt lat="43.2163" lon="5.46051">
        <ele>358.6</ele>
      </trkpt>
      <trkpt lat="43.21626" lon="5.46048">
        <ele>357.9</ele>
      </trkpt>
      <trkpt lat="43.2162" lon="5.46049">
        <ele>358.9</ele>
      </trkpt>
      <trkpt lat="43.21614" lon="5.4605">
        <ele>359.9</ele>
      </trkpt>
      <trkpt lat="43.21608" lon="5.46056">
        <ele>362.9</ele>
      </trkpt>
      <trkpt lat="43.21601" lon="5.46062">
        <ele>365.5</ele>
      </trkpt>
      <trkpt lat="43.21597" lon="5.46064">
        <ele>365.9</ele>
      </trkpt>
      <trkpt lat="43.21592" lon="5.46065">
        <ele>366.3</ele>
      </trkpt>
      <trkpt lat="43.21587" lon="5.46064">
        <ele>365.1</ele>
      </trkpt>
      <trkpt lat="43.21582" lon="5.46063">
        <ele>364.1</ele>
      </trkpt>
      <trkpt lat="43.21577" lon="5.46061">
        <ele>363.9</ele>
      </trkpt>
      <trkpt lat="43.21572" lon="5.4606">
        <ele>363.6</ele>
      </trkpt>
      <trkpt lat="43.21567" lon="5.46057">
        <ele>362.2</ele>
      </trkpt>
      <trkpt lat="43.21561" lon="5.46054">
        <ele>360.8</ele>
      </trkpt>
      <trkpt lat="43.21557" lon="5.46054">
        <ele>360.9</ele>
      </trkpt>
      <trkpt lat="43.21552" lon="5.46053">
        <ele>360.3</ele>
      </trkpt>
      <trkpt lat="43.21548" lon="5.46053">
        <ele>359.6</ele>
      </trkpt>
      <trkpt lat="43.21543" lon="5.46052">
        <ele>358.9</ele>
      </trkpt>
      <trkpt lat="43.21538" lon="5.46049">
        <ele>357.4</ele>
      </trkpt>
      <trkpt lat="43.21533" lon="5.46054">
        <ele>358.3</ele>
      </trkpt>
      <trkpt lat="43.21531" lon="5.46064">
        <ele>359.4</ele>
      </trkpt>
      <trkpt lat="43.2153" lon="5.46073">
        <ele>359.6</ele>
      </trkpt>
      <trkpt lat="43.21528" lon="5.46083">
        <ele>358.9</ele>
      </trkpt>
      <trkpt lat="43.21526" lon="5.46092">
        <ele>356.4</ele>
      </trkpt>
      <trkpt lat="43.21527" lon="5.46102">
        <ele>355.8</ele>
      </trkpt>
      <trkpt lat="43.21528" lon="5.46111">
        <ele>355.3</ele>
      </trkpt>
      <trkpt lat="43.21526" lon="5.46118">
        <ele>355</ele>
      </trkpt>
      <trkpt lat="43.21524" lon="5.46124">
        <ele>355</ele>
      </trkpt>
      <trkpt lat="43.21521" lon="5.46131">
        <ele>355</ele>
      </trkpt>
      <trkpt lat="43.21519" lon="5.46137">
        <ele>355.2</ele>
      </trkpt>
      <trkpt lat="43.21517" lon="5.46144">
        <ele>356.6</ele>
      </trkpt>
      <trkpt lat="43.21516" lon="5.46151">
        <ele>358.5</ele>
      </trkpt>
      <trkpt lat="43.21514" lon="5.46158">
        <ele>360.5</ele>
      </trkpt>
      <trkpt lat="43.21512" lon="5.46165">
        <ele>362.7</ele>
      </trkpt>
      <trkpt lat="43.21504" lon="5.46169">
        <ele>360.2</ele>
      </trkpt>
      <trkpt lat="43.21495" lon="5.46173">
        <ele>358.7</ele>
      </trkpt>
      <trkpt lat="43.21492" lon="5.46178">
        <ele>359.9</ele>
      </trkpt>
      <trkpt lat="43.21488" lon="5.46182">
        <ele>361.2</ele>
      </trkpt>
      <trkpt lat="43.2148" lon="5.46184">
        <ele>359.6</ele>
      </trkpt>
      <trkpt lat="43.21472" lon="5.46186">
        <ele>358.1</ele>
      </trkpt>
      <trkpt lat="43.21465" lon="5.46185">
        <ele>355.1</ele>
      </trkpt>
      <trkpt lat="43.2146" lon="5.46191">
        <ele>356.4</ele>
      </trkpt>
      <trkpt lat="43.21456" lon="5.46192">
        <ele>355.4</ele>
      </trkpt>
      <trkpt lat="43.2145" lon="5.4619">
        <ele>352.2</ele>
      </trkpt>
      <trkpt lat="43.21447" lon="5.46195">
        <ele>352.8</ele>
      </trkpt>
      <trkpt lat="43.21443" lon="5.46199">
        <ele>351.6</ele>
      </trkpt>
      <trkpt lat="43.21442" lon="5.46209">
        <ele>352.4</ele>
      </trkpt>
      <trkpt lat="43.21441" lon="5.46219">
        <ele>353.3</ele>
      </trkpt>
      <trkpt lat="43.21439" lon="5.46228">
        <ele>353.7</ele>
      </trkpt>
      <trkpt lat="43.21438" lon="5.46238">
        <ele>353.8</ele>
      </trkpt>
      <trkpt lat="43.21438" lon="5.46246">
        <ele>354.6</ele>
      </trkpt>
      <trkpt lat="43.21438" lon="5.46254">
        <ele>355.2</ele>
      </trkpt>
      <trkpt lat="43.21438" lon="5.46261">
        <ele>355.6</ele>
      </trkpt>
      <trkpt lat="43.21438" lon="5.46269">
        <ele>355.9</ele>
      </trkpt>
      <trkpt lat="43.21441" lon="5.4628">
        <ele>357.6</ele>
      </trkpt>
      <trkpt lat="43.21443" lon="5.46291">
        <ele>358.7</ele>
      </trkpt>
      <trkpt lat="43.21447" lon="5.46302">
        <ele>360.3</ele>
      </trkpt>
      <trkpt lat="43.21451" lon="5.46312">
        <ele>360.6</ele>
      </trkpt>
      <trkpt lat="43.21454" lon="5.46319">
        <ele>360.5</ele>
      </trkpt>
      <trkpt lat="43.21461" lon="5.46325">
        <ele>362.3</ele>
      </trkpt>
      <trkpt lat="43.21468" lon="5.4633">
        <ele>364</ele>
      </trkpt>
      <trkpt lat="43.21471" lon="5.46334">
        <ele>364.7</ele>
      </trkpt>
      <trkpt lat="43.2147" lon="5.46339">
        <ele>365.5</ele>
      </trkpt>
      <trkpt lat="43.21465" lon="5.46349">
        <ele>365.9</ele>
      </trkpt>
      <trkpt lat="43.2146" lon="5.46359">
        <ele>366.3</ele>
      </trkpt>
      <trkpt lat="43.21454" lon="5.46368">
        <ele>367.6</ele>
      </trkpt>
      <trkpt lat="43.21449" lon="5.46378">
        <ele>368.4</ele>
      </trkpt>
      <trkpt lat="43.21446" lon="5.46389">
        <ele>369.7</ele>
      </trkpt>
      <trkpt lat="43.21442" lon="5.464">
        <ele>367.8</ele>
      </trkpt>
      <trkpt lat="43.21444" lon="5.46407">
        <ele>368.5</ele>
      </trkpt>
      <trkpt lat="43.21445" lon="5.46414">
        <ele>369.3</ele>
      </trkpt>
      <trkpt lat="43.2145" lon="5.46423">
        <ele>371.3</ele>
      </trkpt>
      <trkpt lat="43.21454" lon="5.46428">
        <ele>372.7</ele>
      </trkpt>
      <trkpt lat="43.21458" lon="5.46433">
        <ele>373.8</ele>
      </trkpt>
      <trkpt lat="43.21462" lon="5.46437">
        <ele>374.7</ele>
      </trkpt>
      <trkpt lat="43.21466" lon="5.46442">
        <ele>375.3</ele>
      </trkpt>
      <trkpt lat="43.21468" lon="5.46447">
        <ele>376.1</ele>
      </trkpt>
      <trkpt lat="43.21466" lon="5.46453">
        <ele>376.9</ele>
      </trkpt>
      <trkpt lat="43.21466" lon="5.46459">
        <ele>378.4</ele>
      </trkpt>
      <trkpt lat="43.21462" lon="5.46465">
        <ele>378.8</ele>
      </trkpt>
      <trkpt lat="43.21458" lon="5.46471">
        <ele>379.6</ele>
      </trkpt>
      <trkpt lat="43.2145" lon="5.46476">
        <ele>380.9</ele>
      </trkpt>
      <trkpt lat="43.21445" lon="5.46478">
        <ele>381.3</ele>
      </trkpt>
      <trkpt lat="43.2144" lon="5.4648">
        <ele>381.8</ele>
      </trkpt>
      <trkpt lat="43.21434" lon="5.46482">
        <ele>382</ele>
      </trkpt>
      <trkpt lat="43.21431" lon="5.46487">
        <ele>384.7</ele>
      </trkpt>
      <trkpt lat="43.21426" lon="5.46483">
        <ele>381.1</ele>
      </trkpt>
      <trkpt lat="43.21419" lon="5.46484">
        <ele>380.2</ele>
      </trkpt>
      <trkpt lat="43.21411" lon="5.46485">
        <ele>381.3</ele>
      </trkpt>
      <trkpt lat="43.21403" lon="5.46483">
        <ele>381.4</ele>
      </trkpt>
      <trkpt lat="43.214" lon="5.46483">
        <ele>381.8</ele>
      </trkpt>
      <trkpt lat="43.21395" lon="5.4648">
        <ele>380.6</ele>
      </trkpt>
      <trkpt lat="43.21391" lon="5.46477">
        <ele>379.4</ele>
      </trkpt>
      <trkpt lat="43.21386" lon="5.46473">
        <ele>379.2</ele>
      </trkpt>
      <trkpt lat="43.21381" lon="5.4647">
        <ele>379.9</ele>
      </trkpt>
      <trkpt lat="43.21373" lon="5.46471">
        <ele>384.4</ele>
      </trkpt>
      <trkpt lat="43.21368" lon="5.46468">
        <ele>385.4</ele>
      </trkpt>
      <trkpt lat="43.21364" lon="5.46466">
        <ele>386.2</ele>
      </trkpt>
      <trkpt lat="43.21359" lon="5.46463">
        <ele>385.8</ele>
      </trkpt>
      <trkpt lat="43.21354" lon="5.4646">
        <ele>384</ele>
      </trkpt>
      <trkpt lat="43.21348" lon="5.46451">
        <ele>379</ele>
      </trkpt>
      <trkpt lat="43.21344" lon="5.46449">
        <ele>377.7</ele>
      </trkpt>
      <trkpt lat="43.2134" lon="5.46455">
        <ele>380.4</ele>
      </trkpt>
      <trkpt lat="43.21336" lon="5.4646">
        <ele>383</ele>
      </trkpt>
      <trkpt lat="43.21332" lon="5.46464">
        <ele>383.8</ele>
      </trkpt>
      <trkpt lat="43.21328" lon="5.46468">
        <ele>382.7</ele>
      </trkpt>
      <trkpt lat="43.21324" lon="5.46475">
        <ele>382.6</ele>
      </trkpt>
      <trkpt lat="43.2132" lon="5.46481">
        <ele>381.9</ele>
      </trkpt>
      <trkpt lat="43.21315" lon="5.46489">
        <ele>381.3</ele>
      </trkpt>
      <trkpt lat="43.21309" lon="5.46497">
        <ele>381.4</ele>
      </trkpt>
      <trkpt lat="43.21305" lon="5.46504">
        <ele>382.4</ele>
      </trkpt>
      <trkpt lat="43.21301" lon="5.46511">
        <ele>383.5</ele>
      </trkpt>
      <trkpt lat="43.21297" lon="5.46518">
        <ele>385</ele>
      </trkpt>
      <trkpt lat="43.21299" lon="5.46524">
        <ele>388.8</ele>
      </trkpt>
      <trkpt lat="43.21301" lon="5.4653">
        <ele>392.3</ele>
      </trkpt>
      <trkpt lat="43.21303" lon="5.46536">
        <ele>395.4</ele>
      </trkpt>
      <trkpt lat="43.21305" lon="5.46542">
        <ele>398.5</ele>
      </trkpt>
      <trkpt lat="43.2131" lon="5.46548">
        <ele>402.3</ele>
      </trkpt>
      <trkpt lat="43.21315" lon="5.46553">
        <ele>406.1</ele>
      </trkpt>
      <trkpt lat="43.21309" lon="5.46562">
        <ele>409.1</ele>
      </trkpt>
      <trkpt lat="43.21304" lon="5.46572">
        <ele>413.1</ele>
      </trkpt>
      <trkpt lat="43.21298" lon="5.46581">
        <ele>416.9</ele>
      </trkpt>
      <trkpt lat="43.21292" lon="5.4659">
        <ele>418.5</ele>
      </trkpt>
      <trkpt lat="43.21293" lon="5.46598">
        <ele>421</ele>
      </trkpt>
      <trkpt lat="43.21298" lon="5.46601">
        <ele>422.4</ele>
      </trkpt>
      <trkpt lat="43.21303" lon="5.46603">
        <ele>423.5</ele>
      </trkpt>
      <trkpt lat="43.21304" lon="5.46607">
        <ele>424.3</ele>
      </trkpt>
      <trkpt lat="43.21307" lon="5.4661">
        <ele>424.9</ele>
      </trkpt>
      <trkpt lat="43.21302" lon="5.46608">
        <ele>424.2</ele>
      </trkpt>
      <trkpt lat="43.21297" lon="5.46605">
        <ele>423.3</ele>
      </trkpt>
      <trkpt lat="43.21289" lon="5.46605">
        <ele>422.5</ele>
      </trkpt>
      <trkpt lat="43.21284" lon="5.46607">
        <ele>422.7</ele>
      </trkpt>
      <trkpt lat="43.2128" lon="5.46609">
        <ele>423.2</ele>
      </trkpt>
      <trkpt lat="43.21275" lon="5.46611">
        <ele>423.9</ele>
      </trkpt>
      <trkpt lat="43.2127" lon="5.46613">
        <ele>423.6</ele>
      </trkpt>
      <trkpt lat="43.21275" lon="5.46611">
        <ele>423.9</ele>
      </trkpt>
      <trkpt lat="43.2128" lon="5.46609">
        <ele>423.2</ele>
      </trkpt>
      <trkpt lat="43.21284" lon="5.46607">
        <ele>422.7</ele>
      </trkpt>
      <trkpt lat="43.21289" lon="5.46605">
        <ele>422.5</ele>
      </trkpt>
      <trkpt lat="43.21297" lon="5.46605">
        <ele>423.3</ele>
      </trkpt>
      <trkpt lat="43.21302" lon="5.46608">
        <ele>424.2</ele>
      </trkpt>
      <trkpt lat="43.21307" lon="5.4661">
        <ele>424.9</ele>
      </trkpt>
      <trkpt lat="43.21311" lon="5.46611">
        <ele>425.4</ele>
      </trkpt>
      <trkpt lat="43.21315" lon="5.46612">
        <ele>425.4</ele>
      </trkpt>
      <trkpt lat="43.2132" lon="5.4661">
        <ele>425.9</ele>
      </trkpt>
      <trkpt lat="43.21325" lon="5.46608">
        <ele>426</ele>
      </trkpt>
      <trkpt lat="43.2133" lon="5.46605">
        <ele>426.1</ele>
      </trkpt>
      <trkpt lat="43.21335" lon="5.46603">
        <ele>426.5</ele>
      </trkpt>
      <trkpt lat="43.21343" lon="5.46607">
        <ele>428.7</ele>
      </trkpt>
      <trkpt lat="43.2135" lon="5.46611">
        <ele>430.6</ele>
      </trkpt>
      <trkpt lat="43.21353" lon="5.46617">
        <ele>429</ele>
      </trkpt>
      <trkpt lat="43.2136" lon="5.46618">
        <ele>430.1</ele>
      </trkpt>
      <trkpt lat="43.21366" lon="5.46618">
        <ele>430.2</ele>
      </trkpt>
      <trkpt lat="43.21372" lon="5.46621">
        <ele>428.8</ele>
      </trkpt>
      <trkpt lat="43.2138" lon="5.46616">
        <ele>430.8</ele>
      </trkpt>
      <trkpt lat="43.21385" lon="5.46614">
        <ele>431.7</ele>
      </trkpt>
      <trkpt lat="43.2139" lon="5.46612">
        <ele>432.5</ele>
      </trkpt>
      <trkpt lat="43.21395" lon="5.4661">
        <ele>432.5</ele>
      </trkpt>
      <trkpt lat="43.214" lon="5.46608">
        <ele>432</ele>
      </trkpt>
      <trkpt lat="43.21407" lon="5.46609">
        <ele>431.5</ele>
      </trkpt>
      <trkpt lat="43.21413" lon="5.46609">
        <ele>431.1</ele>
      </trkpt>
      <trkpt lat="43.21418" lon="5.46612">
        <ele>430.7</ele>
      </trkpt>
      <trkpt lat="43.21423" lon="5.46616">
        <ele>429.1</ele>
      </trkpt>
      <trkpt lat="43.21428" lon="5.4662">
        <ele>427.6</ele>
      </trkpt>
      <trkpt lat="43.21436" lon="5.46623">
        <ele>426.5</ele>
      </trkpt>
      <trkpt lat="43.21443" lon="5.46626">
        <ele>425.5</ele>
      </trkpt>
      <trkpt lat="43.21448" lon="5.46631">
        <ele>423.9</ele>
      </trkpt>
      <trkpt lat="43.21453" lon="5.46635">
        <ele>422.3</ele>
      </trkpt>
      <trkpt lat="43.21458" lon="5.4664">
        <ele>420.7</ele>
      </trkpt>
      <trkpt lat="43.21463" lon="5.46644">
        <ele>419.1</ele>
      </trkpt>
      <trkpt lat="43.21468" lon="5.46647">
        <ele>418.3</ele>
      </trkpt>
      <trkpt lat="43.21472" lon="5.46649">
        <ele>417.6</ele>
      </trkpt>
      <trkpt lat="43.21478" lon="5.4665">
        <ele>417</ele>
      </trkpt>
      <trkpt lat="43.21484" lon="5.46651">
        <ele>416.3</ele>
      </trkpt>
      <trkpt lat="43.21489" lon="5.4665">
        <ele>416.8</ele>
      </trkpt>
      <trkpt lat="43.21495" lon="5.46648">
        <ele>417.3</ele>
      </trkpt>
      <trkpt lat="43.215" lon="5.46647">
        <ele>417.7</ele>
      </trkpt>
      <trkpt lat="43.21505" lon="5.46645">
        <ele>418.4</ele>
      </trkpt>
      <trkpt lat="43.21514" lon="5.46647">
        <ele>417.5</ele>
      </trkpt>
      <trkpt lat="43.21522" lon="5.46649">
        <ele>416.6</ele>
      </trkpt>
      <trkpt lat="43.21528" lon="5.4665">
        <ele>416.2</ele>
      </trkpt>
      <trkpt lat="43.21535" lon="5.46655">
        <ele>414.5</ele>
      </trkpt>
      <trkpt lat="43.21542" lon="5.46659">
        <ele>412.4</ele>
      </trkpt>
      <trkpt lat="43.21548" lon="5.4666">
        <ele>411.9</ele>
      </trkpt>
      <trkpt lat="43.21553" lon="5.46661">
        <ele>411.3</ele>
      </trkpt>
      <trkpt lat="43.2156" lon="5.46663">
        <ele>409.6</ele>
      </trkpt>
      <trkpt lat="43.21567" lon="5.46666">
        <ele>407.9</ele>
      </trkpt>
      <trkpt lat="43.21573" lon="5.46668">
        <ele>406.5</ele>
      </trkpt>
      <trkpt lat="43.2158" lon="5.4667">
        <ele>406</ele>
      </trkpt>
      <trkpt lat="43.21585" lon="5.46676">
        <ele>406.2</ele>
      </trkpt>
      <trkpt lat="43.21585" lon="5.46681">
        <ele>406.1</ele>
      </trkpt>
      <trkpt lat="43.21582" lon="5.46686">
        <ele>405.1</ele>
      </trkpt>
      <trkpt lat="43.21577" lon="5.46688">
        <ele>404.1</ele>
      </trkpt>
      <trkpt lat="43.21574" lon="5.46696">
        <ele>402.9</ele>
      </trkpt>
      <trkpt lat="43.2157" lon="5.46704">
        <ele>404.1</ele>
      </trkpt>
      <trkpt lat="43.21567" lon="5.46711">
        <ele>405</ele>
      </trkpt>
      <trkpt lat="43.21563" lon="5.46719">
        <ele>405.5</ele>
      </trkpt>
      <trkpt lat="43.21558" lon="5.46722">
        <ele>403.9</ele>
      </trkpt>
      <trkpt lat="43.21553" lon="5.46724">
        <ele>402.3</ele>
      </trkpt>
      <trkpt lat="43.21551" lon="5.4673">
        <ele>402.7</ele>
      </trkpt>
      <trkpt lat="43.21546" lon="5.46736">
        <ele>402</ele>
      </trkpt>
      <trkpt lat="43.21542" lon="5.46742">
        <ele>401.8</ele>
      </trkpt>
      <trkpt lat="43.21538" lon="5.46747">
        <ele>401.6</ele>
      </trkpt>
      <trkpt lat="43.21532" lon="5.46751">
        <ele>400.7</ele>
      </trkpt>
      <trkpt lat="43.21527" lon="5.46757">
        <ele>401.3</ele>
      </trkpt>
      <trkpt lat="43.2152" lon="5.46761">
        <ele>400.7</ele>
      </trkpt>
      <trkpt lat="43.21516" lon="5.46765">
        <ele>400.4</ele>
      </trkpt>
      <trkpt lat="43.21511" lon="5.46768">
        <ele>399.9</ele>
      </trkpt>
      <trkpt lat="43.21507" lon="5.46772">
        <ele>399.2</ele>
      </trkpt>
      <trkpt lat="43.21502" lon="5.46775">
        <ele>398.3</ele>
      </trkpt>
      <trkpt lat="43.21498" lon="5.46781">
        <ele>398.9</ele>
      </trkpt>
      <trkpt lat="43.21494" lon="5.46786">
        <ele>400.6</ele>
      </trkpt>
      <trkpt lat="43.21488" lon="5.46793">
        <ele>402.3</ele>
      </trkpt>
      <trkpt lat="43.21481" lon="5.46799">
        <ele>403.9</ele>
      </trkpt>
      <trkpt lat="43.21474" lon="5.46799">
        <ele>402.7</ele>
      </trkpt>
      <trkpt lat="43.21466" lon="5.46802">
        <ele>401.2</ele>
      </trkpt>
      <trkpt lat="43.21462" lon="5.46806">
        <ele>400.9</ele>
      </trkpt>
      <trkpt lat="43.21458" lon="5.46809">
        <ele>400.6</ele>
      </trkpt>
      <trkpt lat="43.21452" lon="5.46817">
        <ele>401.1</ele>
      </trkpt>
      <trkpt lat="43.21453" lon="5.4682">
        <ele>402.6</ele>
      </trkpt>
      <trkpt lat="43.21449" lon="5.46823">
        <ele>402.1</ele>
      </trkpt>
      <trkpt lat="43.21445" lon="5.46826">
        <ele>401.6</ele>
      </trkpt>
      <trkpt lat="43.21444" lon="5.46833">
        <ele>403.8</ele>
      </trkpt>
      <trkpt lat="43.21438" lon="5.46838">
        <ele>403.5</ele>
      </trkpt>
      <trkpt lat="43.21432" lon="5.46842">
        <ele>403.1</ele>
      </trkpt>
      <trkpt lat="43.21426" lon="5.46847">
        <ele>402.6</ele>
      </trkpt>
      <trkpt lat="43.2142" lon="5.46851">
        <ele>402.1</ele>
      </trkpt>
      <trkpt lat="43.21417" lon="5.46856">
        <ele>402.5</ele>
      </trkpt>
      <trkpt lat="43.21413" lon="5.46861">
        <ele>402.3</ele>
      </trkpt>
      <trkpt lat="43.2141" lon="5.46866">
        <ele>401.4</ele>
      </trkpt>
      <trkpt lat="43.21406" lon="5.46871">
        <ele>400.5</ele>
      </trkpt>
      <trkpt lat="43.21404" lon="5.46877">
        <ele>400.2</ele>
      </trkpt>
      <trkpt lat="43.21401" lon="5.46884">
        <ele>399.8</ele>
      </trkpt>
      <trkpt lat="43.21399" lon="5.4689">
        <ele>399.2</ele>
      </trkpt>
      <trkpt lat="43.21396" lon="5.46896">
        <ele>397.7</ele>
      </trkpt>
      <trkpt lat="43.21395" lon="5.46903">
        <ele>396.7</ele>
      </trkpt>
      <trkpt lat="43.21393" lon="5.46909">
        <ele>395.7</ele>
      </trkpt>
      <trkpt lat="43.2139" lon="5.46914">
        <ele>393.8</ele>
      </trkpt>
      <trkpt lat="43.21387" lon="5.46919">
        <ele>391.9</ele>
      </trkpt>
      <trkpt lat="43.21383" lon="5.4693">
        <ele>389.5</ele>
      </trkpt>
      <trkpt lat="43.21379" lon="5.4694">
        <ele>387</ele>
      </trkpt>
      <trkpt lat="43.21373" lon="5.46943">
        <ele>383.3</ele>
      </trkpt>
      <trkpt lat="43.2137" lon="5.4695">
        <ele>382</ele>
      </trkpt>
      <trkpt lat="43.21367" lon="5.46956">
        <ele>380.8</ele>
      </trkpt>
      <trkpt lat="43.21363" lon="5.46963">
        <ele>378.3</ele>
      </trkpt>
      <trkpt lat="43.21358" lon="5.46969">
        <ele>376.1</ele>
      </trkpt>
      <trkpt lat="43.21355" lon="5.46978">
        <ele>374.9</ele>
      </trkpt>
      <trkpt lat="43.21351" lon="5.46987">
        <ele>373.6</ele>
      </trkpt>
      <trkpt lat="43.21349" lon="5.46998">
        <ele>373</ele>
      </trkpt>
      <trkpt lat="43.21347" lon="5.47003">
        <ele>372.7</ele>
      </trkpt>
      <trkpt lat="43.21345" lon="5.47007">
        <ele>372.5</ele>
      </trkpt>
      <trkpt lat="43.21342" lon="5.47009">
        <ele>371.1</ele>
      </trkpt>
      <trkpt lat="43.21337" lon="5.47019">
        <ele>370.8</ele>
      </trkpt>
      <trkpt lat="43.21336" lon="5.47029">
        <ele>371.7</ele>
      </trkpt>
      <trkpt lat="43.21334" lon="5.47039">
        <ele>362.4</ele>
      </trkpt>
      <trkpt lat="43.21338" lon="5.47045">
        <ele>361.6</ele>
      </trkpt>
      <trkpt lat="43.21341" lon="5.47051">
        <ele>362.2</ele>
      </trkpt>
      <trkpt lat="43.21341" lon="5.47056">
        <ele>359.5</ele>
      </trkpt>
      <trkpt lat="43.21338" lon="5.47059">
        <ele>354.5</ele>
      </trkpt>
      <trkpt lat="43.21336" lon="5.47066">
        <ele>350</ele>
      </trkpt>
      <trkpt lat="43.21336" lon="5.47077">
        <ele>347.9</ele>
      </trkpt>
      <trkpt lat="43.21335" lon="5.47084">
        <ele>345.5</ele>
      </trkpt>
      <trkpt lat="43.21338" lon="5.47096">
        <ele>358.3</ele>
      </trkpt>
      <trkpt lat="43.2134" lon="5.47107">
        <ele>368.9</ele>
      </trkpt>
      <trkpt lat="43.21341" lon="5.47115">
        <ele>372.7</ele>
      </trkpt>
      <trkpt lat="43.21342" lon="5.47123">
        <ele>374.3</ele>
      </trkpt>
      <trkpt lat="43.21336" lon="5.47131">
        <ele>372</ele>
      </trkpt>
      <trkpt lat="43.2133" lon="5.4714">
        <ele>370.9</ele>
      </trkpt>
      <trkpt lat="43.21324" lon="5.4714">
        <ele>369.2</ele>
      </trkpt>
      <trkpt lat="43.21317" lon="5.47141">
        <ele>367.5</ele>
      </trkpt>
      <trkpt lat="43.21311" lon="5.47141">
        <ele>365.7</ele>
      </trkpt>
      <trkpt lat="43.21304" lon="5.47141">
        <ele>363.6</ele>
      </trkpt>
      <trkpt lat="43.21298" lon="5.47141">
        <ele>360.1</ele>
      </trkpt>
      <trkpt lat="43.21291" lon="5.47142">
        <ele>356.6</ele>
      </trkpt>
      <trkpt lat="43.21285" lon="5.47142">
        <ele>353.2</ele>
      </trkpt>
      <trkpt lat="43.21278" lon="5.47142">
        <ele>349.8</ele>
      </trkpt>
      <trkpt lat="43.21272" lon="5.47143">
        <ele>347.5</ele>
      </trkpt>
      <trkpt lat="43.21267" lon="5.47144">
        <ele>345.4</ele>
      </trkpt>
      <trkpt lat="43.21261" lon="5.47145">
        <ele>343.3</ele>
      </trkpt>
      <trkpt lat="43.21256" lon="5.47146">
        <ele>341.2</ele>
      </trkpt>
      <trkpt lat="43.2125" lon="5.47146">
        <ele>339.2</ele>
      </trkpt>
      <trkpt lat="43.21244" lon="5.47147">
        <ele>337.7</ele>
      </trkpt>
      <trkpt lat="43.21239" lon="5.47148">
        <ele>336.2</ele>
      </trkpt>
      <trkpt lat="43.21233" lon="5.47149">
        <ele>334.6</ele>
      </trkpt>
      <trkpt lat="43.21228" lon="5.47149">
        <ele>333.3</ele>
      </trkpt>
      <trkpt lat="43.21223" lon="5.47148">
        <ele>331.9</ele>
      </trkpt>
      <trkpt lat="43.21215" lon="5.47142">
        <ele>329.1</ele>
      </trkpt>
      <trkpt lat="43.21208" lon="5.47137">
        <ele>321.6</ele>
      </trkpt>
      <trkpt lat="43.212" lon="5.47131">
        <ele>309.4</ele>
      </trkpt>
      <trkpt lat="43.21192" lon="5.47125">
        <ele>298.7</ele>
      </trkpt>
      <trkpt lat="43.21194" lon="5.47132">
        <ele>310.1</ele>
      </trkpt>
      <trkpt lat="43.21195" lon="5.47139">
        <ele>321.2</ele>
      </trkpt>
      <trkpt lat="43.21192" lon="5.47146">
        <ele>319</ele>
      </trkpt>
      <trkpt lat="43.21188" lon="5.47152">
        <ele>316.9</ele>
      </trkpt>
      <trkpt lat="43.2118" lon="5.47155">
        <ele>313</ele>
      </trkpt>
      <trkpt lat="43.21172" lon="5.47157">
        <ele>309.4</ele>
      </trkpt>
      <trkpt lat="43.21169" lon="5.47163">
        <ele>308.6</ele>
      </trkpt>
      <trkpt lat="43.21167" lon="5.47168">
        <ele>307.6</ele>
      </trkpt>
      <trkpt lat="43.21164" lon="5.47174">
        <ele>304.7</ele>
      </trkpt>
      <trkpt lat="43.21161" lon="5.47179">
        <ele>301.8</ele>
      </trkpt>
      <trkpt lat="43.21161" lon="5.47186">
        <ele>300.7</ele>
      </trkpt>
      <trkpt lat="43.21162" lon="5.47192">
        <ele>299.5</ele>
      </trkpt>
      <trkpt lat="43.21162" lon="5.47199">
        <ele>299.5</ele>
      </trkpt>
      <trkpt lat="43.21162" lon="5.47205">
        <ele>300.2</ele>
      </trkpt>
      <trkpt lat="43.21158" lon="5.47213">
        <ele>299.3</ele>
      </trkpt>
      <trkpt lat="43.21151" lon="5.47206">
        <ele>295.3</ele>
      </trkpt>
      <trkpt lat="43.21149" lon="5.47198">
        <ele>292.3</ele>
      </trkpt>
      <trkpt lat="43.21146" lon="5.4719">
        <ele>290.8</ele>
      </trkpt>
      <trkpt lat="43.21138" lon="5.4719">
        <ele>286.2</ele>
      </trkpt>
      <trkpt lat="43.21129" lon="5.47189">
        <ele>283.4</ele>
      </trkpt>
      <trkpt lat="43.21123" lon="5.4718">
        <ele>282.2</ele>
      </trkpt>
      <trkpt lat="43.21117" lon="5.47172">
        <ele>280.7</ele>
      </trkpt>
      <trkpt lat="43.2111" lon="5.47163">
        <ele>278.7</ele>
      </trkpt>
      <trkpt lat="43.21104" lon="5.47154">
        <ele>277.9</ele>
      </trkpt>
      <trkpt lat="43.21099" lon="5.47152">
        <ele>277.8</ele>
      </trkpt>
      <trkpt lat="43.21096" lon="5.47158">
        <ele>277.8</ele>
      </trkpt>
      <trkpt lat="43.21092" lon="5.47164">
        <ele>277.6</ele>
      </trkpt>
      <trkpt lat="43.21096" lon="5.47158">
        <ele>277.8</ele>
      </trkpt>
      <trkpt lat="43.21099" lon="5.47152">
        <ele>277.8</ele>
      </trkpt>
      <trkpt lat="43.21092" lon="5.47152">
        <ele>277.7</ele>
      </trkpt>
      <trkpt lat="43.21088" lon="5.47156">
        <ele>277.5</ele>
      </trkpt>
      <trkpt lat="43.21085" lon="5.47159">
        <ele>277.3</ele>
      </trkpt>
      <trkpt lat="43.21081" lon="5.47163">
        <ele>278.1</ele>
      </trkpt>
      <trkpt lat="43.21077" lon="5.47167">
        <ele>280.6</ele>
      </trkpt>
      <trkpt lat="43.21073" lon="5.4717">
        <ele>282.1</ele>
      </trkpt>
      <trkpt lat="43.2107" lon="5.47174">
        <ele>283.3</ele>
      </trkpt>
      <trkpt lat="43.21066" lon="5.47177">
        <ele>284.6</ele>
      </trkpt>
      <trkpt lat="43.21062" lon="5.47181">
        <ele>285.8</ele>
      </trkpt>
      <trkpt lat="43.21057" lon="5.47185">
        <ele>287.7</ele>
      </trkpt>
      <trkpt lat="43.21052" lon="5.47188">
        <ele>288.4</ele>
      </trkpt>
      <trkpt lat="43.21047" lon="5.47188">
        <ele>289.5</ele>
      </trkpt>
      <trkpt lat="43.21043" lon="5.47188">
        <ele>290.6</ele>
      </trkpt>
      <trkpt lat="43.21038" lon="5.47188">
        <ele>291.7</ele>
      </trkpt>
      <trkpt lat="43.21033" lon="5.47188">
        <ele>292.7</ele>
      </trkpt>
      <trkpt lat="43.21027" lon="5.47195">
        <ele>294.7</ele>
      </trkpt>
      <trkpt lat="43.2102" lon="5.47202">
        <ele>277.7</ele>
      </trkpt>
      <trkpt lat="43.21015" lon="5.4721">
        <ele>274.1</ele>
      </trkpt>
      <trkpt lat="43.21011" lon="5.47218">
        <ele>278.6</ele>
      </trkpt>
      <trkpt lat="43.21006" lon="5.47225">
        <ele>285.4</ele>
      </trkpt>
      <trkpt lat="43.21001" lon="5.47233">
        <ele>287.3</ele>
      </trkpt>
      <trkpt lat="43.20996" lon="5.47241">
        <ele>282</ele>
      </trkpt>
      <trkpt lat="43.20992" lon="5.47249">
        <ele>278.6</ele>
      </trkpt>
      <trkpt lat="43.20987" lon="5.47256">
        <ele>277.8</ele>
      </trkpt>
      <trkpt lat="43.20982" lon="5.47264">
        <ele>282.4</ele>
      </trkpt>
      <trkpt lat="43.20976" lon="5.47268">
        <ele>285.8</ele>
      </trkpt>
      <trkpt lat="43.20969" lon="5.47271">
        <ele>291.3</ele>
      </trkpt>
      <trkpt lat="43.20962" lon="5.47276">
        <ele>302.7</ele>
      </trkpt>
      <trkpt lat="43.20961" lon="5.47284">
        <ele>307.7</ele>
      </trkpt>
      <trkpt lat="43.20957" lon="5.47287">
        <ele>308.4</ele>
      </trkpt>
      <trkpt lat="43.20952" lon="5.47288">
        <ele>309.6</ele>
      </trkpt>
      <trkpt lat="43.20947" lon="5.47289">
        <ele>310.9</ele>
      </trkpt>
      <trkpt lat="43.20941" lon="5.47289">
        <ele>306.2</ele>
      </trkpt>
      <trkpt lat="43.20936" lon="5.4729">
        <ele>298.6</ele>
      </trkpt>
      <trkpt lat="43.20929" lon="5.47296">
        <ele>297.7</ele>
      </trkpt>
      <trkpt lat="43.20921" lon="5.47301">
        <ele>305.8</ele>
      </trkpt>
      <trkpt lat="43.20917" lon="5.47306">
        <ele>318.9</ele>
      </trkpt>
      <trkpt lat="43.20913" lon="5.47311">
        <ele>317.8</ele>
      </trkpt>
      <trkpt lat="43.20909" lon="5.47315">
        <ele>316.8</ele>
      </trkpt>
      <trkpt lat="43.20905" lon="5.4732">
        <ele>316.1</ele>
      </trkpt>
      <trkpt lat="43.209" lon="5.47329">
        <ele>316</ele>
      </trkpt>
      <trkpt lat="43.20895" lon="5.47338">
        <ele>316.1</ele>
      </trkpt>
      <trkpt lat="43.2089" lon="5.47346">
        <ele>316</ele>
      </trkpt>
      <trkpt lat="43.20885" lon="5.47355">
        <ele>314.6</ele>
      </trkpt>
      <trkpt lat="43.2088" lon="5.47359">
        <ele>313.4</ele>
      </trkpt>
      <trkpt lat="43.20875" lon="5.47363">
        <ele>312.7</ele>
      </trkpt>
      <trkpt lat="43.20871" lon="5.47368">
        <ele>312.5</ele>
      </trkpt>
      <trkpt lat="43.20867" lon="5.47373">
        <ele>312.9</ele>
      </trkpt>
      <trkpt lat="43.20863" lon="5.47377">
        <ele>313.7</ele>
      </trkpt>
      <trkpt lat="43.20859" lon="5.47382">
        <ele>314.2</ele>
      </trkpt>
      <trkpt lat="43.20854" lon="5.47387">
        <ele>314.5</ele>
      </trkpt>
      <trkpt lat="43.2085" lon="5.47392">
        <ele>314.4</ele>
      </trkpt>
      <trkpt lat="43.20846" lon="5.47396">
        <ele>313.8</ele>
      </trkpt>
      <trkpt lat="43.20842" lon="5.47401">
        <ele>313.5</ele>
      </trkpt>
      <trkpt lat="43.20842" lon="5.47408">
        <ele>314.3</ele>
      </trkpt>
      <trkpt lat="43.20842" lon="5.47415">
        <ele>315.1</ele>
      </trkpt>
      <trkpt lat="43.20843" lon="5.47422">
        <ele>314.6</ele>
      </trkpt>
      <trkpt lat="43.20844" lon="5.47428">
        <ele>313.8</ele>
      </trkpt>
      <trkpt lat="43.20844" lon="5.47435">
        <ele>312.9</ele>
      </trkpt>
      <trkpt lat="43.20845" lon="5.47441">
        <ele>312.1</ele>
      </trkpt>
      <trkpt lat="43.20845" lon="5.47452">
        <ele>312.4</ele>
      </trkpt>
      <trkpt lat="43.20842" lon="5.47458">
        <ele>312.9</ele>
      </trkpt>
      <trkpt lat="43.20839" lon="5.47464">
        <ele>313.8</ele>
      </trkpt>
      <trkpt lat="43.20836" lon="5.47469">
        <ele>315</ele>
      </trkpt>
      <trkpt lat="43.20833" lon="5.47475">
        <ele>315.5</ele>
      </trkpt>
      <trkpt lat="43.20832" lon="5.47484">
        <ele>313.7</ele>
      </trkpt>
      <trkpt lat="43.2083" lon="5.47492">
        <ele>312.4</ele>
      </trkpt>
      <trkpt lat="43.20827" lon="5.47499">
        <ele>310.8</ele>
      </trkpt>
      <trkpt lat="43.20824" lon="5.47506">
        <ele>309.7</ele>
      </trkpt>
      <trkpt lat="43.20821" lon="5.47513">
        <ele>309.2</ele>
      </trkpt>
      <trkpt lat="43.20819" lon="5.4752">
        <ele>309.3</ele>
      </trkpt>
      <trkpt lat="43.20816" lon="5.47526">
        <ele>310.1</ele>
      </trkpt>
      <trkpt lat="43.20813" lon="5.47533">
        <ele>310.1</ele>
      </trkpt>
      <trkpt lat="43.2081" lon="5.4754">
        <ele>309.9</ele>
      </trkpt>
      <trkpt lat="43.20807" lon="5.47547">
        <ele>309.9</ele>
      </trkpt>
      <trkpt lat="43.20802" lon="5.47552">
        <ele>309.3</ele>
      </trkpt>
      <trkpt lat="43.20797" lon="5.47557">
        <ele>308.6</ele>
      </trkpt>
      <trkpt lat="43.20794" lon="5.47562">
        <ele>307.9</ele>
      </trkpt>
      <trkpt lat="43.20791" lon="5.47567">
        <ele>307.4</ele>
      </trkpt>
      <trkpt lat="43.20788" lon="5.47572">
        <ele>307</ele>
      </trkpt>
      <trkpt lat="43.20786" lon="5.47577">
        <ele>306.8</ele>
      </trkpt>
      <trkpt lat="43.20783" lon="5.47582">
        <ele>306.8</ele>
      </trkpt>
      <trkpt lat="43.2078" lon="5.47587">
        <ele>306.5</ele>
      </trkpt>
      <trkpt lat="43.20777" lon="5.47592">
        <ele>305.7</ele>
      </trkpt>
      <trkpt lat="43.20774" lon="5.47597">
        <ele>303.7</ele>
      </trkpt>
      <trkpt lat="43.20774" lon="5.47604">
        <ele>302.4</ele>
      </trkpt>
      <trkpt lat="43.20773" lon="5.47611">
        <ele>300.9</ele>
      </trkpt>
      <trkpt lat="43.20772" lon="5.47618">
        <ele>300</ele>
      </trkpt>
      <trkpt lat="43.20771" lon="5.47624">
        <ele>299.4</ele>
      </trkpt>
      <trkpt lat="43.20769" lon="5.47631">
        <ele>299.1</ele>
      </trkpt>
      <trkpt lat="43.20768" lon="5.47637">
        <ele>299.2</ele>
      </trkpt>
      <trkpt lat="43.20765" lon="5.47645">
        <ele>298.1</ele>
      </trkpt>
      <trkpt lat="43.20757" lon="5.4765">
        <ele>296.6</ele>
      </trkpt>
      <trkpt lat="43.20754" lon="5.47654">
        <ele>295.6</ele>
      </trkpt>
      <trkpt lat="43.20748" lon="5.47663">
        <ele>293.3</ele>
      </trkpt>
      <trkpt lat="43.20741" lon="5.47671">
        <ele>290.2</ele>
      </trkpt>
      <trkpt lat="43.20739" lon="5.47679">
        <ele>287.5</ele>
      </trkpt>
      <trkpt lat="43.20737" lon="5.47687">
        <ele>284.6</ele>
      </trkpt>
      <trkpt lat="43.2074" lon="5.47692">
        <ele>284.1</ele>
      </trkpt>
      <trkpt lat="43.20747" lon="5.47698">
        <ele>284.1</ele>
      </trkpt>
      <trkpt lat="43.20754" lon="5.47704">
        <ele>283.1</ele>
      </trkpt>
      <trkpt lat="43.20755" lon="5.47711">
        <ele>280.1</ele>
      </trkpt>
      <trkpt lat="43.20755" lon="5.47717">
        <ele>277.2</ele>
      </trkpt>
      <trkpt lat="43.2076" lon="5.4772">
        <ele>276.7</ele>
      </trkpt>
      <trkpt lat="43.20765" lon="5.47722">
        <ele>276.3</ele>
      </trkpt>
      <trkpt lat="43.20764" lon="5.47731">
        <ele>269.4</ele>
      </trkpt>
      <trkpt lat="43.2076" lon="5.47738">
        <ele>264.5</ele>
      </trkpt>
      <trkpt lat="43.20755" lon="5.47744">
        <ele>260.3</ele>
      </trkpt>
      <trkpt lat="43.20759" lon="5.47755">
        <ele>254.2</ele>
      </trkpt>
      <trkpt lat="43.20757" lon="5.47764">
        <ele>252.1</ele>
      </trkpt>
      <trkpt lat="43.20754" lon="5.47773">
        <ele>250.3</ele>
      </trkpt>
      <trkpt lat="43.20752" lon="5.47781">
        <ele>248.8</ele>
      </trkpt>
      <trkpt lat="43.20749" lon="5.4779">
        <ele>246.9</ele>
      </trkpt>
      <trkpt lat="43.20745" lon="5.47795">
        <ele>244.4</ele>
      </trkpt>
      <trkpt lat="43.20741" lon="5.47799">
        <ele>242.2</ele>
      </trkpt>
      <trkpt lat="43.20741" lon="5.47809">
        <ele>240.6</ele>
      </trkpt>
      <trkpt lat="43.20735" lon="5.47814">
        <ele>238.7</ele>
      </trkpt>
      <trkpt lat="43.20732" lon="5.47823">
        <ele>237.9</ele>
      </trkpt>
      <trkpt lat="43.20728" lon="5.47831">
        <ele>238.3</ele>
      </trkpt>
      <trkpt lat="43.20722" lon="5.4784">
        <ele>239.7</ele>
      </trkpt>
      <trkpt lat="43.20723" lon="5.47852">
        <ele>238.9</ele>
      </trkpt>
      <trkpt lat="43.20721" lon="5.47862">
        <ele>238.7</ele>
      </trkpt>
      <trkpt lat="43.20719" lon="5.47872">
        <ele>237.9</ele>
      </trkpt>
      <trkpt lat="43.20721" lon="5.47881">
        <ele>237.2</ele>
      </trkpt>
      <trkpt lat="43.20722" lon="5.47889">
        <ele>236.1</ele>
      </trkpt>
      <trkpt lat="43.20726" lon="5.47892">
        <ele>233.2</ele>
      </trkpt>
      <trkpt lat="43.2073" lon="5.47901">
        <ele>229.9</ele>
      </trkpt>
      <trkpt lat="43.20734" lon="5.47909">
        <ele>226.8</ele>
      </trkpt>
      <trkpt lat="43.20739" lon="5.47916">
        <ele>223.4</ele>
      </trkpt>
      <trkpt lat="43.2074" lon="5.47924">
        <ele>222.2</ele>
      </trkpt>
      <trkpt lat="43.2074" lon="5.47931">
        <ele>220.9</ele>
      </trkpt>
      <trkpt lat="43.20743" lon="5.47925">
        <ele>220.3</ele>
      </trkpt>
      <trkpt lat="43.20745" lon="5.47918">
        <ele>219.7</ele>
      </trkpt>
      <trkpt lat="43.20747" lon="5.47918">
        <ele>218.5</ele>
      </trkpt>
      <trkpt lat="43.20749" lon="5.47927">
        <ele>216.5</ele>
      </trkpt>
      <trkpt lat="43.2075" lon="5.47935">
        <ele>214.4</ele>
      </trkpt>
      <trkpt lat="43.2075" lon="5.47943">
        <ele>213.2</ele>
      </trkpt>
      <trkpt lat="43.2075" lon="5.47951">
        <ele>213</ele>
      </trkpt>
      <trkpt lat="43.20753" lon="5.47958">
        <ele>210.7</ele>
      </trkpt>
      <trkpt lat="43.20753" lon="5.47967">
        <ele>210.6</ele>
      </trkpt>
      <trkpt lat="43.20753" lon="5.47975">
        <ele>210.3</ele>
      </trkpt>
      <trkpt lat="43.20754" lon="5.47982">
        <ele>209.2</ele>
      </trkpt>
      <trkpt lat="43.20754" lon="5.47989">
        <ele>208.1</ele>
      </trkpt>
      <trkpt lat="43.20755" lon="5.47996">
        <ele>207</ele>
      </trkpt>
      <trkpt lat="43.20755" lon="5.48003">
        <ele>206.2</ele>
      </trkpt>
      <trkpt lat="43.20757" lon="5.48013">
        <ele>204.7</ele>
      </trkpt>
      <trkpt lat="43.20759" lon="5.48023">
        <ele>203.2</ele>
      </trkpt>
      <trkpt lat="43.20761" lon="5.48029">
        <ele>201.8</ele>
      </trkpt>
      <trkpt lat="43.20763" lon="5.48035">
        <ele>200.5</ele>
      </trkpt>
      <trkpt lat="43.20764" lon="5.4804">
        <ele>199.3</ele>
      </trkpt>
      <trkpt lat="43.20766" lon="5.48046">
        <ele>197.9</ele>
      </trkpt>
      <trkpt lat="43.20765" lon="5.48057">
        <ele>198.6</ele>
      </trkpt>
      <trkpt lat="43.20766" lon="5.4806">
        <ele>197.7</ele>
      </trkpt>
      <trkpt lat="43.20768" lon="5.48059">
        <ele>196.3</ele>
      </trkpt>
      <trkpt lat="43.20771" lon="5.48051">
        <ele>194.1</ele>
      </trkpt>
      <trkpt lat="43.20774" lon="5.48043">
        <ele>191.9</ele>
      </trkpt>
      <trkpt lat="43.20779" lon="5.48047">
        <ele>189</ele>
      </trkpt>
      <trkpt lat="43.20782" lon="5.48046">
        <ele>189.1</ele>
      </trkpt>
      <trkpt lat="43.20786" lon="5.48035">
        <ele>189.8</ele>
      </trkpt>
      <trkpt lat="43.20785" lon="5.48032">
        <ele>189.8</ele>
      </trkpt>
      <trkpt lat="43.20787" lon="5.48028">
        <ele>190.3</ele>
      </trkpt>
      <trkpt lat="43.20795" lon="5.48033">
        <ele>190.9</ele>
      </trkpt>
      <trkpt lat="43.20803" lon="5.48038">
        <ele>191</ele>
      </trkpt>
      <trkpt lat="43.20807" lon="5.48043">
        <ele>190.8</ele>
      </trkpt>
      <trkpt lat="43.2081" lon="5.48048">
        <ele>192</ele>
      </trkpt>
      <trkpt lat="43.20813" lon="5.48056">
        <ele>192.9</ele>
      </trkpt>
      <trkpt lat="43.20816" lon="5.48064">
        <ele>195.8</ele>
      </trkpt>
      <trkpt lat="43.20816" lon="5.48072">
        <ele>196.8</ele>
      </trkpt>
      <trkpt lat="43.20814" lon="5.48081">
        <ele>196.2</ele>
      </trkpt>
      <trkpt lat="43.20811" lon="5.4809">
        <ele>195</ele>
      </trkpt>
      <trkpt lat="43.20813" lon="5.48098">
        <ele>196.4</ele>
      </trkpt>
      <trkpt lat="43.20815" lon="5.48106">
        <ele>197.4</ele>
      </trkpt>
      <trkpt lat="43.20821" lon="5.48114">
        <ele>198.5</ele>
      </trkpt>
      <trkpt lat="43.20828" lon="5.48123">
        <ele>198</ele>
      </trkpt>
      <trkpt lat="43.20834" lon="5.48131">
        <ele>197.8</ele>
      </trkpt>
      <trkpt lat="43.2084" lon="5.48139">
        <ele>197.4</ele>
      </trkpt>
      <trkpt lat="43.20844" lon="5.48143">
        <ele>197.3</ele>
      </trkpt>
      <trkpt lat="43.20849" lon="5.48147">
        <ele>197.5</ele>
      </trkpt>
      <trkpt lat="43.20853" lon="5.4815">
        <ele>197.9</ele>
      </trkpt>
      <trkpt lat="43.20857" lon="5.48154">
        <ele>198.3</ele>
      </trkpt>
      <trkpt lat="43.2086" lon="5.48159">
        <ele>197.8</ele>
      </trkpt>
      <trkpt lat="43.20863" lon="5.48164">
        <ele>197.6</ele>
      </trkpt>
      <trkpt lat="43.20865" lon="5.48169">
        <ele>197.6</ele>
      </trkpt>
      <trkpt lat="43.20868" lon="5.48174">
        <ele>197.8</ele>
      </trkpt>
      <trkpt lat="43.20871" lon="5.48179">
        <ele>197.9</ele>
      </trkpt>
      <trkpt lat="43.20874" lon="5.48184">
        <ele>198.1</ele>
      </trkpt>
      <trkpt lat="43.20877" lon="5.48189">
        <ele>198.3</ele>
      </trkpt>
      <trkpt lat="43.2088" lon="5.48195">
        <ele>198.6</ele>
      </trkpt>
      <trkpt lat="43.20882" lon="5.482">
        <ele>199.3</ele>
      </trkpt>
      <trkpt lat="43.20885" lon="5.48205">
        <ele>200.2</ele>
      </trkpt>
      <trkpt lat="43.20888" lon="5.4821">
        <ele>201.2</ele>
      </trkpt>
      <trkpt lat="43.20891" lon="5.48215">
        <ele>201.6</ele>
      </trkpt>
      <trkpt lat="43.20894" lon="5.4822">
        <ele>201.6</ele>
      </trkpt>
      <trkpt lat="43.20896" lon="5.48225">
        <ele>201.2</ele>
      </trkpt>
      <trkpt lat="43.20899" lon="5.4823">
        <ele>200.8</ele>
      </trkpt>
      <trkpt lat="43.20902" lon="5.48235">
        <ele>200.3</ele>
      </trkpt>
      <trkpt lat="43.20908" lon="5.48239">
        <ele>200.9</ele>
      </trkpt>
      <trkpt lat="43.20913" lon="5.48243">
        <ele>201.5</ele>
      </trkpt>
      <trkpt lat="43.20916" lon="5.48245">
        <ele>201.9</ele>
      </trkpt>
      <trkpt lat="43.20922" lon="5.48246">
        <ele>201.2</ele>
      </trkpt>
      <trkpt lat="43.20927" lon="5.48244">
        <ele>201.1</ele>
      </trkpt>
      <trkpt lat="43.20931" lon="5.48242">
        <ele>200.9</ele>
      </trkpt>
      <trkpt lat="43.20935" lon="5.48235">
        <ele>201.5</ele>
      </trkpt>
      <trkpt lat="43.20939" lon="5.48228">
        <ele>202.1</ele>
      </trkpt>
      <trkpt lat="43.20942" lon="5.48222">
        <ele>202.6</ele>
      </trkpt>
      <trkpt lat="43.20944" lon="5.48215">
        <ele>203.3</ele>
      </trkpt>
      <trkpt lat="43.20947" lon="5.48209">
        <ele>203.7</ele>
      </trkpt>
      <trkpt lat="43.2095" lon="5.48202">
        <ele>203.9</ele>
      </trkpt>
      <trkpt lat="43.20952" lon="5.48196">
        <ele>203.8</ele>
      </trkpt>
      <trkpt lat="43.20955" lon="5.48189">
        <ele>203.8</ele>
      </trkpt>
      <trkpt lat="43.20957" lon="5.48183">
        <ele>203.8</ele>
      </trkpt>
      <trkpt lat="43.2096" lon="5.48176">
        <ele>203.8</ele>
      </trkpt>
      <trkpt lat="43.20963" lon="5.48165">
        <ele>204.2</ele>
      </trkpt>
      <trkpt lat="43.20966" lon="5.48153">
        <ele>204</ele>
      </trkpt>
      <trkpt lat="43.20968" lon="5.48142">
        <ele>204.2</ele>
      </trkpt>
      <trkpt lat="43.2097" lon="5.4813">
        <ele>203.8</ele>
      </trkpt>
      <trkpt lat="43.20971" lon="5.48119">
        <ele>203.3</ele>
      </trkpt>
      <trkpt lat="43.20973" lon="5.48107">
        <ele>203.7</ele>
      </trkpt>
      <trkpt lat="43.20977" lon="5.48105">
        <ele>206.1</ele>
      </trkpt>
      <trkpt lat="43.20984" lon="5.48112">
        <ele>209.3</ele>
      </trkpt>
      <trkpt lat="43.20988" lon="5.48117">
        <ele>210.6</ele>
      </trkpt>
      <trkpt lat="43.20991" lon="5.48122">
        <ele>211.7</ele>
      </trkpt>
      <trkpt lat="43.20995" lon="5.48133">
        <ele>211.7</ele>
      </trkpt>
      <trkpt lat="43.20998" lon="5.48144">
        <ele>211.7</ele>
      </trkpt>
      <trkpt lat="43.21002" lon="5.48152">
        <ele>212.4</ele>
      </trkpt>
      <trkpt lat="43.21006" lon="5.48161">
        <ele>213.6</ele>
      </trkpt>
      <trkpt lat="43.21009" lon="5.48169">
        <ele>215</ele>
      </trkpt>
      <trkpt lat="43.21013" lon="5.48177">
        <ele>217.2</ele>
      </trkpt>
      <trkpt lat="43.21013" lon="5.48189">
        <ele>217.6</ele>
      </trkpt>
      <trkpt lat="43.21014" lon="5.48202">
        <ele>218</ele>
      </trkpt>
      <trkpt lat="43.21014" lon="5.48214">
        <ele>218.7</ele>
      </trkpt>
      <trkpt lat="43.21014" lon="5.48226">
        <ele>219.1</ele>
      </trkpt>
      <trkpt lat="43.21016" lon="5.48232">
        <ele>220</ele>
      </trkpt>
      <trkpt lat="43.21017" lon="5.48238">
        <ele>220.8</ele>
      </trkpt>
      <trkpt lat="43.21018" lon="5.48247">
        <ele>221.1</ele>
      </trkpt>
      <trkpt lat="43.21018" lon="5.48256">
        <ele>221.6</ele>
      </trkpt>
      <trkpt lat="43.21019" lon="5.48264">
        <ele>222.2</ele>
      </trkpt>
      <trkpt lat="43.21019" lon="5.48273">
        <ele>222.7</ele>
      </trkpt>
      <trkpt lat="43.2102" lon="5.48282">
        <ele>223.4</ele>
      </trkpt>
      <trkpt lat="43.2102" lon="5.48291">
        <ele>224.3</ele>
      </trkpt>
      <trkpt lat="43.21021" lon="5.48299">
        <ele>225.1</ele>
      </trkpt>
      <trkpt lat="43.21021" lon="5.48308">
        <ele>226.2</ele>
      </trkpt>
      <trkpt lat="43.2102" lon="5.48318">
        <ele>227.1</ele>
      </trkpt>
      <trkpt lat="43.2102" lon="5.48328">
        <ele>228.2</ele>
      </trkpt>
      <trkpt lat="43.21019" lon="5.48337">
        <ele>229.1</ele>
      </trkpt>
      <trkpt lat="43.21018" lon="5.48347">
        <ele>229.6</ele>
      </trkpt>
      <trkpt lat="43.21019" lon="5.48355">
        <ele>230.6</ele>
      </trkpt>
      <trkpt lat="43.2102" lon="5.48363">
        <ele>231.3</ele>
      </trkpt>
      <trkpt lat="43.2102" lon="5.4837">
        <ele>231.4</ele>
      </trkpt>
      <trkpt lat="43.21021" lon="5.48378">
        <ele>231.7</ele>
      </trkpt>
      <trkpt lat="43.21025" lon="5.48389">
        <ele>233.3</ele>
      </trkpt>
      <trkpt lat="43.21028" lon="5.484">
        <ele>234.2</ele>
      </trkpt>
      <trkpt lat="43.2103" lon="5.48406">
        <ele>234</ele>
      </trkpt>
      <trkpt lat="43.21033" lon="5.48412">
        <ele>233.8</ele>
      </trkpt>
      <trkpt lat="43.21035" lon="5.48418">
        <ele>233.7</ele>
      </trkpt>
      <trkpt lat="43.21037" lon="5.48424">
        <ele>233.6</ele>
      </trkpt>
      <trkpt lat="43.21038" lon="5.48433">
        <ele>233.3</ele>
      </trkpt>
      <trkpt lat="43.21038" lon="5.48444">
        <ele>232.7</ele>
      </trkpt>
      <trkpt lat="43.21037" lon="5.48454">
        <ele>232.1</ele>
      </trkpt>
      <trkpt lat="43.21037" lon="5.48465">
        <ele>231.5</ele>
      </trkpt>
      <trkpt lat="43.21036" lon="5.48475">
        <ele>230.7</ele>
      </trkpt>
      <trkpt lat="43.21032" lon="5.48484">
        <ele>229.7</ele>
      </trkpt>
      <trkpt lat="43.2103" lon="5.48492">
        <ele>228.8</ele>
      </trkpt>
      <trkpt lat="43.21028" lon="5.485">
        <ele>228</ele>
      </trkpt>
      <trkpt lat="43.21026" lon="5.48508">
        <ele>226.6</ele>
      </trkpt>
      <trkpt lat="43.21024" lon="5.48516">
        <ele>225.5</ele>
      </trkpt>
      <trkpt lat="43.21021" lon="5.48521">
        <ele>224.8</ele>
      </trkpt>
      <trkpt lat="43.21017" lon="5.48528">
        <ele>224.2</ele>
      </trkpt>
      <trkpt lat="43.21013" lon="5.48535">
        <ele>222.8</ele>
      </trkpt>
      <trkpt lat="43.2101" lon="5.4854">
        <ele>222</ele>
      </trkpt>
      <trkpt lat="43.21006" lon="5.48544">
        <ele>221.3</ele>
      </trkpt>
      <trkpt lat="43.21002" lon="5.48548">
        <ele>220.8</ele>
      </trkpt>
      <trkpt lat="43.20998" lon="5.48552">
        <ele>219.8</ele>
      </trkpt>
      <trkpt lat="43.20994" lon="5.48558">
        <ele>218.1</ele>
      </trkpt>
      <trkpt lat="43.2099" lon="5.48565">
        <ele>216.5</ele>
      </trkpt>
      <trkpt lat="43.20985" lon="5.48571">
        <ele>215.3</ele>
      </trkpt>
      <trkpt lat="43.20981" lon="5.48577">
        <ele>214.5</ele>
      </trkpt>
      <trkpt lat="43.20979" lon="5.48584">
        <ele>214.2</ele>
      </trkpt>
      <trkpt lat="43.20976" lon="5.48591">
        <ele>213.3</ele>
      </trkpt>
      <trkpt lat="43.20974" lon="5.48597">
        <ele>212.5</ele>
      </trkpt>
      <trkpt lat="43.20971" lon="5.48604">
        <ele>211.3</ele>
      </trkpt>
      <trkpt lat="43.20971" lon="5.48616">
        <ele>209.8</ele>
      </trkpt>
      <trkpt lat="43.20969" lon="5.48627">
        <ele>207.4</ele>
      </trkpt>
      <trkpt lat="43.20966" lon="5.48638">
        <ele>205.2</ele>
      </trkpt>
      <trkpt lat="43.20964" lon="5.48648">
        <ele>202.5</ele>
      </trkpt>
      <trkpt lat="43.20961" lon="5.48659">
        <ele>199.9</ele>
      </trkpt>
      <trkpt lat="43.20959" lon="5.48669">
        <ele>198</ele>
      </trkpt>
      <trkpt lat="43.20958" lon="5.48679">
        <ele>196.6</ele>
      </trkpt>
      <trkpt lat="43.20956" lon="5.48688">
        <ele>195.5</ele>
      </trkpt>
      <trkpt lat="43.20954" lon="5.48698">
        <ele>194.8</ele>
      </trkpt>
      <trkpt lat="43.20954" lon="5.48705">
        <ele>194.5</ele>
      </trkpt>
      <trkpt lat="43.20954" lon="5.48713">
        <ele>194.1</ele>
      </trkpt>
      <trkpt lat="43.20954" lon="5.4872">
        <ele>193.7</ele>
      </trkpt>
      <trkpt lat="43.20954" lon="5.48727">
        <ele>192.6</ele>
      </trkpt>
      <trkpt lat="43.20955" lon="5.48735">
        <ele>190.6</ele>
      </trkpt>
      <trkpt lat="43.20954" lon="5.48744">
        <ele>189.3</ele>
      </trkpt>
      <trkpt lat="43.20953" lon="5.48752">
        <ele>188.1</ele>
      </trkpt>
      <trkpt lat="43.20951" lon="5.48761">
        <ele>186.7</ele>
      </trkpt>
      <trkpt lat="43.2095" lon="5.48769">
        <ele>185.4</ele>
      </trkpt>
      <trkpt lat="43.2095" lon="5.4878">
        <ele>183.2</ele>
      </trkpt>
      <trkpt lat="43.20949" lon="5.48791">
        <ele>181</ele>
      </trkpt>
      <trkpt lat="43.20949" lon="5.48802">
        <ele>178.9</ele>
      </trkpt>
      <trkpt lat="43.20948" lon="5.48813">
        <ele>176.9</ele>
      </trkpt>
      <trkpt lat="43.20947" lon="5.4882">
        <ele>176.5</ele>
      </trkpt>
      <trkpt lat="43.20945" lon="5.48826">
        <ele>176</ele>
      </trkpt>
      <trkpt lat="43.20946" lon="5.48833">
        <ele>174.2</ele>
      </trkpt>
      <trkpt lat="43.20945" lon="5.48839">
        <ele>173.3</ele>
      </trkpt>
      <trkpt lat="43.20943" lon="5.48845">
        <ele>172.1</ele>
      </trkpt>
      <trkpt lat="43.20941" lon="5.48851">
        <ele>171.1</ele>
      </trkpt>
      <trkpt lat="43.20938" lon="5.48857">
        <ele>170.1</ele>
      </trkpt>
      <trkpt lat="43.20938" lon="5.48861">
        <ele>168.9</ele>
      </trkpt>
      <trkpt lat="43.20941" lon="5.48862">
        <ele>167.6</ele>
      </trkpt>
      <trkpt lat="43.20945" lon="5.4886">
        <ele>167.1</ele>
      </trkpt>
      <trkpt lat="43.20949" lon="5.48854">
        <ele>167.1</ele>
      </trkpt>
      <trkpt lat="43.20955" lon="5.48851">
        <ele>165.3</ele>
      </trkpt>
      <trkpt lat="43.20961" lon="5.48847">
        <ele>163.3</ele>
      </trkpt>
      <trkpt lat="43.20966" lon="5.48843">
        <ele>161.8</ele>
      </trkpt>
      <trkpt lat="43.20971" lon="5.48839">
        <ele>160.1</ele>
      </trkpt>
      <trkpt lat="43.20975" lon="5.48834">
        <ele>158.2</ele>
      </trkpt>
      <trkpt lat="43.2098" lon="5.4883">
        <ele>156.6</ele>
      </trkpt>
      <trkpt lat="43.20984" lon="5.48826">
        <ele>155.7</ele>
      </trkpt>
      <trkpt lat="43.20987" lon="5.48821">
        <ele>154.7</ele>
      </trkpt>
      <trkpt lat="43.20991" lon="5.48817">
        <ele>153.6</ele>
      </trkpt>
      <trkpt lat="43.20994" lon="5.48812">
        <ele>152.4</ele>
      </trkpt>
      <trkpt lat="43.20998" lon="5.48808">
        <ele>151.2</ele>
      </trkpt>
      <trkpt lat="43.21001" lon="5.48803">
        <ele>150</ele>
      </trkpt>
      <trkpt lat="43.21005" lon="5.48799">
        <ele>149.2</ele>
      </trkpt>
      <trkpt lat="43.21008" lon="5.48794">
        <ele>148.3</ele>
      </trkpt>
      <trkpt lat="43.21013" lon="5.4879">
        <ele>147</ele>
      </trkpt>
      <trkpt lat="43.21017" lon="5.48785">
        <ele>145.7</ele>
      </trkpt>
      <trkpt lat="43.21024" lon="5.48781">
        <ele>143.4</ele>
      </trkpt>
      <trkpt lat="43.2103" lon="5.48777">
        <ele>142</ele>
      </trkpt>
      <trkpt lat="43.21036" lon="5.48776">
        <ele>141.7</ele>
      </trkpt>
      <trkpt lat="43.21041" lon="5.48775">
        <ele>141.5</ele>
      </trkpt>
      <trkpt lat="43.21047" lon="5.48773">
        <ele>141.2</ele>
      </trkpt>
      <trkpt lat="43.21052" lon="5.48772">
        <ele>141</ele>
      </trkpt>
      <trkpt lat="43.21057" lon="5.48773">
        <ele>140.1</ele>
      </trkpt>
      <trkpt lat="43.21062" lon="5.48774">
        <ele>139.9</ele>
      </trkpt>
      <trkpt lat="43.21067" lon="5.48777">
        <ele>139</ele>
      </trkpt>
      <trkpt lat="43.21072" lon="5.48779">
        <ele>138.6</ele>
      </trkpt>
      <trkpt lat="43.21077" lon="5.48785">
        <ele>138.8</ele>
      </trkpt>
      <trkpt lat="43.21082" lon="5.48791">
        <ele>139.3</ele>
      </trkpt>
      <trkpt lat="43.2109" lon="5.48791">
        <ele>140.4</ele>
      </trkpt>
      <trkpt lat="43.21096" lon="5.48789">
        <ele>141.1</ele>
      </trkpt>
      <trkpt lat="43.21102" lon="5.48787">
        <ele>141.6</ele>
      </trkpt>
      <trkpt lat="43.21109" lon="5.4879">
        <ele>142.9</ele>
      </trkpt>
      <trkpt lat="43.21108" lon="5.48797">
        <ele>143.8</ele>
      </trkpt>
      <trkpt lat="43.21106" lon="5.48803">
        <ele>144.5</ele>
      </trkpt>
      <trkpt lat="43.21099" lon="5.48807">
        <ele>143.8</ele>
      </trkpt>
      <trkpt lat="43.21091" lon="5.48811">
        <ele>143.5</ele>
      </trkpt>
      <trkpt lat="43.21087" lon="5.48816">
        <ele>144.3</ele>
      </trkpt>
      <trkpt lat="43.21083" lon="5.48822">
        <ele>145</ele>
      </trkpt>
      <trkpt lat="43.21078" lon="5.48827">
        <ele>146</ele>
      </trkpt>
      <trkpt lat="43.21074" lon="5.48832">
        <ele>146.9</ele>
      </trkpt>
      <trkpt lat="43.21067" lon="5.48837">
        <ele>147.1</ele>
      </trkpt>
      <trkpt lat="43.2106" lon="5.48841">
        <ele>147.1</ele>
      </trkpt>
      <trkpt lat="43.21056" lon="5.48846">
        <ele>147.6</ele>
      </trkpt>
      <trkpt lat="43.21051" lon="5.48851">
        <ele>147.1</ele>
      </trkpt>
      <trkpt lat="43.2105" lon="5.4886">
        <ele>148.7</ele>
      </trkpt>
      <trkpt lat="43.21048" lon="5.48868">
        <ele>148.5</ele>
      </trkpt>
      <trkpt lat="43.21051" lon="5.48877">
        <ele>150</ele>
      </trkpt>
      <trkpt lat="43.21058" lon="5.48884">
        <ele>153.1</ele>
      </trkpt>
      <trkpt lat="43.21066" lon="5.48887">
        <ele>157.1</ele>
      </trkpt>
      <trkpt lat="43.2107" lon="5.48892">
        <ele>159.2</ele>
      </trkpt>
      <trkpt lat="43.21071" lon="5.48902">
        <ele>159.5</ele>
      </trkpt>
      <trkpt lat="43.21072" lon="5.48912">
        <ele>160.1</ele>
      </trkpt>
      <trkpt lat="43.2107" lon="5.48923">
        <ele>159.5</ele>
      </trkpt>
      <trkpt lat="43.21069" lon="5.48934">
        <ele>159.7</ele>
      </trkpt>
      <trkpt lat="43.21067" lon="5.48944">
        <ele>159.8</ele>
      </trkpt>
      <trkpt lat="43.21065" lon="5.48955">
        <ele>161.5</ele>
      </trkpt>
      <trkpt lat="43.21062" lon="5.48961">
        <ele>161.5</ele>
      </trkpt>
      <trkpt lat="43.2106" lon="5.48967">
        <ele>161.8</ele>
      </trkpt>
      <trkpt lat="43.21057" lon="5.48973">
        <ele>162.2</ele>
      </trkpt>
      <trkpt lat="43.21055" lon="5.4898">
        <ele>162.5</ele>
      </trkpt>
      <trkpt lat="43.21052" lon="5.48986">
        <ele>162.9</ele>
      </trkpt>
      <trkpt lat="43.21049" lon="5.48992">
        <ele>163.7</ele>
      </trkpt>
      <trkpt lat="43.21047" lon="5.48998">
        <ele>164.7</ele>
      </trkpt>
      <trkpt lat="43.21044" lon="5.49004">
        <ele>165.6</ele>
      </trkpt>
      <trkpt lat="43.2104" lon="5.49009">
        <ele>165.7</ele>
      </trkpt>
      <trkpt lat="43.21036" lon="5.49014">
        <ele>165.8</ele>
      </trkpt>
      <trkpt lat="43.21032" lon="5.49019">
        <ele>166.2</ele>
      </trkpt>
      <trkpt lat="43.21028" lon="5.49024">
        <ele>166.7</ele>
      </trkpt>
      <trkpt lat="43.21022" lon="5.49033">
        <ele>166.1</ele>
      </trkpt>
      <trkpt lat="43.21022" lon="5.4904">
        <ele>166.7</ele>
      </trkpt>
      <trkpt lat="43.21021" lon="5.49047">
        <ele>167.3</ele>
      </trkpt>
      <trkpt lat="43.21021" lon="5.49053">
        <ele>167.9</ele>
      </trkpt>
      <trkpt lat="43.2102" lon="5.4906">
        <ele>168.5</ele>
      </trkpt>
      <trkpt lat="43.21018" lon="5.49069">
        <ele>168.9</ele>
      </trkpt>
      <trkpt lat="43.21016" lon="5.49078">
        <ele>169.4</ele>
      </trkpt>
      <trkpt lat="43.21015" lon="5.49086">
        <ele>170</ele>
      </trkpt>
      <trkpt lat="43.21013" lon="5.49094">
        <ele>170.4</ele>
      </trkpt>
      <trkpt lat="43.21011" lon="5.49101">
        <ele>170.7</ele>
      </trkpt>
      <trkpt lat="43.21009" lon="5.49108">
        <ele>171.2</ele>
      </trkpt>
      <trkpt lat="43.21007" lon="5.49115">
        <ele>171.7</ele>
      </trkpt>
      <trkpt lat="43.21005" lon="5.49122">
        <ele>172.4</ele>
      </trkpt>
      <trkpt lat="43.21006" lon="5.4913">
        <ele>173.5</ele>
      </trkpt>
      <trkpt lat="43.21007" lon="5.49137">
        <ele>174.5</ele>
      </trkpt>
      <trkpt lat="43.21013" lon="5.49133">
        <ele>174</ele>
      </trkpt>
      <trkpt lat="43.21019" lon="5.49129">
        <ele>174</ele>
      </trkpt>
      <trkpt lat="43.21025" lon="5.49124">
        <ele>174.3</ele>
      </trkpt>
      <trkpt lat="43.21031" lon="5.4912">
        <ele>174.4</ele>
      </trkpt>
      <trkpt lat="43.21037" lon="5.49119">
        <ele>173.9</ele>
      </trkpt>
      <trkpt lat="43.21042" lon="5.49118">
        <ele>173.6</ele>
      </trkpt>
      <trkpt lat="43.21048" lon="5.49117">
        <ele>173.3</ele>
      </trkpt>
      <trkpt lat="43.21054" lon="5.49116">
        <ele>173.2</ele>
      </trkpt>
      <trkpt lat="43.21059" lon="5.49114">
        <ele>172.6</ele>
      </trkpt>
      <trkpt lat="43.21065" lon="5.49113">
        <ele>171.8</ele>
      </trkpt>
      <trkpt lat="43.21071" lon="5.49112">
        <ele>171</ele>
      </trkpt>
      <trkpt lat="43.21077" lon="5.49111">
        <ele>170.3</ele>
      </trkpt>
      <trkpt lat="43.21082" lon="5.4911">
        <ele>169.5</ele>
      </trkpt>
      <trkpt lat="43.21088" lon="5.49109">
        <ele>168.7</ele>
      </trkpt>
      <trkpt lat="43.21094" lon="5.49108">
        <ele>167.9</ele>
      </trkpt>
      <trkpt lat="43.21099" lon="5.49107">
        <ele>167.1</ele>
      </trkpt>
      <trkpt lat="43.21105" lon="5.49105">
        <ele>166.4</ele>
      </trkpt>
      <trkpt lat="43.21111" lon="5.49104">
        <ele>165.6</ele>
      </trkpt>
      <trkpt lat="43.21116" lon="5.49103">
        <ele>165.1</ele>
      </trkpt>
      <trkpt lat="43.21122" lon="5.49102">
        <ele>164.5</ele>
      </trkpt>
      <trkpt lat="43.21127" lon="5.49101">
        <ele>164.1</ele>
      </trkpt>
      <trkpt lat="43.21132" lon="5.491">
        <ele>163.5</ele>
      </trkpt>
      <trkpt lat="43.21136" lon="5.49104">
        <ele>162.4</ele>
      </trkpt>
      <trkpt lat="43.21135" lon="5.49113">
        <ele>161.5</ele>
      </trkpt>
      <trkpt lat="43.21131" lon="5.49119">
        <ele>161.9</ele>
      </trkpt>
      <trkpt lat="43.21128" lon="5.49125">
        <ele>161.7</ele>
      </trkpt>
      <trkpt lat="43.21124" lon="5.4913">
        <ele>160.9</ele>
      </trkpt>
      <trkpt lat="43.2112" lon="5.49136">
        <ele>159.6</ele>
      </trkpt>
      <trkpt lat="43.21114" lon="5.49143">
        <ele>157.9</ele>
      </trkpt>
      <trkpt lat="43.21109" lon="5.4915">
        <ele>157.2</ele>
      </trkpt>
      <trkpt lat="43.21103" lon="5.49157">
        <ele>157</ele>
      </trkpt>
      <trkpt lat="43.21098" lon="5.49164">
        <ele>156</ele>
      </trkpt>
      <trkpt lat="43.21092" lon="5.49171">
        <ele>154.7</ele>
      </trkpt>
      <trkpt lat="43.21086" lon="5.49178">
        <ele>153.1</ele>
      </trkpt>
      <trkpt lat="43.21081" lon="5.49185">
        <ele>151.8</ele>
      </trkpt>
      <trkpt lat="43.21075" lon="5.49192">
        <ele>151.4</ele>
      </trkpt>
      <trkpt lat="43.2107" lon="5.49201">
        <ele>150.8</ele>
      </trkpt>
      <trkpt lat="43.21064" lon="5.4921">
        <ele>149.7</ele>
      </trkpt>
      <trkpt lat="43.21064" lon="5.4922">
        <ele>148.2</ele>
      </trkpt>
      <trkpt lat="43.21063" lon="5.4923">
        <ele>147.1</ele>
      </trkpt>
      <trkpt lat="43.21066" lon="5.49242">
        <ele>146.1</ele>
      </trkpt>
      <trkpt lat="43.21068" lon="5.49253">
        <ele>144.9</ele>
      </trkpt>
      <trkpt lat="43.2107" lon="5.49259">
        <ele>144.3</ele>
      </trkpt>
      <trkpt lat="43.21072" lon="5.49265">
        <ele>143.4</ele>
      </trkpt>
      <trkpt lat="43.21074" lon="5.4927">
        <ele>142.3</ele>
      </trkpt>
      <trkpt lat="43.21076" lon="5.49276">
        <ele>140.9</ele>
      </trkpt>
      <trkpt lat="43.21077" lon="5.49283">
        <ele>139.6</ele>
      </trkpt>
      <trkpt lat="43.21079" lon="5.4929">
        <ele>138.4</ele>
      </trkpt>
      <trkpt lat="43.2108" lon="5.49297">
        <ele>137</ele>
      </trkpt>
      <trkpt lat="43.21081" lon="5.49304">
        <ele>135.5</ele>
      </trkpt>
      <trkpt lat="43.21082" lon="5.49311">
        <ele>134.2</ele>
      </trkpt>
      <trkpt lat="43.21084" lon="5.49318">
        <ele>133.2</ele>
      </trkpt>
      <trkpt lat="43.21085" lon="5.49325">
        <ele>133</ele>
      </trkpt>
      <trkpt lat="43.21086" lon="5.49332">
        <ele>132.9</ele>
      </trkpt>
      <trkpt lat="43.21089" lon="5.49339">
        <ele>133.4</ele>
      </trkpt>
      <trkpt lat="43.21093" lon="5.49346">
        <ele>133.7</ele>
      </trkpt>
      <trkpt lat="43.21096" lon="5.49353">
        <ele>133.7</ele>
      </trkpt>
      <trkpt lat="43.21099" lon="5.4936">
        <ele>133.3</ele>
      </trkpt>
      <trkpt lat="43.21101" lon="5.49368">
        <ele>132.2</ele>
      </trkpt>
      <trkpt lat="43.21102" lon="5.49375">
        <ele>130.8</ele>
      </trkpt>
      <trkpt lat="43.21104" lon="5.49383">
        <ele>129.1</ele>
      </trkpt>
      <trkpt lat="43.21105" lon="5.4939">
        <ele>127.1</ele>
      </trkpt>
      <trkpt lat="43.2111" lon="5.49399">
        <ele>124.4</ele>
      </trkpt>
      <trkpt lat="43.21115" lon="5.49408">
        <ele>124.3</ele>
      </trkpt>
      <trkpt lat="43.21117" lon="5.49419">
        <ele>123.8</ele>
      </trkpt>
      <trkpt lat="43.21119" lon="5.49431">
        <ele>124.1</ele>
      </trkpt>
      <trkpt lat="43.21121" lon="5.49442">
        <ele>124.2</ele>
      </trkpt>
      <trkpt lat="43.21123" lon="5.49453">
        <ele>123.5</ele>
      </trkpt>
      <trkpt lat="43.21122" lon="5.49465">
        <ele>121.7</ele>
      </trkpt>
      <trkpt lat="43.21121" lon="5.49477">
        <ele>119.5</ele>
      </trkpt>
      <trkpt lat="43.21119" lon="5.49486">
        <ele>116.9</ele>
      </trkpt>
      <trkpt lat="43.21117" lon="5.49495">
        <ele>114.1</ele>
      </trkpt>
      <trkpt lat="43.21115" lon="5.49503">
        <ele>111.2</ele>
      </trkpt>
      <trkpt lat="43.21113" lon="5.49512">
        <ele>108.6</ele>
      </trkpt>
      <trkpt lat="43.21114" lon="5.49524">
        <ele>106.6</ele>
      </trkpt>
      <trkpt lat="43.21114" lon="5.49535">
        <ele>105.4</ele>
      </trkpt>
      <trkpt lat="43.2112" lon="5.49544">
        <ele>105.3</ele>
      </trkpt>
      <trkpt lat="43.21125" lon="5.49552">
        <ele>103.8</ele>
      </trkpt>
      <trkpt lat="43.2113" lon="5.49559">
        <ele>102.2</ele>
      </trkpt>
      <trkpt lat="43.21135" lon="5.49565">
        <ele>100.1</ele>
      </trkpt>
      <trkpt lat="43.21136" lon="5.49575">
        <ele>97.5</ele>
      </trkpt>
      <trkpt lat="43.21135" lon="5.49583">
        <ele>96.2</ele>
      </trkpt>
      <trkpt lat="43.21133" lon="5.49592">
        <ele>96.5</ele>
      </trkpt>
      <trkpt lat="43.21132" lon="5.496">
        <ele>96.8</ele>
      </trkpt>
      <trkpt lat="43.2113" lon="5.49608">
        <ele>97</ele>
      </trkpt>
      <trkpt lat="43.21132" lon="5.49616">
        <ele>94.7</ele>
      </trkpt>
      <trkpt lat="43.21135" lon="5.49623">
        <ele>91.7</ele>
      </trkpt>
      <trkpt lat="43.21137" lon="5.49631">
        <ele>88.5</ele>
      </trkpt>
      <trkpt lat="43.21139" lon="5.49638">
        <ele>85.2</ele>
      </trkpt>
      <trkpt lat="43.21142" lon="5.49643">
        <ele>84.7</ele>
      </trkpt>
      <trkpt lat="43.21145" lon="5.49648">
        <ele>84.1</ele>
      </trkpt>
      <trkpt lat="43.21149" lon="5.49654">
        <ele>83</ele>
      </trkpt>
      <trkpt lat="43.21152" lon="5.49659">
        <ele>81.7</ele>
      </trkpt>
      <trkpt lat="43.2116" lon="5.49663">
        <ele>79</ele>
      </trkpt>
      <trkpt lat="43.21167" lon="5.49667">
        <ele>76.2</ele>
      </trkpt>
      <trkpt lat="43.21163" lon="5.49672">
        <ele>78.1</ele>
      </trkpt>
      <trkpt lat="43.21159" lon="5.49677">
        <ele>79.2</ele>
      </trkpt>
      <trkpt lat="43.21155" lon="5.49682">
        <ele>79.5</ele>
      </trkpt>
      <trkpt lat="43.21151" lon="5.49687">
        <ele>78.8</ele>
      </trkpt>
      <trkpt lat="43.21148" lon="5.49693">
        <ele>77.2</ele>
      </trkpt>
      <trkpt lat="43.21145" lon="5.49699">
        <ele>75.5</ele>
      </trkpt>
      <trkpt lat="43.21141" lon="5.49704">
        <ele>74.2</ele>
      </trkpt>
      <trkpt lat="43.21138" lon="5.4971">
        <ele>73.4</ele>
      </trkpt>
      <trkpt lat="43.21134" lon="5.49713">
        <ele>73</ele>
      </trkpt>
      <trkpt lat="43.2113" lon="5.49716">
        <ele>72.1</ele>
      </trkpt>
      <trkpt lat="43.21125" lon="5.49719">
        <ele>70.9</ele>
      </trkpt>
      <trkpt lat="43.21121" lon="5.49722">
        <ele>69.2</ele>
      </trkpt>
      <trkpt lat="43.21116" lon="5.49721">
        <ele>68.7</ele>
      </trkpt>
      <trkpt lat="43.21112" lon="5.4972">
        <ele>68.3</ele>
      </trkpt>
      <trkpt lat="43.21107" lon="5.49718">
        <ele>70.6</ele>
      </trkpt>
      <trkpt lat="43.21102" lon="5.49717">
        <ele>72.5</ele>
      </trkpt>
      <trkpt lat="43.21098" lon="5.49713">
        <ele>73.7</ele>
      </trkpt>
      <trkpt lat="43.21094" lon="5.49708">
        <ele>73.4</ele>
      </trkpt>
      <trkpt lat="43.21089" lon="5.49698">
        <ele>69.5</ele>
      </trkpt>
      <trkpt lat="43.21084" lon="5.49688">
        <ele>68.4</ele>
      </trkpt>
      <trkpt lat="43.21078" lon="5.49685">
        <ele>69.9</ele>
      </trkpt>
      <trkpt lat="43.21072" lon="5.49681">
        <ele>70.6</ele>
      </trkpt>
      <trkpt lat="43.21065" lon="5.49678">
        <ele>69.9</ele>
      </trkpt>
      <trkpt lat="43.21059" lon="5.49674">
        <ele>67.9</ele>
      </trkpt>
      <trkpt lat="43.21054" lon="5.49673">
        <ele>66.5</ele>
      </trkpt>
      <trkpt lat="43.2105" lon="5.49672">
        <ele>66.1</ele>
      </trkpt>
      <trkpt lat="43.21045" lon="5.49671">
        <ele>65.6</ele>
      </trkpt>
      <trkpt lat="43.21041" lon="5.49671">
        <ele>65</ele>
      </trkpt>
      <trkpt lat="43.21036" lon="5.4967">
        <ele>64.3</ele>
      </trkpt>
      <trkpt lat="43.21031" lon="5.49669">
        <ele>63.6</ele>
      </trkpt>
      <trkpt lat="43.21027" lon="5.49668">
        <ele>63.7</ele>
      </trkpt>
      <trkpt lat="43.21022" lon="5.49667">
        <ele>67.1</ele>
      </trkpt>
      <trkpt lat="43.21017" lon="5.49671">
        <ele>71.5</ele>
      </trkpt>
      <trkpt lat="43.21012" lon="5.49675">
        <ele>73.7</ele>
      </trkpt>
      <trkpt lat="43.21007" lon="5.49679">
        <ele>73.6</ele>
      </trkpt>
      <trkpt lat="43.21002" lon="5.49683">
        <ele>71.2</ele>
      </trkpt>
      <trkpt lat="43.20996" lon="5.49686">
        <ele>66.8</ele>
      </trkpt>
      <trkpt lat="43.20991" lon="5.4969">
        <ele>62.8</ele>
      </trkpt>
      <trkpt lat="43.20986" lon="5.49694">
        <ele>59.2</ele>
      </trkpt>
      <trkpt lat="43.20981" lon="5.49698">
        <ele>60.6</ele>
      </trkpt>
      <trkpt lat="43.20977" lon="5.49698">
        <ele>60</ele>
      </trkpt>
      <trkpt lat="43.20972" lon="5.49698">
        <ele>59.4</ele>
      </trkpt>
      <trkpt lat="43.20968" lon="5.49698">
        <ele>59.4</ele>
      </trkpt>
      <trkpt lat="43.20963" lon="5.49698">
        <ele>59.3</ele>
      </trkpt>
      <trkpt lat="43.20959" lon="5.49698">
        <ele>59.3</ele>
      </trkpt>
      <trkpt lat="43.20954" lon="5.49698">
        <ele>59.3</ele>
      </trkpt>
      <trkpt lat="43.2095" lon="5.49698">
        <ele>59.2</ele>
      </trkpt>
      <trkpt lat="43.20945" lon="5.49698">
        <ele>59.2</ele>
      </trkpt>
      <trkpt lat="43.20938" lon="5.49699">
        <ele>59.5</ele>
      </trkpt>
      <trkpt lat="43.20932" lon="5.49699">
        <ele>59.7</ele>
      </trkpt>
      <trkpt lat="43.20925" lon="5.497">
        <ele>59.9</ele>
      </trkpt>
      <trkpt lat="43.20918" lon="5.497">
        <ele>60</ele>
      </trkpt>
      <trkpt lat="43.20909" lon="5.49703">
        <ele>59.5</ele>
      </trkpt>
      <trkpt lat="43.20901" lon="5.49706">
        <ele>58.1</ele>
      </trkpt>
      <trkpt lat="43.20892" lon="5.49708">
        <ele>56.2</ele>
      </trkpt>
      <trkpt lat="43.20883" lon="5.49711">
        <ele>55</ele>
      </trkpt>
      <trkpt lat="43.20879" lon="5.49714">
        <ele>54.2</ele>
      </trkpt>
      <trkpt lat="43.20874" lon="5.49716">
        <ele>53.1</ele>
      </trkpt>
      <trkpt lat="43.2087" lon="5.49719">
        <ele>51.6</ele>
      </trkpt>
      <trkpt lat="43.20866" lon="5.49721">
        <ele>49.7</ele>
      </trkpt>
      <trkpt lat="43.20861" lon="5.49724">
        <ele>48.9</ele>
      </trkpt>
      <trkpt lat="43.20857" lon="5.49726">
        <ele>50.9</ele>
      </trkpt>
      <trkpt lat="43.20853" lon="5.49729">
        <ele>52.3</ele>
      </trkpt>
      <trkpt lat="43.20849" lon="5.49732">
        <ele>53.1</ele>
      </trkpt>
      <trkpt lat="43.20844" lon="5.49734">
        <ele>53.2</ele>
      </trkpt>
      <trkpt lat="43.2084" lon="5.49737">
        <ele>52.6</ele>
      </trkpt>
      <trkpt lat="43.20836" lon="5.49739">
        <ele>51.4</ele>
      </trkpt>
      <trkpt lat="43.20831" lon="5.49742">
        <ele>49.9</ele>
      </trkpt>
      <trkpt lat="43.20827" lon="5.49744">
        <ele>48.7</ele>
      </trkpt>
      <trkpt lat="43.20823" lon="5.49747">
        <ele>47.5</ele>
      </trkpt>
      <trkpt lat="43.20818" lon="5.49749">
        <ele>46.2</ele>
      </trkpt>
      <trkpt lat="43.20814" lon="5.49752">
        <ele>46</ele>
      </trkpt>
      <trkpt lat="43.20809" lon="5.49757">
        <ele>46</ele>
      </trkpt>
      <trkpt lat="43.20804" lon="5.49761">
        <ele>46</ele>
      </trkpt>
      <trkpt lat="43.20799" lon="5.49766">
        <ele>47.7</ele>
      </trkpt>
      <trkpt lat="43.20795" lon="5.4977">
        <ele>48.3</ele>
      </trkpt>
      <trkpt lat="43.2079" lon="5.49775">
        <ele>47.8</ele>
      </trkpt>
      <trkpt lat="43.20785" lon="5.49779">
        <ele>47.4</ele>
      </trkpt>
      <trkpt lat="43.2078" lon="5.49784">
        <ele>49.3</ele>
      </trkpt>
      <trkpt lat="43.20775" lon="5.49788">
        <ele>51.6</ele>
      </trkpt>
      <trkpt lat="43.2077" lon="5.49792">
        <ele>53.3</ele>
      </trkpt>
      <trkpt lat="43.20765" lon="5.49796">
        <ele>53.4</ele>
      </trkpt>
      <trkpt lat="43.2076" lon="5.49799">
        <ele>51.8</ele>
      </trkpt>
      <trkpt lat="43.20755" lon="5.49803">
        <ele>48.7</ele>
      </trkpt>
      <trkpt lat="43.2075" lon="5.49807">
        <ele>45.4</ele>
      </trkpt>
      <trkpt lat="43.20745" lon="5.49811">
        <ele>48.2</ele>
      </trkpt>
      <trkpt lat="43.2074" lon="5.49814">
        <ele>49.6</ele>
      </trkpt>
      <trkpt lat="43.20735" lon="5.49818">
        <ele>49.6</ele>
      </trkpt>
      <trkpt lat="43.20728" lon="5.49825">
        <ele>46.5</ele>
      </trkpt>
      <trkpt lat="43.20722" lon="5.49832">
        <ele>40.5</ele>
      </trkpt>
      <trkpt lat="43.20715" lon="5.49838">
        <ele>42.3</ele>
      </trkpt>
      <trkpt lat="43.20708" lon="5.49845">
        <ele>43.5</ele>
      </trkpt>
      <trkpt lat="43.20703" lon="5.49848">
        <ele>42.9</ele>
      </trkpt>
      <trkpt lat="43.20699" lon="5.49852">
        <ele>41.3</ele>
      </trkpt>
      <trkpt lat="43.20694" lon="5.49855">
        <ele>39.3</ele>
      </trkpt>
      <trkpt lat="43.20689" lon="5.49858">
        <ele>40</ele>
      </trkpt>
      <trkpt lat="43.20686" lon="5.49863">
        <ele>40.9</ele>
      </trkpt>
      <trkpt lat="43.20683" lon="5.49868">
        <ele>42.5</ele>
      </trkpt>
      <trkpt lat="43.20679" lon="5.49873">
        <ele>42.8</ele>
      </trkpt>
      <trkpt lat="43.20676" lon="5.49878">
        <ele>41.9</ele>
      </trkpt>
      <trkpt lat="43.20671" lon="5.49883">
        <ele>39</ele>
      </trkpt>
      <trkpt lat="43.20666" lon="5.49888">
        <ele>34.8</ele>
      </trkpt>
      <trkpt lat="43.2066" lon="5.49892">
        <ele>35.6</ele>
      </trkpt>
      <trkpt lat="43.20655" lon="5.49897">
        <ele>36.3</ele>
      </trkpt>
      <trkpt lat="43.2065" lon="5.49902">
        <ele>36.1</ele>
      </trkpt>
      <trkpt lat="43.20645" lon="5.49907">
        <ele>34.8</ele>
      </trkpt>
      <trkpt lat="43.20639" lon="5.49911">
        <ele>32.5</ele>
      </trkpt>
      <trkpt lat="43.20634" lon="5.49916">
        <ele>30.6</ele>
      </trkpt>
      <trkpt lat="43.20626" lon="5.49916">
        <ele>29.7</ele>
      </trkpt>
      <trkpt lat="43.20621" lon="5.49916">
        <ele>29</ele>
      </trkpt>
      <trkpt lat="43.20615" lon="5.49916">
        <ele>28.4</ele>
      </trkpt>
      <trkpt lat="43.20613" lon="5.49906">
        <ele>27.5</ele>
      </trkpt>
      <trkpt lat="43.2061" lon="5.49895">
        <ele>27.4</ele>
      </trkpt>
      <trkpt lat="43.20612" lon="5.49887">
        <ele>26.5</ele>
      </trkpt>
      <trkpt lat="43.20614" lon="5.49879">
        <ele>27.8</ele>
      </trkpt>
      <trkpt lat="43.20616" lon="5.4987">
        <ele>29</ele>
      </trkpt>
      <trkpt lat="43.20618" lon="5.49862">
        <ele>30</ele>
      </trkpt>
      <trkpt lat="43.20621" lon="5.49855">
        <ele>31.5</ele>
      </trkpt>
      <trkpt lat="43.20625" lon="5.49848">
        <ele>32</ele>
      </trkpt>
      <trkpt lat="43.20628" lon="5.49841">
        <ele>31.2</ele>
      </trkpt>
      <trkpt lat="43.20632" lon="5.49834">
        <ele>29.2</ele>
      </trkpt>
      <trkpt lat="43.20635" lon="5.49826">
        <ele>27.9</ele>
      </trkpt>
      <trkpt lat="43.20638" lon="5.49819">
        <ele>25.4</ele>
      </trkpt>
      <trkpt lat="43.20642" lon="5.49812">
        <ele>26.3</ele>
      </trkpt>
      <trkpt lat="43.20645" lon="5.49805">
        <ele>28</ele>
      </trkpt>
      <trkpt lat="43.20646" lon="5.49796">
        <ele>28.9</ele>
      </trkpt>
      <trkpt lat="43.20647" lon="5.49787">
        <ele>29.5</ele>
      </trkpt>
      <trkpt lat="43.20648" lon="5.49777">
        <ele>29.9</ele>
      </trkpt>
      <trkpt lat="43.20649" lon="5.49768">
        <ele>30.1</ele>
      </trkpt>
      <trkpt lat="43.20647" lon="5.49759">
        <ele>29.2</ele>
      </trkpt>
      <trkpt lat="43.20646" lon="5.4975">
        <ele>28.3</ele>
      </trkpt>
      <trkpt lat="43.20644" lon="5.4974">
        <ele>25.9</ele>
      </trkpt>
      <trkpt lat="43.20642" lon="5.49731">
        <ele>23.3</ele>
      </trkpt>
      <trkpt lat="43.20636" lon="5.49726">
        <ele>21.2</ele>
      </trkpt>
      <trkpt lat="43.20632" lon="5.49728">
        <ele>22.7</ele>
      </trkpt>
      <trkpt lat="43.20627" lon="5.4973">
        <ele>25.1</ele>
      </trkpt>
      <trkpt lat="43.20623" lon="5.49731">
        <ele>28.2</ele>
      </trkpt>
      <trkpt lat="43.20618" lon="5.49733">
        <ele>32.2</ele>
      </trkpt>
      <trkpt lat="43.20613" lon="5.49729">
        <ele>28.6</ele>
      </trkpt>
      <trkpt lat="43.20607" lon="5.49725">
        <ele>25.4</ele>
      </trkpt>
      <trkpt lat="43.20602" lon="5.4972">
        <ele>24.9</ele>
      </trkpt>
      <trkpt lat="43.20598" lon="5.49714">
        <ele>28.2</ele>
      </trkpt>
      <trkpt lat="43.20593" lon="5.49709">
        <ele>28.5</ele>
      </trkpt>
      <trkpt lat="43.20589" lon="5.49704">
        <ele>25.7</ele>
      </trkpt>
      <trkpt lat="43.20584" lon="5.49698">
        <ele>20</ele>
      </trkpt>
      <trkpt lat="43.20579" lon="5.49693">
        <ele>20.9</ele>
      </trkpt>
      <trkpt lat="43.20575" lon="5.49687">
        <ele>25</ele>
      </trkpt>
      <trkpt lat="43.2057" lon="5.49682">
        <ele>27</ele>
      </trkpt>
      <trkpt lat="43.20567" lon="5.49676">
        <ele>26.5</ele>
      </trkpt>
      <trkpt lat="43.20564" lon="5.4967">
        <ele>24.4</ele>
      </trkpt>
      <trkpt lat="43.2056" lon="5.49663">
        <ele>22.4</ele>
      </trkpt>
      <trkpt lat="43.20557" lon="5.49657">
        <ele>20.8</ele>
      </trkpt>
      <trkpt lat="43.20552" lon="5.49653">
        <ele>19.1</ele>
      </trkpt>
      <trkpt lat="43.20547" lon="5.49649">
        <ele>18.1</ele>
      </trkpt>
      <trkpt lat="43.20541" lon="5.49648">
        <ele>17.2</ele>
      </trkpt>
      <trkpt lat="43.20535" lon="5.49646">
        <ele>16.2</ele>
      </trkpt>
      <trkpt lat="43.20528" lon="5.4965">
        <ele>16</ele>
      </trkpt>
      <trkpt lat="43.2052" lon="5.49654">
        <ele>18.4</ele>
      </trkpt>
      <trkpt lat="43.20513" lon="5.49654">
        <ele>19.9</ele>
      </trkpt>
      <trkpt lat="43.20506" lon="5.49654">
        <ele>21.3</ele>
      </trkpt>
      <trkpt lat="43.20499" lon="5.49654">
        <ele>22.4</ele>
      </trkpt>
      <trkpt lat="43.20492" lon="5.49654">
        <ele>20.9</ele>
      </trkpt>
      <trkpt lat="43.20485" lon="5.49651">
        <ele>17.7</ele>
      </trkpt>
      <trkpt lat="43.20477" lon="5.49648">
        <ele>14.7</ele>
      </trkpt>
      <trkpt lat="43.2047" lon="5.49644">
        <ele>12</ele>
      </trkpt>
      <trkpt lat="43.20462" lon="5.49641">
        <ele>9.7</ele>
      </trkpt>
      <trkpt lat="43.20454" lon="5.49644">
        <ele>9.7</ele>
      </trkpt>
      <trkpt lat="43.20445" lon="5.49647">
        <ele>9.4</ele>
      </trkpt>
      <trkpt lat="43.20439" lon="5.49645">
        <ele>9.5</ele>
      </trkpt>
      <trkpt lat="43.20432" lon="5.49643">
        <ele>9.7</ele>
      </trkpt>
      <trkpt lat="43.20428" lon="5.49639">
        <ele>8.8</ele>
      </trkpt>
      <trkpt lat="43.20424" lon="5.49635">
        <ele>10.5</ele>
      </trkpt>
      <trkpt lat="43.20419" lon="5.49631">
        <ele>11.2</ele>
      </trkpt>
      <trkpt lat="43.20415" lon="5.49627">
        <ele>11.2</ele>
      </trkpt>
      <trkpt lat="43.20409" lon="5.49628">
        <ele>10.6</ele>
      </trkpt>
      <trkpt lat="43.20402" lon="5.49628">
        <ele>10</ele>
      </trkpt>
      <trkpt lat="43.20395" lon="5.49632">
        <ele>8.1</ele>
      </trkpt>
      <trkpt lat="43.20387" lon="5.49636">
        <ele>6.1</ele>
      </trkpt>
      <trkpt lat="43.2038" lon="5.4964">
        <ele>5.5</ele>
      </trkpt>
      <trkpt lat="43.20372" lon="5.49644">
        <ele>6.6</ele>
      </trkpt>
      <trkpt lat="43.20366" lon="5.49646">
        <ele>6.7</ele>
      </trkpt>
      <trkpt lat="43.20361" lon="5.49649">
        <ele>6.4</ele>
      </trkpt>
      <trkpt lat="43.20355" lon="5.49651">
        <ele>6.5</ele>
      </trkpt>
      <trkpt lat="43.20349" lon="5.49654">
        <ele>6.3</ele>
      </trkpt>
      <trkpt lat="43.20343" lon="5.49656">
        <ele>5.8</ele>
      </trkpt>
      <trkpt lat="43.20338" lon="5.49658">
        <ele>5</ele>
      </trkpt>
      <trkpt lat="43.20332" lon="5.49661">
        <ele>4.1</ele>
      </trkpt>
      <trkpt lat="43.20326" lon="5.49663">
        <ele>3.6</ele>
      </trkpt>
      <trkpt lat="43.20319" lon="5.49667">
        <ele>2.5</ele>
      </trkpt>
      <trkpt lat="43.20312" lon="5.4967">
        <ele>3.6</ele>
      </trkpt>
      <trkpt lat="43.20304" lon="5.49674">
        <ele>3.9</ele>
      </trkpt>
      <trkpt lat="43.20297" lon="5.49677">
        <ele>4.1</ele>
      </trkpt>
      <trkpt lat="43.20292" lon="5.4968">
        <ele>3.9</ele>
      </trkpt>
      <trkpt lat="43.20286" lon="5.49682">
        <ele>3.2</ele>
      </trkpt>
      <trkpt lat="43.20279" lon="5.49685">
        <ele>1.9</ele>
      </trkpt>
      <trkpt lat="43.20272" lon="5.49689">
        <ele>2.2</ele>
      </trkpt>
      <trkpt lat="43.20265" lon="5.49692">
        <ele>2.5</ele>
      </trkpt>
      <trkpt lat="43.20258" lon="5.49695">
        <ele>2.5</ele>
      </trkpt>
      <trkpt lat="43.20254" lon="5.49704">
        <ele>3</ele>
      </trkpt>
      <trkpt lat="43.20249" lon="5.49713">
        <ele>3.7</ele>
      </trkpt>
      <trkpt lat="43.20248" lon="5.49723">
        <ele>4.7</ele>
      </trkpt>
      <trkpt lat="43.20247" lon="5.49732">
        <ele>5</ele>
      </trkpt>
      <trkpt lat="43.20246" lon="5.49742">
        <ele>4.8</ele>
      </trkpt>
      <trkpt lat="43.20245" lon="5.49751">
        <ele>4.2</ele>
      </trkpt>
      <trkpt lat="43.20242" lon="5.49757">
        <ele>5.2</ele>
      </trkpt>
      <trkpt lat="43.20239" lon="5.49763">
        <ele>5.4</ele>
      </trkpt>
      <trkpt lat="43.2024" lon="5.4977">
        <ele>4</ele>
      </trkpt>
      <trkpt lat="43.2024" lon="5.49776">
        <ele>2.7</ele>
      </trkpt>
      <trkpt lat="43.2024" lon="5.4977">
        <ele>4</ele>
      </trkpt>
      <trkpt lat="43.20239" lon="5.49763">
        <ele>5.4</ele>
      </trkpt>
      <trkpt lat="43.20242" lon="5.49757">
        <ele>5.2</ele>
      </trkpt>
      <trkpt lat="43.20245" lon="5.49751">
        <ele>4.2</ele>
      </trkpt>
      <trkpt lat="43.20246" lon="5.49742">
        <ele>4.8</ele>
      </trkpt>
      <trkpt lat="43.20247" lon="5.49732">
        <ele>5</ele>
      </trkpt>
      <trkpt lat="43.20248" lon="5.49723">
        <ele>4.7</ele>
      </trkpt>
      <trkpt lat="43.20249" lon="5.49713">
        <ele>3.7</ele>
      </trkpt>
      <trkpt lat="43.20254" lon="5.49704">
        <ele>3</ele>
      </trkpt>
      <trkpt lat="43.20258" lon="5.49695">
        <ele>2.5</ele>
      </trkpt>
      <trkpt lat="43.20265" lon="5.49692">
        <ele>2.5</ele>
      </trkpt>
      <trkpt lat="43.20272" lon="5.49689">
        <ele>2.2</ele>
      </trkpt>
      <trkpt lat="43.20279" lon="5.49685">
        <ele>1.9</ele>
      </trkpt>
      <trkpt lat="43.20286" lon="5.49682">
        <ele>3.2</ele>
      </trkpt>
      <trkpt lat="43.20292" lon="5.4968">
        <ele>3.9</ele>
      </trkpt>
      <trkpt lat="43.20297" lon="5.49677">
        <ele>4.1</ele>
      </trkpt>
      <trkpt lat="43.20304" lon="5.49674">
        <ele>3.9</ele>
      </trkpt>
      <trkpt lat="43.20312" lon="5.4967">
        <ele>3.6</ele>
      </trkpt>
      <trkpt lat="43.20319" lon="5.49667">
        <ele>2.5</ele>
      </trkpt>
      <trkpt lat="43.20326" lon="5.49663">
        <ele>3.6</ele>
      </trkpt>
      <trkpt lat="43.20332" lon="5.49661">
        <ele>4.1</ele>
      </trkpt>
      <trkpt lat="43.20338" lon="5.49658">
        <ele>5</ele>
      </trkpt>
      <trkpt lat="43.20343" lon="5.49656">
        <ele>5.8</ele>
      </trkpt>
      <trkpt lat="43.20349" lon="5.49654">
        <ele>6.3</ele>
      </trkpt>
      <trkpt lat="43.20355" lon="5.49651">
        <ele>6.5</ele>
      </trkpt>
      <trkpt lat="43.20361" lon="5.49649">
        <ele>6.4</ele>
      </trkpt>
      <trkpt lat="43.20366" lon="5.49646">
        <ele>6.7</ele>
      </trkpt>
      <trkpt lat="43.20372" lon="5.49644">
        <ele>6.6</ele>
      </trkpt>
      <trkpt lat="43.2038" lon="5.4964">
        <ele>5.5</ele>
      </trkpt>
      <trkpt lat="43.20387" lon="5.49636">
        <ele>6.1</ele>
      </trkpt>
      <trkpt lat="43.20395" lon="5.49632">
        <ele>8.1</ele>
      </trkpt>
      <trkpt lat="43.20402" lon="5.49628">
        <ele>10</ele>
      </trkpt>
      <trkpt lat="43.20409" lon="5.49628">
        <ele>10.6</ele>
      </trkpt>
      <trkpt lat="43.20415" lon="5.49627">
        <ele>11.2</ele>
      </trkpt>
      <trkpt lat="43.20419" lon="5.49631">
        <ele>11.2</ele>
      </trkpt>
      <trkpt lat="43.20424" lon="5.49635">
        <ele>10.5</ele>
      </trkpt>
      <trkpt lat="43.20428" lon="5.49639">
        <ele>8.8</ele>
      </trkpt>
      <trkpt lat="43.20432" lon="5.49643">
        <ele>9.7</ele>
      </trkpt>
      <trkpt lat="43.20439" lon="5.49645">
        <ele>9.5</ele>
      </trkpt>
      <trkpt lat="43.20445" lon="5.49647">
        <ele>9.4</ele>
      </trkpt>
      <trkpt lat="43.20454" lon="5.49644">
        <ele>9.7</ele>
      </trkpt>
      <trkpt lat="43.20462" lon="5.49641">
        <ele>9.7</ele>
      </trkpt>
      <trkpt lat="43.2047" lon="5.49644">
        <ele>12</ele>
      </trkpt>
      <trkpt lat="43.20477" lon="5.49648">
        <ele>14.7</ele>
      </trkpt>
      <trkpt lat="43.20485" lon="5.49651">
        <ele>17.7</ele>
      </trkpt>
      <trkpt lat="43.20492" lon="5.49654">
        <ele>20.9</ele>
      </trkpt>
      <trkpt lat="43.20499" lon="5.49654">
        <ele>22.4</ele>
      </trkpt>
      <trkpt lat="43.20506" lon="5.49654">
        <ele>21.3</ele>
      </trkpt>
      <trkpt lat="43.20513" lon="5.49654">
        <ele>19.9</ele>
      </trkpt>
      <trkpt lat="43.2052" lon="5.49654">
        <ele>18.4</ele>
      </trkpt>
      <trkpt lat="43.20528" lon="5.4965">
        <ele>16</ele>
      </trkpt>
      <trkpt lat="43.20535" lon="5.49646">
        <ele>16.2</ele>
      </trkpt>
      <trkpt lat="43.20541" lon="5.49648">
        <ele>17.2</ele>
      </trkpt>
      <trkpt lat="43.20547" lon="5.49649">
        <ele>18.1</ele>
      </trkpt>
      <trkpt lat="43.20552" lon="5.49653">
        <ele>19.1</ele>
      </trkpt>
      <trkpt lat="43.20557" lon="5.49657">
        <ele>20.8</ele>
      </trkpt>
      <trkpt lat="43.2056" lon="5.49663">
        <ele>22.4</ele>
      </trkpt>
      <trkpt lat="43.20564" lon="5.4967">
        <ele>24.4</ele>
      </trkpt>
      <trkpt lat="43.20567" lon="5.49676">
        <ele>26.5</ele>
      </trkpt>
      <trkpt lat="43.2057" lon="5.49682">
        <ele>27</ele>
      </trkpt>
      <trkpt lat="43.20575" lon="5.49687">
        <ele>25</ele>
      </trkpt>
      <trkpt lat="43.20579" lon="5.49693">
        <ele>20.9</ele>
      </trkpt>
      <trkpt lat="43.20584" lon="5.49698">
        <ele>20</ele>
      </trkpt>
      <trkpt lat="43.20589" lon="5.49704">
        <ele>25.7</ele>
      </trkpt>
      <trkpt lat="43.20593" lon="5.49709">
        <ele>28.5</ele>
      </trkpt>
      <trkpt lat="43.20598" lon="5.49714">
        <ele>28.2</ele>
      </trkpt>
      <trkpt lat="43.20602" lon="5.4972">
        <ele>24.9</ele>
      </trkpt>
      <trkpt lat="43.20607" lon="5.49725">
        <ele>25.4</ele>
      </trkpt>
      <trkpt lat="43.20613" lon="5.49729">
        <ele>28.6</ele>
      </trkpt>
      <trkpt lat="43.20618" lon="5.49733">
        <ele>32.2</ele>
      </trkpt>
      <trkpt lat="43.20623" lon="5.49731">
        <ele>28.2</ele>
      </trkpt>
      <trkpt lat="43.20627" lon="5.4973">
        <ele>25.1</ele>
      </trkpt>
      <trkpt lat="43.20632" lon="5.49728">
        <ele>22.7</ele>
      </trkpt>
      <trkpt lat="43.20636" lon="5.49726">
        <ele>21.2</ele>
      </trkpt>
      <trkpt lat="43.20642" lon="5.49731">
        <ele>23.3</ele>
      </trkpt>
      <trkpt lat="43.20644" lon="5.4974">
        <ele>25.9</ele>
      </trkpt>
      <trkpt lat="43.20646" lon="5.4975">
        <ele>28.3</ele>
      </trkpt>
      <trkpt lat="43.20647" lon="5.49759">
        <ele>29.2</ele>
      </trkpt>
      <trkpt lat="43.20649" lon="5.49768">
        <ele>30.1</ele>
      </trkpt>
      <trkpt lat="43.20648" lon="5.49777">
        <ele>29.9</ele>
      </trkpt>
      <trkpt lat="43.20647" lon="5.49787">
        <ele>29.5</ele>
      </trkpt>
      <trkpt lat="43.20646" lon="5.49796">
        <ele>28.9</ele>
      </trkpt>
      <trkpt lat="43.20645" lon="5.49805">
        <ele>28</ele>
      </trkpt>
      <trkpt lat="43.20642" lon="5.49812">
        <ele>26.3</ele>
      </trkpt>
      <trkpt lat="43.20638" lon="5.49819">
        <ele>25.4</ele>
      </trkpt>
      <trkpt lat="43.20635" lon="5.49826">
        <ele>27.9</ele>
      </trkpt>
      <trkpt lat="43.20632" lon="5.49834">
        <ele>29.2</ele>
      </trkpt>
      <trkpt lat="43.20628" lon="5.49841">
        <ele>31.2</ele>
      </trkpt>
      <trkpt lat="43.20625" lon="5.49848">
        <ele>32</ele>
      </trkpt>
      <trkpt lat="43.20621" lon="5.49855">
        <ele>31.5</ele>
      </trkpt>
      <trkpt lat="43.20618" lon="5.49862">
        <ele>30</ele>
      </trkpt>
      <trkpt lat="43.20616" lon="5.4987">
        <ele>29</ele>
      </trkpt>
      <trkpt lat="43.20614" lon="5.49879">
        <ele>27.8</ele>
      </trkpt>
      <trkpt lat="43.20612" lon="5.49887">
        <ele>26.5</ele>
      </trkpt>
      <trkpt lat="43.2061" lon="5.49895">
        <ele>27.4</ele>
      </trkpt>
      <trkpt lat="43.20613" lon="5.49906">
        <ele>27.5</ele>
      </trkpt>
      <trkpt lat="43.20615" lon="5.49916">
        <ele>28.4</ele>
      </trkpt>
      <trkpt lat="43.20619" lon="5.49926">
        <ele>31.8</ele>
      </trkpt>
      <trkpt lat="43.20622" lon="5.49936">
        <ele>35.6</ele>
      </trkpt>
      <trkpt lat="43.20626" lon="5.49946">
        <ele>39.6</ele>
      </trkpt>
      <trkpt lat="43.20629" lon="5.49956">
        <ele>43</ele>
      </trkpt>
      <trkpt lat="43.2063" lon="5.49963">
        <ele>44.8</ele>
      </trkpt>
      <trkpt lat="43.20632" lon="5.4997">
        <ele>46.4</ele>
      </trkpt>
      <trkpt lat="43.20633" lon="5.49976">
        <ele>47.8</ele>
      </trkpt>
      <trkpt lat="43.20634" lon="5.49983">
        <ele>48.9</ele>
      </trkpt>
      <trkpt lat="43.20634" lon="5.49984">
        <ele>49.1</ele>
      </trkpt>
      <trkpt lat="43.20637" lon="5.49991">
        <ele>49.4</ele>
      </trkpt>
      <trkpt lat="43.2064" lon="5.49998">
        <ele>50.5</ele>
      </trkpt>
      <trkpt lat="43.20644" lon="5.50005">
        <ele>55.4</ele>
      </trkpt>
      <trkpt lat="43.20648" lon="5.50012">
        <ele>59.8</ele>
      </trkpt>
      <trkpt lat="43.20652" lon="5.50018">
        <ele>63</ele>
      </trkpt>
      <trkpt lat="43.20656" lon="5.50025">
        <ele>65.1</ele>
      </trkpt>
      <trkpt lat="43.2066" lon="5.50032">
        <ele>67.3</ele>
      </trkpt>
      <trkpt lat="43.20664" lon="5.50039">
        <ele>69.9</ele>
      </trkpt>
      <trkpt lat="43.20668" lon="5.50045">
        <ele>72.9</ele>
      </trkpt>
      <trkpt lat="43.20672" lon="5.50052">
        <ele>76.4</ele>
      </trkpt>
      <trkpt lat="43.20678" lon="5.50057">
        <ele>79.6</ele>
      </trkpt>
      <trkpt lat="43.20683" lon="5.50062">
        <ele>83.7</ele>
      </trkpt>
      <trkpt lat="43.20687" lon="5.50067">
        <ele>86.8</ele>
      </trkpt>
      <trkpt lat="43.2069" lon="5.50072">
        <ele>89.8</ele>
      </trkpt>
      <trkpt lat="43.20688" lon="5.50084">
        <ele>94.3</ele>
      </trkpt>
      <trkpt lat="43.20686" lon="5.5009">
        <ele>97.3</ele>
      </trkpt>
      <trkpt lat="43.20683" lon="5.50095">
        <ele>100.4</ele>
      </trkpt>
      <trkpt lat="43.20678" lon="5.501">
        <ele>102.9</ele>
      </trkpt>
      <trkpt lat="43.20672" lon="5.50105">
        <ele>105.5</ele>
      </trkpt>
      <trkpt lat="43.20667" lon="5.50114">
        <ele>110.6</ele>
      </trkpt>
      <trkpt lat="43.2067" lon="5.50125">
        <ele>116.8</ele>
      </trkpt>
      <trkpt lat="43.2067" lon="5.50136">
        <ele>122.7</ele>
      </trkpt>
      <trkpt lat="43.20667" lon="5.50141">
        <ele>125.1</ele>
      </trkpt>
      <trkpt lat="43.20664" lon="5.50146">
        <ele>127.7</ele>
      </trkpt>
      <trkpt lat="43.20656" lon="5.5015">
        <ele>129.6</ele>
      </trkpt>
      <trkpt lat="43.20648" lon="5.50153">
        <ele>131.1</ele>
      </trkpt>
      <trkpt lat="43.20645" lon="5.5016">
        <ele>133.4</ele>
      </trkpt>
      <trkpt lat="43.20642" lon="5.50167">
        <ele>135.4</ele>
      </trkpt>
      <trkpt lat="43.20639" lon="5.50173">
        <ele>135.5</ele>
      </trkpt>
      <trkpt lat="43.20635" lon="5.50179">
        <ele>135.9</ele>
      </trkpt>
      <trkpt lat="43.20633" lon="5.50186">
        <ele>136.4</ele>
      </trkpt>
      <trkpt lat="43.20631" lon="5.50193">
        <ele>136.9</ele>
      </trkpt>
      <trkpt lat="43.20628" lon="5.50199">
        <ele>136.8</ele>
      </trkpt>
      <trkpt lat="43.20626" lon="5.50206">
        <ele>136.4</ele>
      </trkpt>
      <trkpt lat="43.20621" lon="5.50207">
        <ele>136.3</ele>
      </trkpt>
      <trkpt lat="43.20617" lon="5.50208">
        <ele>136.2</ele>
      </trkpt>
      <trkpt lat="43.20612" lon="5.50208">
        <ele>136</ele>
      </trkpt>
      <trkpt lat="43.20607" lon="5.50209">
        <ele>136.4</ele>
      </trkpt>
      <trkpt lat="43.20601" lon="5.50206">
        <ele>137.3</ele>
      </trkpt>
      <trkpt lat="43.20596" lon="5.50204">
        <ele>138.2</ele>
      </trkpt>
      <trkpt lat="43.2059" lon="5.50201">
        <ele>139.3</ele>
      </trkpt>
      <trkpt lat="43.20584" lon="5.50198">
        <ele>140.4</ele>
      </trkpt>
      <trkpt lat="43.20579" lon="5.50196">
        <ele>141.7</ele>
      </trkpt>
      <trkpt lat="43.20574" lon="5.50193">
        <ele>142.8</ele>
      </trkpt>
      <trkpt lat="43.20568" lon="5.50191">
        <ele>143.9</ele>
      </trkpt>
      <trkpt lat="43.20563" lon="5.50188">
        <ele>145.1</ele>
      </trkpt>
      <trkpt lat="43.20558" lon="5.50186">
        <ele>146.2</ele>
      </trkpt>
      <trkpt lat="43.20553" lon="5.50183">
        <ele>147.2</ele>
      </trkpt>
      <trkpt lat="43.20547" lon="5.50181">
        <ele>147.9</ele>
      </trkpt>
      <trkpt lat="43.20542" lon="5.50178">
        <ele>148.6</ele>
      </trkpt>
      <trkpt lat="43.20538" lon="5.50174">
        <ele>149.4</ele>
      </trkpt>
      <trkpt lat="43.20533" lon="5.5017">
        <ele>150.2</ele>
      </trkpt>
      <trkpt lat="43.20529" lon="5.50166">
        <ele>150.9</ele>
      </trkpt>
      <trkpt lat="43.20525" lon="5.50162">
        <ele>151</ele>
      </trkpt>
      <trkpt lat="43.2052" lon="5.50158">
        <ele>150.9</ele>
      </trkpt>
      <trkpt lat="43.20516" lon="5.50154">
        <ele>150.8</ele>
      </trkpt>
      <trkpt lat="43.20511" lon="5.5015">
        <ele>150.6</ele>
      </trkpt>
      <trkpt lat="43.20507" lon="5.50146">
        <ele>150.4</ele>
      </trkpt>
      <trkpt lat="43.20502" lon="5.50139">
        <ele>150.1</ele>
      </trkpt>
      <trkpt lat="43.20496" lon="5.50131">
        <ele>149.8</ele>
      </trkpt>
      <trkpt lat="43.20493" lon="5.50121">
        <ele>149.6</ele>
      </trkpt>
      <trkpt lat="43.20493" lon="5.5011">
        <ele>149.5</ele>
      </trkpt>
      <trkpt lat="43.20493" lon="5.50099">
        <ele>149.2</ele>
      </trkpt>
      <trkpt lat="43.20493" lon="5.50087">
        <ele>148.9</ele>
      </trkpt>
      <trkpt lat="43.20493" lon="5.50076">
        <ele>148.5</ele>
      </trkpt>
      <trkpt lat="43.20492" lon="5.50068">
        <ele>148.1</ele>
      </trkpt>
      <trkpt lat="43.2049" lon="5.5006">
        <ele>147.8</ele>
      </trkpt>
      <trkpt lat="43.20488" lon="5.50054">
        <ele>147.6</ele>
      </trkpt>
      <trkpt lat="43.20485" lon="5.50047">
        <ele>147.5</ele>
      </trkpt>
      <trkpt lat="43.20483" lon="5.50041">
        <ele>147.4</ele>
      </trkpt>
      <trkpt lat="43.2048" lon="5.50034">
        <ele>147.3</ele>
      </trkpt>
      <trkpt lat="43.2048" lon="5.50028">
        <ele>147.3</ele>
      </trkpt>
      <trkpt lat="43.20479" lon="5.50021">
        <ele>147.1</ele>
      </trkpt>
      <trkpt lat="43.20478" lon="5.50015">
        <ele>147</ele>
      </trkpt>
      <trkpt lat="43.20478" lon="5.50008">
        <ele>146.9</ele>
      </trkpt>
      <trkpt lat="43.20477" lon="5.50002">
        <ele>146.9</ele>
      </trkpt>
      <trkpt lat="43.20476" lon="5.49995">
        <ele>146.7</ele>
      </trkpt>
      <trkpt lat="43.20476" lon="5.49988">
        <ele>146.4</ele>
      </trkpt>
      <trkpt lat="43.20476" lon="5.49981">
        <ele>146.2</ele>
      </trkpt>
      <trkpt lat="43.20475" lon="5.49974">
        <ele>145.9</ele>
      </trkpt>
      <trkpt lat="43.20475" lon="5.49967">
        <ele>145.9</ele>
      </trkpt>
      <trkpt lat="43.20475" lon="5.49959">
        <ele>145.8</ele>
      </trkpt>
      <trkpt lat="43.20475" lon="5.49952">
        <ele>145.8</ele>
      </trkpt>
      <trkpt lat="43.20474" lon="5.49945">
        <ele>145.8</ele>
      </trkpt>
      <trkpt lat="43.20474" lon="5.49938">
        <ele>145.6</ele>
      </trkpt>
      <trkpt lat="43.20472" lon="5.4993">
        <ele>146</ele>
      </trkpt>
      <trkpt lat="43.20471" lon="5.49921">
        <ele>145.9</ele>
      </trkpt>
      <trkpt lat="43.20469" lon="5.49913">
        <ele>145.9</ele>
      </trkpt>
      <trkpt lat="43.20467" lon="5.49904">
        <ele>145.9</ele>
      </trkpt>
      <trkpt lat="43.20463" lon="5.49894">
        <ele>145.9</ele>
      </trkpt>
      <trkpt lat="43.20459" lon="5.49884">
        <ele>146</ele>
      </trkpt>
      <trkpt lat="43.20461" lon="5.49873">
        <ele>145.8</ele>
      </trkpt>
      <trkpt lat="43.20463" lon="5.49861">
        <ele>145.3</ele>
      </trkpt>
      <trkpt lat="43.20463" lon="5.4985">
        <ele>145.5</ele>
      </trkpt>
      <trkpt lat="43.20463" lon="5.49838">
        <ele>145.6</ele>
      </trkpt>
      <trkpt lat="43.20463" lon="5.49827">
        <ele>146.3</ele>
      </trkpt>
      <trkpt lat="43.20463" lon="5.49815">
        <ele>147.4</ele>
      </trkpt>
      <trkpt lat="43.20459" lon="5.49813">
        <ele>147.6</ele>
      </trkpt>
      <trkpt lat="43.20454" lon="5.49811">
        <ele>147.6</ele>
      </trkpt>
      <trkpt lat="43.20449" lon="5.49818">
        <ele>147.7</ele>
      </trkpt>
      <trkpt lat="43.20443" lon="5.49824">
        <ele>147.8</ele>
      </trkpt>
      <trkpt lat="43.20439" lon="5.4983">
        <ele>147.2</ele>
      </trkpt>
      <trkpt lat="43.20434" lon="5.49835">
        <ele>147.1</ele>
      </trkpt>
      <trkpt lat="43.2043" lon="5.49835">
        <ele>146.3</ele>
      </trkpt>
      <trkpt lat="43.20425" lon="5.49835">
        <ele>145.6</ele>
      </trkpt>
      <trkpt lat="43.20421" lon="5.49839">
        <ele>145</ele>
      </trkpt>
      <trkpt lat="43.20416" lon="5.49843">
        <ele>144.5</ele>
      </trkpt>
      <trkpt lat="43.20411" lon="5.49843">
        <ele>143.3</ele>
      </trkpt>
      <trkpt lat="43.20405" lon="5.49844">
        <ele>141.8</ele>
      </trkpt>
      <trkpt lat="43.20399" lon="5.49844">
        <ele>140.4</ele>
      </trkpt>
      <trkpt lat="43.20393" lon="5.49851">
        <ele>140.1</ele>
      </trkpt>
      <trkpt lat="43.20389" lon="5.49851">
        <ele>138.8</ele>
      </trkpt>
      <trkpt lat="43.20384" lon="5.4985">
        <ele>135.8</ele>
      </trkpt>
      <trkpt lat="43.20384" lon="5.49851">
        <ele>136</ele>
      </trkpt>
      <trkpt lat="43.20382" lon="5.49856">
        <ele>135.3</ele>
      </trkpt>
      <trkpt lat="43.20384" lon="5.49863">
        <ele>137</ele>
      </trkpt>
      <trkpt lat="43.20385" lon="5.4987">
        <ele>137.7</ele>
      </trkpt>
      <trkpt lat="43.20387" lon="5.49877">
        <ele>138.3</ele>
      </trkpt>
      <trkpt lat="43.20388" lon="5.49884">
        <ele>138.8</ele>
      </trkpt>
      <trkpt lat="43.20386" lon="5.49896">
        <ele>136.7</ele>
      </trkpt>
      <trkpt lat="43.20383" lon="5.49907">
        <ele>134.9</ele>
      </trkpt>
      <trkpt lat="43.20386" lon="5.49916">
        <ele>136.4</ele>
      </trkpt>
      <trkpt lat="43.20389" lon="5.49924">
        <ele>137.8</ele>
      </trkpt>
      <trkpt lat="43.20386" lon="5.49931">
        <ele>135.2</ele>
      </trkpt>
      <trkpt lat="43.20382" lon="5.49938">
        <ele>132.2</ele>
      </trkpt>
      <trkpt lat="43.20379" lon="5.49944">
        <ele>128.8</ele>
      </trkpt>
      <trkpt lat="43.20375" lon="5.49951">
        <ele>128</ele>
      </trkpt>
      <trkpt lat="43.20373" lon="5.49961">
        <ele>129.9</ele>
      </trkpt>
      <trkpt lat="43.20371" lon="5.4997">
        <ele>132.4</ele>
      </trkpt>
      <trkpt lat="43.20369" lon="5.4998">
        <ele>133.6</ele>
      </trkpt>
      <trkpt lat="43.20367" lon="5.49989">
        <ele>134.4</ele>
      </trkpt>
      <trkpt lat="43.20361" lon="5.49996">
        <ele>134.1</ele>
      </trkpt>
      <trkpt lat="43.20355" lon="5.50002">
        <ele>132.6</ele>
      </trkpt>
      <trkpt lat="43.20352" lon="5.5001">
        <ele>132.2</ele>
      </trkpt>
      <trkpt lat="43.20348" lon="5.50018">
        <ele>132.4</ele>
      </trkpt>
      <trkpt lat="43.20343" lon="5.50017">
        <ele>131</ele>
      </trkpt>
      <trkpt lat="43.20338" lon="5.50016">
        <ele>129.4</ele>
      </trkpt>
      <trkpt lat="43.20334" lon="5.5002">
        <ele>129.6</ele>
      </trkpt>
      <trkpt lat="43.2033" lon="5.50024">
        <ele>129.8</ele>
      </trkpt>
      <trkpt lat="43.20329" lon="5.50031">
        <ele>130.2</ele>
      </trkpt>
      <trkpt lat="43.20329" lon="5.50032">
        <ele>130.1</ele>
      </trkpt>
      <trkpt lat="43.20332" lon="5.50042">
        <ele>130.2</ele>
      </trkpt>
      <trkpt lat="43.20334" lon="5.50052">
        <ele>130.4</ele>
      </trkpt>
      <trkpt lat="43.20336" lon="5.5006">
        <ele>129.9</ele>
      </trkpt>
      <trkpt lat="43.2034" lon="5.50065">
        <ele>130.2</ele>
      </trkpt>
      <trkpt lat="43.20344" lon="5.5007">
        <ele>130.6</ele>
      </trkpt>
      <trkpt lat="43.20346" lon="5.50078">
        <ele>130.5</ele>
      </trkpt>
      <trkpt lat="43.20346" lon="5.50088">
        <ele>130.6</ele>
      </trkpt>
      <trkpt lat="43.20346" lon="5.50098">
        <ele>131.8</ele>
      </trkpt>
      <trkpt lat="43.20348" lon="5.50104">
        <ele>132.9</ele>
      </trkpt>
      <trkpt lat="43.20347" lon="5.50111">
        <ele>133.3</ele>
      </trkpt>
      <trkpt lat="43.20345" lon="5.50117">
        <ele>133.6</ele>
      </trkpt>
      <trkpt lat="43.20341" lon="5.50122">
        <ele>133.3</ele>
      </trkpt>
      <trkpt lat="43.20337" lon="5.50127">
        <ele>133.2</ele>
      </trkpt>
      <trkpt lat="43.20332" lon="5.50129">
        <ele>132.5</ele>
      </trkpt>
      <trkpt lat="43.20326" lon="5.50131">
        <ele>131.4</ele>
      </trkpt>
      <trkpt lat="43.20321" lon="5.50132">
        <ele>130.4</ele>
      </trkpt>
      <trkpt lat="43.20315" lon="5.50134">
        <ele>129.6</ele>
      </trkpt>
      <trkpt lat="43.20309" lon="5.50136">
        <ele>128.9</ele>
      </trkpt>
      <trkpt lat="43.20303" lon="5.50138">
        <ele>128.3</ele>
      </trkpt>
      <trkpt lat="43.20297" lon="5.5014">
        <ele>127.3</ele>
      </trkpt>
      <trkpt lat="43.20291" lon="5.50143">
        <ele>126.2</ele>
      </trkpt>
      <trkpt lat="43.20285" lon="5.50145">
        <ele>125.2</ele>
      </trkpt>
      <trkpt lat="43.20279" lon="5.50147">
        <ele>124.4</ele>
      </trkpt>
      <trkpt lat="43.20273" lon="5.50149">
        <ele>123.9</ele>
      </trkpt>
      <trkpt lat="43.20267" lon="5.50151">
        <ele>123.6</ele>
      </trkpt>
      <trkpt lat="43.20263" lon="5.50151">
        <ele>123.1</ele>
      </trkpt>
      <trkpt lat="43.20258" lon="5.50151">
        <ele>122.6</ele>
      </trkpt>
      <trkpt lat="43.20252" lon="5.50149">
        <ele>121.7</ele>
      </trkpt>
      <trkpt lat="43.20246" lon="5.50147">
        <ele>120.6</ele>
      </trkpt>
      <trkpt lat="43.20239" lon="5.50149">
        <ele>119.8</ele>
      </trkpt>
      <trkpt lat="43.20232" lon="5.5015">
        <ele>119</ele>
      </trkpt>
      <trkpt lat="43.20226" lon="5.50154">
        <ele>118.6</ele>
      </trkpt>
      <trkpt lat="43.2022" lon="5.50157">
        <ele>117.6</ele>
      </trkpt>
      <trkpt lat="43.20219" lon="5.5016">
        <ele>117.6</ele>
      </trkpt>
      <trkpt lat="43.20216" lon="5.50168">
        <ele>117.3</ele>
      </trkpt>
      <trkpt lat="43.20212" lon="5.50176">
        <ele>115.6</ele>
      </trkpt>
      <trkpt lat="43.20209" lon="5.50185">
        <ele>114.1</ele>
      </trkpt>
      <trkpt lat="43.20206" lon="5.50192">
        <ele>112.5</ele>
      </trkpt>
      <trkpt lat="43.20202" lon="5.50199">
        <ele>111</ele>
      </trkpt>
      <trkpt lat="43.20201" lon="5.50206">
        <ele>110.7</ele>
      </trkpt>
      <trkpt lat="43.202" lon="5.50213">
        <ele>110.5</ele>
      </trkpt>
      <trkpt lat="43.20194" lon="5.50219">
        <ele>108.8</ele>
      </trkpt>
      <trkpt lat="43.20189" lon="5.50225">
        <ele>104.8</ele>
      </trkpt>
      <trkpt lat="43.20183" lon="5.50231">
        <ele>101.8</ele>
      </trkpt>
      <trkpt lat="43.20177" lon="5.50237">
        <ele>99.8</ele>
      </trkpt>
      <trkpt lat="43.20174" lon="5.50246">
        <ele>100.8</ele>
      </trkpt>
      <trkpt lat="43.2017" lon="5.50255">
        <ele>101</ele>
      </trkpt>
      <trkpt lat="43.20167" lon="5.50263">
        <ele>99.8</ele>
      </trkpt>
      <trkpt lat="43.20163" lon="5.50272">
        <ele>94.7</ele>
      </trkpt>
      <trkpt lat="43.20159" lon="5.50278">
        <ele>89.3</ele>
      </trkpt>
      <trkpt lat="43.20155" lon="5.50284">
        <ele>86</ele>
      </trkpt>
      <trkpt lat="43.20153" lon="5.5029">
        <ele>86.7</ele>
      </trkpt>
      <trkpt lat="43.20152" lon="5.50297">
        <ele>88.4</ele>
      </trkpt>
      <trkpt lat="43.2015" lon="5.50303">
        <ele>90.9</ele>
      </trkpt>
      <trkpt lat="43.20148" lon="5.50309">
        <ele>91.6</ele>
      </trkpt>
      <trkpt lat="43.20145" lon="5.50318">
        <ele>89.7</ele>
      </trkpt>
      <trkpt lat="43.20144" lon="5.50326">
        <ele>88.6</ele>
      </trkpt>
      <trkpt lat="43.20143" lon="5.50333">
        <ele>87.5</ele>
      </trkpt>
      <trkpt lat="43.20144" lon="5.5034">
        <ele>88</ele>
      </trkpt>
      <trkpt lat="43.20144" lon="5.50346">
        <ele>88.5</ele>
      </trkpt>
      <trkpt lat="43.20139" lon="5.5035">
        <ele>87.2</ele>
      </trkpt>
      <trkpt lat="43.20134" lon="5.50353">
        <ele>85</ele>
      </trkpt>
      <trkpt lat="43.20129" lon="5.5036">
        <ele>83.3</ele>
      </trkpt>
      <trkpt lat="43.20123" lon="5.50366">
        <ele>81.6</ele>
      </trkpt>
      <trkpt lat="43.20117" lon="5.5037">
        <ele>79.8</ele>
      </trkpt>
      <trkpt lat="43.20114" lon="5.50376">
        <ele>79.6</ele>
      </trkpt>
      <trkpt lat="43.20111" lon="5.50382">
        <ele>79.4</ele>
      </trkpt>
      <trkpt lat="43.20107" lon="5.50388">
        <ele>78.2</ele>
      </trkpt>
      <trkpt lat="43.20104" lon="5.50394">
        <ele>76.4</ele>
      </trkpt>
      <trkpt lat="43.20097" lon="5.50401">
        <ele>73.1</ele>
      </trkpt>
      <trkpt lat="43.2009" lon="5.50408">
        <ele>71.1</ele>
      </trkpt>
      <trkpt lat="43.20087" lon="5.50417">
        <ele>72</ele>
      </trkpt>
      <trkpt lat="43.20083" lon="5.50425">
        <ele>69.9</ele>
      </trkpt>
      <trkpt lat="43.20085" lon="5.50437">
        <ele>69.4</ele>
      </trkpt>
      <trkpt lat="43.20085" lon="5.50447">
        <ele>68.5</ele>
      </trkpt>
      <trkpt lat="43.20084" lon="5.50456">
        <ele>68.6</ele>
      </trkpt>
      <trkpt lat="43.20081" lon="5.50465">
        <ele>67</ele>
      </trkpt>
      <trkpt lat="43.20077" lon="5.50473">
        <ele>65.2</ele>
      </trkpt>
      <trkpt lat="43.20075" lon="5.50481">
        <ele>64.7</ele>
      </trkpt>
      <trkpt lat="43.20073" lon="5.50489">
        <ele>64.4</ele>
      </trkpt>
      <trkpt lat="43.2007" lon="5.50494">
        <ele>63.6</ele>
      </trkpt>
      <trkpt lat="43.20068" lon="5.50499">
        <ele>63</ele>
      </trkpt>
      <trkpt lat="43.20065" lon="5.50504">
        <ele>62.4</ele>
      </trkpt>
      <trkpt lat="43.20062" lon="5.50509">
        <ele>61.9</ele>
      </trkpt>
      <trkpt lat="43.20059" lon="5.50514">
        <ele>61.6</ele>
      </trkpt>
      <trkpt lat="43.20057" lon="5.50519">
        <ele>61.7</ele>
      </trkpt>
      <trkpt lat="43.20054" lon="5.50524">
        <ele>61.4</ele>
      </trkpt>
      <trkpt lat="43.20051" lon="5.50529">
        <ele>60.8</ele>
      </trkpt>
      <trkpt lat="43.20045" lon="5.50533">
        <ele>58</ele>
      </trkpt>
      <trkpt lat="43.20039" lon="5.50537">
        <ele>55.6</ele>
      </trkpt>
      <trkpt lat="43.20036" lon="5.50544">
        <ele>54.8</ele>
      </trkpt>
      <trkpt lat="43.20033" lon="5.5055">
        <ele>54.5</ele>
      </trkpt>
      <trkpt lat="43.20029" lon="5.50557">
        <ele>54.2</ele>
      </trkpt>
      <trkpt lat="43.20026" lon="5.50563">
        <ele>52.6</ele>
      </trkpt>
      <trkpt lat="43.20025" lon="5.50572">
        <ele>51.4</ele>
      </trkpt>
      <trkpt lat="43.20019" lon="5.5058">
        <ele>49</ele>
      </trkpt>
      <trkpt lat="43.20014" lon="5.5059">
        <ele>45.7</ele>
      </trkpt>
      <trkpt lat="43.20014" lon="5.50598">
        <ele>43.7</ele>
      </trkpt>
      <trkpt lat="43.20014" lon="5.50605">
        <ele>41.7</ele>
      </trkpt>
      <trkpt lat="43.20015" lon="5.50613">
        <ele>39.7</ele>
      </trkpt>
      <trkpt lat="43.20016" lon="5.50621">
        <ele>37.9</ele>
      </trkpt>
      <trkpt lat="43.20018" lon="5.50628">
        <ele>36</ele>
      </trkpt>
      <trkpt lat="43.20019" lon="5.50636">
        <ele>34.1</ele>
      </trkpt>
      <trkpt lat="43.2002" lon="5.50643">
        <ele>32.5</ele>
      </trkpt>
      <trkpt lat="43.20022" lon="5.5065">
        <ele>31.6</ele>
      </trkpt>
      <trkpt lat="43.20025" lon="5.50657">
        <ele>30.9</ele>
      </trkpt>
      <trkpt lat="43.20027" lon="5.50663">
        <ele>30.3</ele>
      </trkpt>
      <trkpt lat="43.20029" lon="5.5067">
        <ele>29.4</ele>
      </trkpt>
      <trkpt lat="43.20032" lon="5.50675">
        <ele>28.6</ele>
      </trkpt>
      <trkpt lat="43.20035" lon="5.5068">
        <ele>28.1</ele>
      </trkpt>
      <trkpt lat="43.20038" lon="5.50685">
        <ele>27.6</ele>
      </trkpt>
      <trkpt lat="43.20041" lon="5.5069">
        <ele>27.2</ele>
      </trkpt>
      <trkpt lat="43.2004" lon="5.50694">
        <ele>26.2</ele>
      </trkpt>
      <trkpt lat="43.20041" lon="5.507">
        <ele>24.8</ele>
      </trkpt>
      <trkpt lat="43.20045" lon="5.50707">
        <ele>24</ele>
      </trkpt>
      <trkpt lat="43.2005" lon="5.50707">
        <ele>25.3</ele>
      </trkpt>
      <trkpt lat="43.20055" lon="5.50707">
        <ele>26.7</ele>
      </trkpt>
      <trkpt lat="43.2006" lon="5.50705">
        <ele>28.3</ele>
      </trkpt>
      <trkpt lat="43.20065" lon="5.50704">
        <ele>29.9</ele>
      </trkpt>
      <trkpt lat="43.2007" lon="5.50702">
        <ele>31.5</ele>
      </trkpt>
      <trkpt lat="43.20075" lon="5.507">
        <ele>33.2</ele>
      </trkpt>
      <trkpt lat="43.2008" lon="5.507">
        <ele>34.6</ele>
      </trkpt>
      <trkpt lat="43.20086" lon="5.50699">
        <ele>36.2</ele>
      </trkpt>
      <trkpt lat="43.20091" lon="5.50699">
        <ele>38</ele>
      </trkpt>
      <trkpt lat="43.20097" lon="5.50699">
        <ele>39.9</ele>
      </trkpt>
      <trkpt lat="43.20102" lon="5.50698">
        <ele>41.7</ele>
      </trkpt>
      <trkpt lat="43.20107" lon="5.50698">
        <ele>43.6</ele>
      </trkpt>
      <trkpt lat="43.20113" lon="5.50697">
        <ele>45.4</ele>
      </trkpt>
      <trkpt lat="43.20118" lon="5.50697">
        <ele>47.1</ele>
      </trkpt>
      <trkpt lat="43.20122" lon="5.50701">
        <ele>47</ele>
      </trkpt>
      <trkpt lat="43.20126" lon="5.50705">
        <ele>46.9</ele>
      </trkpt>
      <trkpt lat="43.20129" lon="5.50709">
        <ele>47</ele>
      </trkpt>
      <trkpt lat="43.20133" lon="5.50713">
        <ele>47.2</ele>
      </trkpt>
      <trkpt lat="43.20137" lon="5.50717">
        <ele>47.5</ele>
      </trkpt>
      <trkpt lat="43.20141" lon="5.50721">
        <ele>48.1</ele>
      </trkpt>
      <trkpt lat="43.20144" lon="5.50725">
        <ele>48.5</ele>
      </trkpt>
      <trkpt lat="43.20148" lon="5.50729">
        <ele>49.1</ele>
      </trkpt>
      <trkpt lat="43.20152" lon="5.50735">
        <ele>49.1</ele>
      </trkpt>
      <trkpt lat="43.20155" lon="5.5074">
        <ele>49.3</ele>
      </trkpt>
      <trkpt lat="43.20159" lon="5.50746">
        <ele>49.7</ele>
      </trkpt>
      <trkpt lat="43.20163" lon="5.50752">
        <ele>50.1</ele>
      </trkpt>
      <trkpt lat="43.20166" lon="5.50757">
        <ele>50.1</ele>
      </trkpt>
      <trkpt lat="43.2017" lon="5.50763">
        <ele>49.6</ele>
      </trkpt>
      <trkpt lat="43.20173" lon="5.50768">
        <ele>48.9</ele>
      </trkpt>
      <trkpt lat="43.20177" lon="5.50774">
        <ele>48.1</ele>
      </trkpt>
      <trkpt lat="43.20183" lon="5.50781">
        <ele>47.4</ele>
      </trkpt>
      <trkpt lat="43.20189" lon="5.50788">
        <ele>46.9</ele>
      </trkpt>
      <trkpt lat="43.20195" lon="5.50795">
        <ele>46.9</ele>
      </trkpt>
      <trkpt lat="43.20201" lon="5.50802">
        <ele>45.8</ele>
      </trkpt>
      <trkpt lat="43.20207" lon="5.50802">
        <ele>47.1</ele>
      </trkpt>
      <trkpt lat="43.20212" lon="5.50802">
        <ele>48.4</ele>
      </trkpt>
      <trkpt lat="43.20218" lon="5.50801">
        <ele>49.8</ele>
      </trkpt>
      <trkpt lat="43.20223" lon="5.50801">
        <ele>51.1</ele>
      </trkpt>
      <trkpt lat="43.2023" lon="5.50798">
        <ele>54.3</ele>
      </trkpt>
      <trkpt lat="43.20237" lon="5.50794">
        <ele>57.6</ele>
      </trkpt>
      <trkpt lat="43.20242" lon="5.50799">
        <ele>56.6</ele>
      </trkpt>
      <trkpt lat="43.20247" lon="5.50804">
        <ele>55.4</ele>
      </trkpt>
      <trkpt lat="43.20252" lon="5.50808">
        <ele>54.9</ele>
      </trkpt>
      <trkpt lat="43.20257" lon="5.50813">
        <ele>55.9</ele>
      </trkpt>
      <trkpt lat="43.20262" lon="5.50822">
        <ele>55.3</ele>
      </trkpt>
      <trkpt lat="43.20266" lon="5.50831">
        <ele>55.1</ele>
      </trkpt>
      <trkpt lat="43.20271" lon="5.50836">
        <ele>56.6</ele>
      </trkpt>
      <trkpt lat="43.20276" lon="5.50841">
        <ele>58</ele>
      </trkpt>
      <trkpt lat="43.2028" lon="5.50846">
        <ele>58.3</ele>
      </trkpt>
      <trkpt lat="43.20285" lon="5.50851">
        <ele>57.4</ele>
      </trkpt>
      <trkpt lat="43.20293" lon="5.50855">
        <ele>57.2</ele>
      </trkpt>
      <trkpt lat="43.203" lon="5.50859">
        <ele>56.9</ele>
      </trkpt>
      <trkpt lat="43.20306" lon="5.50858">
        <ele>58.2</ele>
      </trkpt>
      <trkpt lat="43.20313" lon="5.50857">
        <ele>59.2</ele>
      </trkpt>
      <trkpt lat="43.20319" lon="5.50856">
        <ele>60.1</ele>
      </trkpt>
      <trkpt lat="43.20325" lon="5.50855">
        <ele>61</ele>
      </trkpt>
      <trkpt lat="43.20329" lon="5.50859">
        <ele>60.2</ele>
      </trkpt>
      <trkpt lat="43.20332" lon="5.50866">
        <ele>58.7</ele>
      </trkpt>
      <trkpt lat="43.20335" lon="5.50872">
        <ele>56.6</ele>
      </trkpt>
      <trkpt lat="43.20338" lon="5.50879">
        <ele>54.1</ele>
      </trkpt>
      <trkpt lat="43.20342" lon="5.50886">
        <ele>51.7</ele>
      </trkpt>
      <trkpt lat="43.20345" lon="5.50892">
        <ele>49.4</ele>
      </trkpt>
      <trkpt lat="43.20348" lon="5.50899">
        <ele>47.3</ele>
      </trkpt>
      <trkpt lat="43.20351" lon="5.50905">
        <ele>45.5</ele>
      </trkpt>
      <trkpt lat="43.20354" lon="5.50912">
        <ele>44</ele>
      </trkpt>
      <trkpt lat="43.20356" lon="5.50919">
        <ele>42.9</ele>
      </trkpt>
      <trkpt lat="43.20357" lon="5.50925">
        <ele>41.9</ele>
      </trkpt>
      <trkpt lat="43.20358" lon="5.50933">
        <ele>40.8</ele>
      </trkpt>
      <trkpt lat="43.20359" lon="5.50941">
        <ele>39.9</ele>
      </trkpt>
      <trkpt lat="43.2036" lon="5.50949">
        <ele>38.7</ele>
      </trkpt>
      <trkpt lat="43.20361" lon="5.50957">
        <ele>37.3</ele>
      </trkpt>
      <trkpt lat="43.2036" lon="5.50962">
        <ele>35.9</ele>
      </trkpt>
      <trkpt lat="43.20359" lon="5.50972">
        <ele>33.3</ele>
      </trkpt>
      <trkpt lat="43.20356" lon="5.50979">
        <ele>30.2</ele>
      </trkpt>
      <trkpt lat="43.20352" lon="5.50986">
        <ele>27.2</ele>
      </trkpt>
      <trkpt lat="43.20354" lon="5.50993">
        <ele>26</ele>
      </trkpt>
      <trkpt lat="43.20355" lon="5.50999">
        <ele>24.7</ele>
      </trkpt>
      <trkpt lat="43.20355" lon="5.51005">
        <ele>23</ele>
      </trkpt>
      <trkpt lat="43.20355" lon="5.51012">
        <ele>21.2</ele>
      </trkpt>
      <trkpt lat="43.20355" lon="5.51018">
        <ele>19.4</ele>
      </trkpt>
      <trkpt lat="43.20355" lon="5.51024">
        <ele>17.6</ele>
      </trkpt>
      <trkpt lat="43.20356" lon="5.51028">
        <ele>16.6</ele>
      </trkpt>
      <trkpt lat="43.2036" lon="5.51033">
        <ele>15.4</ele>
      </trkpt>
      <trkpt lat="43.20364" lon="5.51037">
        <ele>13.4</ele>
      </trkpt>
      <trkpt lat="43.20366" lon="5.51045">
        <ele>10.4</ele>
      </trkpt>
      <trkpt lat="43.20368" lon="5.51053">
        <ele>7.3</ele>
      </trkpt>
      <trkpt lat="43.20375" lon="5.51057">
        <ele>5.11</ele>
      </trkpt>
      <trkpt lat="43.20381" lon="5.5106">
        <ele>3.7</ele>
      </trkpt>
      <trkpt lat="43.20388" lon="5.51054">
        <ele>2.7</ele>
      </trkpt>
      <trkpt lat="43.20395" lon="5.51048">
        <ele>4.2</ele>
      </trkpt>
      <trkpt lat="43.204" lon="5.51052">
        <ele>3.1</ele>
      </trkpt>
      <trkpt lat="43.20406" lon="5.5106">
        <ele>2.7</ele>
      </trkpt>
      <trkpt lat="43.20411" lon="5.51067">
        <ele>2.9</ele>
      </trkpt>
      <trkpt lat="43.20418" lon="5.51072">
        <ele>3.2</ele>
      </trkpt>
      <trkpt lat="43.20413" lon="5.51078">
        <ele>3</ele>
      </trkpt>
      <trkpt lat="43.20408" lon="5.51083">
        <ele>3</ele>
      </trkpt>
      <trkpt lat="43.20414" lon="5.51086">
        <ele>3.7</ele>
      </trkpt>
      <trkpt lat="43.20419" lon="5.51092">
        <ele>5.5</ele>
      </trkpt>
      <trkpt lat="43.20421" lon="5.51098">
        <ele>7</ele>
      </trkpt>
      <trkpt lat="43.20423" lon="5.51104">
        <ele>8.3</ele>
      </trkpt>
      <trkpt lat="43.20425" lon="5.51109">
        <ele>9.4</ele>
      </trkpt>
      <trkpt lat="43.20427" lon="5.51115">
        <ele>10.9</ele>
      </trkpt>
      <trkpt lat="43.20429" lon="5.51121">
        <ele>12.8</ele>
      </trkpt>
      <trkpt lat="43.20431" lon="5.51127">
        <ele>14.8</ele>
      </trkpt>
      <trkpt lat="43.20433" lon="5.51132">
        <ele>17</ele>
      </trkpt>
      <trkpt lat="43.20435" lon="5.51138">
        <ele>19.3</ele>
      </trkpt>
      <trkpt lat="43.20438" lon="5.51144">
        <ele>21.4</ele>
      </trkpt>
      <trkpt lat="43.2044" lon="5.5115">
        <ele>23.5</ele>
      </trkpt>
      <trkpt lat="43.20443" lon="5.51155">
        <ele>25.8</ele>
      </trkpt>
      <trkpt lat="43.20445" lon="5.51161">
        <ele>28</ele>
      </trkpt>
      <trkpt lat="43.20453" lon="5.51161">
        <ele>28.7</ele>
      </trkpt>
      <trkpt lat="43.20462" lon="5.5116">
        <ele>29.4</ele>
      </trkpt>
      <trkpt lat="43.2047" lon="5.5116">
        <ele>30.2</ele>
      </trkpt>
      <trkpt lat="43.20478" lon="5.51159">
        <ele>31.6</ele>
      </trkpt>
      <trkpt lat="43.20484" lon="5.51159">
        <ele>32.8</ele>
      </trkpt>
      <trkpt lat="43.2049" lon="5.51159">
        <ele>34.1</ele>
      </trkpt>
      <trkpt lat="43.20498" lon="5.5116">
        <ele>35.8</ele>
      </trkpt>
      <trkpt lat="43.20505" lon="5.51161">
        <ele>37.9</ele>
      </trkpt>
      <trkpt lat="43.20513" lon="5.51162">
        <ele>40.2</ele>
      </trkpt>
      <trkpt lat="43.2052" lon="5.51163">
        <ele>42.6</ele>
      </trkpt>
      <trkpt lat="43.20527" lon="5.51163">
        <ele>44.6</ele>
      </trkpt>
      <trkpt lat="43.20534" lon="5.51162">
        <ele>46.1</ele>
      </trkpt>
      <trkpt lat="43.20537" lon="5.51167">
        <ele>46.9</ele>
      </trkpt>
      <trkpt lat="43.20541" lon="5.51173">
        <ele>46.8</ele>
      </trkpt>
      <trkpt lat="43.20544" lon="5.51178">
        <ele>46.8</ele>
      </trkpt>
      <trkpt lat="43.20547" lon="5.51183">
        <ele>46.8</ele>
      </trkpt>
      <trkpt lat="43.20551" lon="5.51186">
        <ele>47.7</ele>
      </trkpt>
      <trkpt lat="43.20556" lon="5.51188">
        <ele>48.7</ele>
      </trkpt>
      <trkpt lat="43.2056" lon="5.51191">
        <ele>49.3</ele>
      </trkpt>
      <trkpt lat="43.20564" lon="5.51193">
        <ele>49.9</ele>
      </trkpt>
      <trkpt lat="43.2057" lon="5.51202">
        <ele>49.6</ele>
      </trkpt>
      <trkpt lat="43.20575" lon="5.5121">
        <ele>49.5</ele>
      </trkpt>
      <trkpt lat="43.20581" lon="5.51219">
        <ele>49.7</ele>
      </trkpt>
      <trkpt lat="43.20586" lon="5.51227">
        <ele>49.6</ele>
      </trkpt>
      <trkpt lat="43.20588" lon="5.51233">
        <ele>48.7</ele>
      </trkpt>
      <trkpt lat="43.20589" lon="5.51239">
        <ele>48</ele>
      </trkpt>
      <trkpt lat="43.20591" lon="5.51245">
        <ele>47.3</ele>
      </trkpt>
      <trkpt lat="43.20592" lon="5.51251">
        <ele>46.6</ele>
      </trkpt>
      <trkpt lat="43.20596" lon="5.51262">
        <ele>46.2</ele>
      </trkpt>
      <trkpt lat="43.206" lon="5.51272">
        <ele>45.9</ele>
      </trkpt>
      <trkpt lat="43.206" lon="5.5128">
        <ele>44.9</ele>
      </trkpt>
      <trkpt lat="43.206" lon="5.51289">
        <ele>44.5</ele>
      </trkpt>
      <trkpt lat="43.206" lon="5.51297">
        <ele>44</ele>
      </trkpt>
      <trkpt lat="43.206" lon="5.51305">
        <ele>43.6</ele>
      </trkpt>
      <trkpt lat="43.20597" lon="5.51311">
        <ele>42.9</ele>
      </trkpt>
      <trkpt lat="43.20593" lon="5.51318">
        <ele>42.5</ele>
      </trkpt>
      <trkpt lat="43.2059" lon="5.51324">
        <ele>42.5</ele>
      </trkpt>
      <trkpt lat="43.20586" lon="5.5133">
        <ele>42.8</ele>
      </trkpt>
      <trkpt lat="43.20584" lon="5.51338">
        <ele>43</ele>
      </trkpt>
      <trkpt lat="43.20582" lon="5.51345">
        <ele>41.7</ele>
      </trkpt>
      <trkpt lat="43.20581" lon="5.51355">
        <ele>40.3</ele>
      </trkpt>
      <trkpt lat="43.20582" lon="5.51367">
        <ele>39.7</ele>
      </trkpt>
      <trkpt lat="43.20585" lon="5.51376">
        <ele>40</ele>
      </trkpt>
      <trkpt lat="43.20589" lon="5.51384">
        <ele>39.5</ele>
      </trkpt>
      <trkpt lat="43.20592" lon="5.51393">
        <ele>39.2</ele>
      </trkpt>
      <trkpt lat="43.20595" lon="5.51401">
        <ele>38.7</ele>
      </trkpt>
      <trkpt lat="43.20601" lon="5.51408">
        <ele>38.8</ele>
      </trkpt>
      <trkpt lat="43.20607" lon="5.51416">
        <ele>38.5</ele>
      </trkpt>
      <trkpt lat="43.20613" lon="5.51423">
        <ele>35.8</ele>
      </trkpt>
      <trkpt lat="43.20619" lon="5.5143">
        <ele>32</ele>
      </trkpt>
      <trkpt lat="43.20626" lon="5.51437">
        <ele>30.1</ele>
      </trkpt>
      <trkpt lat="43.20632" lon="5.51444">
        <ele>30</ele>
      </trkpt>
      <trkpt lat="43.20639" lon="5.5145">
        <ele>28.6</ele>
      </trkpt>
      <trkpt lat="43.20645" lon="5.51457">
        <ele>24.4</ele>
      </trkpt>
      <trkpt lat="43.2065" lon="5.5146">
        <ele>22.7</ele>
      </trkpt>
      <trkpt lat="43.20656" lon="5.51463">
        <ele>21.7</ele>
      </trkpt>
      <trkpt lat="43.20661" lon="5.51465">
        <ele>21.4</ele>
      </trkpt>
      <trkpt lat="43.20666" lon="5.51468">
        <ele>21.8</ele>
      </trkpt>
      <trkpt lat="43.20674" lon="5.5147">
        <ele>21.3</ele>
      </trkpt>
      <trkpt lat="43.20681" lon="5.51473">
        <ele>20.3</ele>
      </trkpt>
      <trkpt lat="43.20689" lon="5.51475">
        <ele>18.5</ele>
      </trkpt>
      <trkpt lat="43.20696" lon="5.51477">
        <ele>16.9</ele>
      </trkpt>
      <trkpt lat="43.20702" lon="5.5148">
        <ele>15.3</ele>
      </trkpt>
      <trkpt lat="43.20708" lon="5.51483">
        <ele>14.1</ele>
      </trkpt>
      <trkpt lat="43.20713" lon="5.51485">
        <ele>13.3</ele>
      </trkpt>
      <trkpt lat="43.20717" lon="5.51488">
        <ele>12.6</ele>
      </trkpt>
      <trkpt lat="43.20722" lon="5.5149">
        <ele>12.1</ele>
      </trkpt>
      <trkpt lat="43.20726" lon="5.51492">
        <ele>12</ele>
      </trkpt>
      <trkpt lat="43.20732" lon="5.515">
        <ele>12</ele>
      </trkpt>
      <trkpt lat="43.20738" lon="5.51508">
        <ele>12.2</ele>
      </trkpt>
      <trkpt lat="43.20746" lon="5.51506">
        <ele>12.2</ele>
      </trkpt>
      <trkpt lat="43.20751" lon="5.51512">
        <ele>12.4</ele>
      </trkpt>
      <trkpt lat="43.20757" lon="5.51519">
        <ele>12.5</ele>
      </trkpt>
      <trkpt lat="43.20762" lon="5.51525">
        <ele>12.5</ele>
      </trkpt>
      <trkpt lat="43.20767" lon="5.51531">
        <ele>12.3</ele>
      </trkpt>
      <trkpt lat="43.20771" lon="5.51537">
        <ele>12.2</ele>
      </trkpt>
      <trkpt lat="43.20774" lon="5.51543">
        <ele>12.1</ele>
      </trkpt>
      <trkpt lat="43.20778" lon="5.51549">
        <ele>12</ele>
      </trkpt>
      <trkpt lat="43.20781" lon="5.51555">
        <ele>12.1</ele>
      </trkpt>
      <trkpt lat="43.20785" lon="5.51561">
        <ele>12.4</ele>
      </trkpt>
      <trkpt lat="43.20788" lon="5.51567">
        <ele>12.6</ele>
      </trkpt>
      <trkpt lat="43.20792" lon="5.51573">
        <ele>12.8</ele>
      </trkpt>
      <trkpt lat="43.20795" lon="5.51579">
        <ele>12.9</ele>
      </trkpt>
      <trkpt lat="43.20801" lon="5.51584">
        <ele>13</ele>
      </trkpt>
      <trkpt lat="43.20806" lon="5.51589">
        <ele>13</ele>
      </trkpt>
      <trkpt lat="43.20812" lon="5.51594">
        <ele>13</ele>
      </trkpt>
      <trkpt lat="43.20817" lon="5.51599">
        <ele>13</ele>
      </trkpt>
      <trkpt lat="43.20821" lon="5.51604">
        <ele>13</ele>
      </trkpt>
      <trkpt lat="43.20825" lon="5.51609">
        <ele>13</ele>
      </trkpt>
      <trkpt lat="43.20828" lon="5.51614">
        <ele>13</ele>
      </trkpt>
      <trkpt lat="43.20832" lon="5.51619">
        <ele>13</ele>
      </trkpt>
      <trkpt lat="43.20838" lon="5.51621">
        <ele>13.1</ele>
      </trkpt>
      <trkpt lat="43.20843" lon="5.51623">
        <ele>13.2</ele>
      </trkpt>
      <trkpt lat="43.20847" lon="5.51628">
        <ele>13.2</ele>
      </trkpt>
      <trkpt lat="43.20851" lon="5.51634">
        <ele>13.1</ele>
      </trkpt>
      <trkpt lat="43.20854" lon="5.51639">
        <ele>13</ele>
      </trkpt>
      <trkpt lat="43.20858" lon="5.51645">
        <ele>13</ele>
      </trkpt>
      <trkpt lat="43.20862" lon="5.5165">
        <ele>13</ele>
      </trkpt>
      <trkpt lat="43.20866" lon="5.51655">
        <ele>13.2</ele>
      </trkpt>
      <trkpt lat="43.20869" lon="5.51661">
        <ele>13.2</ele>
      </trkpt>
      <trkpt lat="43.20873" lon="5.51666">
        <ele>13</ele>
      </trkpt>
      <trkpt lat="43.20879" lon="5.51669">
        <ele>13</ele>
      </trkpt>
      <trkpt lat="43.20885" lon="5.51672">
        <ele>13</ele>
      </trkpt>
      <trkpt lat="43.2089" lon="5.51674">
        <ele>13.2</ele>
      </trkpt>
      <trkpt lat="43.20896" lon="5.51677">
        <ele>13.7</ele>
      </trkpt>
      <trkpt lat="43.20899" lon="5.51687">
        <ele>13.2</ele>
      </trkpt>
      <trkpt lat="43.20902" lon="5.51697">
        <ele>12.5</ele>
      </trkpt>
      <trkpt lat="43.20905" lon="5.51707">
        <ele>12.5</ele>
      </trkpt>
      <trkpt lat="43.20906" lon="5.51718">
        <ele>12.6</ele>
      </trkpt>
      <trkpt lat="43.20906" lon="5.51729">
        <ele>12.6</ele>
      </trkpt>
      <trkpt lat="43.20907" lon="5.5174">
        <ele>12.6</ele>
      </trkpt>
      <trkpt lat="43.20907" lon="5.51752">
        <ele>12.7</ele>
      </trkpt>
      <trkpt lat="43.20908" lon="5.51763">
        <ele>12.7</ele>
      </trkpt>
      <trkpt lat="43.20908" lon="5.51774">
        <ele>12.7</ele>
      </trkpt>
      <trkpt lat="43.20909" lon="5.51785">
        <ele>12.5</ele>
      </trkpt>
      <trkpt lat="43.20909" lon="5.51796">
        <ele>12.2</ele>
      </trkpt>
      <trkpt lat="43.20914" lon="5.51805">
        <ele>12</ele>
      </trkpt>
      <trkpt lat="43.20919" lon="5.51813">
        <ele>12.1</ele>
      </trkpt>
      <trkpt lat="43.20924" lon="5.51822">
        <ele>12.1</ele>
      </trkpt>
      <trkpt lat="43.20929" lon="5.51831">
        <ele>12</ele>
      </trkpt>
      <trkpt lat="43.20934" lon="5.51839">
        <ele>12</ele>
      </trkpt>
      <trkpt lat="43.20939" lon="5.51848">
        <ele>12</ele>
      </trkpt>
      <trkpt lat="43.20944" lon="5.51857">
        <ele>12</ele>
      </trkpt>
      <trkpt lat="43.20949" lon="5.51866">
        <ele>12</ele>
      </trkpt>
      <trkpt lat="43.20954" lon="5.51874">
        <ele>12</ele>
      </trkpt>
      <trkpt lat="43.20959" lon="5.51883">
        <ele>12</ele>
      </trkpt>
      <trkpt lat="43.20964" lon="5.51892">
        <ele>11.9</ele>
      </trkpt>
      <trkpt lat="43.20969" lon="5.519">
        <ele>11.9</ele>
      </trkpt>
      <trkpt lat="43.20974" lon="5.51909">
        <ele>12</ele>
      </trkpt>
      <trkpt lat="43.20979" lon="5.51918">
        <ele>11.9</ele>
      </trkpt>
      <trkpt lat="43.20984" lon="5.51926">
        <ele>11.2</ele>
      </trkpt>
      <trkpt lat="43.20989" lon="5.51935">
        <ele>11</ele>
      </trkpt>
      <trkpt lat="43.20994" lon="5.51941">
        <ele>11.2</ele>
      </trkpt>
      <trkpt lat="43.20999" lon="5.51947">
        <ele>11.6</ele>
      </trkpt>
      <trkpt lat="43.21004" lon="5.51953">
        <ele>11.6</ele>
      </trkpt>
      <trkpt lat="43.21009" lon="5.51959">
        <ele>11.5</ele>
      </trkpt>
      <trkpt lat="43.21014" lon="5.51964">
        <ele>11.4</ele>
      </trkpt>
      <trkpt lat="43.21019" lon="5.5197">
        <ele>11.3</ele>
      </trkpt>
      <trkpt lat="43.21024" lon="5.51976">
        <ele>10.8</ele>
      </trkpt>
      <trkpt lat="43.21029" lon="5.51982">
        <ele>10.2</ele>
      </trkpt>
      <trkpt lat="43.21034" lon="5.51988">
        <ele>10.1</ele>
      </trkpt>
      <trkpt lat="43.2104" lon="5.51993">
        <ele>10</ele>
      </trkpt>
      <trkpt lat="43.21045" lon="5.51999">
        <ele>10</ele>
      </trkpt>
      <trkpt lat="43.21051" lon="5.52005">
        <ele>10.9</ele>
      </trkpt>
      <trkpt lat="43.21056" lon="5.5201">
        <ele>11.6</ele>
      </trkpt>
      <trkpt lat="43.21061" lon="5.52016">
        <ele>11.6</ele>
      </trkpt>
      <trkpt lat="43.21067" lon="5.52021">
        <ele>11.6</ele>
      </trkpt>
      <trkpt lat="43.21072" lon="5.52027">
        <ele>11.6</ele>
      </trkpt>
      <trkpt lat="43.21076" lon="5.5203">
        <ele>11.6</ele>
      </trkpt>
      <trkpt lat="43.2108" lon="5.52034">
        <ele>11.8</ele>
      </trkpt>
      <trkpt lat="43.21084" lon="5.52037">
        <ele>12</ele>
      </trkpt>
      <trkpt lat="43.21088" lon="5.5204">
        <ele>12.2</ele>
      </trkpt>
      <trkpt lat="43.21092" lon="5.52043">
        <ele>12.3</ele>
      </trkpt>
      <trkpt lat="43.21096" lon="5.52047">
        <ele>12.5</ele>
      </trkpt>
      <trkpt lat="43.211" lon="5.5205">
        <ele>12.6</ele>
      </trkpt>
      <trkpt lat="43.21104" lon="5.52053">
        <ele>12.7</ele>
      </trkpt>
      <trkpt lat="43.21108" lon="5.52057">
        <ele>12.8</ele>
      </trkpt>
      <trkpt lat="43.21112" lon="5.52062">
        <ele>12.8</ele>
      </trkpt>
      <trkpt lat="43.21116" lon="5.52066">
        <ele>12.7</ele>
      </trkpt>
      <trkpt lat="43.2112" lon="5.52071">
        <ele>12.6</ele>
      </trkpt>
      <trkpt lat="43.21124" lon="5.52075">
        <ele>12.6</ele>
      </trkpt>
      <trkpt lat="43.21128" lon="5.52079">
        <ele>12.7</ele>
      </trkpt>
      <trkpt lat="43.21132" lon="5.52084">
        <ele>12.7</ele>
      </trkpt>
      <trkpt lat="43.21137" lon="5.52088">
        <ele>11.9</ele>
      </trkpt>
      <trkpt lat="43.21141" lon="5.52092">
        <ele>11.2</ele>
      </trkpt>
      <trkpt lat="43.21145" lon="5.52097">
        <ele>10.8</ele>
      </trkpt>
      <trkpt lat="43.21149" lon="5.52101">
        <ele>10.7</ele>
      </trkpt>
      <trkpt lat="43.21153" lon="5.52106">
        <ele>11</ele>
      </trkpt>
      <trkpt lat="43.21157" lon="5.5211">
        <ele>11.6</ele>
      </trkpt>
      <trkpt lat="43.21161" lon="5.52114">
        <ele>12.4</ele>
      </trkpt>
      <trkpt lat="43.21165" lon="5.52119">
        <ele>13.5</ele>
      </trkpt>
      <trkpt lat="43.21169" lon="5.52123">
        <ele>15.6</ele>
      </trkpt>
      <trkpt lat="43.21171" lon="5.52128">
        <ele>17.1</ele>
      </trkpt>
      <trkpt lat="43.21174" lon="5.52134">
        <ele>18.2</ele>
      </trkpt>
      <trkpt lat="43.21176" lon="5.52139">
        <ele>19.1</ele>
      </trkpt>
      <trkpt lat="43.21179" lon="5.52145">
        <ele>19.3</ele>
      </trkpt>
      <trkpt lat="43.21181" lon="5.5215">
        <ele>19</ele>
      </trkpt>
      <trkpt lat="43.21183" lon="5.52155">
        <ele>18.2</ele>
      </trkpt>
      <trkpt lat="43.21186" lon="5.52161">
        <ele>17</ele>
      </trkpt>
      <trkpt lat="43.21188" lon="5.52166">
        <ele>15.3</ele>
      </trkpt>
      <trkpt lat="43.21192" lon="5.5217">
        <ele>15.1</ele>
      </trkpt>
      <trkpt lat="43.21195" lon="5.52174">
        <ele>15.3</ele>
      </trkpt>
      <trkpt lat="43.21199" lon="5.52178">
        <ele>15.4</ele>
      </trkpt>
      <trkpt lat="43.21202" lon="5.52183">
        <ele>15.6</ele>
      </trkpt>
      <trkpt lat="43.21206" lon="5.52187">
        <ele>15.7</ele>
      </trkpt>
      <trkpt lat="43.21209" lon="5.52191">
        <ele>15.9</ele>
      </trkpt>
      <trkpt lat="43.21213" lon="5.52195">
        <ele>16.1</ele>
      </trkpt>
      <trkpt lat="43.21216" lon="5.52199">
        <ele>17</ele>
      </trkpt>
      <trkpt lat="43.21219" lon="5.52206">
        <ele>18.5</ele>
      </trkpt>
      <trkpt lat="43.21213" lon="5.52208">
        <ele>18.9</ele>
      </trkpt>
      <trkpt lat="43.21208" lon="5.52215">
        <ele>20.4</ele>
      </trkpt>
      <trkpt lat="43.21204" lon="5.52216">
        <ele>20.7</ele>
      </trkpt>
      <trkpt lat="43.21199" lon="5.52217">
        <ele>20.9</ele>
      </trkpt>
      <trkpt lat="43.21194" lon="5.52216">
        <ele>20.6</ele>
      </trkpt>
      <trkpt lat="43.2119" lon="5.52215">
        <ele>21.6</ele>
      </trkpt>
      <trkpt lat="43.21185" lon="5.52214">
        <ele>22.4</ele>
      </trkpt>
      <trkpt lat="43.21181" lon="5.52213">
        <ele>23</ele>
      </trkpt>
      <trkpt lat="43.21176" lon="5.52211">
        <ele>23.5</ele>
      </trkpt>
      <trkpt lat="43.21171" lon="5.5221">
        <ele>23.8</ele>
      </trkpt>
      <trkpt lat="43.21167" lon="5.52209">
        <ele>24</ele>
      </trkpt>
      <trkpt lat="43.21162" lon="5.52208">
        <ele>22.9</ele>
      </trkpt>
      <trkpt lat="43.21155" lon="5.52209">
        <ele>22.8</ele>
      </trkpt>
      <trkpt lat="43.21152" lon="5.52211">
        <ele>23.4</ele>
      </trkpt>
      <trkpt lat="43.21147" lon="5.5222">
        <ele>26.2</ele>
      </trkpt>
      <trkpt lat="43.21146" lon="5.52228">
        <ele>27.4</ele>
      </trkpt>
      <trkpt lat="43.21145" lon="5.52235">
        <ele>28</ele>
      </trkpt>
      <trkpt lat="43.21144" lon="5.52243">
        <ele>28.6</ele>
      </trkpt>
      <trkpt lat="43.21143" lon="5.5225">
        <ele>29.2</ele>
      </trkpt>
      <trkpt lat="43.21143" lon="5.52262">
        <ele>30.5</ele>
      </trkpt>
      <trkpt lat="43.21143" lon="5.52274">
        <ele>31.7</ele>
      </trkpt>
      <trkpt lat="43.21142" lon="5.52286">
        <ele>33</ele>
      </trkpt>
      <trkpt lat="43.21142" lon="5.52298">
        <ele>34.2</ele>
      </trkpt>
      <trkpt lat="43.21142" lon="5.5231">
        <ele>35.4</ele>
      </trkpt>
      <trkpt lat="43.21142" lon="5.52322">
        <ele>36.6</ele>
      </trkpt>
      <trkpt lat="43.21141" lon="5.52334">
        <ele>37.7</ele>
      </trkpt>
      <trkpt lat="43.21141" lon="5.52346">
        <ele>38.5</ele>
      </trkpt>
      <trkpt lat="43.21142" lon="5.52358">
        <ele>39.6</ele>
      </trkpt>
      <trkpt lat="43.21145" lon="5.52366">
        <ele>40.6</ele>
      </trkpt>
      <trkpt lat="43.21147" lon="5.52373">
        <ele>41.5</ele>
      </trkpt>
      <trkpt lat="43.2115" lon="5.52381">
        <ele>42.3</ele>
      </trkpt>
      <trkpt lat="43.21153" lon="5.5239">
        <ele>43</ele>
      </trkpt>
      <trkpt lat="43.21155" lon="5.52398">
        <ele>43.6</ele>
      </trkpt>
      <trkpt lat="43.21158" lon="5.52406">
        <ele>43.9</ele>
      </trkpt>
      <trkpt lat="43.21161" lon="5.52414">
        <ele>44</ele>
      </trkpt>
      <trkpt lat="43.21163" lon="5.52422">
        <ele>44.2</ele>
      </trkpt>
      <trkpt lat="43.21166" lon="5.52431">
        <ele>44.5</ele>
      </trkpt>
      <trkpt lat="43.21169" lon="5.52439">
        <ele>45.2</ele>
      </trkpt>
      <trkpt lat="43.21171" lon="5.52447">
        <ele>46</ele>
      </trkpt>
      <trkpt lat="43.21174" lon="5.52455">
        <ele>46.9</ele>
      </trkpt>
      <trkpt lat="43.21176" lon="5.52463">
        <ele>47.9</ele>
      </trkpt>
      <trkpt lat="43.21179" lon="5.52472">
        <ele>48.7</ele>
      </trkpt>
      <trkpt lat="43.21182" lon="5.5248">
        <ele>49.3</ele>
      </trkpt>
      <trkpt lat="43.21184" lon="5.52488">
        <ele>49.6</ele>
      </trkpt>
      <trkpt lat="43.21187" lon="5.52496">
        <ele>49.8</ele>
      </trkpt>
      <trkpt lat="43.2119" lon="5.52504">
        <ele>49.8</ele>
      </trkpt>
      <trkpt lat="43.21192" lon="5.52512">
        <ele>49.9</ele>
      </trkpt>
      <trkpt lat="43.21195" lon="5.52521">
        <ele>50.1</ele>
      </trkpt>
      <trkpt lat="43.21197" lon="5.52529">
        <ele>50.4</ele>
      </trkpt>
      <trkpt lat="43.212" lon="5.52537">
        <ele>50.4</ele>
      </trkpt>
      <trkpt lat="43.21202" lon="5.52543">
        <ele>50.4</ele>
      </trkpt>
      <trkpt lat="43.21204" lon="5.52549">
        <ele>50.3</ele>
      </trkpt>
      <trkpt lat="43.21206" lon="5.52555">
        <ele>50.2</ele>
      </trkpt>
      <trkpt lat="43.21208" lon="5.52562">
        <ele>50.2</ele>
      </trkpt>
      <trkpt lat="43.21209" lon="5.52568">
        <ele>50.1</ele>
      </trkpt>
      <trkpt lat="43.21211" lon="5.52574">
        <ele>50</ele>
      </trkpt>
      <trkpt lat="43.21213" lon="5.5258">
        <ele>49.8</ele>
      </trkpt>
      <trkpt lat="43.21215" lon="5.52586">
        <ele>49.6</ele>
      </trkpt>
      <trkpt lat="43.21217" lon="5.52592">
        <ele>49.4</ele>
      </trkpt>
      <trkpt lat="43.21219" lon="5.52598">
        <ele>49.3</ele>
      </trkpt>
      <trkpt lat="43.21221" lon="5.52604">
        <ele>49.1</ele>
      </trkpt>
      <trkpt lat="43.21223" lon="5.52611">
        <ele>49</ele>
      </trkpt>
      <trkpt lat="43.21224" lon="5.52617">
        <ele>48.9</ele>
      </trkpt>
      <trkpt lat="43.21226" lon="5.52623">
        <ele>48.8</ele>
      </trkpt>
      <trkpt lat="43.21228" lon="5.52629">
        <ele>48.6</ele>
      </trkpt>
      <trkpt lat="43.2123" lon="5.52635">
        <ele>48.5</ele>
      </trkpt>
      <trkpt lat="43.21233" lon="5.52645">
        <ele>48.3</ele>
      </trkpt>
      <trkpt lat="43.21237" lon="5.52656">
        <ele>48.2</ele>
      </trkpt>
      <trkpt lat="43.2124" lon="5.52666">
        <ele>48.3</ele>
      </trkpt>
      <trkpt lat="43.21244" lon="5.52676">
        <ele>48.2</ele>
      </trkpt>
      <trkpt lat="43.21247" lon="5.52686">
        <ele>48.1</ele>
      </trkpt>
      <trkpt lat="43.2125" lon="5.52697">
        <ele>48.1</ele>
      </trkpt>
      <trkpt lat="43.21254" lon="5.52707">
        <ele>48.8</ele>
      </trkpt>
      <trkpt lat="43.21257" lon="5.52717">
        <ele>49.4</ele>
      </trkpt>
      <trkpt lat="43.21258" lon="5.52724">
        <ele>49.6</ele>
      </trkpt>
      <trkpt lat="43.21259" lon="5.52731">
        <ele>49.6</ele>
      </trkpt>
      <trkpt lat="43.2126" lon="5.52738">
        <ele>49.5</ele>
      </trkpt>
      <trkpt lat="43.21262" lon="5.52745">
        <ele>49.5</ele>
      </trkpt>
      <trkpt lat="43.21263" lon="5.52752">
        <ele>49.4</ele>
      </trkpt>
      <trkpt lat="43.21264" lon="5.52759">
        <ele>49.2</ele>
      </trkpt>
      <trkpt lat="43.21265" lon="5.52766">
        <ele>49</ele>
      </trkpt>
      <trkpt lat="43.21266" lon="5.52773">
        <ele>48.7</ele>
      </trkpt>
      <trkpt lat="43.21267" lon="5.5278">
        <ele>48.5</ele>
      </trkpt>
      <trkpt lat="43.21268" lon="5.52787">
        <ele>48</ele>
      </trkpt>
      <trkpt lat="43.21269" lon="5.52794">
        <ele>47.5</ele>
      </trkpt>
      <trkpt lat="43.21271" lon="5.52801">
        <ele>47.1</ele>
      </trkpt>
      <trkpt lat="43.21272" lon="5.52808">
        <ele>46.5</ele>
      </trkpt>
      <trkpt lat="43.21273" lon="5.52815">
        <ele>45.9</ele>
      </trkpt>
      <trkpt lat="43.21274" lon="5.52822">
        <ele>45.2</ele>
      </trkpt>
      <trkpt lat="43.21275" lon="5.52829">
        <ele>44.5</ele>
      </trkpt>
      <trkpt lat="43.21275" lon="5.52836">
        <ele>43.8</ele>
      </trkpt>
      <trkpt lat="43.21275" lon="5.52844">
        <ele>43.2</ele>
      </trkpt>
      <trkpt lat="43.21274" lon="5.52851">
        <ele>42.6</ele>
      </trkpt>
      <trkpt lat="43.21274" lon="5.52858">
        <ele>42</ele>
      </trkpt>
      <trkpt lat="43.21271" lon="5.52867">
        <ele>40.8</ele>
      </trkpt>
      <trkpt lat="43.21268" lon="5.5287">
        <ele>40.2</ele>
      </trkpt>
      <trkpt lat="43.21262" lon="5.52877">
        <ele>39.3</ele>
      </trkpt>
      <trkpt lat="43.21255" lon="5.52883">
        <ele>38.5</ele>
      </trkpt>
      <trkpt lat="43.21248" lon="5.52884">
        <ele>38</ele>
      </trkpt>
      <trkpt lat="43.21244" lon="5.52883">
        <ele>37.4</ele>
      </trkpt>
      <trkpt lat="43.21239" lon="5.52882">
        <ele>36.7</ele>
      </trkpt>
      <trkpt lat="43.21234" lon="5.52879">
        <ele>36.3</ele>
      </trkpt>
      <trkpt lat="43.21229" lon="5.52875">
        <ele>36</ele>
      </trkpt>
      <trkpt lat="43.21222" lon="5.52869">
        <ele>35.9</ele>
      </trkpt>
      <trkpt lat="43.21216" lon="5.52863">
        <ele>36.3</ele>
      </trkpt>
      <trkpt lat="43.21209" lon="5.52856">
        <ele>36.7</ele>
      </trkpt>
      <trkpt lat="43.21202" lon="5.5285">
        <ele>36.9</ele>
      </trkpt>
      <trkpt lat="43.21204" lon="5.52857">
        <ele>36.2</ele>
      </trkpt>
      <trkpt lat="43.21207" lon="5.52864">
        <ele>35.3</ele>
      </trkpt>
      <trkpt lat="43.21209" lon="5.52871">
        <ele>34.3</ele>
      </trkpt>
      <trkpt lat="43.21211" lon="5.52878">
        <ele>33.3</ele>
      </trkpt>
      <trkpt lat="43.21212" lon="5.52885">
        <ele>32.3</ele>
      </trkpt>
      <trkpt lat="43.21214" lon="5.52891">
        <ele>31.5</ele>
      </trkpt>
      <trkpt lat="43.21215" lon="5.52898">
        <ele>31.1</ele>
      </trkpt>
      <trkpt lat="43.21216" lon="5.52904">
        <ele>30.8</ele>
      </trkpt>
      <trkpt lat="43.21218" lon="5.52915">
        <ele>30.1</ele>
      </trkpt>
      <trkpt lat="43.21219" lon="5.52926">
        <ele>29.3</ele>
      </trkpt>
      <trkpt lat="43.21219" lon="5.52934">
        <ele>28.4</ele>
      </trkpt>
      <trkpt lat="43.21219" lon="5.52942">
        <ele>27.5</ele>
      </trkpt>
      <trkpt lat="43.21219" lon="5.52949">
        <ele>26.7</ele>
      </trkpt>
      <trkpt lat="43.21219" lon="5.52957">
        <ele>25.8</ele>
      </trkpt>
      <trkpt lat="43.21219" lon="5.52964">
        <ele>25</ele>
      </trkpt>
      <trkpt lat="43.21219" lon="5.52971">
        <ele>24.2</ele>
      </trkpt>
      <trkpt lat="43.21219" lon="5.52981">
        <ele>23.1</ele>
      </trkpt>
      <trkpt lat="43.21218" lon="5.52991">
        <ele>22</ele>
      </trkpt>
      <trkpt lat="43.21217" lon="5.53">
        <ele>20.8</ele>
      </trkpt>
      <trkpt lat="43.21215" lon="5.53009">
        <ele>19.3</ele>
      </trkpt>
      <trkpt lat="43.21216" lon="5.53019">
        <ele>18.3</ele>
      </trkpt>
      <trkpt lat="43.21217" lon="5.53028">
        <ele>17.2</ele>
      </trkpt>
      <trkpt lat="43.21218" lon="5.53038">
        <ele>16</ele>
      </trkpt>
      <trkpt lat="43.21219" lon="5.53047">
        <ele>14.8</ele>
      </trkpt>
      <trkpt lat="43.21219" lon="5.53054">
        <ele>13.8</ele>
      </trkpt>
      <trkpt lat="43.21219" lon="5.53062">
        <ele>13.1</ele>
      </trkpt>
      <trkpt lat="43.21219" lon="5.53069">
        <ele>12.5</ele>
      </trkpt>
      <trkpt lat="43.21224" lon="5.53071">
        <ele>12.8</ele>
      </trkpt>
      <trkpt lat="43.21228" lon="5.53072">
        <ele>12</ele>
      </trkpt>
      <trkpt lat="43.21233" lon="5.53073">
        <ele>11.3</ele>
      </trkpt>
      <trkpt lat="43.21238" lon="5.53073">
        <ele>10.5</ele>
      </trkpt>
      <trkpt lat="43.21245" lon="5.5307">
        <ele>10</ele>
      </trkpt>
      <trkpt lat="43.21253" lon="5.53065">
        <ele>9.8</ele>
      </trkpt>
      <trkpt lat="43.2126" lon="5.5306">
        <ele>9</ele>
      </trkpt>
      <trkpt lat="43.21265" lon="5.53058">
        <ele>8.3</ele>
      </trkpt>
      <trkpt lat="43.2127" lon="5.53056">
        <ele>7.6</ele>
      </trkpt>
      <trkpt lat="43.21276" lon="5.53057">
        <ele>6.3</ele>
      </trkpt>
      <trkpt lat="43.21281" lon="5.53057">
        <ele>5.4</ele>
      </trkpt>
      <trkpt lat="43.21286" lon="5.53061">
        <ele>4.6</ele>
      </trkpt>
      <trkpt lat="43.21291" lon="5.53064">
        <ele>4.1</ele>
      </trkpt>
      <trkpt lat="43.21296" lon="5.53071">
        <ele>3.8</ele>
      </trkpt>
      <trkpt lat="43.213" lon="5.53078">
        <ele>4.1</ele>
      </trkpt>
      <trkpt lat="43.21304" lon="5.53085">
        <ele>4.6</ele>
      </trkpt>
      <trkpt lat="43.21308" lon="5.53091">
        <ele>4.4</ele>
      </trkpt>
      <trkpt lat="43.21312" lon="5.53096">
        <ele>4.3</ele>
      </trkpt>
      <trkpt lat="43.21318" lon="5.531">
        <ele>4.7</ele>
      </trkpt>
      <trkpt lat="43.21323" lon="5.53104">
        <ele>5.3</ele>
      </trkpt>
      <trkpt lat="43.21328" lon="5.53113">
        <ele>6.2</ele>
      </trkpt>
      <trkpt lat="43.2133" lon="5.53121">
        <ele>7.3</ele>
      </trkpt>
      <trkpt lat="43.21332" lon="5.53128">
        <ele>8.1</ele>
      </trkpt>
      <trkpt lat="43.21333" lon="5.53135">
        <ele>8.7</ele>
      </trkpt>
      <trkpt lat="43.21335" lon="5.53142">
        <ele>9.4</ele>
      </trkpt>
      <trkpt lat="43.21336" lon="5.53149">
        <ele>9.8</ele>
      </trkpt>
      <trkpt lat="43.21339" lon="5.53159">
        <ele>10.3</ele>
      </trkpt>
      <trkpt lat="43.21341" lon="5.53168">
        <ele>10.7</ele>
      </trkpt>
      <trkpt lat="43.21344" lon="5.53173">
        <ele>11.6</ele>
      </trkpt>
      <trkpt lat="43.21348" lon="5.53178">
        <ele>12.5</ele>
      </trkpt>
      <trkpt lat="43.21351" lon="5.53183">
        <ele>13.2</ele>
      </trkpt>
      <trkpt lat="43.21354" lon="5.53189">
        <ele>13.7</ele>
      </trkpt>
      <trkpt lat="43.21357" lon="5.53194">
        <ele>14.1</ele>
      </trkpt>
      <trkpt lat="43.21361" lon="5.53199">
        <ele>15</ele>
      </trkpt>
      <trkpt lat="43.21364" lon="5.53204">
        <ele>15.8</ele>
      </trkpt>
      <trkpt lat="43.21367" lon="5.53209">
        <ele>16.5</ele>
      </trkpt>
      <trkpt lat="43.21369" lon="5.53215">
        <ele>16.8</ele>
      </trkpt>
      <trkpt lat="43.21371" lon="5.53221">
        <ele>17.1</ele>
      </trkpt>
      <trkpt lat="43.21373" lon="5.53227">
        <ele>17.4</ele>
      </trkpt>
      <trkpt lat="43.21376" lon="5.53233">
        <ele>17.8</ele>
      </trkpt>
      <trkpt lat="43.21378" lon="5.53239">
        <ele>18.1</ele>
      </trkpt>
      <trkpt lat="43.2138" lon="5.53245">
        <ele>18.6</ele>
      </trkpt>
      <trkpt lat="43.21382" lon="5.53251">
        <ele>19</ele>
      </trkpt>
      <trkpt lat="43.21384" lon="5.53257">
        <ele>19.3</ele>
      </trkpt>
      <trkpt lat="43.21387" lon="5.53267">
        <ele>20.1</ele>
      </trkpt>
      <trkpt lat="43.21391" lon="5.53276">
        <ele>21.2</ele>
      </trkpt>
      <trkpt lat="43.21394" lon="5.53286">
        <ele>21.1</ele>
      </trkpt>
      <trkpt lat="43.21397" lon="5.53295">
        <ele>20.7</ele>
      </trkpt>
      <trkpt lat="43.21402" lon="5.53304">
        <ele>20.6</ele>
      </trkpt>
      <trkpt lat="43.21409" lon="5.53309">
        <ele>20.5</ele>
      </trkpt>
      <trkpt lat="43.21417" lon="5.53311">
        <ele>20.8</ele>
      </trkpt>
      <trkpt lat="43.21425" lon="5.53313">
        <ele>20.9</ele>
      </trkpt>
      <trkpt lat="43.21432" lon="5.53316">
        <ele>20.6</ele>
      </trkpt>
      <trkpt lat="43.2144" lon="5.5332">
        <ele>20.2</ele>
      </trkpt>
      <trkpt lat="43.21447" lon="5.53323">
        <ele>20</ele>
      </trkpt>
      <trkpt lat="43.21454" lon="5.53326">
        <ele>20.4</ele>
      </trkpt>
      <trkpt lat="43.21458" lon="5.53331">
        <ele>20.1</ele>
      </trkpt>
      <trkpt lat="43.21462" lon="5.53335">
        <ele>20.2</ele>
      </trkpt>
      <trkpt lat="43.21466" lon="5.53346">
        <ele>21.3</ele>
      </trkpt>
      <trkpt lat="43.21465" lon="5.53355">
        <ele>21.5</ele>
      </trkpt>
      <trkpt lat="43.21462" lon="5.53361">
        <ele>21.2</ele>
      </trkpt>
      <trkpt lat="43.21456" lon="5.53366">
        <ele>20.3</ele>
      </trkpt>
      <trkpt lat="43.2145" lon="5.5337">
        <ele>19.5</ele>
      </trkpt>
      <trkpt lat="43.21443" lon="5.53375">
        <ele>18.8</ele>
      </trkpt>
      <trkpt lat="43.21437" lon="5.53379">
        <ele>18</ele>
      </trkpt>
      <trkpt lat="43.21432" lon="5.53385">
        <ele>17.5</ele>
      </trkpt>
      <trkpt lat="43.21427" lon="5.53391">
        <ele>16.7</ele>
      </trkpt>
      <trkpt lat="43.21426" lon="5.53397">
        <ele>16.1</ele>
      </trkpt>
      <trkpt lat="43.21424" lon="5.53403">
        <ele>15.5</ele>
      </trkpt>
      <trkpt lat="43.21424" lon="5.5341">
        <ele>15.2</ele>
      </trkpt>
      <trkpt lat="43.21424" lon="5.53417">
        <ele>14.8</ele>
      </trkpt>
      <trkpt lat="43.21426" lon="5.53426">
        <ele>14</ele>
      </trkpt>
      <trkpt lat="43.21428" lon="5.53435">
        <ele>13.3</ele>
      </trkpt>
      <trkpt lat="43.2143" lon="5.53443">
        <ele>12.6</ele>
      </trkpt>
      <trkpt lat="43.21432" lon="5.53452">
        <ele>11.4</ele>
      </trkpt>
      <trkpt lat="43.21435" lon="5.53461">
        <ele>10.4</ele>
      </trkpt>
      <trkpt lat="43.21438" lon="5.5347">
        <ele>9.5</ele>
      </trkpt>
      <trkpt lat="43.21441" lon="5.53478">
        <ele>9</ele>
      </trkpt>
      <trkpt lat="43.21444" lon="5.53487">
        <ele>8.9</ele>
      </trkpt>
      <trkpt lat="43.21446" lon="5.53495">
        <ele>8.5</ele>
      </trkpt>
      <trkpt lat="43.21449" lon="5.53501">
        <ele>8.2</ele>
      </trkpt>
      <trkpt lat="43.21452" lon="5.53506">
        <ele>7.6</ele>
      </trkpt>
      <trkpt lat="43.21457" lon="5.53513">
        <ele>7</ele>
      </trkpt>
      <trkpt lat="43.21461" lon="5.53519">
        <ele>6.6</ele>
      </trkpt>
      <trkpt lat="43.21465" lon="5.53526">
        <ele>6.1</ele>
      </trkpt>
      <trkpt lat="43.21468" lon="5.53533">
        <ele>6.2</ele>
      </trkpt>
      <trkpt lat="43.2147" lon="5.53543">
        <ele>6.1</ele>
      </trkpt>
      <trkpt lat="43.21471" lon="5.53553">
        <ele>5.9</ele>
      </trkpt>
      <trkpt lat="43.21467" lon="5.53556">
        <ele>5.2</ele>
      </trkpt>
      <trkpt lat="43.21462" lon="5.53559">
        <ele>4.7</ele>
      </trkpt>
      <trkpt lat="43.21454" lon="5.53563">
        <ele>4.1</ele>
      </trkpt>
      <trkpt lat="43.21448" lon="5.53567">
        <ele>3.9</ele>
      </trkpt>
      <trkpt lat="43.21446" lon="5.53568">
        <ele>3.9</ele>
      </trkpt>
      <trkpt lat="43.21444" lon="5.53565">
        <ele>2</ele>
      </trkpt>
      <trkpt lat="43.21446" lon="5.53568">
        <ele>3.9</ele>
      </trkpt>
      <trkpt lat="43.21448" lon="5.53567">
        <ele>3.9</ele>
      </trkpt>
      <trkpt lat="43.21451" lon="5.53578">
        <ele>5.4</ele>
      </trkpt>
      <trkpt lat="43.21455" lon="5.53589">
        <ele>5.6</ele>
      </trkpt>
      <trkpt lat="43.21458" lon="5.536">
        <ele>4.8</ele>
      </trkpt>
      <trkpt lat="43.21461" lon="5.53611">
        <ele>4</ele>
      </trkpt>
      <trkpt lat="43.21464" lon="5.53621">
        <ele>3.3</ele>
      </trkpt>
      <trkpt lat="43.21468" lon="5.53632">
        <ele>2.5</ele>
      </trkpt>
      <trkpt lat="43.21471" lon="5.53643">
        <ele>1.8</ele>
      </trkpt>
      <trkpt lat="43.21474" lon="5.53654">
        <ele>1.8</ele>
      </trkpt>
      <trkpt lat="43.21472" lon="5.53659">
        <ele>1.3</ele>
      </trkpt>
      <trkpt lat="43.21474" lon="5.53665">
        <ele>1.3</ele>
      </trkpt>
      <trkpt lat="43.21476" lon="5.53671">
        <ele>1.6</ele>
      </trkpt>
      <trkpt lat="43.21477" lon="5.53677">
        <ele>1.8</ele>
      </trkpt>
      <trkpt lat="43.21479" lon="5.53683">
        <ele>2</ele>
      </trkpt>
      <trkpt lat="43.21481" lon="5.5369">
        <ele>2</ele>
      </trkpt>
      <trkpt lat="43.21483" lon="5.53697">
        <ele>2</ele>
      </trkpt>
      <trkpt lat="43.21489" lon="5.53702">
        <ele>2.2</ele>
      </trkpt>
      <trkpt lat="43.21496" lon="5.537">
        <ele>2.3</ele>
      </trkpt>
      <trkpt lat="43.21501" lon="5.53704">
        <ele>2.8</ele>
      </trkpt>
      <trkpt lat="43.21507" lon="5.53708">
        <ele>3.5</ele>
      </trkpt>
      <trkpt lat="43.21512" lon="5.53711">
        <ele>4.2</ele>
      </trkpt>
      <trkpt lat="43.21517" lon="5.53715">
        <ele>4.9</ele>
      </trkpt>
      <trkpt lat="43.21523" lon="5.53719">
        <ele>5.5</ele>
      </trkpt>
      <trkpt lat="43.21529" lon="5.53723">
        <ele>6.1</ele>
      </trkpt>
      <trkpt lat="43.21533" lon="5.53726">
        <ele>6.5</ele>
      </trkpt>
      <trkpt lat="43.21538" lon="5.5373">
        <ele>6.9</ele>
      </trkpt>
      <trkpt lat="43.21542" lon="5.53733">
        <ele>7.3</ele>
      </trkpt>
      <trkpt lat="43.21546" lon="5.53736">
        <ele>7.6</ele>
      </trkpt>
      <trkpt lat="43.21551" lon="5.53739">
        <ele>8</ele>
      </trkpt>
      <trkpt lat="43.21555" lon="5.53743">
        <ele>8.4</ele>
      </trkpt>
      <trkpt lat="43.2156" lon="5.53746">
        <ele>9</ele>
      </trkpt>
      <trkpt lat="43.21564" lon="5.53749">
        <ele>9.5</ele>
      </trkpt>
      <trkpt lat="43.21569" lon="5.53752">
        <ele>10</ele>
      </trkpt>
      <trkpt lat="43.21573" lon="5.53756">
        <ele>10.5</ele>
      </trkpt>
      <trkpt lat="43.21578" lon="5.53759">
        <ele>10.9</ele>
      </trkpt>
      <trkpt lat="43.21582" lon="5.53762">
        <ele>11.3</ele>
      </trkpt>
      <trkpt lat="43.2159" lon="5.53767">
        <ele>12.2</ele>
      </trkpt>
      <trkpt lat="43.21598" lon="5.53772">
        <ele>13</ele>
      </trkpt>
      <trkpt lat="43.21606" lon="5.53777">
        <ele>13.6</ele>
      </trkpt>
      <trkpt lat="43.21614" lon="5.53782">
        <ele>14.3</ele>
      </trkpt>
      <trkpt lat="43.21621" lon="5.53786">
        <ele>15</ele>
      </trkpt>
      <trkpt lat="43.21626" lon="5.53782">
        <ele>15.5</ele>
      </trkpt>
      <trkpt lat="43.2163" lon="5.53778">
        <ele>16.1</ele>
      </trkpt>
      <trkpt lat="43.21635" lon="5.53774">
        <ele>16.6</ele>
      </trkpt>
      <trkpt lat="43.2164" lon="5.5377">
        <ele>17.1</ele>
      </trkpt>
      <trkpt lat="43.21644" lon="5.53765">
        <ele>17.7</ele>
      </trkpt>
      <trkpt lat="43.21649" lon="5.53761">
        <ele>18.2</ele>
      </trkpt>
      <trkpt lat="43.21653" lon="5.53757">
        <ele>18.7</ele>
      </trkpt>
      <trkpt lat="43.21658" lon="5.53753">
        <ele>19.1</ele>
      </trkpt>
      <trkpt lat="43.21665" lon="5.53748">
        <ele>19.9</ele>
      </trkpt>
      <trkpt lat="43.2167" lon="5.53744">
        <ele>20.4</ele>
      </trkpt>
      <trkpt lat="43.21675" lon="5.53747">
        <ele>20.8</ele>
      </trkpt>
      <trkpt lat="43.21679" lon="5.53749">
        <ele>21.3</ele>
      </trkpt>
      <trkpt lat="43.21684" lon="5.53752">
        <ele>21.9</ele>
      </trkpt>
      <trkpt lat="43.21688" lon="5.53754">
        <ele>22.6</ele>
      </trkpt>
      <trkpt lat="43.21692" lon="5.53755">
        <ele>23.1</ele>
      </trkpt>
      <trkpt lat="43.21697" lon="5.53757">
        <ele>23.6</ele>
      </trkpt>
      <trkpt lat="43.21701" lon="5.53758">
        <ele>23.9</ele>
      </trkpt>
      <trkpt lat="43.21706" lon="5.5376">
        <ele>24.3</ele>
      </trkpt>
      <trkpt lat="43.2171" lon="5.53762">
        <ele>24.6</ele>
      </trkpt>
      <trkpt lat="43.21715" lon="5.53763">
        <ele>25</ele>
      </trkpt>
      <trkpt lat="43.21719" lon="5.53765">
        <ele>25.4</ele>
      </trkpt>
      <trkpt lat="43.21724" lon="5.53766">
        <ele>25.9</ele>
      </trkpt>
      <trkpt lat="43.21728" lon="5.53768">
        <ele>26.5</ele>
      </trkpt>
      <trkpt lat="43.21733" lon="5.53769">
        <ele>27.1</ele>
      </trkpt>
      <trkpt lat="43.21738" lon="5.5377">
        <ele>27.7</ele>
      </trkpt>
      <trkpt lat="43.21743" lon="5.53771">
        <ele>28.3</ele>
      </trkpt>
      <trkpt lat="43.21748" lon="5.53771">
        <ele>28.8</ele>
      </trkpt>
      <trkpt lat="43.21756" lon="5.53772">
        <ele>29.5</ele>
      </trkpt>
      <trkpt lat="43.21763" lon="5.53772">
        <ele>30.2</ele>
      </trkpt>
      <trkpt lat="43.21771" lon="5.53773">
        <ele>30.9</ele>
      </trkpt>
      <trkpt lat="43.21779" lon="5.53773">
        <ele>31.5</ele>
      </trkpt>
      <trkpt lat="43.21786" lon="5.53774">
        <ele>31.9</ele>
      </trkpt>
      <trkpt lat="43.21794" lon="5.53774">
        <ele>32.2</ele>
      </trkpt>
      <trkpt lat="43.21801" lon="5.53775">
        <ele>32.6</ele>
      </trkpt>
      <trkpt lat="43.21809" lon="5.53775">
        <ele>33.4</ele>
      </trkpt>
      <trkpt lat="43.21815" lon="5.53781">
        <ele>34.8</ele>
      </trkpt>
      <trkpt lat="43.2182" lon="5.53787">
        <ele>35.9</ele>
      </trkpt>
      <trkpt lat="43.21825" lon="5.53793">
        <ele>36.6</ele>
      </trkpt>
      <trkpt lat="43.2183" lon="5.53799">
        <ele>37</ele>
      </trkpt>
      <trkpt lat="43.21834" lon="5.53804">
        <ele>37.3</ele>
      </trkpt>
      <trkpt lat="43.21839" lon="5.5381">
        <ele>38.3</ele>
      </trkpt>
      <trkpt lat="43.21844" lon="5.53818">
        <ele>39.2</ele>
      </trkpt>
      <trkpt lat="43.21848" lon="5.53824">
        <ele>39.7</ele>
      </trkpt>
      <trkpt lat="43.21852" lon="5.53829">
        <ele>40</ele>
      </trkpt>
      <trkpt lat="43.21857" lon="5.53833">
        <ele>40.4</ele>
      </trkpt>
      <trkpt lat="43.21857" lon="5.53838">
        <ele>40.1</ele>
      </trkpt>
      <trkpt lat="43.21857" lon="5.53839">
        <ele>40</ele>
      </trkpt>
      <trkpt lat="43.21857" lon="5.53838">
        <ele>40.1</ele>
      </trkpt>
      <trkpt lat="43.21857" lon="5.53833">
        <ele>40.4</ele>
      </trkpt>
      <trkpt lat="43.21859" lon="5.5383">
        <ele>41</ele>
      </trkpt>
      <trkpt lat="43.21865" lon="5.53827">
        <ele>42.4</ele>
      </trkpt>
      <trkpt lat="43.21867" lon="5.53828">
        <ele>42.7</ele>
      </trkpt>
      <trkpt lat="43.21868" lon="5.53828">
        <ele>42.9</ele>
      </trkpt>
      <trkpt lat="43.21872" lon="5.53836">
        <ele>43</ele>
      </trkpt>
      <trkpt lat="43.21872" lon="5.53842">
        <ele>42.4</ele>
      </trkpt>
      <trkpt lat="43.2187" lon="5.53845">
        <ele>41.7</ele>
      </trkpt>
      <trkpt lat="43.21874" lon="5.53849">
        <ele>41.8</ele>
      </trkpt>
      <trkpt lat="43.21877" lon="5.53853">
        <ele>41.8</ele>
      </trkpt>
      <trkpt lat="43.21881" lon="5.53858">
        <ele>41.7</ele>
      </trkpt>
      <trkpt lat="43.21886" lon="5.53863">
        <ele>41.4</ele>
      </trkpt>
      <trkpt lat="43.2189" lon="5.53868">
        <ele>41.3</ele>
      </trkpt>
      <trkpt lat="43.21895" lon="5.53873">
        <ele>41.6</ele>
      </trkpt>
      <trkpt lat="43.21899" lon="5.53877">
        <ele>42.1</ele>
      </trkpt>
      <trkpt lat="43.21903" lon="5.53882">
        <ele>42.7</ele>
      </trkpt>
      <trkpt lat="43.21908" lon="5.53887">
        <ele>43.5</ele>
      </trkpt>
      <trkpt lat="43.21912" lon="5.53892">
        <ele>44.8</ele>
      </trkpt>
      <trkpt lat="43.21917" lon="5.53899">
        <ele>46.2</ele>
      </trkpt>
      <trkpt lat="43.21923" lon="5.53905">
        <ele>47.2</ele>
      </trkpt>
      <trkpt lat="43.21928" lon="5.53912">
        <ele>47.9</ele>
      </trkpt>
      <trkpt lat="43.21934" lon="5.53919">
        <ele>48.4</ele>
      </trkpt>
      <trkpt lat="43.21939" lon="5.53925">
        <ele>49.2</ele>
      </trkpt>
      <trkpt lat="43.21944" lon="5.53932">
        <ele>50</ele>
      </trkpt>
      <trkpt lat="43.2195" lon="5.53938">
        <ele>50.9</ele>
      </trkpt>
      <trkpt lat="43.21955" lon="5.53945">
        <ele>51.5</ele>
      </trkpt>
      <trkpt lat="43.21959" lon="5.53949">
        <ele>52</ele>
      </trkpt>
      <trkpt lat="43.21962" lon="5.53953">
        <ele>52.4</ele>
      </trkpt>
      <trkpt lat="43.21966" lon="5.53957">
        <ele>53</ele>
      </trkpt>
      <trkpt lat="43.2197" lon="5.53962">
        <ele>53.5</ele>
      </trkpt>
      <trkpt lat="43.21973" lon="5.53966">
        <ele>54.1</ele>
      </trkpt>
      <trkpt lat="43.21977" lon="5.5397">
        <ele>54.7</ele>
      </trkpt>
      <trkpt lat="43.2198" lon="5.53974">
        <ele>55.1</ele>
      </trkpt>
      <trkpt lat="43.21984" lon="5.53978">
        <ele>55.3</ele>
      </trkpt>
      <trkpt lat="43.21992" lon="5.53983">
        <ele>56</ele>
      </trkpt>
      <trkpt lat="43.21999" lon="5.53987">
        <ele>56.8</ele>
      </trkpt>
      <trkpt lat="43.22006" lon="5.53988">
        <ele>57.9</ele>
      </trkpt>
      <trkpt lat="43.22013" lon="5.5399">
        <ele>59</ele>
      </trkpt>
      <trkpt lat="43.2202" lon="5.53991">
        <ele>60.1</ele>
      </trkpt>
      <trkpt lat="43.22028" lon="5.53992">
        <ele>61.1</ele>
      </trkpt>
      <trkpt lat="43.22035" lon="5.53993">
        <ele>61.7</ele>
      </trkpt>
      <trkpt lat="43.22042" lon="5.53995">
        <ele>62.3</ele>
      </trkpt>
      <trkpt lat="43.22049" lon="5.53996">
        <ele>62.9</ele>
      </trkpt>
      <trkpt lat="43.22056" lon="5.53997">
        <ele>63.5</ele>
      </trkpt>
      <trkpt lat="43.22062" lon="5.53997">
        <ele>64.3</ele>
      </trkpt>
      <trkpt lat="43.22068" lon="5.53998">
        <ele>65</ele>
      </trkpt>
      <trkpt lat="43.22073" lon="5.53998">
        <ele>65.8</ele>
      </trkpt>
      <trkpt lat="43.22079" lon="5.53998">
        <ele>66.6</ele>
      </trkpt>
      <trkpt lat="43.22085" lon="5.53998">
        <ele>67.4</ele>
      </trkpt>
      <trkpt lat="43.22091" lon="5.53999">
        <ele>67.9</ele>
      </trkpt>
      <trkpt lat="43.22096" lon="5.53999">
        <ele>68.5</ele>
      </trkpt>
      <trkpt lat="43.22102" lon="5.53999">
        <ele>69.1</ele>
      </trkpt>
      <trkpt lat="43.22107" lon="5.53998">
        <ele>69.8</ele>
      </trkpt>
      <trkpt lat="43.22112" lon="5.53997">
        <ele>70.5</ele>
      </trkpt>
      <trkpt lat="43.22117" lon="5.53996">
        <ele>71.2</ele>
      </trkpt>
      <trkpt lat="43.22122" lon="5.53995">
        <ele>71.8</ele>
      </trkpt>
      <trkpt lat="43.22128" lon="5.53993">
        <ele>72.7</ele>
      </trkpt>
      <trkpt lat="43.22134" lon="5.5399">
        <ele>73.6</ele>
      </trkpt>
      <trkpt lat="43.22139" lon="5.53987">
        <ele>74.4</ele>
      </trkpt>
      <trkpt lat="43.22143" lon="5.53983">
        <ele>74.9</ele>
      </trkpt>
      <trkpt lat="43.2215" lon="5.53979">
        <ele>75.6</ele>
      </trkpt>
      <trkpt lat="43.22157" lon="5.53975">
        <ele>76.3</ele>
      </trkpt>
      <trkpt lat="43.22163" lon="5.5397">
        <ele>77.2</ele>
      </trkpt>
      <trkpt lat="43.2217" lon="5.53966">
        <ele>78.1</ele>
      </trkpt>
      <trkpt lat="43.22177" lon="5.53965">
        <ele>78.8</ele>
      </trkpt>
      <trkpt lat="43.22184" lon="5.53964">
        <ele>79.4</ele>
      </trkpt>
      <trkpt lat="43.22191" lon="5.53963">
        <ele>80.1</ele>
      </trkpt>
      <trkpt lat="43.22198" lon="5.53962">
        <ele>80.6</ele>
      </trkpt>
      <trkpt lat="43.22204" lon="5.53961">
        <ele>81.1</ele>
      </trkpt>
      <trkpt lat="43.22211" lon="5.5396">
        <ele>81.6</ele>
      </trkpt>
      <trkpt lat="43.22218" lon="5.53959">
        <ele>82.2</ele>
      </trkpt>
      <trkpt lat="43.22225" lon="5.53958">
        <ele>82.8</ele>
      </trkpt>
      <trkpt lat="43.2223" lon="5.53957">
        <ele>83.2</ele>
      </trkpt>
      <trkpt lat="43.22234" lon="5.53957">
        <ele>83.7</ele>
      </trkpt>
      <trkpt lat="43.22239" lon="5.53956">
        <ele>84.3</ele>
      </trkpt>
      <trkpt lat="43.22243" lon="5.53955">
        <ele>84.8</ele>
      </trkpt>
      <trkpt lat="43.22248" lon="5.53954">
        <ele>85.4</ele>
      </trkpt>
      <trkpt lat="43.22252" lon="5.53954">
        <ele>85.9</ele>
      </trkpt>
      <trkpt lat="43.22257" lon="5.53953">
        <ele>86.4</ele>
      </trkpt>
      <trkpt lat="43.22262" lon="5.53952">
        <ele>86.9</ele>
      </trkpt>
      <trkpt lat="43.22266" lon="5.53951">
        <ele>87.5</ele>
      </trkpt>
      <trkpt lat="43.22271" lon="5.53951">
        <ele>88</ele>
      </trkpt>
      <trkpt lat="43.22275" lon="5.5395">
        <ele>88.5</ele>
      </trkpt>
      <trkpt lat="43.2228" lon="5.53949">
        <ele>89.1</ele>
      </trkpt>
      <trkpt lat="43.22284" lon="5.53948">
        <ele>89.9</ele>
      </trkpt>
      <trkpt lat="43.22289" lon="5.53948">
        <ele>90.6</ele>
      </trkpt>
      <trkpt lat="43.22293" lon="5.53947">
        <ele>91.3</ele>
      </trkpt>
      <trkpt lat="43.22298" lon="5.53946">
        <ele>92</ele>
      </trkpt>
      <trkpt lat="43.22299" lon="5.53951">
        <ele>91.4</ele>
      </trkpt>
      <trkpt lat="43.22302" lon="5.53955">
        <ele>91.3</ele>
      </trkpt>
      <trkpt lat="43.22309" lon="5.5396">
        <ele>91.8</ele>
      </trkpt>
      <trkpt lat="43.22313" lon="5.5396">
        <ele>92.3</ele>
      </trkpt>
      <trkpt lat="43.22314" lon="5.53972">
        <ele>91.4</ele>
      </trkpt>
      <trkpt lat="43.22314" lon="5.53984">
        <ele>91.8</ele>
      </trkpt>
      <trkpt lat="43.22315" lon="5.53994">
        <ele>92.2</ele>
      </trkpt>
      <trkpt lat="43.22316" lon="5.54004">
        <ele>92.6</ele>
      </trkpt>
      <trkpt lat="43.22316" lon="5.54013">
        <ele>93</ele>
      </trkpt>
      <trkpt lat="43.22317" lon="5.54023">
        <ele>93.5</ele>
      </trkpt>
      <trkpt lat="43.22319" lon="5.54035">
        <ele>93.9</ele>
      </trkpt>
      <trkpt lat="43.22321" lon="5.54046">
        <ele>94.2</ele>
      </trkpt>
      <trkpt lat="43.22323" lon="5.54053">
        <ele>94.5</ele>
      </trkpt>
      <trkpt lat="43.22325" lon="5.54059">
        <ele>94.7</ele>
      </trkpt>
      <trkpt lat="43.22328" lon="5.54067">
        <ele>94.8</ele>
      </trkpt>
      <trkpt lat="43.2233" lon="5.54075">
        <ele>94.9</ele>
      </trkpt>
      <trkpt lat="43.22333" lon="5.54082">
        <ele>95</ele>
      </trkpt>
      <trkpt lat="43.22336" lon="5.54088">
        <ele>95</ele>
      </trkpt>
      <trkpt lat="43.2234" lon="5.54097">
        <ele>94.9</ele>
      </trkpt>
      <trkpt lat="43.22344" lon="5.54106">
        <ele>94.6</ele>
      </trkpt>
      <trkpt lat="43.22349" lon="5.54114">
        <ele>94.5</ele>
      </trkpt>
      <trkpt lat="43.22355" lon="5.54123">
        <ele>94.4</ele>
      </trkpt>
      <trkpt lat="43.2236" lon="5.54131">
        <ele>94.2</ele>
      </trkpt>
      <trkpt lat="43.22365" lon="5.54139">
        <ele>94.1</ele>
      </trkpt>
      <trkpt lat="43.22369" lon="5.54144">
        <ele>94.1</ele>
      </trkpt>
      <trkpt lat="43.22373" lon="5.54149">
        <ele>94.1</ele>
      </trkpt>
      <trkpt lat="43.22377" lon="5.54154">
        <ele>94</ele>
      </trkpt>
      <trkpt lat="43.22382" lon="5.5416">
        <ele>94</ele>
      </trkpt>
      <trkpt lat="43.22386" lon="5.54165">
        <ele>94</ele>
      </trkpt>
      <trkpt lat="43.2239" lon="5.5417">
        <ele>93.9</ele>
      </trkpt>
      <trkpt lat="43.22394" lon="5.54175">
        <ele>93.7</ele>
      </trkpt>
      <trkpt lat="43.22398" lon="5.5418">
        <ele>93.5</ele>
      </trkpt>
      <trkpt lat="43.22403" lon="5.54185">
        <ele>93.3</ele>
      </trkpt>
      <trkpt lat="43.22407" lon="5.54189">
        <ele>93.2</ele>
      </trkpt>
      <trkpt lat="43.22411" lon="5.54192">
        <ele>93.1</ele>
      </trkpt>
      <trkpt lat="43.22415" lon="5.54196">
        <ele>93</ele>
      </trkpt>
      <trkpt lat="43.22419" lon="5.54199">
        <ele>93</ele>
      </trkpt>
      <trkpt lat="43.22426" lon="5.54203">
        <ele>93</ele>
      </trkpt>
      <trkpt lat="43.22434" lon="5.54207">
        <ele>93</ele>
      </trkpt>
      <trkpt lat="43.22441" lon="5.54211">
        <ele>93</ele>
      </trkpt>
      <trkpt lat="43.22449" lon="5.54215">
        <ele>92.7</ele>
      </trkpt>
      <trkpt lat="43.22456" lon="5.54219">
        <ele>92.2</ele>
      </trkpt>
      <trkpt lat="43.22463" lon="5.54223">
        <ele>91.6</ele>
      </trkpt>
      <trkpt lat="43.22471" lon="5.54227">
        <ele>91.1</ele>
      </trkpt>
      <trkpt lat="43.22478" lon="5.54231">
        <ele>90.9</ele>
      </trkpt>
      <trkpt lat="43.22486" lon="5.54234">
        <ele>90.8</ele>
      </trkpt>
      <trkpt lat="43.22494" lon="5.54237">
        <ele>90.6</ele>
      </trkpt>
      <trkpt lat="43.2249" lon="5.54242">
        <ele>90.6</ele>
      </trkpt>
      <trkpt lat="43.22485" lon="5.54248">
        <ele>90.6</ele>
      </trkpt>
      <trkpt lat="43.22481" lon="5.54253">
        <ele>90.5</ele>
      </trkpt>
      <trkpt lat="43.22477" lon="5.54258">
        <ele>90.5</ele>
      </trkpt>
      <trkpt lat="43.22472" lon="5.54263">
        <ele>90.5</ele>
      </trkpt>
      <trkpt lat="43.22468" lon="5.54269">
        <ele>90.6</ele>
      </trkpt>
      <trkpt lat="43.22463" lon="5.54274">
        <ele>90.7</ele>
      </trkpt>
      <trkpt lat="43.22459" lon="5.54279">
        <ele>90.9</ele>
      </trkpt>
      <trkpt lat="43.22456" lon="5.54283">
        <ele>91</ele>
      </trkpt>
      <trkpt lat="43.22452" lon="5.54288">
        <ele>91.1</ele>
      </trkpt>
      <trkpt lat="43.22449" lon="5.54292">
        <ele>91.2</ele>
      </trkpt>
      <trkpt lat="43.22445" lon="5.54296">
        <ele>91.3</ele>
      </trkpt>
      <trkpt lat="43.22442" lon="5.543">
        <ele>91.5</ele>
      </trkpt>
      <trkpt lat="43.22438" lon="5.54305">
        <ele>91.7</ele>
      </trkpt>
      <trkpt lat="43.22435" lon="5.54309">
        <ele>92</ele>
      </trkpt>
      <trkpt lat="43.22431" lon="5.54313">
        <ele>92.3</ele>
      </trkpt>
      <trkpt lat="43.22427" lon="5.5432">
        <ele>92.6</ele>
      </trkpt>
      <trkpt lat="43.22423" lon="5.54327">
        <ele>92.7</ele>
      </trkpt>
      <trkpt lat="43.22419" lon="5.54333">
        <ele>92.8</ele>
      </trkpt>
      <trkpt lat="43.22415" lon="5.5434">
        <ele>92.9</ele>
        <extensions>
          <visugpx:TrkExtension xmlns:visugpx="https://www.visugpx.com/editgpx/">
            <visugpx:node>1</visugpx:node>
            </visugpx:TrkExtension>
        </extensions>
      </trkpt>
    </trkseg>
  </trk>
  <trk>
    <name><![CDATA[Luminy - Marseille (Pointe Rouge)]]></name>
    <extensions>
      <line xmlns="http://www.topografix.com/GPX/gpx_style/0/2">
        <color>37FF00</color>
        <opacity>1</opacity>
        <width>4</width>
      </line>
    </extensions>
    <trkseg>
      <trkpt lat="43.23227" lon="5.43219">
        <ele>160</ele>
        <extensions>
          <visugpx:TrkExtension xmlns:visugpx="https://www.visugpx.com/editgpx/">
            <visugpx:node>1</visugpx:node>
            </visugpx:TrkExtension>
        </extensions>
      </trkpt>
      <trkpt lat="43.23221" lon="5.43219">
        <ele>160</ele>
      </trkpt>
      <trkpt lat="43.23216" lon="5.4322">
        <ele>160.2</ele>
      </trkpt>
      <trkpt lat="43.2321" lon="5.4322">
        <ele>160.4</ele>
      </trkpt>
      <trkpt lat="43.23204" lon="5.43221">
        <ele>160.6</ele>
      </trkpt>
      <trkpt lat="43.23199" lon="5.43221">
        <ele>160.9</ele>
      </trkpt>
      <trkpt lat="43.23193" lon="5.43221">
        <ele>161.1</ele>
      </trkpt>
      <trkpt lat="43.23187" lon="5.43222">
        <ele>161.3</ele>
      </trkpt>
      <trkpt lat="43.23182" lon="5.43222">
        <ele>161.5</ele>
      </trkpt>
      <trkpt lat="43.23176" lon="5.43222">
        <ele>161.7</ele>
      </trkpt>
      <trkpt lat="43.2317" lon="5.43223">
        <ele>161.9</ele>
      </trkpt>
      <trkpt lat="43.23164" lon="5.43223">
        <ele>162.1</ele>
      </trkpt>
      <trkpt lat="43.23159" lon="5.43224">
        <ele>162.3</ele>
      </trkpt>
      <trkpt lat="43.23153" lon="5.43224">
        <ele>162.5</ele>
      </trkpt>
      <trkpt lat="43.23147" lon="5.43224">
        <ele>162.7</ele>
      </trkpt>
      <trkpt lat="43.23142" lon="5.43225">
        <ele>162.9</ele>
      </trkpt>
      <trkpt lat="43.23136" lon="5.43225">
        <ele>163.1</ele>
      </trkpt>
      <trkpt lat="43.23135" lon="5.4322">
        <ele>163.1</ele>
      </trkpt>
      <trkpt lat="43.23132" lon="5.43221">
        <ele>163.2</ele>
      </trkpt>
      <trkpt lat="43.23124" lon="5.43221">
        <ele>163.5</ele>
      </trkpt>
      <trkpt lat="43.23117" lon="5.43224">
        <ele>163.8</ele>
      </trkpt>
      <trkpt lat="43.2311" lon="5.43226">
        <ele>163.9</ele>
      </trkpt>
      <trkpt lat="43.23106" lon="5.43226">
        <ele>164</ele>
      </trkpt>
      <trkpt lat="43.23099" lon="5.43223">
        <ele>164.4</ele>
      </trkpt>
      <trkpt lat="43.23091" lon="5.43218">
        <ele>164.7</ele>
      </trkpt>
      <trkpt lat="43.23086" lon="5.43215">
        <ele>164.9</ele>
      </trkpt>
      <trkpt lat="43.23081" lon="5.43211">
        <ele>164.9</ele>
      </trkpt>
      <trkpt lat="43.23075" lon="5.43205">
        <ele>164.9</ele>
      </trkpt>
      <trkpt lat="43.23069" lon="5.43198">
        <ele>164.9</ele>
      </trkpt>
      <trkpt lat="43.23066" lon="5.43193">
        <ele>165.1</ele>
      </trkpt>
      <trkpt lat="43.23064" lon="5.43188">
        <ele>165.2</ele>
      </trkpt>
      <trkpt lat="43.23061" lon="5.43183">
        <ele>165.4</ele>
      </trkpt>
      <trkpt lat="43.23058" lon="5.43178">
        <ele>165.6</ele>
      </trkpt>
      <trkpt lat="43.23056" lon="5.43172">
        <ele>165.8</ele>
      </trkpt>
      <trkpt lat="43.23054" lon="5.43167">
        <ele>165.9</ele>
      </trkpt>
      <trkpt lat="43.23051" lon="5.43161">
        <ele>166.1</ele>
      </trkpt>
      <trkpt lat="43.23049" lon="5.43155">
        <ele>166.2</ele>
      </trkpt>
      <trkpt lat="43.23047" lon="5.43148">
        <ele>166.4</ele>
      </trkpt>
      <trkpt lat="43.23045" lon="5.43141">
        <ele>166.5</ele>
      </trkpt>
      <trkpt lat="43.23043" lon="5.43134">
        <ele>166.6</ele>
      </trkpt>
      <trkpt lat="43.23042" lon="5.43128">
        <ele>166.5</ele>
      </trkpt>
      <trkpt lat="43.2304" lon="5.43121">
        <ele>166.4</ele>
      </trkpt>
      <trkpt lat="43.23038" lon="5.43114">
        <ele>166.4</ele>
      </trkpt>
      <trkpt lat="43.23036" lon="5.43107">
        <ele>166.4</ele>
      </trkpt>
      <trkpt lat="43.23035" lon="5.43101">
        <ele>166.5</ele>
      </trkpt>
      <trkpt lat="43.23033" lon="5.43094">
        <ele>166.7</ele>
      </trkpt>
      <trkpt lat="43.23031" lon="5.43087">
        <ele>166.9</ele>
      </trkpt>
      <trkpt lat="43.23029" lon="5.43081">
        <ele>167.1</ele>
      </trkpt>
      <trkpt lat="43.23027" lon="5.43074">
        <ele>167.3</ele>
      </trkpt>
      <trkpt lat="43.23025" lon="5.43068">
        <ele>167.5</ele>
      </trkpt>
      <trkpt lat="43.23023" lon="5.43062">
        <ele>167.7</ele>
      </trkpt>
      <trkpt lat="43.23021" lon="5.43055">
        <ele>168</ele>
      </trkpt>
      <trkpt lat="43.23019" lon="5.43049">
        <ele>168.5</ele>
      </trkpt>
      <trkpt lat="43.23017" lon="5.43042">
        <ele>168.9</ele>
      </trkpt>
      <trkpt lat="43.23015" lon="5.43036">
        <ele>169.4</ele>
      </trkpt>
      <trkpt lat="43.23014" lon="5.4303">
        <ele>169.8</ele>
      </trkpt>
      <trkpt lat="43.2301" lon="5.43024">
        <ele>170.3</ele>
      </trkpt>
      <trkpt lat="43.23005" lon="5.43016">
        <ele>171.1</ele>
      </trkpt>
      <trkpt lat="43.23002" lon="5.43012">
        <ele>171.7</ele>
      </trkpt>
      <trkpt lat="43.22998" lon="5.43008">
        <ele>172.2</ele>
      </trkpt>
      <trkpt lat="43.22995" lon="5.43003">
        <ele>172.6</ele>
      </trkpt>
      <trkpt lat="43.22991" lon="5.42999">
        <ele>173.1</ele>
      </trkpt>
      <trkpt lat="43.22985" lon="5.42991">
        <ele>173.8</ele>
      </trkpt>
      <trkpt lat="43.2298" lon="5.42984">
        <ele>174.6</ele>
      </trkpt>
      <trkpt lat="43.22974" lon="5.42977">
        <ele>175.4</ele>
      </trkpt>
      <trkpt lat="43.22972" lon="5.42968">
        <ele>176.4</ele>
      </trkpt>
      <trkpt lat="43.22973" lon="5.42962">
        <ele>177.1</ele>
      </trkpt>
      <trkpt lat="43.22974" lon="5.42961">
        <ele>177.1</ele>
      </trkpt>
      <trkpt lat="43.22978" lon="5.42951">
        <ele>177.9</ele>
      </trkpt>
      <trkpt lat="43.22982" lon="5.42945">
        <ele>178.2</ele>
      </trkpt>
      <trkpt lat="43.22985" lon="5.42939">
        <ele>178.6</ele>
      </trkpt>
      <trkpt lat="43.22988" lon="5.42933">
        <ele>178.8</ele>
      </trkpt>
      <trkpt lat="43.2299" lon="5.42926">
        <ele>179.1</ele>
      </trkpt>
      <trkpt lat="43.2299" lon="5.42917">
        <ele>179.8</ele>
      </trkpt>
      <trkpt lat="43.2299" lon="5.42908">
        <ele>180.5</ele>
      </trkpt>
      <trkpt lat="43.2299" lon="5.42899">
        <ele>181.3</ele>
      </trkpt>
      <trkpt lat="43.2299" lon="5.4289">
        <ele>182.1</ele>
      </trkpt>
      <trkpt lat="43.22992" lon="5.42879">
        <ele>182.7</ele>
      </trkpt>
      <trkpt lat="43.22993" lon="5.42867">
        <ele>183.3</ele>
      </trkpt>
      <trkpt lat="43.22996" lon="5.42856">
        <ele>183.9</ele>
      </trkpt>
      <trkpt lat="43.23" lon="5.42847">
        <ele>184.5</ele>
      </trkpt>
      <trkpt lat="43.23004" lon="5.42843">
        <ele>184.7</ele>
      </trkpt>
      <trkpt lat="43.23009" lon="5.42838">
        <ele>184.9</ele>
      </trkpt>
      <trkpt lat="43.23013" lon="5.42834">
        <ele>185.1</ele>
      </trkpt>
      <trkpt lat="43.23017" lon="5.42829">
        <ele>185.8</ele>
      </trkpt>
      <trkpt lat="43.23023" lon="5.42822">
        <ele>187</ele>
      </trkpt>
      <trkpt lat="43.23029" lon="5.42817">
        <ele>187.8</ele>
      </trkpt>
      <trkpt lat="43.23036" lon="5.42814">
        <ele>189.4</ele>
      </trkpt>
      <trkpt lat="43.2304" lon="5.42813">
        <ele>190.1</ele>
      </trkpt>
      <trkpt lat="43.23046" lon="5.42815">
        <ele>190.3</ele>
      </trkpt>
      <trkpt lat="43.23053" lon="5.42818">
        <ele>190.5</ele>
      </trkpt>
      <trkpt lat="43.23059" lon="5.4282">
        <ele>190.8</ele>
      </trkpt>
      <trkpt lat="43.23065" lon="5.42822">
        <ele>191</ele>
      </trkpt>
      <trkpt lat="43.2307" lon="5.42823">
        <ele>191.3</ele>
      </trkpt>
      <trkpt lat="43.23074" lon="5.42823">
        <ele>191.7</ele>
      </trkpt>
      <trkpt lat="43.23081" lon="5.42823">
        <ele>192.4</ele>
      </trkpt>
      <trkpt lat="43.23088" lon="5.42823">
        <ele>192.8</ele>
      </trkpt>
      <trkpt lat="43.23096" lon="5.42821">
        <ele>193.6</ele>
      </trkpt>
      <trkpt lat="43.23104" lon="5.4282">
        <ele>194.1</ele>
      </trkpt>
      <trkpt lat="43.2311" lon="5.42818">
        <ele>194.7</ele>
      </trkpt>
      <trkpt lat="43.23115" lon="5.42817">
        <ele>195.3</ele>
      </trkpt>
      <trkpt lat="43.23121" lon="5.42815">
        <ele>195.8</ele>
      </trkpt>
      <trkpt lat="43.23126" lon="5.42813">
        <ele>196.3</ele>
      </trkpt>
      <trkpt lat="43.23134" lon="5.42808">
        <ele>197.5</ele>
      </trkpt>
      <trkpt lat="43.23139" lon="5.42806">
        <ele>198</ele>
      </trkpt>
      <trkpt lat="43.23144" lon="5.42803">
        <ele>198.5</ele>
      </trkpt>
      <trkpt lat="43.23149" lon="5.42801">
        <ele>199</ele>
      </trkpt>
      <trkpt lat="43.23154" lon="5.42798">
        <ele>199.5</ele>
      </trkpt>
      <trkpt lat="43.23161" lon="5.42794">
        <ele>200.4</ele>
      </trkpt>
      <trkpt lat="43.23167" lon="5.42789">
        <ele>201.1</ele>
      </trkpt>
      <trkpt lat="43.23172" lon="5.42785">
        <ele>201.1</ele>
      </trkpt>
      <trkpt lat="43.23176" lon="5.42781">
        <ele>201</ele>
      </trkpt>
      <trkpt lat="43.2318" lon="5.42771">
        <ele>201.9</ele>
      </trkpt>
      <trkpt lat="43.23183" lon="5.42763">
        <ele>202.5</ele>
      </trkpt>
      <trkpt lat="43.23185" lon="5.42754">
        <ele>203.3</ele>
      </trkpt>
      <trkpt lat="43.23188" lon="5.42745">
        <ele>204.1</ele>
      </trkpt>
      <trkpt lat="43.2319" lon="5.42735">
        <ele>204.7</ele>
      </trkpt>
      <trkpt lat="43.23192" lon="5.42726">
        <ele>205.3</ele>
      </trkpt>
      <trkpt lat="43.23194" lon="5.42716">
        <ele>206.3</ele>
      </trkpt>
      <trkpt lat="43.23195" lon="5.42705">
        <ele>207.3</ele>
      </trkpt>
      <trkpt lat="43.23198" lon="5.42696">
        <ele>207.7</ele>
      </trkpt>
      <trkpt lat="43.23201" lon="5.42686">
        <ele>208.7</ele>
      </trkpt>
      <trkpt lat="43.23205" lon="5.42677">
        <ele>209.5</ele>
      </trkpt>
      <trkpt lat="43.23208" lon="5.42668">
        <ele>210.3</ele>
      </trkpt>
      <trkpt lat="43.23211" lon="5.42661">
        <ele>209.8</ele>
      </trkpt>
      <trkpt lat="43.23212" lon="5.42655">
        <ele>209.5</ele>
      </trkpt>
      <trkpt lat="43.23212" lon="5.4265">
        <ele>209.5</ele>
      </trkpt>
      <trkpt lat="43.23211" lon="5.42649">
        <ele>209.7</ele>
      </trkpt>
      <trkpt lat="43.2321" lon="5.42647">
        <ele>209.9</ele>
      </trkpt>
      <trkpt lat="43.23207" lon="5.42647">
        <ele>210.4</ele>
      </trkpt>
      <trkpt lat="43.23201" lon="5.42652">
        <ele>211.7</ele>
      </trkpt>
      <trkpt lat="43.23198" lon="5.42659">
        <ele>212.7</ele>
      </trkpt>
      <trkpt lat="43.23195" lon="5.42666">
        <ele>213.8</ele>
      </trkpt>
      <trkpt lat="43.23192" lon="5.42671">
        <ele>214</ele>
      </trkpt>
      <trkpt lat="43.23188" lon="5.42675">
        <ele>214.1</ele>
      </trkpt>
      <trkpt lat="43.23185" lon="5.4268">
        <ele>214.3</ele>
      </trkpt>
      <trkpt lat="43.23181" lon="5.42684">
        <ele>214.7</ele>
      </trkpt>
      <trkpt lat="43.23176" lon="5.42691">
        <ele>215.4</ele>
      </trkpt>
      <trkpt lat="43.23171" lon="5.42697">
        <ele>216.3</ele>
      </trkpt>
      <trkpt lat="43.23166" lon="5.42704">
        <ele>217.1</ele>
      </trkpt>
      <trkpt lat="43.23161" lon="5.4271">
        <ele>217.3</ele>
      </trkpt>
      <trkpt lat="43.23156" lon="5.42715">
        <ele>217.7</ele>
      </trkpt>
      <trkpt lat="43.2315" lon="5.4272">
        <ele>218.2</ele>
      </trkpt>
      <trkpt lat="43.23145" lon="5.42724">
        <ele>218.5</ele>
      </trkpt>
      <trkpt lat="43.2314" lon="5.42725">
        <ele>219.2</ele>
      </trkpt>
      <trkpt lat="43.23134" lon="5.42723">
        <ele>219.7</ele>
      </trkpt>
      <trkpt lat="43.23127" lon="5.4272">
        <ele>219.7</ele>
      </trkpt>
      <trkpt lat="43.23122" lon="5.42717">
        <ele>219.6</ele>
      </trkpt>
      <trkpt lat="43.23118" lon="5.42713">
        <ele>219.4</ele>
      </trkpt>
      <trkpt lat="43.23113" lon="5.4271">
        <ele>219.1</ele>
      </trkpt>
      <trkpt lat="43.23108" lon="5.42706">
        <ele>218.8</ele>
      </trkpt>
      <trkpt lat="43.23102" lon="5.42704">
        <ele>218.6</ele>
      </trkpt>
      <trkpt lat="43.23093" lon="5.42704">
        <ele>218.1</ele>
      </trkpt>
      <trkpt lat="43.23085" lon="5.42705">
        <ele>217.7</ele>
      </trkpt>
      <trkpt lat="43.23076" lon="5.42705">
        <ele>217.5</ele>
      </trkpt>
      <trkpt lat="43.23068" lon="5.42705">
        <ele>217.3</ele>
      </trkpt>
      <trkpt lat="43.23059" lon="5.42705">
        <ele>217.1</ele>
      </trkpt>
      <trkpt lat="43.2305" lon="5.42706">
        <ele>216.8</ele>
      </trkpt>
      <trkpt lat="43.23042" lon="5.42706">
        <ele>216.5</ele>
      </trkpt>
      <trkpt lat="43.23033" lon="5.42706">
        <ele>216.2</ele>
      </trkpt>
      <trkpt lat="43.23028" lon="5.42707">
        <ele>216</ele>
      </trkpt>
      <trkpt lat="43.23022" lon="5.42708">
        <ele>216.2</ele>
      </trkpt>
      <trkpt lat="43.23018" lon="5.42711">
        <ele>216.4</ele>
      </trkpt>
      <trkpt lat="43.23011" lon="5.42713">
        <ele>216.6</ele>
      </trkpt>
      <trkpt lat="43.23004" lon="5.42716">
        <ele>216.9</ele>
      </trkpt>
      <trkpt lat="43.22997" lon="5.42718">
        <ele>217.5</ele>
      </trkpt>
      <trkpt lat="43.2299" lon="5.4272">
        <ele>218.7</ele>
      </trkpt>
      <trkpt lat="43.22983" lon="5.42723">
        <ele>219.8</ele>
      </trkpt>
      <trkpt lat="43.22976" lon="5.42727">
        <ele>220.4</ele>
      </trkpt>
      <trkpt lat="43.22969" lon="5.4273">
        <ele>220.8</ele>
      </trkpt>
      <trkpt lat="43.22962" lon="5.42733">
        <ele>221.1</ele>
      </trkpt>
      <trkpt lat="43.22954" lon="5.42737">
        <ele>221.5</ele>
      </trkpt>
      <trkpt lat="43.22949" lon="5.42738">
        <ele>222.1</ele>
      </trkpt>
      <trkpt lat="43.22944" lon="5.42738">
        <ele>222.7</ele>
      </trkpt>
      <trkpt lat="43.22937" lon="5.42736">
        <ele>223</ele>
      </trkpt>
      <trkpt lat="43.2293" lon="5.42732">
        <ele>223.8</ele>
      </trkpt>
      <trkpt lat="43.22922" lon="5.42727">
        <ele>224.8</ele>
      </trkpt>
      <trkpt lat="43.22918" lon="5.42724">
        <ele>225.6</ele>
      </trkpt>
      <trkpt lat="43.22914" lon="5.42721">
        <ele>226.2</ele>
      </trkpt>
      <trkpt lat="43.22909" lon="5.42717">
        <ele>226.6</ele>
      </trkpt>
      <trkpt lat="43.22905" lon="5.42714">
        <ele>227.3</ele>
      </trkpt>
      <trkpt lat="43.22897" lon="5.4271">
        <ele>228.3</ele>
      </trkpt>
      <trkpt lat="43.22889" lon="5.42706">
        <ele>229.7</ele>
      </trkpt>
      <trkpt lat="43.22881" lon="5.42706">
        <ele>230.1</ele>
      </trkpt>
      <trkpt lat="43.22874" lon="5.42707">
        <ele>230.2</ele>
      </trkpt>
      <trkpt lat="43.22868" lon="5.42708">
        <ele>230.3</ele>
      </trkpt>
      <trkpt lat="43.22861" lon="5.42709">
        <ele>230.3</ele>
      </trkpt>
      <trkpt lat="43.22857" lon="5.4271">
        <ele>229.7</ele>
      </trkpt>
      <trkpt lat="43.22852" lon="5.4271">
        <ele>229.2</ele>
      </trkpt>
      <trkpt lat="43.22846" lon="5.42708">
        <ele>229.2</ele>
      </trkpt>
      <trkpt lat="43.22841" lon="5.42704">
        <ele>230</ele>
      </trkpt>
      <trkpt lat="43.22835" lon="5.42695">
        <ele>232</ele>
      </trkpt>
      <trkpt lat="43.22831" lon="5.42688">
        <ele>232.5</ele>
      </trkpt>
      <trkpt lat="43.22827" lon="5.42681">
        <ele>232.5</ele>
      </trkpt>
      <trkpt lat="43.22823" lon="5.42674">
        <ele>232.4</ele>
      </trkpt>
      <trkpt lat="43.22819" lon="5.42667">
        <ele>232.3</ele>
      </trkpt>
      <trkpt lat="43.22817" lon="5.42661">
        <ele>232.5</ele>
      </trkpt>
      <trkpt lat="43.22814" lon="5.42655">
        <ele>232.8</ele>
      </trkpt>
      <trkpt lat="43.22812" lon="5.42648">
        <ele>233.2</ele>
      </trkpt>
      <trkpt lat="43.22809" lon="5.42642">
        <ele>233.6</ele>
      </trkpt>
      <trkpt lat="43.22807" lon="5.42632">
        <ele>234.4</ele>
      </trkpt>
      <trkpt lat="43.22804" lon="5.42621">
        <ele>234.8</ele>
      </trkpt>
      <trkpt lat="43.22802" lon="5.42611">
        <ele>235.2</ele>
      </trkpt>
      <trkpt lat="43.22799" lon="5.426">
        <ele>235.9</ele>
      </trkpt>
      <trkpt lat="43.22796" lon="5.4259">
        <ele>236.3</ele>
      </trkpt>
      <trkpt lat="43.22793" lon="5.4258">
        <ele>237.1</ele>
      </trkpt>
      <trkpt lat="43.22791" lon="5.42575">
        <ele>237.6</ele>
      </trkpt>
      <trkpt lat="43.22788" lon="5.4257">
        <ele>238</ele>
      </trkpt>
      <trkpt lat="43.22786" lon="5.42564">
        <ele>238.3</ele>
      </trkpt>
      <trkpt lat="43.22783" lon="5.42559">
        <ele>238.6</ele>
      </trkpt>
      <trkpt lat="43.2278" lon="5.42553">
        <ele>238.8</ele>
      </trkpt>
      <trkpt lat="43.22776" lon="5.42547">
        <ele>239.2</ele>
      </trkpt>
      <trkpt lat="43.22773" lon="5.4254">
        <ele>239.7</ele>
      </trkpt>
      <trkpt lat="43.22769" lon="5.42534">
        <ele>240.2</ele>
      </trkpt>
      <trkpt lat="43.22766" lon="5.42529">
        <ele>240.5</ele>
      </trkpt>
      <trkpt lat="43.22763" lon="5.42524">
        <ele>240.5</ele>
      </trkpt>
      <trkpt lat="43.2276" lon="5.42519">
        <ele>240.4</ele>
      </trkpt>
      <trkpt lat="43.22757" lon="5.42514">
        <ele>240.4</ele>
      </trkpt>
      <trkpt lat="43.22756" lon="5.42506">
        <ele>241.8</ele>
      </trkpt>
      <trkpt lat="43.22754" lon="5.42497">
        <ele>242.8</ele>
      </trkpt>
      <trkpt lat="43.22755" lon="5.42485">
        <ele>244.1</ele>
      </trkpt>
      <trkpt lat="43.22755" lon="5.42476">
        <ele>244.7</ele>
      </trkpt>
      <trkpt lat="43.22754" lon="5.42466">
        <ele>245.6</ele>
      </trkpt>
      <trkpt lat="43.22751" lon="5.42461">
        <ele>245.4</ele>
      </trkpt>
      <trkpt lat="43.22748" lon="5.42455">
        <ele>245.7</ele>
      </trkpt>
      <trkpt lat="43.22745" lon="5.42452">
        <ele>245.7</ele>
      </trkpt>
      <trkpt lat="43.2274" lon="5.42449">
        <ele>245.5</ele>
      </trkpt>
      <trkpt lat="43.22732" lon="5.42446">
        <ele>245</ele>
      </trkpt>
      <trkpt lat="43.22728" lon="5.42446">
        <ele>244.4</ele>
      </trkpt>
      <trkpt lat="43.22723" lon="5.42445">
        <ele>243.9</ele>
      </trkpt>
      <trkpt lat="43.22717" lon="5.42445">
        <ele>243.8</ele>
      </trkpt>
      <trkpt lat="43.2271" lon="5.42445">
        <ele>243.8</ele>
      </trkpt>
      <trkpt lat="43.22704" lon="5.42445">
        <ele>243.8</ele>
      </trkpt>
      <trkpt lat="43.22697" lon="5.42445">
        <ele>243.8</ele>
      </trkpt>
      <trkpt lat="43.22691" lon="5.42446">
        <ele>243.3</ele>
      </trkpt>
      <trkpt lat="43.22684" lon="5.42447">
        <ele>242.9</ele>
      </trkpt>
      <trkpt lat="43.22678" lon="5.42448">
        <ele>242.6</ele>
      </trkpt>
      <trkpt lat="43.22671" lon="5.42449">
        <ele>242.3</ele>
      </trkpt>
      <trkpt lat="43.22667" lon="5.42451">
        <ele>242.1</ele>
      </trkpt>
      <trkpt lat="43.22662" lon="5.42452">
        <ele>241.8</ele>
      </trkpt>
      <trkpt lat="43.22658" lon="5.42453">
        <ele>241.6</ele>
      </trkpt>
      <trkpt lat="43.22653" lon="5.42454">
        <ele>241.5</ele>
      </trkpt>
      <trkpt lat="43.22648" lon="5.42457">
        <ele>241.6</ele>
      </trkpt>
      <trkpt lat="43.22644" lon="5.42461">
        <ele>242</ele>
      </trkpt>
      <trkpt lat="43.22639" lon="5.42464">
        <ele>242.8</ele>
      </trkpt>
      <trkpt lat="43.22634" lon="5.42467">
        <ele>243.9</ele>
      </trkpt>
      <trkpt lat="43.22629" lon="5.42474">
        <ele>245.8</ele>
      </trkpt>
      <trkpt lat="43.22623" lon="5.4248">
        <ele>246.4</ele>
      </trkpt>
      <trkpt lat="43.22618" lon="5.42489">
        <ele>247.3</ele>
      </trkpt>
      <trkpt lat="43.22612" lon="5.42497">
        <ele>248.7</ele>
      </trkpt>
      <trkpt lat="43.22607" lon="5.42503">
        <ele>250.1</ele>
      </trkpt>
      <trkpt lat="43.22602" lon="5.42509">
        <ele>251.2</ele>
      </trkpt>
      <trkpt lat="43.22597" lon="5.42519">
        <ele>252</ele>
      </trkpt>
      <trkpt lat="43.22592" lon="5.42529">
        <ele>253</ele>
      </trkpt>
      <trkpt lat="43.22588" lon="5.42534">
        <ele>253.5</ele>
      </trkpt>
      <trkpt lat="43.22584" lon="5.4254">
        <ele>253.7</ele>
      </trkpt>
      <trkpt lat="43.2258" lon="5.42544">
        <ele>254.5</ele>
      </trkpt>
      <trkpt lat="43.22576" lon="5.42549">
        <ele>255.2</ele>
      </trkpt>
      <trkpt lat="43.22573" lon="5.42555">
        <ele>255.6</ele>
      </trkpt>
      <trkpt lat="43.22569" lon="5.42561">
        <ele>256.8</ele>
      </trkpt>
      <trkpt lat="43.22567" lon="5.42567">
        <ele>257.4</ele>
      </trkpt>
      <trkpt lat="43.22566" lon="5.42578">
        <ele>257.1</ele>
      </trkpt>
      <trkpt lat="43.22564" lon="5.42585">
        <ele>257.6</ele>
      </trkpt>
      <trkpt lat="43.22561" lon="5.42591">
        <ele>258.8</ele>
      </trkpt>
      <trkpt lat="43.22557" lon="5.42599">
        <ele>260.2</ele>
      </trkpt>
      <trkpt lat="43.22554" lon="5.42606">
        <ele>261.1</ele>
      </trkpt>
      <trkpt lat="43.22555" lon="5.42613">
        <ele>260.5</ele>
      </trkpt>
      <trkpt lat="43.22557" lon="5.42621">
        <ele>260.8</ele>
      </trkpt>
      <trkpt lat="43.22559" lon="5.42629">
        <ele>261</ele>
      </trkpt>
      <trkpt lat="43.2256" lon="5.42634">
        <ele>261.3</ele>
      </trkpt>
      <trkpt lat="43.2256" lon="5.4264">
        <ele>261.9</ele>
      </trkpt>
      <trkpt lat="43.22559" lon="5.42643">
        <ele>261.9</ele>
      </trkpt>
      <trkpt lat="43.22557" lon="5.42646">
        <ele>262.4</ele>
      </trkpt>
      <trkpt lat="43.22555" lon="5.42644">
        <ele>263.5</ele>
      </trkpt>
      <trkpt lat="43.22554" lon="5.42642">
        <ele>264.2</ele>
      </trkpt>
      <trkpt lat="43.22551" lon="5.42631">
        <ele>264.9</ele>
      </trkpt>
      <trkpt lat="43.22548" lon="5.42619">
        <ele>264.8</ele>
      </trkpt>
      <trkpt lat="43.22546" lon="5.42613">
        <ele>265.2</ele>
      </trkpt>
      <trkpt lat="43.22543" lon="5.42606">
        <ele>266.5</ele>
      </trkpt>
      <trkpt lat="43.22543" lon="5.42598">
        <ele>266.8</ele>
      </trkpt>
      <trkpt lat="43.22544" lon="5.42591">
        <ele>266.7</ele>
      </trkpt>
      <trkpt lat="43.22545" lon="5.42584">
        <ele>266.5</ele>
      </trkpt>
      <trkpt lat="43.22546" lon="5.42574">
        <ele>266.9</ele>
      </trkpt>
      <trkpt lat="43.22547" lon="5.42566">
        <ele>267.1</ele>
      </trkpt>
      <trkpt lat="43.22548" lon="5.4256">
        <ele>267.4</ele>
      </trkpt>
      <trkpt lat="43.22548" lon="5.42553">
        <ele>267.9</ele>
      </trkpt>
      <trkpt lat="43.22551" lon="5.42542">
        <ele>268.5</ele>
      </trkpt>
      <trkpt lat="43.22553" lon="5.42531">
        <ele>269.4</ele>
      </trkpt>
      <trkpt lat="43.22553" lon="5.42519">
        <ele>269.5</ele>
      </trkpt>
      <trkpt lat="43.2255" lon="5.4251">
        <ele>270</ele>
      </trkpt>
      <trkpt lat="43.22547" lon="5.42503">
        <ele>270.4</ele>
      </trkpt>
      <trkpt lat="43.22542" lon="5.42501">
        <ele>271.5</ele>
      </trkpt>
      <trkpt lat="43.22539" lon="5.42504">
        <ele>272.6</ele>
      </trkpt>
      <trkpt lat="43.22538" lon="5.4251">
        <ele>273.5</ele>
      </trkpt>
      <trkpt lat="43.22539" lon="5.42518">
        <ele>274</ele>
      </trkpt>
      <trkpt lat="43.22538" lon="5.42526">
        <ele>275.1</ele>
      </trkpt>
      <trkpt lat="43.22533" lon="5.42535">
        <ele>276.5</ele>
      </trkpt>
      <trkpt lat="43.22528" lon="5.42544">
        <ele>277.7</ele>
      </trkpt>
      <trkpt lat="43.22525" lon="5.42549">
        <ele>277.9</ele>
      </trkpt>
      <trkpt lat="43.22521" lon="5.42554">
        <ele>278</ele>
      </trkpt>
      <trkpt lat="43.22516" lon="5.42564">
        <ele>278.4</ele>
      </trkpt>
      <trkpt lat="43.22512" lon="5.42575">
        <ele>279.2</ele>
      </trkpt>
      <trkpt lat="43.2251" lon="5.42581">
        <ele>279.7</ele>
      </trkpt>
      <trkpt lat="43.22508" lon="5.42584">
        <ele>280.5</ele>
      </trkpt>
      <trkpt lat="43.22505" lon="5.42575">
        <ele>281</ele>
      </trkpt>
      <trkpt lat="43.22505" lon="5.42565">
        <ele>280.7</ele>
      </trkpt>
      <trkpt lat="43.22506" lon="5.42558">
        <ele>280.3</ele>
      </trkpt>
      <trkpt lat="43.22506" lon="5.42551">
        <ele>280.1</ele>
      </trkpt>
      <trkpt lat="43.22507" lon="5.42544">
        <ele>279.9</ele>
      </trkpt>
      <trkpt lat="43.22507" lon="5.42537">
        <ele>279.8</ele>
      </trkpt>
      <trkpt lat="43.22507" lon="5.42525">
        <ele>279.2</ele>
      </trkpt>
      <trkpt lat="43.22505" lon="5.42515">
        <ele>277.2</ele>
      </trkpt>
      <trkpt lat="43.22503" lon="5.42508">
        <ele>275.7</ele>
      </trkpt>
      <trkpt lat="43.22501" lon="5.425">
        <ele>274</ele>
      </trkpt>
      <trkpt lat="43.22496" lon="5.42493">
        <ele>270</ele>
      </trkpt>
      <trkpt lat="43.22492" lon="5.42489">
        <ele>267.3</ele>
      </trkpt>
      <trkpt lat="43.22488" lon="5.42485">
        <ele>265</ele>
      </trkpt>
      <trkpt lat="43.22482" lon="5.42483">
        <ele>262.4</ele>
      </trkpt>
      <trkpt lat="43.22475" lon="5.4248">
        <ele>260.1</ele>
      </trkpt>
      <trkpt lat="43.22469" lon="5.42474">
        <ele>257.4</ele>
      </trkpt>
      <trkpt lat="43.22464" lon="5.42467">
        <ele>253.9</ele>
      </trkpt>
      <trkpt lat="43.22461" lon="5.42461">
        <ele>251.5</ele>
      </trkpt>
      <trkpt lat="43.22458" lon="5.42454">
        <ele>249.6</ele>
      </trkpt>
      <trkpt lat="43.22452" lon="5.42447">
        <ele>247.5</ele>
      </trkpt>
      <trkpt lat="43.22445" lon="5.42442">
        <ele>245.4</ele>
      </trkpt>
      <trkpt lat="43.22438" lon="5.42438">
        <ele>241.3</ele>
      </trkpt>
      <trkpt lat="43.2243" lon="5.42433">
        <ele>237.9</ele>
      </trkpt>
      <trkpt lat="43.22423" lon="5.42428">
        <ele>235.3</ele>
      </trkpt>
      <trkpt lat="43.22417" lon="5.42424">
        <ele>233.9</ele>
      </trkpt>
      <trkpt lat="43.22412" lon="5.42419">
        <ele>232.1</ele>
      </trkpt>
      <trkpt lat="43.22406" lon="5.42415">
        <ele>229.8</ele>
      </trkpt>
      <trkpt lat="43.224" lon="5.4241">
        <ele>226.7</ele>
      </trkpt>
      <trkpt lat="43.22394" lon="5.42403">
        <ele>223.6</ele>
      </trkpt>
      <trkpt lat="43.22388" lon="5.42396">
        <ele>221.1</ele>
      </trkpt>
      <trkpt lat="43.22382" lon="5.42399">
        <ele>220</ele>
      </trkpt>
      <trkpt lat="43.22375" lon="5.42402">
        <ele>218.5</ele>
      </trkpt>
      <trkpt lat="43.22368" lon="5.42404">
        <ele>216.4</ele>
      </trkpt>
      <trkpt lat="43.22361" lon="5.42403">
        <ele>214.4</ele>
      </trkpt>
      <trkpt lat="43.22354" lon="5.42401">
        <ele>213.2</ele>
      </trkpt>
      <trkpt lat="43.22347" lon="5.42398">
        <ele>212.2</ele>
      </trkpt>
      <trkpt lat="43.2234" lon="5.42395">
        <ele>211.5</ele>
      </trkpt>
      <trkpt lat="43.22333" lon="5.42392">
        <ele>211.2</ele>
      </trkpt>
      <trkpt lat="43.22326" lon="5.42388">
        <ele>210.1</ele>
      </trkpt>
      <trkpt lat="43.22319" lon="5.42385">
        <ele>208.3</ele>
      </trkpt>
      <trkpt lat="43.22312" lon="5.42381">
        <ele>206.9</ele>
      </trkpt>
      <trkpt lat="43.22305" lon="5.42376">
        <ele>205.7</ele>
      </trkpt>
      <trkpt lat="43.223" lon="5.4237">
        <ele>204.6</ele>
      </trkpt>
      <trkpt lat="43.22297" lon="5.42365">
        <ele>204.2</ele>
      </trkpt>
      <trkpt lat="43.22295" lon="5.42358">
        <ele>203.7</ele>
      </trkpt>
      <trkpt lat="43.22293" lon="5.4235">
        <ele>202.7</ele>
      </trkpt>
      <trkpt lat="43.2229" lon="5.42342">
        <ele>201.6</ele>
      </trkpt>
      <trkpt lat="43.22286" lon="5.42334">
        <ele>200.9</ele>
      </trkpt>
      <trkpt lat="43.22281" lon="5.42326">
        <ele>200.1</ele>
      </trkpt>
      <trkpt lat="43.22276" lon="5.4232">
        <ele>199.5</ele>
      </trkpt>
      <trkpt lat="43.2227" lon="5.42314">
        <ele>198.3</ele>
      </trkpt>
      <trkpt lat="43.22264" lon="5.42307">
        <ele>197.8</ele>
      </trkpt>
      <trkpt lat="43.22257" lon="5.42301">
        <ele>197.1</ele>
      </trkpt>
      <trkpt lat="43.2225" lon="5.42294">
        <ele>196.8</ele>
      </trkpt>
      <trkpt lat="43.22246" lon="5.42288">
        <ele>196.9</ele>
      </trkpt>
      <trkpt lat="43.22244" lon="5.42282">
        <ele>197.5</ele>
      </trkpt>
      <trkpt lat="43.22243" lon="5.42276">
        <ele>198</ele>
      </trkpt>
      <trkpt lat="43.22241" lon="5.4227">
        <ele>198.1</ele>
      </trkpt>
      <trkpt lat="43.22239" lon="5.42264">
        <ele>198.5</ele>
      </trkpt>
      <trkpt lat="43.22239" lon="5.42272">
        <ele>198.2</ele>
      </trkpt>
      <trkpt lat="43.22235" lon="5.42269">
        <ele>198.8</ele>
      </trkpt>
      <trkpt lat="43.22234" lon="5.42263">
        <ele>199.6</ele>
      </trkpt>
      <trkpt lat="43.22232" lon="5.42256">
        <ele>200.7</ele>
      </trkpt>
      <trkpt lat="43.22227" lon="5.42249">
        <ele>203.4</ele>
      </trkpt>
      <trkpt lat="43.22222" lon="5.42242">
        <ele>205.9</ele>
      </trkpt>
      <trkpt lat="43.22218" lon="5.42235">
        <ele>206.9</ele>
      </trkpt>
      <trkpt lat="43.22214" lon="5.42228">
        <ele>208.4</ele>
      </trkpt>
      <trkpt lat="43.22208" lon="5.42226">
        <ele>209.7</ele>
      </trkpt>
      <trkpt lat="43.22204" lon="5.42223">
        <ele>211.1</ele>
      </trkpt>
      <trkpt lat="43.222" lon="5.4222">
        <ele>212.2</ele>
      </trkpt>
      <trkpt lat="43.22199" lon="5.42217">
        <ele>212.7</ele>
      </trkpt>
      <trkpt lat="43.22191" lon="5.42212">
        <ele>214.1</ele>
      </trkpt>
      <trkpt lat="43.22183" lon="5.42206">
        <ele>214.9</ele>
      </trkpt>
      <trkpt lat="43.22181" lon="5.42203">
        <ele>215.4</ele>
      </trkpt>
      <trkpt lat="43.22176" lon="5.42199">
        <ele>216.4</ele>
      </trkpt>
      <trkpt lat="43.22171" lon="5.42195">
        <ele>217.6</ele>
      </trkpt>
      <trkpt lat="43.22167" lon="5.42194">
        <ele>218</ele>
      </trkpt>
      <trkpt lat="43.22162" lon="5.42193">
        <ele>218</ele>
      </trkpt>
      <trkpt lat="43.2216" lon="5.42192">
        <ele>218.1</ele>
      </trkpt>
      <trkpt lat="43.22157" lon="5.4219">
        <ele>218.2</ele>
      </trkpt>
      <trkpt lat="43.22153" lon="5.42184">
        <ele>219</ele>
      </trkpt>
      <trkpt lat="43.22148" lon="5.42182">
        <ele>219.3</ele>
      </trkpt>
      <trkpt lat="43.22143" lon="5.4218">
        <ele>219.7</ele>
      </trkpt>
      <trkpt lat="43.22138" lon="5.42177">
        <ele>220.1</ele>
      </trkpt>
      <trkpt lat="43.22133" lon="5.42175">
        <ele>220.3</ele>
      </trkpt>
      <trkpt lat="43.22125" lon="5.42176">
        <ele>220</ele>
      </trkpt>
      <trkpt lat="43.2212" lon="5.42179">
        <ele>219.7</ele>
      </trkpt>
      <trkpt lat="43.22114" lon="5.42181">
        <ele>219.5</ele>
      </trkpt>
      <trkpt lat="43.2211" lon="5.42181">
        <ele>219.5</ele>
      </trkpt>
      <trkpt lat="43.22105" lon="5.42182">
        <ele>219.6</ele>
      </trkpt>
      <trkpt lat="43.22101" lon="5.42182">
        <ele>219.7</ele>
      </trkpt>
      <trkpt lat="43.22096" lon="5.42182">
        <ele>219.9</ele>
      </trkpt>
      <trkpt lat="43.2209" lon="5.42185">
        <ele>220.3</ele>
      </trkpt>
      <trkpt lat="43.22084" lon="5.42187">
        <ele>220.9</ele>
      </trkpt>
      <trkpt lat="43.2208" lon="5.42188">
        <ele>221</ele>
      </trkpt>
      <trkpt lat="43.22075" lon="5.42189">
        <ele>221.1</ele>
      </trkpt>
      <trkpt lat="43.2207" lon="5.42193">
        <ele>221.7</ele>
      </trkpt>
      <trkpt lat="43.22064" lon="5.42197">
        <ele>221.8</ele>
      </trkpt>
      <trkpt lat="43.22058" lon="5.42202">
        <ele>221.4</ele>
      </trkpt>
      <trkpt lat="43.22051" lon="5.42207">
        <ele>221</ele>
      </trkpt>
      <trkpt lat="43.22046" lon="5.4221">
        <ele>220.8</ele>
      </trkpt>
      <trkpt lat="43.22041" lon="5.42213">
        <ele>220.7</ele>
      </trkpt>
      <trkpt lat="43.22035" lon="5.42216">
        <ele>220.7</ele>
      </trkpt>
      <trkpt lat="43.22029" lon="5.42218">
        <ele>220.8</ele>
      </trkpt>
      <trkpt lat="43.22023" lon="5.42219">
        <ele>221</ele>
      </trkpt>
      <trkpt lat="43.22016" lon="5.4222">
        <ele>221.2</ele>
      </trkpt>
      <trkpt lat="43.22008" lon="5.42224">
        <ele>221.6</ele>
      </trkpt>
      <trkpt lat="43.22003" lon="5.42229">
        <ele>221.6</ele>
      </trkpt>
      <trkpt lat="43.21998" lon="5.42233">
        <ele>221.5</ele>
      </trkpt>
      <trkpt lat="43.21994" lon="5.42236">
        <ele>221.3</ele>
      </trkpt>
      <trkpt lat="43.21989" lon="5.42238">
        <ele>221.1</ele>
      </trkpt>
      <trkpt lat="43.21984" lon="5.42241">
        <ele>221</ele>
      </trkpt>
      <trkpt lat="43.2198" lon="5.42244">
        <ele>220.9</ele>
      </trkpt>
      <trkpt lat="43.21975" lon="5.42246">
        <ele>220.9</ele>
      </trkpt>
      <trkpt lat="43.2197" lon="5.42249">
        <ele>220.6</ele>
      </trkpt>
      <trkpt lat="43.21964" lon="5.42251">
        <ele>219.7</ele>
      </trkpt>
      <trkpt lat="43.21957" lon="5.42253">
        <ele>218.9</ele>
      </trkpt>
      <trkpt lat="43.21952" lon="5.42256">
        <ele>218.3</ele>
      </trkpt>
      <trkpt lat="43.21947" lon="5.42258">
        <ele>217.9</ele>
      </trkpt>
      <trkpt lat="43.21942" lon="5.42265">
        <ele>217</ele>
      </trkpt>
      <trkpt lat="43.2194" lon="5.42272">
        <ele>216.7</ele>
      </trkpt>
      <trkpt lat="43.21937" lon="5.42279">
        <ele>216.3</ele>
      </trkpt>
      <trkpt lat="43.21934" lon="5.42286">
        <ele>214.9</ele>
      </trkpt>
      <trkpt lat="43.2193" lon="5.42293">
        <ele>214.2</ele>
      </trkpt>
      <trkpt lat="43.21927" lon="5.42298">
        <ele>213.9</ele>
      </trkpt>
      <trkpt lat="43.21924" lon="5.42302">
        <ele>213.9</ele>
      </trkpt>
      <trkpt lat="43.2192" lon="5.42307">
        <ele>214</ele>
      </trkpt>
      <trkpt lat="43.21917" lon="5.42311">
        <ele>213.4</ele>
      </trkpt>
      <trkpt lat="43.21912" lon="5.42319">
        <ele>212.2</ele>
      </trkpt>
      <trkpt lat="43.21906" lon="5.42324">
        <ele>211.8</ele>
      </trkpt>
      <trkpt lat="43.21899" lon="5.42328">
        <ele>212.3</ele>
      </trkpt>
      <trkpt lat="43.21895" lon="5.42337">
        <ele>213.6</ele>
      </trkpt>
      <trkpt lat="43.2189" lon="5.42345">
        <ele>215</ele>
      </trkpt>
      <trkpt lat="43.21887" lon="5.42352">
        <ele>215.8</ele>
      </trkpt>
      <trkpt lat="43.21883" lon="5.42358">
        <ele>216.7</ele>
      </trkpt>
      <trkpt lat="43.2188" lon="5.42366">
        <ele>217.9</ele>
      </trkpt>
      <trkpt lat="43.21876" lon="5.4237">
        <ele>218.7</ele>
      </trkpt>
      <trkpt lat="43.21871" lon="5.42373">
        <ele>219.6</ele>
      </trkpt>
      <trkpt lat="43.21867" lon="5.42377">
        <ele>220.7</ele>
      </trkpt>
      <trkpt lat="43.21863" lon="5.4238">
        <ele>221.9</ele>
      </trkpt>
      <trkpt lat="43.21858" lon="5.42384">
        <ele>222.5</ele>
      </trkpt>
      <trkpt lat="43.21854" lon="5.42387">
        <ele>223</ele>
      </trkpt>
      <trkpt lat="43.21849" lon="5.42391">
        <ele>223.4</ele>
      </trkpt>
      <trkpt lat="43.21845" lon="5.42394">
        <ele>223.8</ele>
      </trkpt>
      <trkpt lat="43.2184" lon="5.42401">
        <ele>224.8</ele>
      </trkpt>
      <trkpt lat="43.21834" lon="5.42407">
        <ele>225.9</ele>
      </trkpt>
      <trkpt lat="43.21831" lon="5.42412">
        <ele>226.6</ele>
      </trkpt>
      <trkpt lat="43.21828" lon="5.42417">
        <ele>227.3</ele>
      </trkpt>
      <trkpt lat="43.21824" lon="5.42421">
        <ele>227.7</ele>
      </trkpt>
      <trkpt lat="43.21821" lon="5.42426">
        <ele>228.2</ele>
      </trkpt>
      <trkpt lat="43.21817" lon="5.42431">
        <ele>228.6</ele>
      </trkpt>
      <trkpt lat="43.21811" lon="5.42437">
        <ele>229.1</ele>
      </trkpt>
      <trkpt lat="43.21804" lon="5.42444">
        <ele>229.5</ele>
      </trkpt>
      <trkpt lat="43.21798" lon="5.4245">
        <ele>229.2</ele>
      </trkpt>
      <trkpt lat="43.21791" lon="5.42456">
        <ele>229.2</ele>
      </trkpt>
      <trkpt lat="43.21785" lon="5.42463">
        <ele>229.6</ele>
      </trkpt>
      <trkpt lat="43.21779" lon="5.42469">
        <ele>230.3</ele>
      </trkpt>
      <trkpt lat="43.21773" lon="5.42478">
        <ele>231.3</ele>
      </trkpt>
      <trkpt lat="43.21767" lon="5.42486">
        <ele>232.1</ele>
      </trkpt>
      <trkpt lat="43.2176" lon="5.42495">
        <ele>233.5</ele>
      </trkpt>
      <trkpt lat="43.21754" lon="5.42503">
        <ele>234.5</ele>
      </trkpt>
      <trkpt lat="43.21747" lon="5.42511">
        <ele>234.2</ele>
      </trkpt>
      <trkpt lat="43.2174" lon="5.42515">
        <ele>235</ele>
      </trkpt>
      <trkpt lat="43.21732" lon="5.42518">
        <ele>236.2</ele>
      </trkpt>
      <trkpt lat="43.21727" lon="5.42522">
        <ele>237.4</ele>
      </trkpt>
      <trkpt lat="43.21722" lon="5.42526">
        <ele>238.8</ele>
      </trkpt>
      <trkpt lat="43.21717" lon="5.4253">
        <ele>238.3</ele>
      </trkpt>
      <trkpt lat="43.21712" lon="5.42534">
        <ele>237.8</ele>
      </trkpt>
      <trkpt lat="43.21711" lon="5.42534">
        <ele>237.8</ele>
      </trkpt>
      <trkpt lat="43.21705" lon="5.4254">
        <ele>238.1</ele>
      </trkpt>
      <trkpt lat="43.21701" lon="5.42545">
        <ele>238.9</ele>
      </trkpt>
      <trkpt lat="43.21697" lon="5.42549">
        <ele>240.2</ele>
      </trkpt>
      <trkpt lat="43.21692" lon="5.42554">
        <ele>241.7</ele>
      </trkpt>
      <trkpt lat="43.21688" lon="5.42558">
        <ele>242.1</ele>
      </trkpt>
      <trkpt lat="43.21691" lon="5.42552">
        <ele>241.3</ele>
      </trkpt>
      <trkpt lat="43.21694" lon="5.42545">
        <ele>239.7</ele>
      </trkpt>
      <trkpt lat="43.21695" lon="5.42537">
        <ele>238</ele>
      </trkpt>
      <trkpt lat="43.21698" lon="5.4253">
        <ele>236.8</ele>
      </trkpt>
      <trkpt lat="43.21701" lon="5.42519">
        <ele>234.7</ele>
      </trkpt>
      <trkpt lat="43.21704" lon="5.42507">
        <ele>232.8</ele>
      </trkpt>
      <trkpt lat="43.21705" lon="5.42499">
        <ele>231.5</ele>
      </trkpt>
      <trkpt lat="43.21706" lon="5.42492">
        <ele>230.4</ele>
      </trkpt>
      <trkpt lat="43.21707" lon="5.42485">
        <ele>229</ele>
      </trkpt>
      <trkpt lat="43.21707" lon="5.42477">
        <ele>227.6</ele>
      </trkpt>
      <trkpt lat="43.21708" lon="5.42466">
        <ele>226</ele>
      </trkpt>
      <trkpt lat="43.21708" lon="5.42455">
        <ele>224.5</ele>
      </trkpt>
      <trkpt lat="43.21708" lon="5.42444">
        <ele>222.9</ele>
      </trkpt>
      <trkpt lat="43.21708" lon="5.42434">
        <ele>222</ele>
      </trkpt>
      <trkpt lat="43.21707" lon="5.42426">
        <ele>221.2</ele>
      </trkpt>
      <trkpt lat="43.21707" lon="5.42417">
        <ele>220.5</ele>
      </trkpt>
      <trkpt lat="43.21706" lon="5.42409">
        <ele>219.7</ele>
      </trkpt>
      <trkpt lat="43.21705" lon="5.424">
        <ele>219</ele>
      </trkpt>
      <trkpt lat="43.21704" lon="5.42391">
        <ele>218.2</ele>
      </trkpt>
      <trkpt lat="43.21703" lon="5.42384">
        <ele>217.5</ele>
      </trkpt>
      <trkpt lat="43.21702" lon="5.42374">
        <ele>216.5</ele>
      </trkpt>
      <trkpt lat="43.21702" lon="5.42368">
        <ele>215.9</ele>
      </trkpt>
      <trkpt lat="43.21707" lon="5.42364">
        <ele>215.7</ele>
      </trkpt>
      <trkpt lat="43.21712" lon="5.42359">
        <ele>215.4</ele>
      </trkpt>
      <trkpt lat="43.21715" lon="5.42354">
        <ele>215</ele>
      </trkpt>
      <trkpt lat="43.21716" lon="5.42347">
        <ele>214.4</ele>
      </trkpt>
      <trkpt lat="43.21715" lon="5.4234">
        <ele>213.6</ele>
      </trkpt>
      <trkpt lat="43.21714" lon="5.42333">
        <ele>212.8</ele>
      </trkpt>
      <trkpt lat="43.21713" lon="5.42326">
        <ele>212.1</ele>
      </trkpt>
      <trkpt lat="43.21712" lon="5.42319">
        <ele>211.4</ele>
      </trkpt>
      <trkpt lat="43.21711" lon="5.42311">
        <ele>210.6</ele>
      </trkpt>
      <trkpt lat="43.21712" lon="5.42303">
        <ele>210</ele>
      </trkpt>
      <trkpt lat="43.21712" lon="5.42294">
        <ele>209.5</ele>
      </trkpt>
      <trkpt lat="43.21715" lon="5.42287">
        <ele>210.1</ele>
      </trkpt>
      <trkpt lat="43.21716" lon="5.4228">
        <ele>210.2</ele>
      </trkpt>
      <trkpt lat="43.21718" lon="5.42273">
        <ele>210.1</ele>
      </trkpt>
      <trkpt lat="43.21719" lon="5.42266">
        <ele>210</ele>
      </trkpt>
      <trkpt lat="43.21722" lon="5.42259">
        <ele>210.8</ele>
      </trkpt>
      <trkpt lat="43.21722" lon="5.42249">
        <ele>209.8</ele>
      </trkpt>
      <trkpt lat="43.21721" lon="5.42241">
        <ele>208.7</ele>
      </trkpt>
      <trkpt lat="43.2172" lon="5.42233">
        <ele>207.4</ele>
      </trkpt>
      <trkpt lat="43.21721" lon="5.42221">
        <ele>207.6</ele>
      </trkpt>
      <trkpt lat="43.21722" lon="5.42209">
        <ele>207.8</ele>
      </trkpt>
      <trkpt lat="43.21723" lon="5.42197">
        <ele>207.2</ele>
      </trkpt>
      <trkpt lat="43.21724" lon="5.42185">
        <ele>206.4</ele>
      </trkpt>
      <trkpt lat="43.21725" lon="5.42178">
        <ele>205.9</ele>
      </trkpt>
      <trkpt lat="43.21726" lon="5.42171">
        <ele>205.4</ele>
      </trkpt>
      <trkpt lat="43.21727" lon="5.42164">
        <ele>205.1</ele>
      </trkpt>
      <trkpt lat="43.21728" lon="5.42157">
        <ele>204.9</ele>
      </trkpt>
      <trkpt lat="43.21728" lon="5.42148">
        <ele>204.5</ele>
      </trkpt>
      <trkpt lat="43.21728" lon="5.42139">
        <ele>204.2</ele>
      </trkpt>
      <trkpt lat="43.21726" lon="5.42131">
        <ele>204.1</ele>
      </trkpt>
      <trkpt lat="43.21723" lon="5.42125">
        <ele>204</ele>
      </trkpt>
      <trkpt lat="43.2172" lon="5.42119">
        <ele>201.8</ele>
      </trkpt>
      <trkpt lat="43.21715" lon="5.42115">
        <ele>197.1</ele>
      </trkpt>
      <trkpt lat="43.2171" lon="5.42111">
        <ele>192.6</ele>
      </trkpt>
      <trkpt lat="43.21707" lon="5.42102">
        <ele>191.9</ele>
      </trkpt>
      <trkpt lat="43.21703" lon="5.42093">
        <ele>192.9</ele>
      </trkpt>
      <trkpt lat="43.21698" lon="5.42087">
        <ele>193.9</ele>
      </trkpt>
      <trkpt lat="43.21692" lon="5.4208">
        <ele>192.2</ele>
      </trkpt>
      <trkpt lat="43.21687" lon="5.42073">
        <ele>187.1</ele>
      </trkpt>
      <trkpt lat="43.21681" lon="5.42065">
        <ele>184</ele>
      </trkpt>
      <trkpt lat="43.21679" lon="5.42058">
        <ele>183.7</ele>
      </trkpt>
      <trkpt lat="43.21676" lon="5.4205">
        <ele>183.1</ele>
      </trkpt>
      <trkpt lat="43.21671" lon="5.42047">
        <ele>182.2</ele>
      </trkpt>
      <trkpt lat="43.21666" lon="5.42044">
        <ele>181.8</ele>
      </trkpt>
      <trkpt lat="43.21661" lon="5.42037">
        <ele>182.9</ele>
      </trkpt>
      <trkpt lat="43.21655" lon="5.42029">
        <ele>185.6</ele>
      </trkpt>
      <trkpt lat="43.21654" lon="5.42017">
        <ele>186</ele>
      </trkpt>
      <trkpt lat="43.21653" lon="5.42008">
        <ele>186.1</ele>
      </trkpt>
      <trkpt lat="43.2165" lon="5.42003">
        <ele>186.8</ele>
      </trkpt>
      <trkpt lat="43.21647" lon="5.41998">
        <ele>187.4</ele>
      </trkpt>
      <trkpt lat="43.21641" lon="5.41992">
        <ele>188.2</ele>
      </trkpt>
      <trkpt lat="43.21634" lon="5.41986">
        <ele>188.7</ele>
      </trkpt>
      <trkpt lat="43.21627" lon="5.41979">
        <ele>189</ele>
      </trkpt>
      <trkpt lat="43.21621" lon="5.41975">
        <ele>189.6</ele>
      </trkpt>
      <trkpt lat="43.21614" lon="5.4197">
        <ele>190.1</ele>
      </trkpt>
      <trkpt lat="43.21608" lon="5.4197">
        <ele>190.4</ele>
      </trkpt>
      <trkpt lat="43.21603" lon="5.41962">
        <ele>189.3</ele>
      </trkpt>
      <trkpt lat="43.21599" lon="5.41955">
        <ele>188.9</ele>
      </trkpt>
      <trkpt lat="43.21595" lon="5.41947">
        <ele>189</ele>
      </trkpt>
      <trkpt lat="43.21589" lon="5.41939">
        <ele>189.4</ele>
      </trkpt>
      <trkpt lat="43.21585" lon="5.41934">
        <ele>189.5</ele>
      </trkpt>
      <trkpt lat="43.21581" lon="5.41928">
        <ele>188.7</ele>
      </trkpt>
      <trkpt lat="43.21576" lon="5.41923">
        <ele>187.9</ele>
      </trkpt>
      <trkpt lat="43.21572" lon="5.41917">
        <ele>187.6</ele>
      </trkpt>
      <trkpt lat="43.2157" lon="5.41909">
        <ele>189</ele>
      </trkpt>
      <trkpt lat="43.21567" lon="5.419">
        <ele>190.9</ele>
      </trkpt>
      <trkpt lat="43.21565" lon="5.41889">
        <ele>193.9</ele>
      </trkpt>
      <trkpt lat="43.21563" lon="5.41878">
        <ele>195.4</ele>
      </trkpt>
      <trkpt lat="43.21564" lon="5.41866">
        <ele>196.1</ele>
      </trkpt>
      <trkpt lat="43.21566" lon="5.41856">
        <ele>196.8</ele>
      </trkpt>
      <trkpt lat="43.21565" lon="5.4185">
        <ele>197.7</ele>
      </trkpt>
      <trkpt lat="43.21564" lon="5.41843">
        <ele>198.6</ele>
      </trkpt>
      <trkpt lat="43.21565" lon="5.41833">
        <ele>199.8</ele>
      </trkpt>
      <trkpt lat="43.21566" lon="5.41822">
        <ele>201.2</ele>
      </trkpt>
      <trkpt lat="43.21568" lon="5.41811">
        <ele>202.7</ele>
      </trkpt>
      <trkpt lat="43.21569" lon="5.41806">
        <ele>203.4</ele>
      </trkpt>
      <trkpt lat="43.21572" lon="5.41802">
        <ele>203.9</ele>
      </trkpt>
      <trkpt lat="43.21577" lon="5.41799">
        <ele>204.4</ele>
      </trkpt>
      <trkpt lat="43.21581" lon="5.41796">
        <ele>204.9</ele>
      </trkpt>
      <trkpt lat="43.21586" lon="5.41793">
        <ele>205.5</ele>
      </trkpt>
      <trkpt lat="43.21593" lon="5.41791">
        <ele>205.9</ele>
      </trkpt>
      <trkpt lat="43.216" lon="5.41789">
        <ele>206.4</ele>
      </trkpt>
      <trkpt lat="43.21609" lon="5.41788">
        <ele>206.9</ele>
      </trkpt>
      <trkpt lat="43.21617" lon="5.41786">
        <ele>207</ele>
      </trkpt>
      <trkpt lat="43.21624" lon="5.41783">
        <ele>207.1</ele>
      </trkpt>
      <trkpt lat="43.21631" lon="5.4178">
        <ele>207.2</ele>
      </trkpt>
      <trkpt lat="43.21637" lon="5.41776">
        <ele>206.7</ele>
      </trkpt>
      <trkpt lat="43.21644" lon="5.41773">
        <ele>206.2</ele>
      </trkpt>
      <trkpt lat="43.21652" lon="5.4177">
        <ele>206.3</ele>
      </trkpt>
      <trkpt lat="43.21659" lon="5.41766">
        <ele>206.9</ele>
      </trkpt>
      <trkpt lat="43.21665" lon="5.41762">
        <ele>207.6</ele>
      </trkpt>
      <trkpt lat="43.2167" lon="5.41757">
        <ele>208.1</ele>
      </trkpt>
      <trkpt lat="43.21675" lon="5.41751">
        <ele>208.3</ele>
      </trkpt>
      <trkpt lat="43.21679" lon="5.41744">
        <ele>207.7</ele>
      </trkpt>
      <trkpt lat="43.21684" lon="5.41738">
        <ele>207.6</ele>
      </trkpt>
      <trkpt lat="43.21688" lon="5.41731">
        <ele>208.2</ele>
      </trkpt>
      <trkpt lat="43.21694" lon="5.41728">
        <ele>209.6</ele>
      </trkpt>
      <trkpt lat="43.21699" lon="5.41724">
        <ele>209.6</ele>
      </trkpt>
      <trkpt lat="43.21705" lon="5.41721">
        <ele>208.7</ele>
      </trkpt>
      <trkpt lat="43.2171" lon="5.41717">
        <ele>207.4</ele>
      </trkpt>
      <trkpt lat="43.21714" lon="5.41713">
        <ele>206.3</ele>
      </trkpt>
      <trkpt lat="43.21717" lon="5.41714">
        <ele>206.6</ele>
      </trkpt>
      <trkpt lat="43.21719" lon="5.41706">
        <ele>204.9</ele>
      </trkpt>
      <trkpt lat="43.21724" lon="5.41701">
        <ele>203.9</ele>
      </trkpt>
      <trkpt lat="43.21729" lon="5.41697">
        <ele>202.2</ele>
      </trkpt>
      <trkpt lat="43.21734" lon="5.41692">
        <ele>200.1</ele>
      </trkpt>
      <trkpt lat="43.21739" lon="5.41687">
        <ele>197.9</ele>
      </trkpt>
      <trkpt lat="43.21743" lon="5.41681">
        <ele>195.5</ele>
      </trkpt>
      <trkpt lat="43.21747" lon="5.41674">
        <ele>193.2</ele>
      </trkpt>
      <trkpt lat="43.21748" lon="5.41662">
        <ele>190.2</ele>
      </trkpt>
      <trkpt lat="43.21751" lon="5.41651">
        <ele>187.3</ele>
      </trkpt>
      <trkpt lat="43.21754" lon="5.4164">
        <ele>183.9</ele>
      </trkpt>
      <trkpt lat="43.21759" lon="5.41634">
        <ele>181.2</ele>
      </trkpt>
      <trkpt lat="43.2176" lon="5.41625">
        <ele>179.3</ele>
      </trkpt>
      <trkpt lat="43.21765" lon="5.41626">
        <ele>178.3</ele>
      </trkpt>
      <trkpt lat="43.2177" lon="5.41626">
        <ele>177.3</ele>
      </trkpt>
      <trkpt lat="43.21777" lon="5.41619">
        <ele>175.4</ele>
      </trkpt>
      <trkpt lat="43.21781" lon="5.41616">
        <ele>175.2</ele>
      </trkpt>
      <trkpt lat="43.21785" lon="5.41613">
        <ele>174.9</ele>
      </trkpt>
      <trkpt lat="43.21792" lon="5.4161">
        <ele>174.3</ele>
      </trkpt>
      <trkpt lat="43.21798" lon="5.41606">
        <ele>173.7</ele>
      </trkpt>
      <trkpt lat="43.21803" lon="5.41603">
        <ele>173.2</ele>
      </trkpt>
      <trkpt lat="43.21808" lon="5.416">
        <ele>172.4</ele>
      </trkpt>
      <trkpt lat="43.21813" lon="5.41597">
        <ele>171.3</ele>
      </trkpt>
      <trkpt lat="43.21818" lon="5.41594">
        <ele>170.2</ele>
      </trkpt>
      <trkpt lat="43.21815" lon="5.41587">
        <ele>170</ele>
      </trkpt>
      <trkpt lat="43.21809" lon="5.41587">
        <ele>170.9</ele>
      </trkpt>
      <trkpt lat="43.21804" lon="5.41587">
        <ele>171.4</ele>
      </trkpt>
      <trkpt lat="43.21798" lon="5.41587">
        <ele>171.4</ele>
      </trkpt>
      <trkpt lat="43.21792" lon="5.41587">
        <ele>171.5</ele>
      </trkpt>
      <trkpt lat="43.21784" lon="5.41583">
        <ele>171</ele>
      </trkpt>
      <trkpt lat="43.21776" lon="5.41579">
        <ele>171.2</ele>
      </trkpt>
      <trkpt lat="43.21771" lon="5.41574">
        <ele>170.8</ele>
      </trkpt>
      <trkpt lat="43.21766" lon="5.41567">
        <ele>169.5</ele>
      </trkpt>
      <trkpt lat="43.21762" lon="5.4156">
        <ele>167.3</ele>
      </trkpt>
      <trkpt lat="43.21757" lon="5.41553">
        <ele>165</ele>
      </trkpt>
      <trkpt lat="43.21752" lon="5.41546">
        <ele>163.6</ele>
      </trkpt>
      <trkpt lat="43.21748" lon="5.41542">
        <ele>162.4</ele>
      </trkpt>
      <trkpt lat="43.21743" lon="5.41538">
        <ele>161.4</ele>
      </trkpt>
      <trkpt lat="43.21738" lon="5.41537">
        <ele>159.8</ele>
      </trkpt>
      <trkpt lat="43.21733" lon="5.41537">
        <ele>158.2</ele>
      </trkpt>
      <trkpt lat="43.21727" lon="5.41536">
        <ele>156.4</ele>
      </trkpt>
      <trkpt lat="43.21722" lon="5.41535">
        <ele>154.5</ele>
      </trkpt>
      <trkpt lat="43.21717" lon="5.41533">
        <ele>152.5</ele>
      </trkpt>
      <trkpt lat="43.21712" lon="5.41531">
        <ele>150.5</ele>
      </trkpt>
      <trkpt lat="43.21708" lon="5.41532">
        <ele>149.7</ele>
      </trkpt>
      <trkpt lat="43.21703" lon="5.41534">
        <ele>148.8</ele>
      </trkpt>
      <trkpt lat="43.21699" lon="5.41535">
        <ele>147.9</ele>
      </trkpt>
      <trkpt lat="43.21694" lon="5.41536">
        <ele>147</ele>
      </trkpt>
      <trkpt lat="43.2169" lon="5.41538">
        <ele>146.6</ele>
      </trkpt>
      <trkpt lat="43.21685" lon="5.41539">
        <ele>146.1</ele>
      </trkpt>
      <trkpt lat="43.21677" lon="5.41543">
        <ele>145.2</ele>
      </trkpt>
      <trkpt lat="43.21668" lon="5.41547">
        <ele>144.1</ele>
      </trkpt>
      <trkpt lat="43.2166" lon="5.4155">
        <ele>143.4</ele>
      </trkpt>
      <trkpt lat="43.21655" lon="5.41551">
        <ele>142.9</ele>
      </trkpt>
      <trkpt lat="43.21651" lon="5.41552">
        <ele>142.3</ele>
      </trkpt>
      <trkpt lat="43.21646" lon="5.41552">
        <ele>141.8</ele>
      </trkpt>
      <trkpt lat="43.21641" lon="5.41553">
        <ele>141.2</ele>
      </trkpt>
      <trkpt lat="43.21633" lon="5.41553">
        <ele>141.2</ele>
      </trkpt>
      <trkpt lat="43.21625" lon="5.41553">
        <ele>141.6</ele>
      </trkpt>
      <trkpt lat="43.21619" lon="5.41551">
        <ele>141.6</ele>
      </trkpt>
      <trkpt lat="43.21613" lon="5.41549">
        <ele>141.3</ele>
      </trkpt>
      <trkpt lat="43.21606" lon="5.4155">
        <ele>140.6</ele>
      </trkpt>
      <trkpt lat="43.21598" lon="5.4155">
        <ele>139.7</ele>
      </trkpt>
      <trkpt lat="43.21592" lon="5.4155">
        <ele>138.7</ele>
      </trkpt>
      <trkpt lat="43.21586" lon="5.41549">
        <ele>137.6</ele>
      </trkpt>
      <trkpt lat="43.21582" lon="5.41551">
        <ele>137.2</ele>
      </trkpt>
      <trkpt lat="43.21577" lon="5.41552">
        <ele>136.2</ele>
      </trkpt>
      <trkpt lat="43.21573" lon="5.41555">
        <ele>135.7</ele>
      </trkpt>
      <trkpt lat="43.21568" lon="5.41561">
        <ele>133.5</ele>
      </trkpt>
      <trkpt lat="43.21565" lon="5.41566">
        <ele>131.6</ele>
      </trkpt>
      <trkpt lat="43.21562" lon="5.41571">
        <ele>129.5</ele>
      </trkpt>
      <trkpt lat="43.21562" lon="5.41579">
        <ele>128.5</ele>
      </trkpt>
      <trkpt lat="43.21563" lon="5.41584">
        <ele>128.4</ele>
      </trkpt>
      <trkpt lat="43.2156" lon="5.41589">
        <ele>124.9</ele>
      </trkpt>
      <trkpt lat="43.21556" lon="5.41593">
        <ele>121.2</ele>
      </trkpt>
      <trkpt lat="43.21555" lon="5.41602">
        <ele>117.8</ele>
      </trkpt>
      <trkpt lat="43.21555" lon="5.41611">
        <ele>114.9</ele>
      </trkpt>
      <trkpt lat="43.21554" lon="5.41619">
        <ele>115.6</ele>
      </trkpt>
      <trkpt lat="43.21546" lon="5.41623">
        <ele>113.6</ele>
      </trkpt>
      <trkpt lat="43.21538" lon="5.41623">
        <ele>111</ele>
      </trkpt>
      <trkpt lat="43.2153" lon="5.41623">
        <ele>108.4</ele>
      </trkpt>
      <trkpt lat="43.21522" lon="5.41622">
        <ele>106.1</ele>
      </trkpt>
      <trkpt lat="43.21514" lon="5.41622">
        <ele>103.9</ele>
      </trkpt>
      <trkpt lat="43.21507" lon="5.41621">
        <ele>101.6</ele>
      </trkpt>
      <trkpt lat="43.21501" lon="5.41617">
        <ele>97.9</ele>
      </trkpt>
      <trkpt lat="43.21495" lon="5.41612">
        <ele>94.7</ele>
      </trkpt>
      <trkpt lat="43.21487" lon="5.41611">
        <ele>93.1</ele>
      </trkpt>
      <trkpt lat="43.21483" lon="5.41611">
        <ele>92.4</ele>
      </trkpt>
      <trkpt lat="43.21478" lon="5.4161">
        <ele>91.6</ele>
      </trkpt>
      <trkpt lat="43.21472" lon="5.41609">
        <ele>90.4</ele>
      </trkpt>
      <trkpt lat="43.21467" lon="5.41608">
        <ele>90.4</ele>
      </trkpt>
      <trkpt lat="43.21461" lon="5.41606">
        <ele>90.3</ele>
      </trkpt>
      <trkpt lat="43.21455" lon="5.41605">
        <ele>90</ele>
      </trkpt>
      <trkpt lat="43.21449" lon="5.41603">
        <ele>89.2</ele>
      </trkpt>
      <trkpt lat="43.21443" lon="5.416">
        <ele>88.1</ele>
      </trkpt>
      <trkpt lat="43.21436" lon="5.41602">
        <ele>87.9</ele>
      </trkpt>
      <trkpt lat="43.21432" lon="5.41604">
        <ele>87.7</ele>
      </trkpt>
      <trkpt lat="43.21427" lon="5.41609">
        <ele>87.2</ele>
      </trkpt>
      <trkpt lat="43.21422" lon="5.41614">
        <ele>85.8</ele>
      </trkpt>
      <trkpt lat="43.21417" lon="5.41623">
        <ele>84.1</ele>
      </trkpt>
      <trkpt lat="43.2141" lon="5.41628">
        <ele>81.5</ele>
      </trkpt>
      <trkpt lat="43.21407" lon="5.41633">
        <ele>80.3</ele>
      </trkpt>
      <trkpt lat="43.21405" lon="5.41641">
        <ele>79.3</ele>
      </trkpt>
      <trkpt lat="43.21401" lon="5.41645">
        <ele>77.5</ele>
      </trkpt>
      <trkpt lat="43.21397" lon="5.41649">
        <ele>75.5</ele>
      </trkpt>
      <trkpt lat="43.21393" lon="5.41653">
        <ele>73.4</ele>
      </trkpt>
      <trkpt lat="43.21389" lon="5.41657">
        <ele>71.1</ele>
      </trkpt>
      <trkpt lat="43.21384" lon="5.41663">
        <ele>68.4</ele>
      </trkpt>
      <trkpt lat="43.21379" lon="5.41672">
        <ele>66.2</ele>
      </trkpt>
      <trkpt lat="43.21378" lon="5.41679">
        <ele>66</ele>
      </trkpt>
      <trkpt lat="43.21375" lon="5.41686">
        <ele>64.8</ele>
      </trkpt>
      <trkpt lat="43.21369" lon="5.41692">
        <ele>62.4</ele>
      </trkpt>
      <trkpt lat="43.21363" lon="5.41698">
        <ele>60.6</ele>
      </trkpt>
      <trkpt lat="43.21358" lon="5.41704">
        <ele>59.7</ele>
      </trkpt>
      <trkpt lat="43.21353" lon="5.41711">
        <ele>59</ele>
      </trkpt>
      <trkpt lat="43.21347" lon="5.41718">
        <ele>58.7</ele>
      </trkpt>
      <trkpt lat="43.21341" lon="5.41723">
        <ele>57.8</ele>
      </trkpt>
      <trkpt lat="43.21334" lon="5.41728">
        <ele>56.7</ele>
      </trkpt>
      <trkpt lat="43.21327" lon="5.41732">
        <ele>55.6</ele>
      </trkpt>
      <trkpt lat="43.21322" lon="5.41738">
        <ele>55.1</ele>
      </trkpt>
      <trkpt lat="43.21319" lon="5.41746">
        <ele>55</ele>
      </trkpt>
      <trkpt lat="43.21315" lon="5.41754">
        <ele>54</ele>
      </trkpt>
      <trkpt lat="43.21313" lon="5.41761">
        <ele>53.1</ele>
      </trkpt>
      <trkpt lat="43.21311" lon="5.41768">
        <ele>52.2</ele>
      </trkpt>
      <trkpt lat="43.2131" lon="5.41779">
        <ele>51.6</ele>
      </trkpt>
      <trkpt lat="43.2131" lon="5.41786">
        <ele>50.6</ele>
      </trkpt>
      <trkpt lat="43.2131" lon="5.41792">
        <ele>49.7</ele>
      </trkpt>
      <trkpt lat="43.21307" lon="5.41797">
        <ele>47.7</ele>
      </trkpt>
      <trkpt lat="43.21303" lon="5.41801">
        <ele>46.1</ele>
      </trkpt>
      <trkpt lat="43.21299" lon="5.41802">
        <ele>45</ele>
      </trkpt>
      <trkpt lat="43.21298" lon="5.41805">
        <ele>44.4</ele>
      </trkpt>
      <trkpt lat="43.21298" lon="5.41814">
        <ele>43</ele>
      </trkpt>
      <trkpt lat="43.21292" lon="5.41819">
        <ele>40.7</ele>
      </trkpt>
      <trkpt lat="43.21287" lon="5.41825">
        <ele>38.2</ele>
      </trkpt>
      <trkpt lat="43.21281" lon="5.4183">
        <ele>35.6</ele>
      </trkpt>
      <trkpt lat="43.21275" lon="5.41835">
        <ele>33.4</ele>
      </trkpt>
      <trkpt lat="43.21271" lon="5.41839">
        <ele>32.3</ele>
      </trkpt>
      <trkpt lat="43.21267" lon="5.41845">
        <ele>31</ele>
      </trkpt>
      <trkpt lat="43.21262" lon="5.4185">
        <ele>29.6</ele>
      </trkpt>
      <trkpt lat="43.21256" lon="5.41855">
        <ele>27.9</ele>
      </trkpt>
      <trkpt lat="43.2125" lon="5.41858">
        <ele>26.3</ele>
      </trkpt>
      <trkpt lat="43.21243" lon="5.41861">
        <ele>25</ele>
      </trkpt>
      <trkpt lat="43.21237" lon="5.41864">
        <ele>24.8</ele>
      </trkpt>
      <trkpt lat="43.2123" lon="5.41867">
        <ele>24.6</ele>
      </trkpt>
      <trkpt lat="43.21223" lon="5.41871">
        <ele>24.3</ele>
      </trkpt>
      <trkpt lat="43.21217" lon="5.41875">
        <ele>24.2</ele>
      </trkpt>
      <trkpt lat="43.2121" lon="5.41879">
        <ele>23.9</ele>
      </trkpt>
      <trkpt lat="43.21203" lon="5.41883">
        <ele>23.6</ele>
      </trkpt>
      <trkpt lat="43.21195" lon="5.41887">
        <ele>22.8</ele>
      </trkpt>
      <trkpt lat="43.21191" lon="5.41891">
        <ele>22.9</ele>
      </trkpt>
      <trkpt lat="43.21186" lon="5.41894">
        <ele>22.8</ele>
      </trkpt>
      <trkpt lat="43.21184" lon="5.41896">
        <ele>22.8</ele>
      </trkpt>
      <trkpt lat="43.21179" lon="5.419">
        <ele>22.6</ele>
      </trkpt>
      <trkpt lat="43.21173" lon="5.41904">
        <ele>22.2</ele>
      </trkpt>
      <trkpt lat="43.21168" lon="5.41908">
        <ele>21.9</ele>
      </trkpt>
      <trkpt lat="43.21167" lon="5.41908">
        <ele>21.7</ele>
      </trkpt>
      <trkpt lat="43.21159" lon="5.41911">
        <ele>20.7</ele>
      </trkpt>
      <trkpt lat="43.21155" lon="5.41913">
        <ele>20.2</ele>
      </trkpt>
      <trkpt lat="43.21152" lon="5.41915">
        <ele>19.9</ele>
      </trkpt>
      <trkpt lat="43.21149" lon="5.41919">
        <ele>19.3</ele>
      </trkpt>
      <trkpt lat="43.21145" lon="5.41924">
        <ele>18.7</ele>
      </trkpt>
      <trkpt lat="43.21142" lon="5.41928">
        <ele>18</ele>
      </trkpt>
      <trkpt lat="43.21139" lon="5.41933">
        <ele>17.4</ele>
      </trkpt>
      <trkpt lat="43.21135" lon="5.41937">
        <ele>16.9</ele>
      </trkpt>
      <trkpt lat="43.21132" lon="5.41941">
        <ele>16.3</ele>
      </trkpt>
      <trkpt lat="43.21128" lon="5.41946">
        <ele>15.9</ele>
      </trkpt>
      <trkpt lat="43.21125" lon="5.4195">
        <ele>15.4</ele>
      </trkpt>
      <trkpt lat="43.21121" lon="5.41945">
        <ele>15.1</ele>
      </trkpt>
      <trkpt lat="43.21117" lon="5.41941">
        <ele>14.8</ele>
      </trkpt>
      <trkpt lat="43.21116" lon="5.41951">
        <ele>14.3</ele>
      </trkpt>
      <trkpt lat="43.21114" lon="5.41958">
        <ele>13.8</ele>
      </trkpt>
      <trkpt lat="43.21111" lon="5.41965">
        <ele>13.3</ele>
      </trkpt>
      <trkpt lat="43.21109" lon="5.41971">
        <ele>13</ele>
      </trkpt>
      <trkpt lat="43.21106" lon="5.41978">
        <ele>12.7</ele>
      </trkpt>
      <trkpt lat="43.21103" lon="5.41983">
        <ele>12.4</ele>
      </trkpt>
      <trkpt lat="43.211" lon="5.41989">
        <ele>11.9</ele>
      </trkpt>
      <trkpt lat="43.21096" lon="5.41994">
        <ele>11.4</ele>
      </trkpt>
      <trkpt lat="43.21093" lon="5.41999">
        <ele>10.8</ele>
      </trkpt>
      <trkpt lat="43.2109" lon="5.42008">
        <ele>10.3</ele>
      </trkpt>
      <trkpt lat="43.21087" lon="5.42016">
        <ele>9.8</ele>
      </trkpt>
      <trkpt lat="43.21083" lon="5.42021">
        <ele>9.2</ele>
      </trkpt>
      <trkpt lat="43.21081" lon="5.4203">
        <ele>8.7</ele>
      </trkpt>
      <trkpt lat="43.21079" lon="5.42038">
        <ele>7.4</ele>
      </trkpt>
      <trkpt lat="43.21076" lon="5.42047">
        <ele>6.2</ele>
      </trkpt>
      <trkpt lat="43.21074" lon="5.42055">
        <ele>5.1</ele>
      </trkpt>
      <trkpt lat="43.2107" lon="5.42058">
        <ele>4.6</ele>
      </trkpt>
      <trkpt lat="43.21062" lon="5.42061">
        <ele>4.2</ele>
      </trkpt>
      <trkpt lat="43.21056" lon="5.42056">
        <ele>4.9</ele>
      </trkpt>
      <trkpt lat="43.21051" lon="5.42051">
        <ele>8</ele>
      </trkpt>
      <trkpt lat="43.21045" lon="5.42046">
        <ele>8</ele>
      </trkpt>
      <trkpt lat="43.2104" lon="5.42041">
        <ele>8</ele>
      </trkpt>
      <trkpt lat="43.21034" lon="5.42036">
        <ele>8</ele>
      </trkpt>
      <trkpt lat="43.21028" lon="5.42031">
        <ele>8</ele>
      </trkpt>
      <trkpt lat="43.21023" lon="5.42026">
        <ele>3.63</ele>
      </trkpt>
      <trkpt lat="43.21017" lon="5.42021">
        <ele>3.22</ele>
      </trkpt>
      <trkpt lat="43.21017" lon="5.42012">
        <ele>3.22</ele>
      </trkpt>
      <trkpt lat="43.21021" lon="5.42009">
        <ele>3.51</ele>
      </trkpt>
      <trkpt lat="43.21025" lon="5.42005">
        <ele>3.8</ele>
      </trkpt>
      <trkpt lat="43.21022" lon="5.42005">
        <ele>3.58</ele>
      </trkpt>
      <trkpt lat="43.21018" lon="5.42001">
        <ele>3.3</ele>
      </trkpt>
      <trkpt lat="43.21014" lon="5.41996">
        <ele>3</ele>
      </trkpt>
      <trkpt lat="43.2101" lon="5.41992">
        <ele>2.8</ele>
      </trkpt>
      <trkpt lat="43.21006" lon="5.41987">
        <ele>2.7</ele>
      </trkpt>
      <trkpt lat="43.21006" lon="5.41979">
        <ele>2.9</ele>
      </trkpt>
      <trkpt lat="43.21012" lon="5.4197">
        <ele>3.3</ele>
      </trkpt>
      <trkpt lat="43.21018" lon="5.41961">
        <ele>3.9</ele>
      </trkpt>
      <trkpt lat="43.21023" lon="5.41952">
        <ele>3.7</ele>
      </trkpt>
      <trkpt lat="43.21029" lon="5.41943">
        <ele>3.3</ele>
      </trkpt>
      <trkpt lat="43.21032" lon="5.41938">
        <ele>4</ele>
      </trkpt>
      <trkpt lat="43.21035" lon="5.41932">
        <ele>4.6</ele>
      </trkpt>
      <trkpt lat="43.21038" lon="5.41927">
        <ele>5.1</ele>
      </trkpt>
      <trkpt lat="43.21041" lon="5.41922">
        <ele>5.4</ele>
      </trkpt>
      <trkpt lat="43.21043" lon="5.41916">
        <ele>5.7</ele>
      </trkpt>
      <trkpt lat="43.21046" lon="5.41911">
        <ele>6.1</ele>
      </trkpt>
      <trkpt lat="43.21049" lon="5.41905">
        <ele>6.2</ele>
      </trkpt>
      <trkpt lat="43.21052" lon="5.419">
        <ele>6</ele>
      </trkpt>
      <trkpt lat="43.21057" lon="5.41895">
        <ele>5.6</ele>
      </trkpt>
      <trkpt lat="43.21063" lon="5.41889">
        <ele>5.8</ele>
      </trkpt>
      <trkpt lat="43.21068" lon="5.41884">
        <ele>6.6</ele>
      </trkpt>
      <trkpt lat="43.21073" lon="5.41878">
        <ele>7</ele>
      </trkpt>
      <trkpt lat="43.21076" lon="5.41873">
        <ele>7</ele>
      </trkpt>
      <trkpt lat="43.21081" lon="5.41869">
        <ele>6.7</ele>
      </trkpt>
      <trkpt lat="43.21086" lon="5.41864">
        <ele>6.5</ele>
      </trkpt>
      <trkpt lat="43.2109" lon="5.4186">
        <ele>6.8</ele>
      </trkpt>
      <trkpt lat="43.21095" lon="5.41855">
        <ele>7.2</ele>
      </trkpt>
      <trkpt lat="43.21099" lon="5.41851">
        <ele>7.4</ele>
      </trkpt>
      <trkpt lat="43.21103" lon="5.41847">
        <ele>7.5</ele>
      </trkpt>
      <trkpt lat="43.21106" lon="5.41843">
        <ele>7.5</ele>
      </trkpt>
      <trkpt lat="43.2111" lon="5.41839">
        <ele>7.3</ele>
      </trkpt>
      <trkpt lat="43.21114" lon="5.41834">
        <ele>7.5</ele>
      </trkpt>
      <trkpt lat="43.21118" lon="5.4183">
        <ele>8.4</ele>
      </trkpt>
      <trkpt lat="43.21121" lon="5.41826">
        <ele>9.2</ele>
      </trkpt>
      <trkpt lat="43.21125" lon="5.41822">
        <ele>9.7</ele>
      </trkpt>
      <trkpt lat="43.2113" lon="5.41817">
        <ele>9.9</ele>
      </trkpt>
      <trkpt lat="43.21134" lon="5.41812">
        <ele>9.8</ele>
      </trkpt>
      <trkpt lat="43.21139" lon="5.41807">
        <ele>9.2</ele>
      </trkpt>
      <trkpt lat="43.21143" lon="5.41802">
        <ele>10</ele>
      </trkpt>
      <trkpt lat="43.2115" lon="5.41801">
        <ele>11</ele>
      </trkpt>
      <trkpt lat="43.21156" lon="5.41799">
        <ele>11.9</ele>
      </trkpt>
      <trkpt lat="43.21164" lon="5.41801">
        <ele>13.1</ele>
      </trkpt>
      <trkpt lat="43.21171" lon="5.41803">
        <ele>14.5</ele>
      </trkpt>
      <trkpt lat="43.21172" lon="5.41802">
        <ele>14.6</ele>
      </trkpt>
      <trkpt lat="43.21174" lon="5.41802">
        <ele>15</ele>
      </trkpt>
      <trkpt lat="43.21175" lon="5.41792">
        <ele>14.4</ele>
      </trkpt>
      <trkpt lat="43.21176" lon="5.41781">
        <ele>13.9</ele>
      </trkpt>
      <trkpt lat="43.21176" lon="5.41779">
        <ele>13.8</ele>
      </trkpt>
      <trkpt lat="43.21178" lon="5.41772">
        <ele>14.2</ele>
      </trkpt>
      <trkpt lat="43.2118" lon="5.41765">
        <ele>14.5</ele>
      </trkpt>
      <trkpt lat="43.21181" lon="5.41758">
        <ele>14.8</ele>
      </trkpt>
      <trkpt lat="43.21183" lon="5.41751">
        <ele>15.1</ele>
      </trkpt>
      <trkpt lat="43.21185" lon="5.41744">
        <ele>15.6</ele>
      </trkpt>
      <trkpt lat="43.21188" lon="5.41735">
        <ele>16</ele>
      </trkpt>
      <trkpt lat="43.2119" lon="5.41726">
        <ele>16</ele>
      </trkpt>
      <trkpt lat="43.21192" lon="5.41719">
        <ele>15.8</ele>
      </trkpt>
      <trkpt lat="43.21194" lon="5.41711">
        <ele>15.2</ele>
      </trkpt>
      <trkpt lat="43.21197" lon="5.41705">
        <ele>15.2</ele>
      </trkpt>
      <trkpt lat="43.21199" lon="5.41698">
        <ele>15.1</ele>
      </trkpt>
      <trkpt lat="43.21204" lon="5.41689">
        <ele>15.9</ele>
      </trkpt>
      <trkpt lat="43.21207" lon="5.41682">
        <ele>16.7</ele>
      </trkpt>
      <trkpt lat="43.2121" lon="5.41675">
        <ele>17.5</ele>
      </trkpt>
      <trkpt lat="43.21213" lon="5.41668">
        <ele>18.3</ele>
      </trkpt>
      <trkpt lat="43.21216" lon="5.41661">
        <ele>18.5</ele>
      </trkpt>
      <trkpt lat="43.21221" lon="5.41655">
        <ele>18.6</ele>
      </trkpt>
      <trkpt lat="43.21225" lon="5.41649">
        <ele>18.8</ele>
      </trkpt>
      <trkpt lat="43.21231" lon="5.41643">
        <ele>20.1</ele>
      </trkpt>
      <trkpt lat="43.21236" lon="5.41638">
        <ele>21.4</ele>
      </trkpt>
      <trkpt lat="43.21241" lon="5.41633">
        <ele>22.5</ele>
      </trkpt>
      <trkpt lat="43.21246" lon="5.41625">
        <ele>22.7</ele>
      </trkpt>
      <trkpt lat="43.2125" lon="5.41616">
        <ele>21.8</ele>
      </trkpt>
      <trkpt lat="43.21253" lon="5.41607">
        <ele>22.1</ele>
      </trkpt>
      <trkpt lat="43.21257" lon="5.41597">
        <ele>23.2</ele>
      </trkpt>
      <trkpt lat="43.2126" lon="5.41588">
        <ele>24.2</ele>
      </trkpt>
      <trkpt lat="43.21264" lon="5.4158">
        <ele>25.5</ele>
      </trkpt>
      <trkpt lat="43.21268" lon="5.41571">
        <ele>26.6</ele>
      </trkpt>
      <trkpt lat="43.2127" lon="5.41564">
        <ele>26.6</ele>
      </trkpt>
      <trkpt lat="43.21271" lon="5.41556">
        <ele>26.3</ele>
      </trkpt>
      <trkpt lat="43.21271" lon="5.4155">
        <ele>26.2</ele>
      </trkpt>
      <trkpt lat="43.21271" lon="5.41543">
        <ele>26.1</ele>
      </trkpt>
      <trkpt lat="43.21275" lon="5.41537">
        <ele>25.8</ele>
      </trkpt>
      <trkpt lat="43.21279" lon="5.41531">
        <ele>25.6</ele>
      </trkpt>
      <trkpt lat="43.21282" lon="5.41525">
        <ele>26.2</ele>
      </trkpt>
      <trkpt lat="43.21284" lon="5.41519">
        <ele>26.8</ele>
      </trkpt>
      <trkpt lat="43.21288" lon="5.41514">
        <ele>27.2</ele>
      </trkpt>
      <trkpt lat="43.21291" lon="5.41508">
        <ele>27.3</ele>
      </trkpt>
      <trkpt lat="43.21295" lon="5.41503">
        <ele>26.9</ele>
      </trkpt>
      <trkpt lat="43.21298" lon="5.41497">
        <ele>27</ele>
      </trkpt>
      <trkpt lat="43.213" lon="5.4149">
        <ele>27.7</ele>
      </trkpt>
      <trkpt lat="43.21302" lon="5.41483">
        <ele>28.3</ele>
      </trkpt>
      <trkpt lat="43.21302" lon="5.41475">
        <ele>29</ele>
      </trkpt>
      <trkpt lat="43.21307" lon="5.41465">
        <ele>30.1</ele>
      </trkpt>
      <trkpt lat="43.21311" lon="5.41455">
        <ele>32</ele>
      </trkpt>
      <trkpt lat="43.21316" lon="5.41446">
        <ele>34.3</ele>
      </trkpt>
      <trkpt lat="43.21321" lon="5.41436">
        <ele>35.7</ele>
      </trkpt>
      <trkpt lat="43.21326" lon="5.41427">
        <ele>36.3</ele>
      </trkpt>
      <trkpt lat="43.21331" lon="5.41417">
        <ele>36.2</ele>
      </trkpt>
      <trkpt lat="43.21335" lon="5.4141">
        <ele>37.7</ele>
      </trkpt>
      <trkpt lat="43.2134" lon="5.41402">
        <ele>39.7</ele>
      </trkpt>
      <trkpt lat="43.21344" lon="5.41395">
        <ele>41.6</ele>
      </trkpt>
      <trkpt lat="43.21348" lon="5.41387">
        <ele>43.4</ele>
      </trkpt>
      <trkpt lat="43.21352" lon="5.41381">
        <ele>44.5</ele>
      </trkpt>
      <trkpt lat="43.21355" lon="5.41374">
        <ele>45.1</ele>
      </trkpt>
      <trkpt lat="43.2136" lon="5.41367">
        <ele>45.1</ele>
      </trkpt>
      <trkpt lat="43.21364" lon="5.41359">
        <ele>47.2</ele>
      </trkpt>
      <trkpt lat="43.2137" lon="5.41353">
        <ele>51.5</ele>
      </trkpt>
      <trkpt lat="43.21373" lon="5.41348">
        <ele>53.6</ele>
      </trkpt>
      <trkpt lat="43.21375" lon="5.41342">
        <ele>55.3</ele>
      </trkpt>
      <trkpt lat="43.21376" lon="5.4133">
        <ele>57.1</ele>
      </trkpt>
      <trkpt lat="43.21376" lon="5.41318">
        <ele>58.7</ele>
      </trkpt>
      <trkpt lat="43.21378" lon="5.41311">
        <ele>59.6</ele>
      </trkpt>
      <trkpt lat="43.21379" lon="5.41304">
        <ele>60.3</ele>
      </trkpt>
      <trkpt lat="43.21381" lon="5.41297">
        <ele>61.1</ele>
      </trkpt>
      <trkpt lat="43.21382" lon="5.4129">
        <ele>61.8</ele>
      </trkpt>
      <trkpt lat="43.21384" lon="5.41283">
        <ele>62.4</ele>
      </trkpt>
      <trkpt lat="43.2139" lon="5.41274">
        <ele>63.7</ele>
      </trkpt>
      <trkpt lat="43.21395" lon="5.41271">
        <ele>66.2</ele>
      </trkpt>
      <trkpt lat="43.214" lon="5.41265">
        <ele>68.8</ele>
      </trkpt>
      <trkpt lat="43.21404" lon="5.41259">
        <ele>70.9</ele>
      </trkpt>
      <trkpt lat="43.21408" lon="5.41253">
        <ele>72.3</ele>
      </trkpt>
      <trkpt lat="43.21411" lon="5.41246">
        <ele>73.9</ele>
      </trkpt>
      <trkpt lat="43.21415" lon="5.4124">
        <ele>75.7</ele>
      </trkpt>
      <trkpt lat="43.21418" lon="5.41233">
        <ele>77.5</ele>
      </trkpt>
      <trkpt lat="43.21422" lon="5.41229">
        <ele>79</ele>
      </trkpt>
      <trkpt lat="43.21421" lon="5.4122">
        <ele>81.3</ele>
      </trkpt>
      <trkpt lat="43.21421" lon="5.41217">
        <ele>82.5</ele>
      </trkpt>
      <trkpt lat="43.21423" lon="5.41214">
        <ele>83.8</ele>
      </trkpt>
      <trkpt lat="43.21425" lon="5.41211">
        <ele>85.1</ele>
      </trkpt>
      <trkpt lat="43.21427" lon="5.412">
        <ele>89.5</ele>
      </trkpt>
      <trkpt lat="43.21428" lon="5.41188">
        <ele>94</ele>
      </trkpt>
      <trkpt lat="43.21432" lon="5.41177">
        <ele>98</ele>
      </trkpt>
      <trkpt lat="43.21437" lon="5.4117">
        <ele>100</ele>
      </trkpt>
      <trkpt lat="43.21442" lon="5.41167">
        <ele>100.5</ele>
      </trkpt>
      <trkpt lat="43.21446" lon="5.41163">
        <ele>100.3</ele>
      </trkpt>
      <trkpt lat="43.2145" lon="5.41164">
        <ele>99.7</ele>
      </trkpt>
      <trkpt lat="43.21453" lon="5.41156">
        <ele>100.8</ele>
      </trkpt>
      <trkpt lat="43.21455" lon="5.41153">
        <ele>101.2</ele>
      </trkpt>
      <trkpt lat="43.21455" lon="5.41144">
        <ele>103</ele>
      </trkpt>
      <trkpt lat="43.21457" lon="5.41141">
        <ele>103.6</ele>
      </trkpt>
      <trkpt lat="43.21461" lon="5.4114">
        <ele>103.7</ele>
      </trkpt>
      <trkpt lat="43.21463" lon="5.41136">
        <ele>104.6</ele>
      </trkpt>
      <trkpt lat="43.21465" lon="5.4113">
        <ele>105.6</ele>
      </trkpt>
      <trkpt lat="43.21471" lon="5.41124">
        <ele>106.2</ele>
      </trkpt>
      <trkpt lat="43.21472" lon="5.41117">
        <ele>107.2</ele>
      </trkpt>
      <trkpt lat="43.21476" lon="5.41115">
        <ele>108.4</ele>
      </trkpt>
      <trkpt lat="43.21476" lon="5.41111">
        <ele>109.1</ele>
      </trkpt>
      <trkpt lat="43.21476" lon="5.41108">
        <ele>109.4</ele>
      </trkpt>
      <trkpt lat="43.21477" lon="5.41107">
        <ele>109.8</ele>
      </trkpt>
      <trkpt lat="43.21479" lon="5.41106">
        <ele>110.5</ele>
      </trkpt>
      <trkpt lat="43.21481" lon="5.41108">
        <ele>110.9</ele>
      </trkpt>
      <trkpt lat="43.21483" lon="5.41109">
        <ele>111.4</ele>
      </trkpt>
      <trkpt lat="43.21485" lon="5.41107">
        <ele>112.2</ele>
      </trkpt>
      <trkpt lat="43.21486" lon="5.41105">
        <ele>112.7</ele>
      </trkpt>
      <trkpt lat="43.21488" lon="5.41105">
        <ele>113.3</ele>
      </trkpt>
      <trkpt lat="43.21488" lon="5.411">
        <ele>114</ele>
      </trkpt>
      <trkpt lat="43.21489" lon="5.41099">
        <ele>114.4</ele>
      </trkpt>
      <trkpt lat="43.21491" lon="5.41095">
        <ele>115.5</ele>
      </trkpt>
      <trkpt lat="43.21494" lon="5.41093">
        <ele>116.7</ele>
      </trkpt>
      <trkpt lat="43.21496" lon="5.41089">
        <ele>117.9</ele>
      </trkpt>
      <trkpt lat="43.215" lon="5.41085">
        <ele>119.6</ele>
      </trkpt>
      <trkpt lat="43.21503" lon="5.41081">
        <ele>121</ele>
      </trkpt>
      <trkpt lat="43.21506" lon="5.41076">
        <ele>122.2</ele>
      </trkpt>
      <trkpt lat="43.21508" lon="5.4107">
        <ele>123.5</ele>
      </trkpt>
      <trkpt lat="43.21506" lon="5.41064">
        <ele>123.6</ele>
      </trkpt>
      <trkpt lat="43.21503" lon="5.41058">
        <ele>123.5</ele>
      </trkpt>
      <trkpt lat="43.21506" lon="5.41052">
        <ele>125.3</ele>
      </trkpt>
      <trkpt lat="43.21508" lon="5.4105">
        <ele>126.1</ele>
      </trkpt>
      <trkpt lat="43.21514" lon="5.41041">
        <ele>128.9</ele>
      </trkpt>
      <trkpt lat="43.21519" lon="5.41031">
        <ele>131</ele>
      </trkpt>
      <trkpt lat="43.21526" lon="5.41024">
        <ele>133.1</ele>
      </trkpt>
      <trkpt lat="43.21532" lon="5.41017">
        <ele>136.1</ele>
      </trkpt>
      <trkpt lat="43.21532" lon="5.4101">
        <ele>138.2</ele>
      </trkpt>
      <trkpt lat="43.21535" lon="5.41006">
        <ele>139.6</ele>
      </trkpt>
      <trkpt lat="43.21539" lon="5.41003">
        <ele>140.7</ele>
      </trkpt>
      <trkpt lat="43.21541" lon="5.40991">
        <ele>145.8</ele>
      </trkpt>
      <trkpt lat="43.21547" lon="5.40985">
        <ele>147.9</ele>
      </trkpt>
      <trkpt lat="43.21553" lon="5.40983">
        <ele>147.9</ele>
      </trkpt>
      <trkpt lat="43.21558" lon="5.40981">
        <ele>149</ele>
      </trkpt>
      <trkpt lat="43.2156" lon="5.40979">
        <ele>150.3</ele>
      </trkpt>
      <trkpt lat="43.21561" lon="5.40976">
        <ele>151.6</ele>
      </trkpt>
      <trkpt lat="43.21564" lon="5.40968">
        <ele>155.6</ele>
      </trkpt>
      <trkpt lat="43.2157" lon="5.40962">
        <ele>159.4</ele>
      </trkpt>
      <trkpt lat="43.21575" lon="5.40955">
        <ele>162.3</ele>
      </trkpt>
      <trkpt lat="43.21576" lon="5.40952">
        <ele>163.2</ele>
      </trkpt>
      <trkpt lat="43.21578" lon="5.40949">
        <ele>164.1</ele>
      </trkpt>
      <trkpt lat="43.21583" lon="5.40945">
        <ele>165</ele>
      </trkpt>
      <trkpt lat="43.21588" lon="5.40941">
        <ele>167</ele>
      </trkpt>
      <trkpt lat="43.21592" lon="5.40936">
        <ele>168.9</ele>
      </trkpt>
      <trkpt lat="43.21597" lon="5.40932">
        <ele>170.5</ele>
      </trkpt>
      <trkpt lat="43.21599" lon="5.40922">
        <ele>172.2</ele>
      </trkpt>
      <trkpt lat="43.21603" lon="5.40914">
        <ele>173.5</ele>
      </trkpt>
      <trkpt lat="43.21607" lon="5.40905">
        <ele>174.6</ele>
      </trkpt>
      <trkpt lat="43.21612" lon="5.40897">
        <ele>175.3</ele>
      </trkpt>
      <trkpt lat="43.21616" lon="5.40894">
        <ele>176.2</ele>
      </trkpt>
      <trkpt lat="43.2162" lon="5.4089">
        <ele>176.9</ele>
      </trkpt>
      <trkpt lat="43.21624" lon="5.40887">
        <ele>177.8</ele>
      </trkpt>
      <trkpt lat="43.21628" lon="5.40884">
        <ele>178.8</ele>
      </trkpt>
      <trkpt lat="43.21632" lon="5.4088">
        <ele>179.7</ele>
      </trkpt>
      <trkpt lat="43.21636" lon="5.40877">
        <ele>180.5</ele>
      </trkpt>
      <trkpt lat="43.21641" lon="5.40872">
        <ele>181.4</ele>
      </trkpt>
      <trkpt lat="43.21648" lon="5.40868">
        <ele>181.6</ele>
      </trkpt>
      <trkpt lat="43.2165" lon="5.40867">
        <ele>181.5</ele>
      </trkpt>
      <trkpt lat="43.21647" lon="5.4086">
        <ele>182.4</ele>
      </trkpt>
      <trkpt lat="43.21644" lon="5.40852">
        <ele>183.9</ele>
      </trkpt>
      <trkpt lat="43.21644" lon="5.40848">
        <ele>184.5</ele>
      </trkpt>
      <trkpt lat="43.21643" lon="5.40842">
        <ele>185.8</ele>
      </trkpt>
      <trkpt lat="43.21641" lon="5.40836">
        <ele>187.1</ele>
      </trkpt>
      <trkpt lat="43.21638" lon="5.4083">
        <ele>188.9</ele>
      </trkpt>
      <trkpt lat="43.21636" lon="5.40825">
        <ele>190.4</ele>
      </trkpt>
      <trkpt lat="43.21635" lon="5.40814">
        <ele>193</ele>
      </trkpt>
      <trkpt lat="43.21634" lon="5.40802">
        <ele>195.9</ele>
      </trkpt>
      <trkpt lat="43.21635" lon="5.4079">
        <ele>198.5</ele>
      </trkpt>
      <trkpt lat="43.21636" lon="5.40782">
        <ele>200.2</ele>
      </trkpt>
      <trkpt lat="43.21637" lon="5.40776">
        <ele>201.6</ele>
      </trkpt>
      <trkpt lat="43.21638" lon="5.40769">
        <ele>203.5</ele>
      </trkpt>
      <trkpt lat="43.21643" lon="5.40763">
        <ele>203.8</ele>
      </trkpt>
      <trkpt lat="43.21647" lon="5.40757">
        <ele>204.3</ele>
      </trkpt>
      <trkpt lat="43.21649" lon="5.40755">
        <ele>204.4</ele>
      </trkpt>
      <trkpt lat="43.21649" lon="5.40747">
        <ele>206.8</ele>
      </trkpt>
      <trkpt lat="43.21649" lon="5.40739">
        <ele>207.6</ele>
      </trkpt>
      <trkpt lat="43.21648" lon="5.40731">
        <ele>208.5</ele>
      </trkpt>
      <trkpt lat="43.21648" lon="5.40723">
        <ele>209.3</ele>
      </trkpt>
      <trkpt lat="43.2165" lon="5.40716">
        <ele>209.8</ele>
      </trkpt>
      <trkpt lat="43.21652" lon="5.40708">
        <ele>210.2</ele>
      </trkpt>
      <trkpt lat="43.21651" lon="5.40701">
        <ele>211.3</ele>
      </trkpt>
      <trkpt lat="43.2165" lon="5.40693">
        <ele>212.3</ele>
      </trkpt>
      <trkpt lat="43.2165" lon="5.40684">
        <ele>212.9</ele>
      </trkpt>
      <trkpt lat="43.2165" lon="5.40675">
        <ele>213.5</ele>
      </trkpt>
      <trkpt lat="43.21652" lon="5.40666">
        <ele>213</ele>
      </trkpt>
      <trkpt lat="43.21654" lon="5.40657">
        <ele>213.1</ele>
      </trkpt>
      <trkpt lat="43.21655" lon="5.40649">
        <ele>213.6</ele>
      </trkpt>
      <trkpt lat="43.21656" lon="5.40641">
        <ele>214.1</ele>
      </trkpt>
      <trkpt lat="43.21655" lon="5.40629">
        <ele>215.1</ele>
      </trkpt>
      <trkpt lat="43.21653" lon="5.40621">
        <ele>216.5</ele>
      </trkpt>
      <trkpt lat="43.21651" lon="5.40613">
        <ele>218.1</ele>
      </trkpt>
      <trkpt lat="43.2165" lon="5.40604">
        <ele>219.3</ele>
      </trkpt>
      <trkpt lat="43.21649" lon="5.40595">
        <ele>220.5</ele>
      </trkpt>
      <trkpt lat="43.21647" lon="5.40587">
        <ele>222.4</ele>
      </trkpt>
      <trkpt lat="43.21644" lon="5.40579">
        <ele>224.4</ele>
      </trkpt>
      <trkpt lat="43.21642" lon="5.40571">
        <ele>226.5</ele>
      </trkpt>
      <trkpt lat="43.21639" lon="5.40563">
        <ele>228.4</ele>
      </trkpt>
      <trkpt lat="43.21637" lon="5.40553">
        <ele>230.5</ele>
      </trkpt>
      <trkpt lat="43.21638" lon="5.40544">
        <ele>231.5</ele>
      </trkpt>
      <trkpt lat="43.21638" lon="5.40535">
        <ele>232.5</ele>
      </trkpt>
      <trkpt lat="43.21639" lon="5.40525">
        <ele>234</ele>
      </trkpt>
      <trkpt lat="43.21643" lon="5.40514">
        <ele>236.8</ele>
      </trkpt>
      <trkpt lat="43.21649" lon="5.40508">
        <ele>237.5</ele>
      </trkpt>
      <trkpt lat="43.21654" lon="5.40505">
        <ele>237.5</ele>
      </trkpt>
      <trkpt lat="43.21659" lon="5.40502">
        <ele>237.7</ele>
      </trkpt>
      <trkpt lat="43.21667" lon="5.40502">
        <ele>236</ele>
      </trkpt>
      <trkpt lat="43.21674" lon="5.40502">
        <ele>233</ele>
      </trkpt>
      <trkpt lat="43.21679" lon="5.40496">
        <ele>233.1</ele>
      </trkpt>
      <trkpt lat="43.21684" lon="5.4049">
        <ele>232.7</ele>
      </trkpt>
      <trkpt lat="43.21684" lon="5.4048">
        <ele>236.1</ele>
      </trkpt>
      <trkpt lat="43.21684" lon="5.40469">
        <ele>239</ele>
      </trkpt>
      <trkpt lat="43.21686" lon="5.40457">
        <ele>240.5</ele>
      </trkpt>
      <trkpt lat="43.21685" lon="5.4045">
        <ele>242.2</ele>
      </trkpt>
      <trkpt lat="43.21685" lon="5.40444">
        <ele>243.4</ele>
      </trkpt>
      <trkpt lat="43.21683" lon="5.40442">
        <ele>243.9</ele>
      </trkpt>
      <trkpt lat="43.2168" lon="5.40438">
        <ele>244.2</ele>
      </trkpt>
      <trkpt lat="43.21676" lon="5.40434">
        <ele>243.7</ele>
      </trkpt>
      <trkpt lat="43.21676" lon="5.40427">
        <ele>243.7</ele>
      </trkpt>
      <trkpt lat="43.21677" lon="5.4042">
        <ele>244.3</ele>
      </trkpt>
      <trkpt lat="43.21678" lon="5.40413">
        <ele>243.6</ele>
      </trkpt>
      <trkpt lat="43.21677" lon="5.40402">
        <ele>237.7</ele>
      </trkpt>
      <trkpt lat="43.21675" lon="5.40391">
        <ele>231.9</ele>
      </trkpt>
      <trkpt lat="43.21675" lon="5.40384">
        <ele>230</ele>
      </trkpt>
      <trkpt lat="43.21674" lon="5.40377">
        <ele>228.7</ele>
      </trkpt>
      <trkpt lat="43.21674" lon="5.4037">
        <ele>227.4</ele>
      </trkpt>
      <trkpt lat="43.21673" lon="5.40363">
        <ele>226</ele>
      </trkpt>
      <trkpt lat="43.21671" lon="5.40351">
        <ele>225.1</ele>
      </trkpt>
      <trkpt lat="43.21665" lon="5.40346">
        <ele>220.7</ele>
      </trkpt>
      <trkpt lat="43.21661" lon="5.40338">
        <ele>217.8</ele>
      </trkpt>
      <trkpt lat="43.2166" lon="5.40332">
        <ele>216.4</ele>
      </trkpt>
      <trkpt lat="43.21658" lon="5.40325">
        <ele>214.8</ele>
      </trkpt>
      <trkpt lat="43.21657" lon="5.40315">
        <ele>213.8</ele>
      </trkpt>
      <trkpt lat="43.21658" lon="5.40309">
        <ele>214.4</ele>
      </trkpt>
      <trkpt lat="43.21659" lon="5.40302">
        <ele>215</ele>
      </trkpt>
      <trkpt lat="43.21658" lon="5.40293">
        <ele>213.9</ele>
      </trkpt>
      <trkpt lat="43.21656" lon="5.40284">
        <ele>212.8</ele>
      </trkpt>
      <trkpt lat="43.21655" lon="5.40275">
        <ele>211.6</ele>
      </trkpt>
      <trkpt lat="43.21655" lon="5.40265">
        <ele>209.4</ele>
      </trkpt>
      <trkpt lat="43.21654" lon="5.40256">
        <ele>207.2</ele>
      </trkpt>
      <trkpt lat="43.21653" lon="5.40246">
        <ele>206.1</ele>
      </trkpt>
      <trkpt lat="43.21648" lon="5.40236">
        <ele>203.2</ele>
      </trkpt>
      <trkpt lat="43.21646" lon="5.4023">
        <ele>202.4</ele>
      </trkpt>
      <trkpt lat="43.21645" lon="5.40223">
        <ele>201.6</ele>
      </trkpt>
      <trkpt lat="43.21643" lon="5.40217">
        <ele>200.5</ele>
      </trkpt>
      <trkpt lat="43.21641" lon="5.4021">
        <ele>199.2</ele>
      </trkpt>
      <trkpt lat="43.21641" lon="5.40198">
        <ele>199.7</ele>
      </trkpt>
      <trkpt lat="43.21643" lon="5.40189">
        <ele>201.9</ele>
      </trkpt>
      <trkpt lat="43.21644" lon="5.4018">
        <ele>204.4</ele>
      </trkpt>
      <trkpt lat="43.21642" lon="5.40174">
        <ele>203.9</ele>
      </trkpt>
      <trkpt lat="43.2164" lon="5.40168">
        <ele>203.5</ele>
      </trkpt>
      <trkpt lat="43.21637" lon="5.40163">
        <ele>202.9</ele>
      </trkpt>
      <trkpt lat="43.21634" lon="5.40158">
        <ele>202.4</ele>
      </trkpt>
      <trkpt lat="43.21632" lon="5.40151">
        <ele>203.4</ele>
      </trkpt>
      <trkpt lat="43.2163" lon="5.40143">
        <ele>204.3</ele>
      </trkpt>
      <trkpt lat="43.21626" lon="5.40134">
        <ele>202.9</ele>
      </trkpt>
      <trkpt lat="43.21626" lon="5.40131">
        <ele>203</ele>
      </trkpt>
      <trkpt lat="43.21626" lon="5.40122">
        <ele>202.9</ele>
      </trkpt>
      <trkpt lat="43.21625" lon="5.40113">
        <ele>202.9</ele>
      </trkpt>
      <trkpt lat="43.21626" lon="5.40101">
        <ele>204.9</ele>
      </trkpt>
      <trkpt lat="43.21623" lon="5.40091">
        <ele>204.1</ele>
      </trkpt>
      <trkpt lat="43.21619" lon="5.40081">
        <ele>203.9</ele>
      </trkpt>
      <trkpt lat="43.21615" lon="5.40072">
        <ele>204</ele>
      </trkpt>
      <trkpt lat="43.2161" lon="5.40063">
        <ele>204.3</ele>
      </trkpt>
      <trkpt lat="43.21611" lon="5.40056">
        <ele>206.5</ele>
      </trkpt>
      <trkpt lat="43.21611" lon="5.40049">
        <ele>205.5</ele>
      </trkpt>
      <trkpt lat="43.21613" lon="5.40038">
        <ele>204.3</ele>
      </trkpt>
      <trkpt lat="43.21614" lon="5.40026">
        <ele>202.7</ele>
      </trkpt>
      <trkpt lat="43.21615" lon="5.40014">
        <ele>202.2</ele>
      </trkpt>
      <trkpt lat="43.21617" lon="5.40006">
        <ele>202.2</ele>
      </trkpt>
      <trkpt lat="43.21618" lon="5.39998">
        <ele>202.5</ele>
      </trkpt>
      <trkpt lat="43.21613" lon="5.39991">
        <ele>201.3</ele>
      </trkpt>
      <trkpt lat="43.21608" lon="5.39983">
        <ele>200</ele>
      </trkpt>
      <trkpt lat="43.21603" lon="5.39977">
        <ele>198.7</ele>
      </trkpt>
      <trkpt lat="43.21597" lon="5.3997">
        <ele>198.2</ele>
      </trkpt>
      <trkpt lat="43.21592" lon="5.39964">
        <ele>198.2</ele>
      </trkpt>
      <trkpt lat="43.21586" lon="5.39957">
        <ele>198.1</ele>
      </trkpt>
      <trkpt lat="43.21582" lon="5.39949">
        <ele>199</ele>
      </trkpt>
      <trkpt lat="43.21578" lon="5.3994">
        <ele>198.4</ele>
      </trkpt>
      <trkpt lat="43.21581" lon="5.39932">
        <ele>199.4</ele>
      </trkpt>
      <trkpt lat="43.21584" lon="5.39923">
        <ele>200.5</ele>
      </trkpt>
      <trkpt lat="43.21588" lon="5.39915">
        <ele>202.3</ele>
      </trkpt>
      <trkpt lat="43.21589" lon="5.3991">
        <ele>202.9</ele>
      </trkpt>
      <trkpt lat="43.21586" lon="5.39903">
        <ele>202</ele>
      </trkpt>
      <trkpt lat="43.21583" lon="5.39895">
        <ele>201.4</ele>
      </trkpt>
      <trkpt lat="43.2158" lon="5.39889">
        <ele>200.8</ele>
      </trkpt>
      <trkpt lat="43.21574" lon="5.39881">
        <ele>200.6</ele>
      </trkpt>
      <trkpt lat="43.21569" lon="5.39871">
        <ele>201.3</ele>
      </trkpt>
      <trkpt lat="43.21569" lon="5.39867">
        <ele>202.4</ele>
      </trkpt>
      <trkpt lat="43.21568" lon="5.39858">
        <ele>202.3</ele>
      </trkpt>
      <trkpt lat="43.21568" lon="5.39856">
        <ele>201.6</ele>
      </trkpt>
      <trkpt lat="43.2157" lon="5.39845">
        <ele>198.8</ele>
      </trkpt>
      <trkpt lat="43.21575" lon="5.3984">
        <ele>200.3</ele>
      </trkpt>
      <trkpt lat="43.21579" lon="5.39834">
        <ele>202.5</ele>
      </trkpt>
      <trkpt lat="43.21583" lon="5.39828">
        <ele>203.7</ele>
      </trkpt>
      <trkpt lat="43.21586" lon="5.39821">
        <ele>203.7</ele>
      </trkpt>
      <trkpt lat="43.21588" lon="5.39819">
        <ele>203.8</ele>
      </trkpt>
      <trkpt lat="43.21595" lon="5.39815">
        <ele>204.9</ele>
      </trkpt>
      <trkpt lat="43.21598" lon="5.39811">
        <ele>204.7</ele>
      </trkpt>
      <trkpt lat="43.21606" lon="5.39805">
        <ele>204.9</ele>
      </trkpt>
      <trkpt lat="43.21613" lon="5.39798">
        <ele>205.5</ele>
      </trkpt>
      <trkpt lat="43.21615" lon="5.39795">
        <ele>205.6</ele>
      </trkpt>
      <trkpt lat="43.21621" lon="5.39791">
        <ele>207.7</ele>
      </trkpt>
      <trkpt lat="43.21627" lon="5.39788">
        <ele>209.8</ele>
      </trkpt>
      <trkpt lat="43.21632" lon="5.39784">
        <ele>211.7</ele>
      </trkpt>
      <trkpt lat="43.21638" lon="5.3978">
        <ele>213.4</ele>
      </trkpt>
      <trkpt lat="43.21639" lon="5.39769">
        <ele>214.5</ele>
      </trkpt>
      <trkpt lat="43.21639" lon="5.39757">
        <ele>216.8</ele>
      </trkpt>
      <trkpt lat="43.21637" lon="5.39749">
        <ele>217.6</ele>
      </trkpt>
      <trkpt lat="43.21638" lon="5.39745">
        <ele>219.4</ele>
      </trkpt>
      <trkpt lat="43.21635" lon="5.3974">
        <ele>220</ele>
      </trkpt>
      <trkpt lat="43.21632" lon="5.3973">
        <ele>222.3</ele>
      </trkpt>
      <trkpt lat="43.21631" lon="5.39719">
        <ele>224</ele>
      </trkpt>
      <trkpt lat="43.21635" lon="5.39709">
        <ele>224.5</ele>
      </trkpt>
      <trkpt lat="43.21639" lon="5.39704">
        <ele>225.8</ele>
      </trkpt>
      <trkpt lat="43.21642" lon="5.39698">
        <ele>228.9</ele>
      </trkpt>
      <trkpt lat="43.21644" lon="5.39694">
        <ele>231.1</ele>
      </trkpt>
      <trkpt lat="43.21648" lon="5.39687">
        <ele>234.8</ele>
      </trkpt>
      <trkpt lat="43.2165" lon="5.39678">
        <ele>235</ele>
      </trkpt>
      <trkpt lat="43.21649" lon="5.3967">
        <ele>232.9</ele>
      </trkpt>
      <trkpt lat="43.2165" lon="5.39659">
        <ele>230.6</ele>
      </trkpt>
      <trkpt lat="43.2165" lon="5.39647">
        <ele>228</ele>
      </trkpt>
      <trkpt lat="43.21652" lon="5.39637">
        <ele>226.3</ele>
      </trkpt>
      <trkpt lat="43.21653" lon="5.39626">
        <ele>225.1</ele>
      </trkpt>
      <trkpt lat="43.21654" lon="5.3962">
        <ele>224.2</ele>
      </trkpt>
      <trkpt lat="43.21655" lon="5.39613">
        <ele>223.4</ele>
      </trkpt>
      <trkpt lat="43.21657" lon="5.39607">
        <ele>222.6</ele>
      </trkpt>
      <trkpt lat="43.21658" lon="5.39601">
        <ele>221.8</ele>
      </trkpt>
      <trkpt lat="43.21658" lon="5.3959">
        <ele>219.2</ele>
      </trkpt>
      <trkpt lat="43.21661" lon="5.3958">
        <ele>218</ele>
      </trkpt>
      <trkpt lat="43.21663" lon="5.39574">
        <ele>217.1</ele>
      </trkpt>
      <trkpt lat="43.21664" lon="5.39568">
        <ele>216.2</ele>
      </trkpt>
      <trkpt lat="43.21663" lon="5.39562">
        <ele>214.1</ele>
      </trkpt>
      <trkpt lat="43.21661" lon="5.39555">
        <ele>212</ele>
      </trkpt>
      <trkpt lat="43.21657" lon="5.3955">
        <ele>209.7</ele>
      </trkpt>
      <trkpt lat="43.21653" lon="5.39545">
        <ele>207.3</ele>
      </trkpt>
      <trkpt lat="43.21649" lon="5.39542">
        <ele>205.2</ele>
      </trkpt>
      <trkpt lat="43.21645" lon="5.39538">
        <ele>203.2</ele>
      </trkpt>
      <trkpt lat="43.21642" lon="5.39533">
        <ele>201</ele>
      </trkpt>
      <trkpt lat="43.21639" lon="5.39527">
        <ele>199</ele>
      </trkpt>
      <trkpt lat="43.21634" lon="5.3952">
        <ele>197.4</ele>
      </trkpt>
      <trkpt lat="43.21628" lon="5.39516">
        <ele>196.4</ele>
      </trkpt>
      <trkpt lat="43.21621" lon="5.39518">
        <ele>195.4</ele>
      </trkpt>
      <trkpt lat="43.21614" lon="5.3952">
        <ele>194.3</ele>
      </trkpt>
      <trkpt lat="43.21608" lon="5.39523">
        <ele>193.2</ele>
      </trkpt>
      <trkpt lat="43.21601" lon="5.39525">
        <ele>191.9</ele>
      </trkpt>
      <trkpt lat="43.21595" lon="5.39528">
        <ele>190.2</ele>
      </trkpt>
      <trkpt lat="43.21589" lon="5.3953">
        <ele>189</ele>
      </trkpt>
      <trkpt lat="43.21584" lon="5.39534">
        <ele>187.9</ele>
      </trkpt>
      <trkpt lat="43.21584" lon="5.39542">
        <ele>187.5</ele>
      </trkpt>
      <trkpt lat="43.21583" lon="5.39549">
        <ele>187.4</ele>
      </trkpt>
      <trkpt lat="43.21584" lon="5.39557">
        <ele>186.7</ele>
      </trkpt>
      <trkpt lat="43.21579" lon="5.39565">
        <ele>185.9</ele>
      </trkpt>
      <trkpt lat="43.21574" lon="5.39572">
        <ele>185.6</ele>
      </trkpt>
      <trkpt lat="43.21569" lon="5.39581">
        <ele>184.1</ele>
      </trkpt>
      <trkpt lat="43.21562" lon="5.39587">
        <ele>184.5</ele>
      </trkpt>
      <trkpt lat="43.21555" lon="5.39593">
        <ele>184.3</ele>
      </trkpt>
      <trkpt lat="43.21547" lon="5.39597">
        <ele>179.6</ele>
      </trkpt>
      <trkpt lat="43.21542" lon="5.39593">
        <ele>179.4</ele>
      </trkpt>
      <trkpt lat="43.21536" lon="5.39584">
        <ele>182</ele>
      </trkpt>
      <trkpt lat="43.21533" lon="5.39583">
        <ele>181.7</ele>
      </trkpt>
      <trkpt lat="43.2153" lon="5.39582">
        <ele>181.6</ele>
      </trkpt>
      <trkpt lat="43.21523" lon="5.39586">
        <ele>178.4</ele>
      </trkpt>
      <trkpt lat="43.21516" lon="5.3959">
        <ele>176.2</ele>
      </trkpt>
      <trkpt lat="43.21508" lon="5.39593">
        <ele>174.3</ele>
      </trkpt>
      <trkpt lat="43.21501" lon="5.39597">
        <ele>172.6</ele>
      </trkpt>
      <trkpt lat="43.21501" lon="5.39598">
        <ele>172.1</ele>
      </trkpt>
      <trkpt lat="43.21497" lon="5.39596">
        <ele>172.2</ele>
      </trkpt>
      <trkpt lat="43.21495" lon="5.39588">
        <ele>175.5</ele>
      </trkpt>
      <trkpt lat="43.2149" lon="5.39585">
        <ele>175.6</ele>
      </trkpt>
      <trkpt lat="43.21482" lon="5.39586">
        <ele>173</ele>
      </trkpt>
      <trkpt lat="43.21474" lon="5.39588">
        <ele>170.1</ele>
      </trkpt>
      <trkpt lat="43.21466" lon="5.39589">
        <ele>168.8</ele>
      </trkpt>
      <trkpt lat="43.21458" lon="5.39591">
        <ele>168.1</ele>
      </trkpt>
      <trkpt lat="43.2145" lon="5.39592">
        <ele>167.5</ele>
      </trkpt>
      <trkpt lat="43.21443" lon="5.39592">
        <ele>167.4</ele>
      </trkpt>
      <trkpt lat="43.21437" lon="5.39594">
        <ele>165.8</ele>
      </trkpt>
      <trkpt lat="43.2143" lon="5.39596">
        <ele>164.4</ele>
      </trkpt>
      <trkpt lat="43.21424" lon="5.39594">
        <ele>164.5</ele>
      </trkpt>
      <trkpt lat="43.21423" lon="5.39594">
        <ele>164.4</ele>
      </trkpt>
      <trkpt lat="43.21422" lon="5.39599">
        <ele>162.9</ele>
      </trkpt>
      <trkpt lat="43.21422" lon="5.39589">
        <ele>165.6</ele>
      </trkpt>
      <trkpt lat="43.21417" lon="5.39581">
        <ele>166.5</ele>
      </trkpt>
      <trkpt lat="43.21415" lon="5.39574">
        <ele>166.1</ele>
      </trkpt>
      <trkpt lat="43.21412" lon="5.39566">
        <ele>165.4</ele>
      </trkpt>
      <trkpt lat="43.2141" lon="5.39556">
        <ele>165.3</ele>
      </trkpt>
      <trkpt lat="43.21407" lon="5.39545">
        <ele>164.3</ele>
      </trkpt>
      <trkpt lat="43.21406" lon="5.39535">
        <ele>164.5</ele>
      </trkpt>
      <trkpt lat="43.21406" lon="5.39529">
        <ele>165.1</ele>
      </trkpt>
      <trkpt lat="43.21403" lon="5.3952">
        <ele>166</ele>
      </trkpt>
      <trkpt lat="43.21397" lon="5.39513">
        <ele>165</ele>
      </trkpt>
      <trkpt lat="43.21394" lon="5.39506">
        <ele>165.7</ele>
      </trkpt>
      <trkpt lat="43.21391" lon="5.39499">
        <ele>166</ele>
      </trkpt>
      <trkpt lat="43.21391" lon="5.3949">
        <ele>165.8</ele>
      </trkpt>
      <trkpt lat="43.21391" lon="5.39479">
        <ele>165.3</ele>
      </trkpt>
      <trkpt lat="43.2139" lon="5.39467">
        <ele>164.6</ele>
      </trkpt>
      <trkpt lat="43.21391" lon="5.39456">
        <ele>164.8</ele>
      </trkpt>
      <trkpt lat="43.21392" lon="5.39447">
        <ele>164.8</ele>
      </trkpt>
      <trkpt lat="43.21392" lon="5.39438">
        <ele>164.2</ele>
      </trkpt>
      <trkpt lat="43.21393" lon="5.39426">
        <ele>163.2</ele>
      </trkpt>
      <trkpt lat="43.214" lon="5.3942">
        <ele>165.5</ele>
      </trkpt>
      <trkpt lat="43.21406" lon="5.39413">
        <ele>168.4</ele>
      </trkpt>
      <trkpt lat="43.21409" lon="5.39405">
        <ele>170.6</ele>
      </trkpt>
      <trkpt lat="43.21402" lon="5.39402">
        <ele>167.4</ele>
      </trkpt>
      <trkpt lat="43.21397" lon="5.39396">
        <ele>165.5</ele>
      </trkpt>
      <trkpt lat="43.21393" lon="5.39394">
        <ele>163.5</ele>
      </trkpt>
      <trkpt lat="43.21388" lon="5.39391">
        <ele>161.2</ele>
      </trkpt>
      <trkpt lat="43.21387" lon="5.39382">
        <ele>161.6</ele>
      </trkpt>
      <trkpt lat="43.21386" lon="5.39372">
        <ele>162.1</ele>
      </trkpt>
      <trkpt lat="43.21388" lon="5.39364">
        <ele>164.3</ele>
      </trkpt>
      <trkpt lat="43.2139" lon="5.39355">
        <ele>164</ele>
      </trkpt>
      <trkpt lat="43.21395" lon="5.3935">
        <ele>164.9</ele>
      </trkpt>
      <trkpt lat="43.214" lon="5.39345">
        <ele>165.7</ele>
      </trkpt>
      <trkpt lat="43.21404" lon="5.39339">
        <ele>165.5</ele>
      </trkpt>
      <trkpt lat="43.21408" lon="5.39332">
        <ele>165.6</ele>
      </trkpt>
      <trkpt lat="43.21412" lon="5.39324">
        <ele>167.8</ele>
      </trkpt>
      <trkpt lat="43.21409" lon="5.3932">
        <ele>166.6</ele>
      </trkpt>
      <trkpt lat="43.21405" lon="5.39316">
        <ele>165.4</ele>
      </trkpt>
      <trkpt lat="43.21404" lon="5.39309">
        <ele>165.2</ele>
      </trkpt>
      <trkpt lat="43.21402" lon="5.39301">
        <ele>164.8</ele>
      </trkpt>
      <trkpt lat="43.21401" lon="5.39291">
        <ele>164.7</ele>
      </trkpt>
      <trkpt lat="43.21402" lon="5.39286">
        <ele>165.3</ele>
      </trkpt>
      <trkpt lat="43.21401" lon="5.39276">
        <ele>164.8</ele>
      </trkpt>
      <trkpt lat="43.21399" lon="5.39265">
        <ele>163.6</ele>
      </trkpt>
      <trkpt lat="43.214" lon="5.39258">
        <ele>163.9</ele>
      </trkpt>
      <trkpt lat="43.21403" lon="5.39249">
        <ele>165.1</ele>
      </trkpt>
      <trkpt lat="43.21405" lon="5.3924">
        <ele>168.1</ele>
      </trkpt>
      <trkpt lat="43.21405" lon="5.39232">
        <ele>169.7</ele>
      </trkpt>
      <trkpt lat="43.21403" lon="5.39227">
        <ele>169.9</ele>
      </trkpt>
      <trkpt lat="43.214" lon="5.39222">
        <ele>170.3</ele>
      </trkpt>
      <trkpt lat="43.21398" lon="5.39216">
        <ele>170.4</ele>
      </trkpt>
      <trkpt lat="43.21395" lon="5.39211">
        <ele>170.3</ele>
      </trkpt>
      <trkpt lat="43.21393" lon="5.39202">
        <ele>170.9</ele>
      </trkpt>
      <trkpt lat="43.21392" lon="5.39193">
        <ele>171.1</ele>
      </trkpt>
      <trkpt lat="43.2139" lon="5.39183">
        <ele>170.4</ele>
      </trkpt>
      <trkpt lat="43.21388" lon="5.39174">
        <ele>169.5</ele>
      </trkpt>
      <trkpt lat="43.21386" lon="5.39166">
        <ele>168.3</ele>
      </trkpt>
      <trkpt lat="43.21384" lon="5.39157">
        <ele>168.4</ele>
      </trkpt>
      <trkpt lat="43.21381" lon="5.39149">
        <ele>168.6</ele>
      </trkpt>
      <trkpt lat="43.21379" lon="5.3914">
        <ele>168.7</ele>
      </trkpt>
      <trkpt lat="43.21375" lon="5.39131">
        <ele>168.1</ele>
      </trkpt>
      <trkpt lat="43.21371" lon="5.39122">
        <ele>167.5</ele>
      </trkpt>
      <trkpt lat="43.21369" lon="5.39115">
        <ele>167.7</ele>
      </trkpt>
      <trkpt lat="43.21369" lon="5.39106">
        <ele>167.2</ele>
      </trkpt>
      <trkpt lat="43.2137" lon="5.39095">
        <ele>164.9</ele>
      </trkpt>
      <trkpt lat="43.21373" lon="5.39087">
        <ele>164.2</ele>
      </trkpt>
      <trkpt lat="43.21376" lon="5.39082">
        <ele>164</ele>
      </trkpt>
      <trkpt lat="43.21379" lon="5.39078">
        <ele>163.4</ele>
      </trkpt>
      <trkpt lat="43.21382" lon="5.39073">
        <ele>162.7</ele>
      </trkpt>
      <trkpt lat="43.21385" lon="5.39068">
        <ele>161.9</ele>
      </trkpt>
      <trkpt lat="43.2139" lon="5.39063">
        <ele>161.7</ele>
      </trkpt>
      <trkpt lat="43.21394" lon="5.39058">
        <ele>161.6</ele>
      </trkpt>
      <trkpt lat="43.21395" lon="5.39054">
        <ele>160.6</ele>
      </trkpt>
      <trkpt lat="43.21395" lon="5.39051">
        <ele>159.7</ele>
      </trkpt>
      <trkpt lat="43.21391" lon="5.39043">
        <ele>155.1</ele>
      </trkpt>
      <trkpt lat="43.21391" lon="5.3904">
        <ele>154.2</ele>
      </trkpt>
      <trkpt lat="43.21393" lon="5.39032">
        <ele>152.9</ele>
      </trkpt>
      <trkpt lat="43.21396" lon="5.39025">
        <ele>153.9</ele>
      </trkpt>
      <trkpt lat="43.21395" lon="5.39018">
        <ele>154</ele>
      </trkpt>
      <trkpt lat="43.21393" lon="5.39011">
        <ele>153.5</ele>
      </trkpt>
      <trkpt lat="43.21391" lon="5.39003">
        <ele>153</ele>
      </trkpt>
      <trkpt lat="43.21392" lon="5.38995">
        <ele>154.3</ele>
      </trkpt>
      <trkpt lat="43.21392" lon="5.38989">
        <ele>154.7</ele>
      </trkpt>
      <trkpt lat="43.2139" lon="5.38983">
        <ele>153.6</ele>
      </trkpt>
      <trkpt lat="43.21387" lon="5.38977">
        <ele>152.6</ele>
      </trkpt>
      <trkpt lat="43.21381" lon="5.38969">
        <ele>149.6</ele>
      </trkpt>
      <trkpt lat="43.2138" lon="5.38966">
        <ele>149.2</ele>
      </trkpt>
      <trkpt lat="43.21379" lon="5.3896">
        <ele>148.6</ele>
      </trkpt>
      <trkpt lat="43.21377" lon="5.38953">
        <ele>148.1</ele>
      </trkpt>
      <trkpt lat="43.21376" lon="5.38946">
        <ele>148</ele>
      </trkpt>
      <trkpt lat="43.21375" lon="5.38939">
        <ele>148.3</ele>
      </trkpt>
      <trkpt lat="43.21373" lon="5.38936">
        <ele>147.7</ele>
      </trkpt>
      <trkpt lat="43.21368" lon="5.38932">
        <ele>145.7</ele>
      </trkpt>
      <trkpt lat="43.21364" lon="5.3893">
        <ele>144</ele>
      </trkpt>
      <trkpt lat="43.2136" lon="5.38927">
        <ele>143</ele>
      </trkpt>
      <trkpt lat="43.21355" lon="5.38925">
        <ele>143.4</ele>
      </trkpt>
      <trkpt lat="43.21351" lon="5.38922">
        <ele>144</ele>
      </trkpt>
      <trkpt lat="43.21348" lon="5.38924">
        <ele>143.3</ele>
      </trkpt>
      <trkpt lat="43.21341" lon="5.38929">
        <ele>140.9</ele>
      </trkpt>
      <trkpt lat="43.21334" lon="5.38933">
        <ele>137.7</ele>
      </trkpt>
      <trkpt lat="43.21329" lon="5.38935">
        <ele>135.7</ele>
      </trkpt>
      <trkpt lat="43.21324" lon="5.38936">
        <ele>133.8</ele>
      </trkpt>
      <trkpt lat="43.21316" lon="5.38936">
        <ele>132</ele>
      </trkpt>
      <trkpt lat="43.21309" lon="5.38934">
        <ele>131.4</ele>
      </trkpt>
      <trkpt lat="43.21302" lon="5.38931">
        <ele>130.1</ele>
      </trkpt>
      <trkpt lat="43.21297" lon="5.38931">
        <ele>128.4</ele>
      </trkpt>
      <trkpt lat="43.21292" lon="5.3893">
        <ele>126.8</ele>
      </trkpt>
      <trkpt lat="43.21286" lon="5.38928">
        <ele>125.3</ele>
      </trkpt>
      <trkpt lat="43.2128" lon="5.38926">
        <ele>123.9</ele>
      </trkpt>
      <trkpt lat="43.21273" lon="5.38924">
        <ele>122.4</ele>
      </trkpt>
      <trkpt lat="43.21267" lon="5.38922">
        <ele>120.9</ele>
      </trkpt>
      <trkpt lat="43.21264" lon="5.3892">
        <ele>120.6</ele>
      </trkpt>
      <trkpt lat="43.21261" lon="5.38915">
        <ele>120.7</ele>
      </trkpt>
      <trkpt lat="43.21259" lon="5.38906">
        <ele>118.2</ele>
      </trkpt>
      <trkpt lat="43.21258" lon="5.38897">
        <ele>115.6</ele>
      </trkpt>
      <trkpt lat="43.21256" lon="5.38887">
        <ele>112.8</ele>
      </trkpt>
      <trkpt lat="43.21254" lon="5.38878">
        <ele>110.1</ele>
      </trkpt>
      <trkpt lat="43.21254" lon="5.38869">
        <ele>107.9</ele>
      </trkpt>
      <trkpt lat="43.21253" lon="5.38859">
        <ele>106.4</ele>
      </trkpt>
      <trkpt lat="43.21252" lon="5.38853">
        <ele>106.6</ele>
      </trkpt>
      <trkpt lat="43.21249" lon="5.38845">
        <ele>105.6</ele>
      </trkpt>
      <trkpt lat="43.21246" lon="5.3884">
        <ele>104.4</ele>
      </trkpt>
      <trkpt lat="43.21243" lon="5.38835">
        <ele>103.6</ele>
      </trkpt>
      <trkpt lat="43.2124" lon="5.38828">
        <ele>101.2</ele>
      </trkpt>
      <trkpt lat="43.2124" lon="5.38819">
        <ele>99.3</ele>
      </trkpt>
      <trkpt lat="43.21241" lon="5.38813">
        <ele>98.7</ele>
      </trkpt>
      <trkpt lat="43.21245" lon="5.38804">
        <ele>99.1</ele>
      </trkpt>
      <trkpt lat="43.21248" lon="5.38794">
        <ele>101</ele>
      </trkpt>
      <trkpt lat="43.21248" lon="5.38789">
        <ele>101</ele>
      </trkpt>
      <trkpt lat="43.21245" lon="5.38779">
        <ele>99.6</ele>
      </trkpt>
      <trkpt lat="43.21242" lon="5.38774">
        <ele>99</ele>
      </trkpt>
      <trkpt lat="43.2124" lon="5.38769">
        <ele>98.6</ele>
      </trkpt>
      <trkpt lat="43.21237" lon="5.38763">
        <ele>98.4</ele>
      </trkpt>
      <trkpt lat="43.21234" lon="5.38758">
        <ele>98.3</ele>
      </trkpt>
      <trkpt lat="43.21231" lon="5.3875">
        <ele>98.8</ele>
      </trkpt>
      <trkpt lat="43.21232" lon="5.38743">
        <ele>95.4</ele>
      </trkpt>
      <trkpt lat="43.21236" lon="5.38737">
        <ele>93.7</ele>
      </trkpt>
      <trkpt lat="43.21241" lon="5.38734">
        <ele>93.9</ele>
      </trkpt>
      <trkpt lat="43.21247" lon="5.3873">
        <ele>94.2</ele>
      </trkpt>
      <trkpt lat="43.21252" lon="5.38727">
        <ele>94.6</ele>
      </trkpt>
      <trkpt lat="43.21257" lon="5.38723">
        <ele>94.6</ele>
      </trkpt>
      <trkpt lat="43.21261" lon="5.38713">
        <ele>92.8</ele>
      </trkpt>
      <trkpt lat="43.21257" lon="5.38713">
        <ele>91</ele>
      </trkpt>
      <trkpt lat="43.21258" lon="5.38708">
        <ele>89.8</ele>
      </trkpt>
      <trkpt lat="43.21252" lon="5.38708">
        <ele>86.8</ele>
      </trkpt>
      <trkpt lat="43.21254" lon="5.38702">
        <ele>85.5</ele>
      </trkpt>
      <trkpt lat="43.2125" lon="5.38705">
        <ele>84.3</ele>
      </trkpt>
      <trkpt lat="43.21245" lon="5.38708">
        <ele>83.3</ele>
      </trkpt>
      <trkpt lat="43.21243" lon="5.387">
        <ele>78.3</ele>
      </trkpt>
      <trkpt lat="43.2124" lon="5.38692">
        <ele>75.7</ele>
      </trkpt>
      <trkpt lat="43.21235" lon="5.38697">
        <ele>72.7</ele>
      </trkpt>
      <trkpt lat="43.21233" lon="5.38696">
        <ele>71</ele>
      </trkpt>
      <trkpt lat="43.2123" lon="5.38692">
        <ele>69.7</ele>
      </trkpt>
      <trkpt lat="43.21226" lon="5.38688">
        <ele>70</ele>
      </trkpt>
      <trkpt lat="43.21223" lon="5.38683">
        <ele>70.2</ele>
      </trkpt>
      <trkpt lat="43.21219" lon="5.38679">
        <ele>70.3</ele>
      </trkpt>
      <trkpt lat="43.21216" lon="5.38674">
        <ele>70.4</ele>
      </trkpt>
      <trkpt lat="43.21212" lon="5.38669">
        <ele>70</ele>
      </trkpt>
      <trkpt lat="43.21205" lon="5.38665">
        <ele>65.7</ele>
      </trkpt>
      <trkpt lat="43.21197" lon="5.38662">
        <ele>60.2</ele>
      </trkpt>
      <trkpt lat="43.2119" lon="5.3866">
        <ele>56.6</ele>
      </trkpt>
      <trkpt lat="43.21182" lon="5.38657">
        <ele>54.1</ele>
      </trkpt>
      <trkpt lat="43.21174" lon="5.38654">
        <ele>51.4</ele>
      </trkpt>
      <trkpt lat="43.21168" lon="5.38651">
        <ele>49.2</ele>
      </trkpt>
      <trkpt lat="43.21162" lon="5.38649">
        <ele>47.9</ele>
      </trkpt>
      <trkpt lat="43.21156" lon="5.38646">
        <ele>47</ele>
      </trkpt>
      <trkpt lat="43.2115" lon="5.38643">
        <ele>46.3</ele>
      </trkpt>
      <trkpt lat="43.21151" lon="5.38639">
        <ele>47.2</ele>
      </trkpt>
      <trkpt lat="43.21155" lon="5.38634">
        <ele>47.4</ele>
      </trkpt>
      <trkpt lat="43.21158" lon="5.38628">
        <ele>47.6</ele>
      </trkpt>
      <trkpt lat="43.21158" lon="5.38624">
        <ele>47.2</ele>
      </trkpt>
      <trkpt lat="43.21155" lon="5.38622">
        <ele>46.3</ele>
      </trkpt>
      <trkpt lat="43.21151" lon="5.38616">
        <ele>44.3</ele>
      </trkpt>
      <trkpt lat="43.21146" lon="5.3861">
        <ele>42.6</ele>
      </trkpt>
      <trkpt lat="43.21143" lon="5.38605">
        <ele>42.7</ele>
      </trkpt>
      <trkpt lat="43.2114" lon="5.38598">
        <ele>42.9</ele>
      </trkpt>
      <trkpt lat="43.21138" lon="5.38591">
        <ele>43.1</ele>
      </trkpt>
      <trkpt lat="43.21135" lon="5.38582">
        <ele>43</ele>
      </trkpt>
      <trkpt lat="43.2113" lon="5.38574">
        <ele>42</ele>
      </trkpt>
      <trkpt lat="43.21128" lon="5.38568">
        <ele>42.4</ele>
      </trkpt>
      <trkpt lat="43.21125" lon="5.38561">
        <ele>42.5</ele>
      </trkpt>
      <trkpt lat="43.21122" lon="5.38551">
        <ele>43.9</ele>
      </trkpt>
      <trkpt lat="43.21119" lon="5.38541">
        <ele>45.7</ele>
      </trkpt>
      <trkpt lat="43.21116" lon="5.38534">
        <ele>46.2</ele>
      </trkpt>
      <trkpt lat="43.21113" lon="5.38528">
        <ele>46.2</ele>
      </trkpt>
      <trkpt lat="43.21108" lon="5.3852">
        <ele>42.2</ele>
      </trkpt>
      <trkpt lat="43.21107" lon="5.38518">
        <ele>41.5</ele>
      </trkpt>
      <trkpt lat="43.21107" lon="5.38515">
        <ele>41.1</ele>
      </trkpt>
      <trkpt lat="43.21109" lon="5.38512">
        <ele>41.1</ele>
      </trkpt>
      <trkpt lat="43.21113" lon="5.3851">
        <ele>41.8</ele>
      </trkpt>
      <trkpt lat="43.21122" lon="5.38508">
        <ele>43.6</ele>
      </trkpt>
      <trkpt lat="43.2113" lon="5.38505">
        <ele>44.6</ele>
      </trkpt>
      <trkpt lat="43.21134" lon="5.38503">
        <ele>44.3</ele>
      </trkpt>
      <trkpt lat="43.21137" lon="5.38499">
        <ele>42.2</ele>
      </trkpt>
      <trkpt lat="43.21143" lon="5.38496">
        <ele>41.7</ele>
      </trkpt>
      <trkpt lat="43.2115" lon="5.38494">
        <ele>41.8</ele>
      </trkpt>
      <trkpt lat="43.21155" lon="5.38495">
        <ele>43</ele>
      </trkpt>
      <trkpt lat="43.2116" lon="5.38496">
        <ele>44.3</ele>
      </trkpt>
      <trkpt lat="43.21165" lon="5.38496">
        <ele>45.6</ele>
      </trkpt>
      <trkpt lat="43.2117" lon="5.38497">
        <ele>47</ele>
      </trkpt>
      <trkpt lat="43.21176" lon="5.38499">
        <ele>49.2</ele>
      </trkpt>
      <trkpt lat="43.21182" lon="5.38499">
        <ele>50.2</ele>
      </trkpt>
      <trkpt lat="43.21188" lon="5.38498">
        <ele>51.2</ele>
      </trkpt>
      <trkpt lat="43.21192" lon="5.38494">
        <ele>50.9</ele>
      </trkpt>
      <trkpt lat="43.21194" lon="5.38492">
        <ele>50.9</ele>
      </trkpt>
      <trkpt lat="43.21196" lon="5.38487">
        <ele>51.4</ele>
      </trkpt>
      <trkpt lat="43.21199" lon="5.3848">
        <ele>52.9</ele>
      </trkpt>
      <trkpt lat="43.21201" lon="5.38472">
        <ele>53</ele>
      </trkpt>
      <trkpt lat="43.21203" lon="5.38466">
        <ele>52.6</ele>
      </trkpt>
      <trkpt lat="43.21206" lon="5.38461">
        <ele>53.5</ele>
      </trkpt>
      <trkpt lat="43.2121" lon="5.38458">
        <ele>56.3</ele>
      </trkpt>
      <trkpt lat="43.21212" lon="5.38452">
        <ele>55.6</ele>
      </trkpt>
      <trkpt lat="43.21213" lon="5.38445">
        <ele>53.3</ele>
      </trkpt>
      <trkpt lat="43.21217" lon="5.38437">
        <ele>51.5</ele>
      </trkpt>
      <trkpt lat="43.21222" lon="5.38433">
        <ele>52.8</ele>
      </trkpt>
      <trkpt lat="43.21225" lon="5.38429">
        <ele>50.5</ele>
      </trkpt>
      <trkpt lat="43.2123" lon="5.38428">
        <ele>51.2</ele>
      </trkpt>
      <trkpt lat="43.21234" lon="5.38428">
        <ele>52.3</ele>
      </trkpt>
      <trkpt lat="43.21237" lon="5.38429">
        <ele>53.8</ele>
      </trkpt>
      <trkpt lat="43.21243" lon="5.3843">
        <ele>55.9</ele>
      </trkpt>
      <trkpt lat="43.21247" lon="5.38428">
        <ele>56</ele>
      </trkpt>
      <trkpt lat="43.2125" lon="5.38424">
        <ele>55.2</ele>
      </trkpt>
      <trkpt lat="43.21251" lon="5.38422">
        <ele>55.3</ele>
      </trkpt>
      <trkpt lat="43.21257" lon="5.38427">
        <ele>62.4</ele>
      </trkpt>
      <trkpt lat="43.21258" lon="5.38429">
        <ele>63.7</ele>
      </trkpt>
      <trkpt lat="43.21262" lon="5.3843">
        <ele>67</ele>
      </trkpt>
      <trkpt lat="43.21267" lon="5.38431">
        <ele>70.8</ele>
      </trkpt>
      <trkpt lat="43.2127" lon="5.38433">
        <ele>72.9</ele>
      </trkpt>
      <trkpt lat="43.21274" lon="5.38436">
        <ele>75.1</ele>
      </trkpt>
      <trkpt lat="43.21276" lon="5.38438">
        <ele>75.9</ele>
      </trkpt>
      <trkpt lat="43.21279" lon="5.38441">
        <ele>76.9</ele>
      </trkpt>
      <trkpt lat="43.21275" lon="5.38434">
        <ele>75.8</ele>
      </trkpt>
      <trkpt lat="43.2127" lon="5.38428">
        <ele>73.4</ele>
      </trkpt>
      <trkpt lat="43.21266" lon="5.38421">
        <ele>69.4</ele>
      </trkpt>
      <trkpt lat="43.21261" lon="5.38414">
        <ele>64.1</ele>
      </trkpt>
      <trkpt lat="43.21257" lon="5.3841">
        <ele>59</ele>
      </trkpt>
      <trkpt lat="43.21252" lon="5.38406">
        <ele>54.1</ele>
      </trkpt>
      <trkpt lat="43.21248" lon="5.38403">
        <ele>51</ele>
      </trkpt>
      <trkpt lat="43.21248" lon="5.38397">
        <ele>50.7</ele>
      </trkpt>
      <trkpt lat="43.21247" lon="5.3839">
        <ele>50.3</ele>
      </trkpt>
      <trkpt lat="43.21245" lon="5.38384">
        <ele>54.1</ele>
      </trkpt>
      <trkpt lat="43.21241" lon="5.38381">
        <ele>55</ele>
      </trkpt>
      <trkpt lat="43.21235" lon="5.38379">
        <ele>54.4</ele>
      </trkpt>
      <trkpt lat="43.21229" lon="5.38376">
        <ele>53.9</ele>
      </trkpt>
      <trkpt lat="43.21223" lon="5.38374">
        <ele>53.6</ele>
      </trkpt>
      <trkpt lat="43.21217" lon="5.38371">
        <ele>53.7</ele>
      </trkpt>
      <trkpt lat="43.21212" lon="5.3837">
        <ele>53.1</ele>
      </trkpt>
      <trkpt lat="43.21208" lon="5.38369">
        <ele>52.7</ele>
      </trkpt>
      <trkpt lat="43.21203" lon="5.38367">
        <ele>52.4</ele>
      </trkpt>
      <trkpt lat="43.21198" lon="5.38366">
        <ele>52.1</ele>
      </trkpt>
      <trkpt lat="43.21191" lon="5.38365">
        <ele>49.8</ele>
      </trkpt>
      <trkpt lat="43.21184" lon="5.38364">
        <ele>46.4</ele>
      </trkpt>
      <trkpt lat="43.2118" lon="5.38361">
        <ele>46.6</ele>
      </trkpt>
      <trkpt lat="43.21179" lon="5.38355">
        <ele>46.9</ele>
      </trkpt>
      <trkpt lat="43.21179" lon="5.38348">
        <ele>48</ele>
      </trkpt>
      <trkpt lat="43.21177" lon="5.38343">
        <ele>47.3</ele>
      </trkpt>
      <trkpt lat="43.21174" lon="5.38336">
        <ele>46.1</ele>
      </trkpt>
      <trkpt lat="43.21171" lon="5.38331">
        <ele>46.2</ele>
      </trkpt>
      <trkpt lat="43.21165" lon="5.38329">
        <ele>45.1</ele>
      </trkpt>
      <trkpt lat="43.21158" lon="5.38327">
        <ele>47.1</ele>
      </trkpt>
      <trkpt lat="43.2115" lon="5.38327">
        <ele>47.3</ele>
      </trkpt>
      <trkpt lat="43.21145" lon="5.3833">
        <ele>44.7</ele>
      </trkpt>
      <trkpt lat="43.21139" lon="5.38334">
        <ele>41.9</ele>
      </trkpt>
      <trkpt lat="43.21133" lon="5.38337">
        <ele>39.4</ele>
      </trkpt>
      <trkpt lat="43.21127" lon="5.38338">
        <ele>38.6</ele>
      </trkpt>
      <trkpt lat="43.21122" lon="5.38334">
        <ele>40.5</ele>
      </trkpt>
      <trkpt lat="43.21117" lon="5.3833">
        <ele>41.9</ele>
      </trkpt>
      <trkpt lat="43.21112" lon="5.38327">
        <ele>42.2</ele>
      </trkpt>
      <trkpt lat="43.21107" lon="5.38325">
        <ele>40.4</ele>
      </trkpt>
      <trkpt lat="43.21104" lon="5.3832">
        <ele>40.2</ele>
      </trkpt>
      <trkpt lat="43.211" lon="5.38314">
        <ele>40.1</ele>
      </trkpt>
      <trkpt lat="43.21095" lon="5.3831">
        <ele>38.7</ele>
      </trkpt>
      <trkpt lat="43.21089" lon="5.38305">
        <ele>37.2</ele>
      </trkpt>
      <trkpt lat="43.21085" lon="5.38301">
        <ele>35.8</ele>
      </trkpt>
      <trkpt lat="43.2108" lon="5.38296">
        <ele>34.2</ele>
      </trkpt>
      <trkpt lat="43.21075" lon="5.38291">
        <ele>32.7</ele>
      </trkpt>
      <trkpt lat="43.21071" lon="5.38286">
        <ele>31.7</ele>
      </trkpt>
      <trkpt lat="43.21066" lon="5.38284">
        <ele>29.5</ele>
      </trkpt>
      <trkpt lat="43.2106" lon="5.38281">
        <ele>27.3</ele>
      </trkpt>
      <trkpt lat="43.21058" lon="5.38277">
        <ele>27.4</ele>
      </trkpt>
      <trkpt lat="43.21054" lon="5.38266">
        <ele>28</ele>
      </trkpt>
      <trkpt lat="43.21052" lon="5.38263">
        <ele>27.6</ele>
      </trkpt>
      <trkpt lat="43.21046" lon="5.38262">
        <ele>24.3</ele>
      </trkpt>
      <trkpt lat="43.21045" lon="5.38259">
        <ele>24.5</ele>
      </trkpt>
      <trkpt lat="43.21043" lon="5.38256">
        <ele>24.2</ele>
      </trkpt>
      <trkpt lat="43.2104" lon="5.38249">
        <ele>24.1</ele>
      </trkpt>
      <trkpt lat="43.21038" lon="5.38243">
        <ele>23.3</ele>
      </trkpt>
      <trkpt lat="43.21035" lon="5.38236">
        <ele>22.7</ele>
      </trkpt>
      <trkpt lat="43.21034" lon="5.38229">
        <ele>22.9</ele>
      </trkpt>
      <trkpt lat="43.21033" lon="5.38222">
        <ele>23.2</ele>
      </trkpt>
      <trkpt lat="43.21033" lon="5.38217">
        <ele>22.8</ele>
      </trkpt>
      <trkpt lat="43.21037" lon="5.3821">
        <ele>23.7</ele>
      </trkpt>
      <trkpt lat="43.2104" lon="5.38202">
        <ele>24.5</ele>
      </trkpt>
      <trkpt lat="43.2104" lon="5.38195">
        <ele>23.9</ele>
      </trkpt>
      <trkpt lat="43.21039" lon="5.38189">
        <ele>24</ele>
      </trkpt>
      <trkpt lat="43.21039" lon="5.38178">
        <ele>25.2</ele>
      </trkpt>
      <trkpt lat="43.21039" lon="5.38174">
        <ele>25.7</ele>
      </trkpt>
      <trkpt lat="43.21041" lon="5.38162">
        <ele>27.2</ele>
      </trkpt>
      <trkpt lat="43.21043" lon="5.38154">
        <ele>27.7</ele>
      </trkpt>
      <trkpt lat="43.21043" lon="5.38145">
        <ele>27.5</ele>
      </trkpt>
      <trkpt lat="43.21043" lon="5.3814">
        <ele>27.4</ele>
      </trkpt>
      <trkpt lat="43.21047" lon="5.38134">
        <ele>27.5</ele>
      </trkpt>
      <trkpt lat="43.2105" lon="5.38128">
        <ele>27.2</ele>
      </trkpt>
      <trkpt lat="43.21054" lon="5.38125">
        <ele>27.6</ele>
      </trkpt>
      <trkpt lat="43.21058" lon="5.38122">
        <ele>27.8</ele>
      </trkpt>
      <trkpt lat="43.21064" lon="5.3812">
        <ele>28.4</ele>
      </trkpt>
      <trkpt lat="43.21069" lon="5.38118">
        <ele>29</ele>
      </trkpt>
      <trkpt lat="43.21073" lon="5.38113">
        <ele>28.4</ele>
      </trkpt>
      <trkpt lat="43.21076" lon="5.38107">
        <ele>28.4</ele>
      </trkpt>
      <trkpt lat="43.21076" lon="5.381">
        <ele>27.9</ele>
      </trkpt>
      <trkpt lat="43.21076" lon="5.38092">
        <ele>27.4</ele>
      </trkpt>
      <trkpt lat="43.21076" lon="5.38085">
        <ele>27</ele>
      </trkpt>
      <trkpt lat="43.21076" lon="5.38077">
        <ele>25.2</ele>
      </trkpt>
      <trkpt lat="43.21078" lon="5.38071">
        <ele>23.9</ele>
      </trkpt>
      <trkpt lat="43.21081" lon="5.38067">
        <ele>22.9</ele>
      </trkpt>
      <trkpt lat="43.21088" lon="5.38063">
        <ele>22.8</ele>
      </trkpt>
      <trkpt lat="43.21094" lon="5.38059">
        <ele>22.6</ele>
      </trkpt>
      <trkpt lat="43.21097" lon="5.38056">
        <ele>22.1</ele>
      </trkpt>
      <trkpt lat="43.21101" lon="5.38055">
        <ele>22.8</ele>
      </trkpt>
      <trkpt lat="43.21108" lon="5.3805">
        <ele>24.2</ele>
      </trkpt>
      <trkpt lat="43.21114" lon="5.38045">
        <ele>26.2</ele>
      </trkpt>
      <trkpt lat="43.21117" lon="5.38041">
        <ele>27.4</ele>
      </trkpt>
      <trkpt lat="43.21117" lon="5.38034">
        <ele>27.9</ele>
      </trkpt>
      <trkpt lat="43.21117" lon="5.38026">
        <ele>28.1</ele>
      </trkpt>
      <trkpt lat="43.21122" lon="5.38018">
        <ele>28.4</ele>
      </trkpt>
      <trkpt lat="43.21125" lon="5.38014">
        <ele>28.5</ele>
      </trkpt>
      <trkpt lat="43.21129" lon="5.3801">
        <ele>28.7</ele>
      </trkpt>
      <trkpt lat="43.21133" lon="5.38007">
        <ele>28.7</ele>
      </trkpt>
      <trkpt lat="43.21137" lon="5.38003">
        <ele>28.5</ele>
      </trkpt>
      <trkpt lat="43.21141" lon="5.37999">
        <ele>28.8</ele>
      </trkpt>
      <trkpt lat="43.21141" lon="5.37995">
        <ele>29.2</ele>
      </trkpt>
      <trkpt lat="43.2114" lon="5.37991">
        <ele>29.2</ele>
      </trkpt>
      <trkpt lat="43.21139" lon="5.37984">
        <ele>29.2</ele>
      </trkpt>
      <trkpt lat="43.21137" lon="5.37978">
        <ele>28.7</ele>
      </trkpt>
      <trkpt lat="43.21134" lon="5.37971">
        <ele>28.4</ele>
      </trkpt>
      <trkpt lat="43.21131" lon="5.37965">
        <ele>29.5</ele>
      </trkpt>
      <trkpt lat="43.21127" lon="5.37959">
        <ele>30.6</ele>
      </trkpt>
      <trkpt lat="43.21123" lon="5.37953">
        <ele>31.2</ele>
      </trkpt>
      <trkpt lat="43.21118" lon="5.37947">
        <ele>31.9</ele>
      </trkpt>
      <trkpt lat="43.21115" lon="5.37941">
        <ele>33.2</ele>
      </trkpt>
      <trkpt lat="43.21113" lon="5.37935">
        <ele>34.9</ele>
      </trkpt>
      <trkpt lat="43.21111" lon="5.37928">
        <ele>36.5</ele>
      </trkpt>
      <trkpt lat="43.21108" lon="5.37924">
        <ele>37.5</ele>
      </trkpt>
      <trkpt lat="43.21102" lon="5.37921">
        <ele>37.4</ele>
      </trkpt>
      <trkpt lat="43.21096" lon="5.37918">
        <ele>37.3</ele>
      </trkpt>
      <trkpt lat="43.21092" lon="5.37913">
        <ele>37.2</ele>
      </trkpt>
      <trkpt lat="43.21089" lon="5.37907">
        <ele>36.9</ele>
      </trkpt>
      <trkpt lat="43.21088" lon="5.37898">
        <ele>37.2</ele>
      </trkpt>
      <trkpt lat="43.21087" lon="5.37889">
        <ele>37.4</ele>
      </trkpt>
      <trkpt lat="43.21088" lon="5.37878">
        <ele>36.7</ele>
      </trkpt>
      <trkpt lat="43.21089" lon="5.37867">
        <ele>36</ele>
      </trkpt>
      <trkpt lat="43.21092" lon="5.37859">
        <ele>36.5</ele>
      </trkpt>
      <trkpt lat="43.21094" lon="5.3785">
        <ele>37.6</ele>
      </trkpt>
      <trkpt lat="43.21093" lon="5.37845">
        <ele>37.2</ele>
      </trkpt>
      <trkpt lat="43.21092" lon="5.37839">
        <ele>36.7</ele>
      </trkpt>
      <trkpt lat="43.21089" lon="5.37834">
        <ele>35.4</ele>
      </trkpt>
      <trkpt lat="43.21086" lon="5.3783">
        <ele>35</ele>
      </trkpt>
      <trkpt lat="43.21082" lon="5.37824">
        <ele>35</ele>
      </trkpt>
      <trkpt lat="43.21078" lon="5.37819">
        <ele>35</ele>
      </trkpt>
      <trkpt lat="43.21074" lon="5.37814">
        <ele>34.8</ele>
      </trkpt>
      <trkpt lat="43.2107" lon="5.37805">
        <ele>35.3</ele>
      </trkpt>
      <trkpt lat="43.21068" lon="5.37796">
        <ele>36</ele>
      </trkpt>
      <trkpt lat="43.21067" lon="5.37787">
        <ele>37.1</ele>
      </trkpt>
      <trkpt lat="43.21065" lon="5.37782">
        <ele>37.1</ele>
      </trkpt>
      <trkpt lat="43.21062" lon="5.37777">
        <ele>36.6</ele>
      </trkpt>
      <trkpt lat="43.21058" lon="5.37771">
        <ele>36.2</ele>
      </trkpt>
      <trkpt lat="43.21054" lon="5.37766">
        <ele>35.2</ele>
      </trkpt>
      <trkpt lat="43.2105" lon="5.37761">
        <ele>33.7</ele>
      </trkpt>
      <trkpt lat="43.21048" lon="5.37754">
        <ele>33.9</ele>
      </trkpt>
      <trkpt lat="43.21046" lon="5.37746">
        <ele>33.6</ele>
      </trkpt>
      <trkpt lat="43.21044" lon="5.37739">
        <ele>32.5</ele>
      </trkpt>
      <trkpt lat="43.21042" lon="5.37731">
        <ele>31.2</ele>
      </trkpt>
      <trkpt lat="43.2104" lon="5.3772">
        <ele>30</ele>
      </trkpt>
      <trkpt lat="43.21039" lon="5.37711">
        <ele>30.2</ele>
      </trkpt>
      <trkpt lat="43.21039" lon="5.37701">
        <ele>31.2</ele>
      </trkpt>
      <trkpt lat="43.21041" lon="5.37693">
        <ele>32.6</ele>
      </trkpt>
      <trkpt lat="43.21042" lon="5.37685">
        <ele>32.7</ele>
      </trkpt>
      <trkpt lat="43.21046" lon="5.37674">
        <ele>33.9</ele>
      </trkpt>
      <trkpt lat="43.21046" lon="5.37669">
        <ele>33.4</ele>
      </trkpt>
      <trkpt lat="43.21045" lon="5.37665">
        <ele>32.9</ele>
      </trkpt>
      <trkpt lat="43.2104" lon="5.37656">
        <ele>32.1</ele>
      </trkpt>
      <trkpt lat="43.21037" lon="5.37652">
        <ele>31.3</ele>
      </trkpt>
      <trkpt lat="43.21033" lon="5.37648">
        <ele>30.6</ele>
      </trkpt>
      <trkpt lat="43.21029" lon="5.37642">
        <ele>30.5</ele>
      </trkpt>
      <trkpt lat="43.21026" lon="5.37636">
        <ele>29.3</ele>
      </trkpt>
      <trkpt lat="43.21026" lon="5.37629">
        <ele>29.8</ele>
      </trkpt>
      <trkpt lat="43.21027" lon="5.37623">
        <ele>30.7</ele>
      </trkpt>
      <trkpt lat="43.21027" lon="5.37616">
        <ele>30.9</ele>
      </trkpt>
      <trkpt lat="43.21025" lon="5.37612">
        <ele>30.9</ele>
      </trkpt>
      <trkpt lat="43.21023" lon="5.37609">
        <ele>30.8</ele>
      </trkpt>
      <trkpt lat="43.21021" lon="5.37604">
        <ele>30</ele>
      </trkpt>
      <trkpt lat="43.2102" lon="5.37599">
        <ele>28.9</ele>
      </trkpt>
      <trkpt lat="43.2102" lon="5.37592">
        <ele>27.8</ele>
      </trkpt>
      <trkpt lat="43.2102" lon="5.37585">
        <ele>26.6</ele>
      </trkpt>
      <trkpt lat="43.21019" lon="5.37579">
        <ele>26.1</ele>
      </trkpt>
      <trkpt lat="43.21018" lon="5.37572">
        <ele>26.5</ele>
      </trkpt>
      <trkpt lat="43.21015" lon="5.37566">
        <ele>25.3</ele>
      </trkpt>
      <trkpt lat="43.21012" lon="5.37561">
        <ele>24.1</ele>
      </trkpt>
      <trkpt lat="43.21009" lon="5.37553">
        <ele>23.2</ele>
      </trkpt>
      <trkpt lat="43.21007" lon="5.37543">
        <ele>22.3</ele>
      </trkpt>
      <trkpt lat="43.21005" lon="5.37533">
        <ele>22.1</ele>
      </trkpt>
      <trkpt lat="43.21002" lon="5.37522">
        <ele>21.3</ele>
      </trkpt>
      <trkpt lat="43.20999" lon="5.37518">
        <ele>19.8</ele>
      </trkpt>
      <trkpt lat="43.20995" lon="5.37514">
        <ele>17.9</ele>
      </trkpt>
      <trkpt lat="43.20992" lon="5.3751">
        <ele>16.3</ele>
      </trkpt>
      <trkpt lat="43.20988" lon="5.37506">
        <ele>15.1</ele>
      </trkpt>
      <trkpt lat="43.20984" lon="5.37498">
        <ele>14.3</ele>
      </trkpt>
      <trkpt lat="43.20982" lon="5.37491">
        <ele>13.9</ele>
      </trkpt>
      <trkpt lat="43.2098" lon="5.37486">
        <ele>13.7</ele>
      </trkpt>
      <trkpt lat="43.2098" lon="5.37481">
        <ele>14</ele>
      </trkpt>
      <trkpt lat="43.20981" lon="5.37472">
        <ele>14.6</ele>
      </trkpt>
      <trkpt lat="43.20981" lon="5.37463">
        <ele>13.4</ele>
      </trkpt>
      <trkpt lat="43.20983" lon="5.37455">
        <ele>12.4</ele>
      </trkpt>
      <trkpt lat="43.20986" lon="5.37446">
        <ele>11.2</ele>
      </trkpt>
      <trkpt lat="43.20987" lon="5.37437">
        <ele>11</ele>
      </trkpt>
      <trkpt lat="43.20988" lon="5.37431">
        <ele>11</ele>
      </trkpt>
      <trkpt lat="43.20989" lon="5.37424">
        <ele>11</ele>
      </trkpt>
      <trkpt lat="43.20993" lon="5.37416">
        <ele>11</ele>
      </trkpt>
      <trkpt lat="43.20996" lon="5.37407">
        <ele>11.1</ele>
      </trkpt>
      <trkpt lat="43.21" lon="5.37398">
        <ele>11</ele>
      </trkpt>
      <trkpt lat="43.21004" lon="5.3739">
        <ele>11.1</ele>
      </trkpt>
      <trkpt lat="43.21008" lon="5.37381">
        <ele>12.1</ele>
      </trkpt>
      <trkpt lat="43.21012" lon="5.37372">
        <ele>13</ele>
      </trkpt>
      <trkpt lat="43.21016" lon="5.37362">
        <ele>13.9</ele>
      </trkpt>
      <trkpt lat="43.2102" lon="5.37353">
        <ele>14</ele>
      </trkpt>
      <trkpt lat="43.21023" lon="5.37345">
        <ele>14.5</ele>
      </trkpt>
      <trkpt lat="43.21026" lon="5.37337">
        <ele>15.3</ele>
      </trkpt>
      <trkpt lat="43.21029" lon="5.37333">
        <ele>16.1</ele>
      </trkpt>
      <trkpt lat="43.21032" lon="5.3733">
        <ele>16.2</ele>
      </trkpt>
      <trkpt lat="43.21034" lon="5.37325">
        <ele>16.1</ele>
      </trkpt>
      <trkpt lat="43.21036" lon="5.37317">
        <ele>16</ele>
      </trkpt>
      <trkpt lat="43.21039" lon="5.37312">
        <ele>16.5</ele>
      </trkpt>
      <trkpt lat="43.21042" lon="5.37307">
        <ele>17.1</ele>
      </trkpt>
      <trkpt lat="43.21041" lon="5.373">
        <ele>17.1</ele>
      </trkpt>
      <trkpt lat="43.21039" lon="5.37295">
        <ele>16.8</ele>
      </trkpt>
      <trkpt lat="43.21039" lon="5.37288">
        <ele>17.1</ele>
      </trkpt>
      <trkpt lat="43.21039" lon="5.37279">
        <ele>17.6</ele>
      </trkpt>
      <trkpt lat="43.21039" lon="5.3727">
        <ele>18.6</ele>
      </trkpt>
      <trkpt lat="43.21038" lon="5.37264">
        <ele>19.2</ele>
      </trkpt>
      <trkpt lat="43.21037" lon="5.37257">
        <ele>19.7</ele>
      </trkpt>
      <trkpt lat="43.21034" lon="5.37246">
        <ele>20.5</ele>
      </trkpt>
      <trkpt lat="43.21031" lon="5.37239">
        <ele>21</ele>
      </trkpt>
      <trkpt lat="43.21029" lon="5.37232">
        <ele>21.5</ele>
      </trkpt>
      <trkpt lat="43.21026" lon="5.37224">
        <ele>21.8</ele>
      </trkpt>
      <trkpt lat="43.21023" lon="5.37217">
        <ele>21.6</ele>
      </trkpt>
      <trkpt lat="43.21021" lon="5.37209">
        <ele>21.6</ele>
      </trkpt>
      <trkpt lat="43.21019" lon="5.37202">
        <ele>21.7</ele>
      </trkpt>
      <trkpt lat="43.21016" lon="5.37194">
        <ele>22</ele>
      </trkpt>
      <trkpt lat="43.21014" lon="5.37186">
        <ele>22.4</ele>
      </trkpt>
      <trkpt lat="43.21012" lon="5.37178">
        <ele>23.2</ele>
      </trkpt>
      <trkpt lat="43.21009" lon="5.37172">
        <ele>23.6</ele>
      </trkpt>
      <trkpt lat="43.21008" lon="5.3717">
        <ele>23.8</ele>
      </trkpt>
      <trkpt lat="43.21005" lon="5.37164">
        <ele>24</ele>
      </trkpt>
      <trkpt lat="43.21" lon="5.3716">
        <ele>23.2</ele>
      </trkpt>
      <trkpt lat="43.20993" lon="5.37156">
        <ele>22.5</ele>
      </trkpt>
      <trkpt lat="43.20986" lon="5.37152">
        <ele>21.8</ele>
      </trkpt>
      <trkpt lat="43.2098" lon="5.3715">
        <ele>21.2</ele>
      </trkpt>
      <trkpt lat="43.20975" lon="5.37149">
        <ele>20.6</ele>
      </trkpt>
      <trkpt lat="43.20969" lon="5.37147">
        <ele>19.6</ele>
      </trkpt>
      <trkpt lat="43.20963" lon="5.37145">
        <ele>18.6</ele>
      </trkpt>
      <trkpt lat="43.20955" lon="5.37141">
        <ele>17.9</ele>
      </trkpt>
      <trkpt lat="43.20949" lon="5.37136">
        <ele>18</ele>
      </trkpt>
      <trkpt lat="43.20943" lon="5.37131">
        <ele>17.3</ele>
      </trkpt>
      <trkpt lat="43.20939" lon="5.37125">
        <ele>16.8</ele>
      </trkpt>
      <trkpt lat="43.20935" lon="5.37119">
        <ele>16.8</ele>
      </trkpt>
      <trkpt lat="43.2093" lon="5.37112">
        <ele>17.2</ele>
      </trkpt>
      <trkpt lat="43.20927" lon="5.37108">
        <ele>17.1</ele>
      </trkpt>
      <trkpt lat="43.20923" lon="5.37104">
        <ele>16.9</ele>
      </trkpt>
      <trkpt lat="43.20919" lon="5.371">
        <ele>16.6</ele>
      </trkpt>
      <trkpt lat="43.20914" lon="5.37094">
        <ele>16.4</ele>
      </trkpt>
      <trkpt lat="43.20912" lon="5.37094">
        <ele>16.1</ele>
      </trkpt>
      <trkpt lat="43.20907" lon="5.3709">
        <ele>16</ele>
      </trkpt>
      <trkpt lat="43.20902" lon="5.37086">
        <ele>16.4</ele>
      </trkpt>
      <trkpt lat="43.20896" lon="5.37081">
        <ele>16.5</ele>
      </trkpt>
      <trkpt lat="43.20891" lon="5.37077">
        <ele>16.2</ele>
      </trkpt>
      <trkpt lat="43.20887" lon="5.37072">
        <ele>15.8</ele>
      </trkpt>
      <trkpt lat="43.20883" lon="5.37066">
        <ele>15.4</ele>
      </trkpt>
      <trkpt lat="43.20878" lon="5.37061">
        <ele>15.1</ele>
      </trkpt>
      <trkpt lat="43.20874" lon="5.37056">
        <ele>14.9</ele>
      </trkpt>
      <trkpt lat="43.2087" lon="5.3705">
        <ele>14.7</ele>
      </trkpt>
      <trkpt lat="43.20866" lon="5.37045">
        <ele>14.4</ele>
      </trkpt>
      <trkpt lat="43.20861" lon="5.37039">
        <ele>14</ele>
      </trkpt>
      <trkpt lat="43.20857" lon="5.37034">
        <ele>13.4</ele>
      </trkpt>
      <trkpt lat="43.20853" lon="5.37027">
        <ele>13.2</ele>
      </trkpt>
      <trkpt lat="43.2085" lon="5.37021">
        <ele>13.2</ele>
      </trkpt>
      <trkpt lat="43.20846" lon="5.37014">
        <ele>13.1</ele>
      </trkpt>
      <trkpt lat="43.20842" lon="5.37007">
        <ele>12.9</ele>
      </trkpt>
      <trkpt lat="43.20839" lon="5.36997">
        <ele>12.9</ele>
      </trkpt>
      <trkpt lat="43.20836" lon="5.36988">
        <ele>12.7</ele>
      </trkpt>
      <trkpt lat="43.20832" lon="5.36978">
        <ele>12.6</ele>
      </trkpt>
      <trkpt lat="43.20829" lon="5.36968">
        <ele>12.2</ele>
      </trkpt>
      <trkpt lat="43.20827" lon="5.36957">
        <ele>11.5</ele>
      </trkpt>
      <trkpt lat="43.20825" lon="5.36946">
        <ele>10.9</ele>
      </trkpt>
      <trkpt lat="43.20823" lon="5.36935">
        <ele>10.8</ele>
      </trkpt>
      <trkpt lat="43.20821" lon="5.36925">
        <ele>10.9</ele>
      </trkpt>
      <trkpt lat="43.20819" lon="5.36914">
        <ele>11</ele>
      </trkpt>
      <trkpt lat="43.20817" lon="5.36903">
        <ele>11.2</ele>
      </trkpt>
      <trkpt lat="43.20815" lon="5.36892">
        <ele>11.3</ele>
      </trkpt>
      <trkpt lat="43.20813" lon="5.36881">
        <ele>11.3</ele>
      </trkpt>
      <trkpt lat="43.20811" lon="5.36872">
        <ele>11.3</ele>
      </trkpt>
      <trkpt lat="43.20808" lon="5.36863">
        <ele>11.2</ele>
      </trkpt>
      <trkpt lat="43.20808" lon="5.36857">
        <ele>11.2</ele>
      </trkpt>
      <trkpt lat="43.20807" lon="5.3685">
        <ele>11.2</ele>
      </trkpt>
      <trkpt lat="43.20807" lon="5.36844">
        <ele>11.1</ele>
      </trkpt>
      <trkpt lat="43.20806" lon="5.36838">
        <ele>11.1</ele>
      </trkpt>
      <trkpt lat="43.20806" lon="5.36831">
        <ele>11</ele>
      </trkpt>
      <trkpt lat="43.20805" lon="5.36825">
        <ele>11</ele>
      </trkpt>
      <trkpt lat="43.20805" lon="5.36818">
        <ele>10.9</ele>
      </trkpt>
      <trkpt lat="43.20804" lon="5.36812">
        <ele>10.9</ele>
      </trkpt>
      <trkpt lat="43.208" lon="5.36801">
        <ele>10.5</ele>
      </trkpt>
      <trkpt lat="43.20796" lon="5.3679">
        <ele>10.3</ele>
      </trkpt>
      <trkpt lat="43.20795" lon="5.3678">
        <ele>10.4</ele>
      </trkpt>
      <trkpt lat="43.20793" lon="5.3677">
        <ele>9.5</ele>
      </trkpt>
      <trkpt lat="43.20792" lon="5.3676">
        <ele>8.4</ele>
      </trkpt>
      <trkpt lat="43.2079" lon="5.3675">
        <ele>7.1</ele>
      </trkpt>
      <trkpt lat="43.20791" lon="5.36739">
        <ele>7.7</ele>
      </trkpt>
      <trkpt lat="43.20792" lon="5.36727">
        <ele>8.3</ele>
      </trkpt>
      <trkpt lat="43.20792" lon="5.36716">
        <ele>8.7</ele>
      </trkpt>
      <trkpt lat="43.20793" lon="5.36704">
        <ele>9</ele>
      </trkpt>
      <trkpt lat="43.20791" lon="5.36692">
        <ele>9</ele>
      </trkpt>
      <trkpt lat="43.20789" lon="5.36681">
        <ele>8.8</ele>
      </trkpt>
      <trkpt lat="43.20787" lon="5.36669">
        <ele>8.7</ele>
      </trkpt>
      <trkpt lat="43.20786" lon="5.36658">
        <ele>8.7</ele>
      </trkpt>
      <trkpt lat="43.20784" lon="5.36646">
        <ele>8.8</ele>
      </trkpt>
      <trkpt lat="43.20782" lon="5.36634">
        <ele>8.6</ele>
      </trkpt>
      <trkpt lat="43.2078" lon="5.36623">
        <ele>7.9</ele>
      </trkpt>
      <trkpt lat="43.20778" lon="5.36611">
        <ele>7.1</ele>
      </trkpt>
      <trkpt lat="43.20777" lon="5.36603">
        <ele>6.9</ele>
      </trkpt>
      <trkpt lat="43.20777" lon="5.36595">
        <ele>6.8</ele>
      </trkpt>
      <trkpt lat="43.20776" lon="5.36587">
        <ele>6.6</ele>
      </trkpt>
      <trkpt lat="43.20775" lon="5.36579">
        <ele>6.6</ele>
      </trkpt>
      <trkpt lat="43.20775" lon="5.3657">
        <ele>6.9</ele>
      </trkpt>
      <trkpt lat="43.20775" lon="5.3656">
        <ele>7.3</ele>
      </trkpt>
      <trkpt lat="43.20774" lon="5.36548">
        <ele>7.2</ele>
      </trkpt>
      <trkpt lat="43.20774" lon="5.36537">
        <ele>7.2</ele>
      </trkpt>
      <trkpt lat="43.20774" lon="5.36526">
        <ele>7.3</ele>
      </trkpt>
      <trkpt lat="43.20774" lon="5.36515">
        <ele>7.8</ele>
      </trkpt>
      <trkpt lat="43.20775" lon="5.36505">
        <ele>8.2</ele>
      </trkpt>
      <trkpt lat="43.20775" lon="5.36494">
        <ele>8.7</ele>
      </trkpt>
      <trkpt lat="43.20775" lon="5.36483">
        <ele>9.1</ele>
      </trkpt>
      <trkpt lat="43.20775" lon="5.36472">
        <ele>9.5</ele>
      </trkpt>
      <trkpt lat="43.20775" lon="5.36461">
        <ele>9.5</ele>
      </trkpt>
      <trkpt lat="43.20776" lon="5.36451">
        <ele>9.6</ele>
      </trkpt>
      <trkpt lat="43.20777" lon="5.36442">
        <ele>9.7</ele>
      </trkpt>
      <trkpt lat="43.20778" lon="5.36432">
        <ele>9.6</ele>
      </trkpt>
      <trkpt lat="43.20779" lon="5.36422">
        <ele>9.7</ele>
      </trkpt>
      <trkpt lat="43.20782" lon="5.36413">
        <ele>10.4</ele>
      </trkpt>
      <trkpt lat="43.20784" lon="5.36404">
        <ele>11.2</ele>
      </trkpt>
      <trkpt lat="43.20787" lon="5.36395">
        <ele>11.7</ele>
      </trkpt>
      <trkpt lat="43.20789" lon="5.36386">
        <ele>12.1</ele>
      </trkpt>
      <trkpt lat="43.20792" lon="5.36378">
        <ele>12.5</ele>
      </trkpt>
      <trkpt lat="43.20795" lon="5.36371">
        <ele>12.8</ele>
      </trkpt>
      <trkpt lat="43.20802" lon="5.36364">
        <ele>13.6</ele>
      </trkpt>
      <trkpt lat="43.20809" lon="5.36357">
        <ele>14.8</ele>
      </trkpt>
      <trkpt lat="43.20812" lon="5.36353">
        <ele>15.4</ele>
      </trkpt>
      <trkpt lat="43.20816" lon="5.36343">
        <ele>15.6</ele>
      </trkpt>
      <trkpt lat="43.20819" lon="5.36334">
        <ele>15.4</ele>
      </trkpt>
      <trkpt lat="43.20821" lon="5.36325">
        <ele>15.5</ele>
      </trkpt>
      <trkpt lat="43.20824" lon="5.36317">
        <ele>15.8</ele>
      </trkpt>
      <trkpt lat="43.20826" lon="5.36309">
        <ele>16.2</ele>
      </trkpt>
      <trkpt lat="43.20828" lon="5.363">
        <ele>16.5</ele>
      </trkpt>
      <trkpt lat="43.20832" lon="5.36291">
        <ele>17.1</ele>
      </trkpt>
      <trkpt lat="43.20835" lon="5.36284">
        <ele>17.8</ele>
      </trkpt>
      <trkpt lat="43.20839" lon="5.36278">
        <ele>18.5</ele>
      </trkpt>
      <trkpt lat="43.20842" lon="5.36271">
        <ele>19</ele>
      </trkpt>
      <trkpt lat="43.20845" lon="5.36264">
        <ele>19.4</ele>
      </trkpt>
      <trkpt lat="43.2085" lon="5.36256">
        <ele>20.1</ele>
      </trkpt>
      <trkpt lat="43.20854" lon="5.36251">
        <ele>20.6</ele>
      </trkpt>
      <trkpt lat="43.20858" lon="5.36246">
        <ele>21.2</ele>
      </trkpt>
      <trkpt lat="43.2086" lon="5.36238">
        <ele>21.3</ele>
      </trkpt>
      <trkpt lat="43.20866" lon="5.36232">
        <ele>22.3</ele>
      </trkpt>
      <trkpt lat="43.20872" lon="5.36226">
        <ele>22.8</ele>
      </trkpt>
      <trkpt lat="43.20877" lon="5.3622">
        <ele>23</ele>
      </trkpt>
      <trkpt lat="43.20883" lon="5.36214">
        <ele>22.9</ele>
      </trkpt>
      <trkpt lat="43.20888" lon="5.36209">
        <ele>22.8</ele>
      </trkpt>
      <trkpt lat="43.20893" lon="5.36203">
        <ele>22.4</ele>
      </trkpt>
      <trkpt lat="43.20897" lon="5.36198">
        <ele>21.8</ele>
      </trkpt>
      <trkpt lat="43.20902" lon="5.36192">
        <ele>20.9</ele>
      </trkpt>
      <trkpt lat="43.20907" lon="5.36189">
        <ele>20.4</ele>
      </trkpt>
      <trkpt lat="43.20913" lon="5.36186">
        <ele>19.8</ele>
      </trkpt>
      <trkpt lat="43.2092" lon="5.36185">
        <ele>19.3</ele>
      </trkpt>
      <trkpt lat="43.20928" lon="5.36185">
        <ele>18.5</ele>
      </trkpt>
      <trkpt lat="43.20933" lon="5.36188">
        <ele>18.8</ele>
      </trkpt>
      <trkpt lat="43.20938" lon="5.3619">
        <ele>19.1</ele>
      </trkpt>
      <trkpt lat="43.20945" lon="5.36187">
        <ele>17.5</ele>
      </trkpt>
      <trkpt lat="43.20952" lon="5.36184">
        <ele>14.7</ele>
      </trkpt>
      <trkpt lat="43.20957" lon="5.36186">
        <ele>14</ele>
      </trkpt>
      <trkpt lat="43.20962" lon="5.36187">
        <ele>13.3</ele>
      </trkpt>
      <trkpt lat="43.20967" lon="5.36189">
        <ele>12.7</ele>
      </trkpt>
      <trkpt lat="43.20972" lon="5.3619">
        <ele>12.1</ele>
      </trkpt>
      <trkpt lat="43.20977" lon="5.36195">
        <ele>13.2</ele>
      </trkpt>
      <trkpt lat="43.20982" lon="5.36199">
        <ele>13.3</ele>
      </trkpt>
      <trkpt lat="43.20987" lon="5.36208">
        <ele>13.8</ele>
      </trkpt>
      <trkpt lat="43.20992" lon="5.36216">
        <ele>13.6</ele>
      </trkpt>
      <trkpt lat="43.20997" lon="5.36217">
        <ele>11.9</ele>
      </trkpt>
      <trkpt lat="43.21001" lon="5.36218">
        <ele>10.6</ele>
      </trkpt>
      <trkpt lat="43.21006" lon="5.36218">
        <ele>10.4</ele>
      </trkpt>
      <trkpt lat="43.2101" lon="5.36219">
        <ele>10.1</ele>
      </trkpt>
      <trkpt lat="43.21015" lon="5.36217">
        <ele>9.9</ele>
      </trkpt>
      <trkpt lat="43.2102" lon="5.36215">
        <ele>10</ele>
      </trkpt>
      <trkpt lat="43.21023" lon="5.36218">
        <ele>9.3</ele>
      </trkpt>
      <trkpt lat="43.21026" lon="5.36218">
        <ele>9.2</ele>
      </trkpt>
      <trkpt lat="43.21029" lon="5.36215">
        <ele>10.2</ele>
      </trkpt>
      <trkpt lat="43.21027" lon="5.36205">
        <ele>12.4</ele>
      </trkpt>
      <trkpt lat="43.21025" lon="5.36194">
        <ele>14.6</ele>
      </trkpt>
      <trkpt lat="43.2102" lon="5.36187">
        <ele>15.7</ele>
      </trkpt>
      <trkpt lat="43.21017" lon="5.36177">
        <ele>18</ele>
      </trkpt>
      <trkpt lat="43.21015" lon="5.36171">
        <ele>19.1</ele>
      </trkpt>
      <trkpt lat="43.21012" lon="5.36163">
        <ele>20</ele>
      </trkpt>
      <trkpt lat="43.21008" lon="5.36154">
        <ele>20.5</ele>
      </trkpt>
      <trkpt lat="43.21005" lon="5.36147">
        <ele>20.9</ele>
      </trkpt>
      <trkpt lat="43.21001" lon="5.36139">
        <ele>21.3</ele>
      </trkpt>
      <trkpt lat="43.20996" lon="5.36132">
        <ele>18.8</ele>
      </trkpt>
      <trkpt lat="43.2099" lon="5.36125">
        <ele>16.6</ele>
      </trkpt>
      <trkpt lat="43.20994" lon="5.36115">
        <ele>17.5</ele>
      </trkpt>
      <trkpt lat="43.20997" lon="5.36105">
        <ele>18.9</ele>
      </trkpt>
      <trkpt lat="43.20993" lon="5.36098">
        <ele>19.1</ele>
      </trkpt>
      <trkpt lat="43.20989" lon="5.3609">
        <ele>19.9</ele>
      </trkpt>
      <trkpt lat="43.20985" lon="5.36087">
        <ele>20.3</ele>
      </trkpt>
      <trkpt lat="43.20981" lon="5.36083">
        <ele>21.1</ele>
      </trkpt>
      <trkpt lat="43.20979" lon="5.36073">
        <ele>22.6</ele>
      </trkpt>
      <trkpt lat="43.20977" lon="5.36062">
        <ele>24</ele>
      </trkpt>
      <trkpt lat="43.20978" lon="5.36056">
        <ele>24.9</ele>
      </trkpt>
      <trkpt lat="43.20978" lon="5.3605">
        <ele>25.4</ele>
      </trkpt>
      <trkpt lat="43.20979" lon="5.36043">
        <ele>25.9</ele>
      </trkpt>
      <trkpt lat="43.20979" lon="5.36037">
        <ele>26.4</ele>
      </trkpt>
      <trkpt lat="43.2098" lon="5.36031">
        <ele>26.9</ele>
      </trkpt>
      <trkpt lat="43.2098" lon="5.36025">
        <ele>27.6</ele>
      </trkpt>
      <trkpt lat="43.20981" lon="5.36018">
        <ele>28.3</ele>
      </trkpt>
      <trkpt lat="43.20981" lon="5.36012">
        <ele>29.1</ele>
      </trkpt>
      <trkpt lat="43.20979" lon="5.36011">
        <ele>28.6</ele>
      </trkpt>
      <trkpt lat="43.20977" lon="5.36003">
        <ele>28.8</ele>
      </trkpt>
      <trkpt lat="43.20974" lon="5.35996">
        <ele>28.6</ele>
      </trkpt>
      <trkpt lat="43.20972" lon="5.35988">
        <ele>28.2</ele>
      </trkpt>
      <trkpt lat="43.20969" lon="5.3598">
        <ele>27.8</ele>
      </trkpt>
      <trkpt lat="43.20969" lon="5.35973">
        <ele>28.3</ele>
      </trkpt>
      <trkpt lat="43.2097" lon="5.35965">
        <ele>28.5</ele>
      </trkpt>
      <trkpt lat="43.2097" lon="5.35958">
        <ele>28.8</ele>
      </trkpt>
      <trkpt lat="43.2097" lon="5.3595">
        <ele>29.2</ele>
      </trkpt>
      <trkpt lat="43.20967" lon="5.35943">
        <ele>28.5</ele>
      </trkpt>
      <trkpt lat="43.20964" lon="5.35938">
        <ele>27.8</ele>
      </trkpt>
      <trkpt lat="43.20961" lon="5.35932">
        <ele>27</ele>
      </trkpt>
      <trkpt lat="43.20963" lon="5.35922">
        <ele>27.7</ele>
      </trkpt>
      <trkpt lat="43.20964" lon="5.35912">
        <ele>28.5</ele>
      </trkpt>
      <trkpt lat="43.20964" lon="5.35905">
        <ele>28.7</ele>
      </trkpt>
      <trkpt lat="43.20964" lon="5.35897">
        <ele>28.9</ele>
      </trkpt>
      <trkpt lat="43.20964" lon="5.3589">
        <ele>29.2</ele>
      </trkpt>
      <trkpt lat="43.20965" lon="5.35882">
        <ele>29</ele>
      </trkpt>
      <trkpt lat="43.20965" lon="5.35875">
        <ele>28.9</ele>
      </trkpt>
      <trkpt lat="43.20965" lon="5.35867">
        <ele>28.8</ele>
      </trkpt>
      <trkpt lat="43.20965" lon="5.3586">
        <ele>28.6</ele>
      </trkpt>
      <trkpt lat="43.20965" lon="5.35852">
        <ele>28.4</ele>
      </trkpt>
      <trkpt lat="43.20966" lon="5.35845">
        <ele>28.5</ele>
      </trkpt>
      <trkpt lat="43.20967" lon="5.35838">
        <ele>28.5</ele>
      </trkpt>
      <trkpt lat="43.20967" lon="5.3583">
        <ele>28.2</ele>
      </trkpt>
      <trkpt lat="43.20968" lon="5.35823">
        <ele>27.7</ele>
      </trkpt>
      <trkpt lat="43.20973" lon="5.35816">
        <ele>28.3</ele>
      </trkpt>
      <trkpt lat="43.20978" lon="5.35809">
        <ele>28.5</ele>
      </trkpt>
      <trkpt lat="43.2098" lon="5.35804">
        <ele>28.5</ele>
      </trkpt>
      <trkpt lat="43.20983" lon="5.35798">
        <ele>29.2</ele>
      </trkpt>
      <trkpt lat="43.20985" lon="5.35793">
        <ele>29.9</ele>
      </trkpt>
      <trkpt lat="43.20987" lon="5.35787">
        <ele>30.7</ele>
      </trkpt>
      <trkpt lat="43.20987" lon="5.35775">
        <ele>31.4</ele>
      </trkpt>
      <trkpt lat="43.20986" lon="5.35763">
        <ele>32.3</ele>
      </trkpt>
      <trkpt lat="43.20986" lon="5.35751">
        <ele>33.2</ele>
      </trkpt>
      <trkpt lat="43.20985" lon="5.35739">
        <ele>33.6</ele>
      </trkpt>
      <trkpt lat="43.20983" lon="5.3573">
        <ele>33.5</ele>
      </trkpt>
      <trkpt lat="43.20981" lon="5.3572">
        <ele>33.7</ele>
      </trkpt>
      <trkpt lat="43.20981" lon="5.35711">
        <ele>34.1</ele>
      </trkpt>
      <trkpt lat="43.20982" lon="5.35701">
        <ele>34.9</ele>
      </trkpt>
      <trkpt lat="43.20983" lon="5.3569">
        <ele>35.1</ele>
      </trkpt>
      <trkpt lat="43.20987" lon="5.35682">
        <ele>36</ele>
      </trkpt>
      <trkpt lat="43.2099" lon="5.35674">
        <ele>37.4</ele>
      </trkpt>
      <trkpt lat="43.20991" lon="5.35668">
        <ele>37.8</ele>
      </trkpt>
      <trkpt lat="43.20992" lon="5.35661">
        <ele>38.7</ele>
      </trkpt>
      <trkpt lat="43.20994" lon="5.35655">
        <ele>39.9</ele>
      </trkpt>
      <trkpt lat="43.20996" lon="5.35648">
        <ele>41</ele>
      </trkpt>
      <trkpt lat="43.20997" lon="5.35642">
        <ele>41.8</ele>
      </trkpt>
      <trkpt lat="43.20999" lon="5.35635">
        <ele>43.9</ele>
      </trkpt>
      <trkpt lat="43.20998" lon="5.35629">
        <ele>45.4</ele>
      </trkpt>
      <trkpt lat="43.20997" lon="5.35623">
        <ele>46.9</ele>
      </trkpt>
      <trkpt lat="43.20995" lon="5.35616">
        <ele>48.5</ele>
      </trkpt>
      <trkpt lat="43.20994" lon="5.3561">
        <ele>49.8</ele>
      </trkpt>
      <trkpt lat="43.20992" lon="5.35603">
        <ele>50.4</ele>
      </trkpt>
      <trkpt lat="43.2099" lon="5.35595">
        <ele>50.9</ele>
      </trkpt>
      <trkpt lat="43.20989" lon="5.35584">
        <ele>52.3</ele>
      </trkpt>
      <trkpt lat="43.20988" lon="5.35573">
        <ele>50</ele>
      </trkpt>
      <trkpt lat="43.20995" lon="5.35569">
        <ele>53.5</ele>
      </trkpt>
      <trkpt lat="43.20999" lon="5.35563">
        <ele>55.1</ele>
      </trkpt>
      <trkpt lat="43.21003" lon="5.35556">
        <ele>57</ele>
      </trkpt>
      <trkpt lat="43.21003" lon="5.35546">
        <ele>54.5</ele>
      </trkpt>
      <trkpt lat="43.21006" lon="5.35541">
        <ele>55.6</ele>
      </trkpt>
      <trkpt lat="43.21009" lon="5.35533">
        <ele>55.9</ele>
      </trkpt>
      <trkpt lat="43.21011" lon="5.35524">
        <ele>57.4</ele>
      </trkpt>
      <trkpt lat="43.21015" lon="5.35519">
        <ele>61</ele>
      </trkpt>
      <trkpt lat="43.21011" lon="5.35514">
        <ele>57.6</ele>
      </trkpt>
      <trkpt lat="43.21011" lon="5.35507">
        <ele>57.8</ele>
      </trkpt>
      <trkpt lat="43.21014" lon="5.35503">
        <ele>60.1</ele>
      </trkpt>
      <trkpt lat="43.21013" lon="5.35495">
        <ele>58</ele>
      </trkpt>
      <trkpt lat="43.21015" lon="5.3549">
        <ele>58.1</ele>
      </trkpt>
      <trkpt lat="43.21016" lon="5.35482">
        <ele>56.8</ele>
      </trkpt>
      <trkpt lat="43.21019" lon="5.35477">
        <ele>57.9</ele>
      </trkpt>
      <trkpt lat="43.21023" lon="5.35477">
        <ele>61.2</ele>
      </trkpt>
      <trkpt lat="43.21024" lon="5.35468">
        <ele>59.6</ele>
      </trkpt>
      <trkpt lat="43.21029" lon="5.3546">
        <ele>60.8</ele>
      </trkpt>
      <trkpt lat="43.21034" lon="5.35451">
        <ele>60.2</ele>
      </trkpt>
      <trkpt lat="43.21035" lon="5.35444">
        <ele>58.5</ele>
      </trkpt>
      <trkpt lat="43.21031" lon="5.35437">
        <ele>55.9</ele>
      </trkpt>
      <trkpt lat="43.21035" lon="5.35432">
        <ele>56.1</ele>
      </trkpt>
      <trkpt lat="43.21039" lon="5.35426">
        <ele>56</ele>
      </trkpt>
      <trkpt lat="43.21044" lon="5.35416">
        <ele>54.4</ele>
      </trkpt>
      <trkpt lat="43.21048" lon="5.35405">
        <ele>51.9</ele>
      </trkpt>
      <trkpt lat="43.21053" lon="5.35403">
        <ele>52.2</ele>
      </trkpt>
      <trkpt lat="43.21057" lon="5.354">
        <ele>52</ele>
      </trkpt>
      <trkpt lat="43.21062" lon="5.354">
        <ele>51.2</ele>
      </trkpt>
      <trkpt lat="43.21066" lon="5.354">
        <ele>50.5</ele>
      </trkpt>
      <trkpt lat="43.21074" lon="5.35397">
        <ele>48.2</ele>
      </trkpt>
      <trkpt lat="43.21076" lon="5.35401">
        <ele>49.1</ele>
      </trkpt>
      <trkpt lat="43.21081" lon="5.35401">
        <ele>48.4</ele>
      </trkpt>
      <trkpt lat="43.21085" lon="5.35401">
        <ele>47.4</ele>
      </trkpt>
      <trkpt lat="43.2109" lon="5.35401">
        <ele>45.8</ele>
      </trkpt>
      <trkpt lat="43.21094" lon="5.35401">
        <ele>44.3</ele>
      </trkpt>
      <trkpt lat="43.21099" lon="5.35407">
        <ele>44.6</ele>
      </trkpt>
      <trkpt lat="43.21106" lon="5.3541">
        <ele>43.5</ele>
      </trkpt>
      <trkpt lat="43.21112" lon="5.35413">
        <ele>42.7</ele>
      </trkpt>
      <trkpt lat="43.21119" lon="5.35414">
        <ele>43.4</ele>
      </trkpt>
      <trkpt lat="43.21125" lon="5.35414">
        <ele>43.6</ele>
      </trkpt>
      <trkpt lat="43.2113" lon="5.35413">
        <ele>43.4</ele>
      </trkpt>
      <trkpt lat="43.21136" lon="5.35412">
        <ele>43.2</ele>
      </trkpt>
      <trkpt lat="43.21141" lon="5.3541">
        <ele>42.9</ele>
      </trkpt>
      <trkpt lat="43.21146" lon="5.35409">
        <ele>42.5</ele>
      </trkpt>
      <trkpt lat="43.21152" lon="5.35401">
        <ele>40.1</ele>
      </trkpt>
      <trkpt lat="43.21157" lon="5.35392">
        <ele>38.1</ele>
      </trkpt>
      <trkpt lat="43.21162" lon="5.35394">
        <ele>38.8</ele>
      </trkpt>
      <trkpt lat="43.21166" lon="5.35396">
        <ele>39.5</ele>
      </trkpt>
      <trkpt lat="43.21171" lon="5.35398">
        <ele>38.1</ele>
      </trkpt>
      <trkpt lat="43.21175" lon="5.354">
        <ele>36.2</ele>
      </trkpt>
      <trkpt lat="43.21178" lon="5.35406">
        <ele>35.5</ele>
      </trkpt>
      <trkpt lat="43.21181" lon="5.35414">
        <ele>35.1</ele>
      </trkpt>
      <trkpt lat="43.21183" lon="5.35421">
        <ele>34.6</ele>
      </trkpt>
      <trkpt lat="43.21187" lon="5.35425">
        <ele>33</ele>
      </trkpt>
      <trkpt lat="43.2119" lon="5.35429">
        <ele>31.4</ele>
      </trkpt>
      <trkpt lat="43.21193" lon="5.35434">
        <ele>30.3</ele>
      </trkpt>
      <trkpt lat="43.21196" lon="5.35439">
        <ele>29.5</ele>
      </trkpt>
      <trkpt lat="43.21199" lon="5.35444">
        <ele>28.8</ele>
      </trkpt>
      <trkpt lat="43.21202" lon="5.35449">
        <ele>28.1</ele>
      </trkpt>
      <trkpt lat="43.21206" lon="5.35453">
        <ele>26.8</ele>
      </trkpt>
      <trkpt lat="43.2121" lon="5.35457">
        <ele>25.5</ele>
      </trkpt>
      <trkpt lat="43.21213" lon="5.3546">
        <ele>24.1</ele>
      </trkpt>
      <trkpt lat="43.21217" lon="5.35464">
        <ele>22.7</ele>
      </trkpt>
      <trkpt lat="43.2122" lon="5.35453">
        <ele>20</ele>
      </trkpt>
      <trkpt lat="43.21225" lon="5.35456">
        <ele>18.3</ele>
      </trkpt>
      <trkpt lat="43.21229" lon="5.35459">
        <ele>16.8</ele>
      </trkpt>
      <trkpt lat="43.21232" lon="5.3547">
        <ele>16.7</ele>
      </trkpt>
      <trkpt lat="43.21234" lon="5.3548">
        <ele>16.6</ele>
      </trkpt>
      <trkpt lat="43.21241" lon="5.35485">
        <ele>14.9</ele>
      </trkpt>
      <trkpt lat="43.21243" lon="5.35482">
        <ele>13.8</ele>
      </trkpt>
      <trkpt lat="43.21242" lon="5.35472">
        <ele>12.4</ele>
      </trkpt>
      <trkpt lat="43.21245" lon="5.35466">
        <ele>10.6</ele>
      </trkpt>
      <trkpt lat="43.21248" lon="5.35459">
        <ele>8.9</ele>
      </trkpt>
      <trkpt lat="43.2125" lon="5.35451">
        <ele>7.5</ele>
      </trkpt>
      <trkpt lat="43.21256" lon="5.35442">
        <ele>6.6</ele>
      </trkpt>
      <trkpt lat="43.21259" lon="5.35433">
        <ele>5.7</ele>
      </trkpt>
      <trkpt lat="43.21264" lon="5.35426">
        <ele>5.1</ele>
      </trkpt>
      <trkpt lat="43.21269" lon="5.35418">
        <ele>4.8</ele>
      </trkpt>
      <trkpt lat="43.21272" lon="5.35421">
        <ele>5</ele>
      </trkpt>
      <trkpt lat="43.21279" lon="5.35429">
        <ele>5.5</ele>
      </trkpt>
      <trkpt lat="43.21286" lon="5.35437">
        <ele>5.9</ele>
      </trkpt>
      <trkpt lat="43.21292" lon="5.35445">
        <ele>5.5</ele>
      </trkpt>
      <trkpt lat="43.21299" lon="5.35453">
        <ele>5.6</ele>
      </trkpt>
      <trkpt lat="43.21306" lon="5.3546">
        <ele>5.1</ele>
      </trkpt>
      <trkpt lat="43.21313" lon="5.35468">
        <ele>5.8</ele>
      </trkpt>
      <trkpt lat="43.2132" lon="5.35476">
        <ele>6.2</ele>
      </trkpt>
      <trkpt lat="43.21327" lon="5.35484">
        <ele>6.6</ele>
      </trkpt>
      <trkpt lat="43.21333" lon="5.35492">
        <ele>6.3</ele>
      </trkpt>
      <trkpt lat="43.2134" lon="5.355">
        <ele>6.3</ele>
      </trkpt>
      <trkpt lat="43.21347" lon="5.35508">
        <ele>6.6</ele>
      </trkpt>
      <trkpt lat="43.21354" lon="5.35516">
        <ele>6.6</ele>
      </trkpt>
      <trkpt lat="43.21361" lon="5.35523">
        <ele>6.2</ele>
      </trkpt>
      <trkpt lat="43.21367" lon="5.35531">
        <ele>6.5</ele>
      </trkpt>
      <trkpt lat="43.21374" lon="5.35539">
        <ele>7.1</ele>
      </trkpt>
      <trkpt lat="43.21381" lon="5.35547">
        <ele>7.6</ele>
      </trkpt>
      <trkpt lat="43.21382" lon="5.35548">
        <ele>7.7</ele>
      </trkpt>
      <trkpt lat="43.21385" lon="5.35552">
        <ele>7.9</ele>
      </trkpt>
      <trkpt lat="43.2139" lon="5.35546">
        <ele>7.8</ele>
      </trkpt>
      <trkpt lat="43.21395" lon="5.3554">
        <ele>8.3</ele>
      </trkpt>
      <trkpt lat="43.21402" lon="5.35534">
        <ele>8.6</ele>
      </trkpt>
      <trkpt lat="43.21409" lon="5.35528">
        <ele>8.5</ele>
      </trkpt>
      <trkpt lat="43.21416" lon="5.35526">
        <ele>9.2</ele>
      </trkpt>
      <trkpt lat="43.21423" lon="5.35525">
        <ele>9.5</ele>
      </trkpt>
      <trkpt lat="43.2143" lon="5.35523">
        <ele>9.7</ele>
      </trkpt>
      <trkpt lat="43.21437" lon="5.35521">
        <ele>9.9</ele>
      </trkpt>
      <trkpt lat="43.21443" lon="5.35525">
        <ele>9.3</ele>
      </trkpt>
      <trkpt lat="43.21449" lon="5.35529">
        <ele>9.6</ele>
      </trkpt>
      <trkpt lat="43.21457" lon="5.35535">
        <ele>10.7</ele>
      </trkpt>
      <trkpt lat="43.21464" lon="5.3554">
        <ele>11.3</ele>
      </trkpt>
      <trkpt lat="43.21469" lon="5.35544">
        <ele>11.4</ele>
      </trkpt>
      <trkpt lat="43.21474" lon="5.35547">
        <ele>11.5</ele>
      </trkpt>
      <trkpt lat="43.21479" lon="5.35551">
        <ele>11.9</ele>
      </trkpt>
      <trkpt lat="43.21485" lon="5.35554">
        <ele>12</ele>
      </trkpt>
      <trkpt lat="43.2149" lon="5.35558">
        <ele>12.4</ele>
      </trkpt>
      <trkpt lat="43.21495" lon="5.35561">
        <ele>12.8</ele>
      </trkpt>
      <trkpt lat="43.215" lon="5.35565">
        <ele>13</ele>
      </trkpt>
      <trkpt lat="43.21505" lon="5.35568">
        <ele>13.3</ele>
      </trkpt>
      <trkpt lat="43.2151" lon="5.3557">
        <ele>13.5</ele>
      </trkpt>
      <trkpt lat="43.21515" lon="5.35571">
        <ele>13.8</ele>
      </trkpt>
      <trkpt lat="43.21517" lon="5.3558">
        <ele>14.2</ele>
      </trkpt>
      <trkpt lat="43.21519" lon="5.35589">
        <ele>14.6</ele>
      </trkpt>
      <trkpt lat="43.21525" lon="5.35597">
        <ele>15</ele>
      </trkpt>
      <trkpt lat="43.21532" lon="5.35606">
        <ele>15.5</ele>
      </trkpt>
      <trkpt lat="43.21538" lon="5.35614">
        <ele>16.3</ele>
      </trkpt>
      <trkpt lat="43.21544" lon="5.35622">
        <ele>17.1</ele>
      </trkpt>
      <trkpt lat="43.21549" lon="5.35623">
        <ele>17.1</ele>
      </trkpt>
      <trkpt lat="43.21554" lon="5.35624">
        <ele>17.1</ele>
      </trkpt>
      <trkpt lat="43.21559" lon="5.35624">
        <ele>17.4</ele>
      </trkpt>
      <trkpt lat="43.21564" lon="5.35625">
        <ele>17.8</ele>
      </trkpt>
      <trkpt lat="43.2157" lon="5.35627">
        <ele>18.1</ele>
      </trkpt>
      <trkpt lat="43.21576" lon="5.35628">
        <ele>18.4</ele>
      </trkpt>
      <trkpt lat="43.21582" lon="5.3563">
        <ele>18.6</ele>
      </trkpt>
      <trkpt lat="43.21588" lon="5.35631">
        <ele>18.9</ele>
      </trkpt>
      <trkpt lat="43.21592" lon="5.35628">
        <ele>19.6</ele>
      </trkpt>
      <trkpt lat="43.21597" lon="5.35626">
        <ele>20.2</ele>
      </trkpt>
      <trkpt lat="43.21601" lon="5.35623">
        <ele>20.5</ele>
      </trkpt>
      <trkpt lat="43.21605" lon="5.35621">
        <ele>20.6</ele>
      </trkpt>
      <trkpt lat="43.21609" lon="5.35618">
        <ele>20.5</ele>
      </trkpt>
      <trkpt lat="43.21614" lon="5.35615">
        <ele>20.5</ele>
      </trkpt>
      <trkpt lat="43.21618" lon="5.35613">
        <ele>20.6</ele>
      </trkpt>
      <trkpt lat="43.21622" lon="5.3561">
        <ele>21</ele>
      </trkpt>
      <trkpt lat="43.21627" lon="5.35608">
        <ele>21.7</ele>
      </trkpt>
      <trkpt lat="43.21632" lon="5.35607">
        <ele>22.3</ele>
      </trkpt>
      <trkpt lat="43.21637" lon="5.35605">
        <ele>22.8</ele>
      </trkpt>
      <trkpt lat="43.21642" lon="5.35603">
        <ele>23.3</ele>
      </trkpt>
      <trkpt lat="43.21651" lon="5.35603">
        <ele>23.8</ele>
      </trkpt>
      <trkpt lat="43.21659" lon="5.35603">
        <ele>24.2</ele>
      </trkpt>
      <trkpt lat="43.21665" lon="5.35599">
        <ele>24.8</ele>
      </trkpt>
      <trkpt lat="43.2167" lon="5.35594">
        <ele>25.6</ele>
      </trkpt>
      <trkpt lat="43.21672" lon="5.35586">
        <ele>26.1</ele>
      </trkpt>
      <trkpt lat="43.21674" lon="5.35578">
        <ele>27.4</ele>
      </trkpt>
      <trkpt lat="43.21673" lon="5.35571">
        <ele>28.9</ele>
      </trkpt>
      <trkpt lat="43.21672" lon="5.35564">
        <ele>30.3</ele>
      </trkpt>
      <trkpt lat="43.2167" lon="5.35557">
        <ele>31.8</ele>
      </trkpt>
      <trkpt lat="43.21669" lon="5.3555">
        <ele>33.7</ele>
      </trkpt>
      <trkpt lat="43.21669" lon="5.35539">
        <ele>36.9</ele>
      </trkpt>
      <trkpt lat="43.21668" lon="5.35528">
        <ele>40.1</ele>
      </trkpt>
      <trkpt lat="43.21666" lon="5.35519">
        <ele>42.2</ele>
      </trkpt>
      <trkpt lat="43.21664" lon="5.3551">
        <ele>44.2</ele>
      </trkpt>
      <trkpt lat="43.21664" lon="5.35503">
        <ele>45.9</ele>
      </trkpt>
      <trkpt lat="43.21664" lon="5.35496">
        <ele>47.4</ele>
      </trkpt>
      <trkpt lat="43.21663" lon="5.35489">
        <ele>49</ele>
      </trkpt>
      <trkpt lat="43.21663" lon="5.35482">
        <ele>50.5</ele>
      </trkpt>
      <trkpt lat="43.21662" lon="5.35472">
        <ele>52.7</ele>
      </trkpt>
      <trkpt lat="43.21661" lon="5.35462">
        <ele>56</ele>
      </trkpt>
      <trkpt lat="43.21657" lon="5.35451">
        <ele>59.4</ele>
      </trkpt>
      <trkpt lat="43.21651" lon="5.35444">
        <ele>61.5</ele>
      </trkpt>
      <trkpt lat="43.21649" lon="5.35437">
        <ele>63.1</ele>
      </trkpt>
      <trkpt lat="43.21652" lon="5.35426">
        <ele>65.8</ele>
      </trkpt>
      <trkpt lat="43.21653" lon="5.35414">
        <ele>67.6</ele>
      </trkpt>
      <trkpt lat="43.21658" lon="5.35414">
        <ele>67.7</ele>
      </trkpt>
      <trkpt lat="43.21663" lon="5.35414">
        <ele>67.8</ele>
      </trkpt>
      <trkpt lat="43.2167" lon="5.3542">
        <ele>68.5</ele>
      </trkpt>
      <trkpt lat="43.21676" lon="5.35421">
        <ele>70.4</ele>
      </trkpt>
      <trkpt lat="43.21682" lon="5.35422">
        <ele>72.4</ele>
      </trkpt>
      <trkpt lat="43.21688" lon="5.35423">
        <ele>74.3</ele>
      </trkpt>
      <trkpt lat="43.21694" lon="5.35424">
        <ele>76.3</ele>
      </trkpt>
      <trkpt lat="43.21699" lon="5.35422">
        <ele>77.6</ele>
      </trkpt>
      <trkpt lat="43.21703" lon="5.3542">
        <ele>78.9</ele>
      </trkpt>
      <trkpt lat="43.21708" lon="5.35417">
        <ele>80.2</ele>
      </trkpt>
      <trkpt lat="43.21712" lon="5.35415">
        <ele>81.2</ele>
      </trkpt>
      <trkpt lat="43.21716" lon="5.35411">
        <ele>81.8</ele>
      </trkpt>
      <trkpt lat="43.2172" lon="5.35408">
        <ele>82.3</ele>
      </trkpt>
      <trkpt lat="43.21724" lon="5.35404">
        <ele>82.8</ele>
      </trkpt>
      <trkpt lat="43.21728" lon="5.354">
        <ele>83.3</ele>
      </trkpt>
      <trkpt lat="43.21734" lon="5.35395">
        <ele>84.1</ele>
      </trkpt>
      <trkpt lat="43.21739" lon="5.35389">
        <ele>85</ele>
      </trkpt>
      <trkpt lat="43.21742" lon="5.35384">
        <ele>84.3</ele>
      </trkpt>
      <trkpt lat="43.21745" lon="5.35378">
        <ele>83.6</ele>
      </trkpt>
      <trkpt lat="43.21749" lon="5.35368">
        <ele>82</ele>
      </trkpt>
      <trkpt lat="43.21752" lon="5.35357">
        <ele>80.3</ele>
      </trkpt>
      <trkpt lat="43.21756" lon="5.35353">
        <ele>80.3</ele>
      </trkpt>
      <trkpt lat="43.2176" lon="5.3535">
        <ele>80.2</ele>
      </trkpt>
      <trkpt lat="43.21764" lon="5.35346">
        <ele>80</ele>
      </trkpt>
      <trkpt lat="43.21768" lon="5.35342">
        <ele>79.7</ele>
      </trkpt>
      <trkpt lat="43.21775" lon="5.35334">
        <ele>78.4</ele>
      </trkpt>
      <trkpt lat="43.21781" lon="5.35326">
        <ele>81.2</ele>
      </trkpt>
      <trkpt lat="43.21783" lon="5.3532">
        <ele>82.5</ele>
      </trkpt>
      <trkpt lat="43.21784" lon="5.35313">
        <ele>83.8</ele>
      </trkpt>
      <trkpt lat="43.2178" lon="5.35305">
        <ele>82.3</ele>
      </trkpt>
      <trkpt lat="43.21778" lon="5.35299">
        <ele>81.9</ele>
      </trkpt>
      <trkpt lat="43.21776" lon="5.35292">
        <ele>81.7</ele>
      </trkpt>
      <trkpt lat="43.21773" lon="5.35281">
        <ele>81.8</ele>
      </trkpt>
      <trkpt lat="43.21769" lon="5.35276">
        <ele>80.9</ele>
      </trkpt>
      <trkpt lat="43.21765" lon="5.35271">
        <ele>79.9</ele>
      </trkpt>
      <trkpt lat="43.2176" lon="5.35268">
        <ele>78.7</ele>
      </trkpt>
      <trkpt lat="43.21754" lon="5.35266">
        <ele>77.6</ele>
      </trkpt>
      <trkpt lat="43.21749" lon="5.35263">
        <ele>76.9</ele>
      </trkpt>
      <trkpt lat="43.21743" lon="5.3526">
        <ele>76.1</ele>
      </trkpt>
      <trkpt lat="43.21739" lon="5.35249">
        <ele>77</ele>
      </trkpt>
      <trkpt lat="43.21739" lon="5.35242">
        <ele>75.5</ele>
      </trkpt>
      <trkpt lat="43.21738" lon="5.35234">
        <ele>74</ele>
      </trkpt>
      <trkpt lat="43.21739" lon="5.35223">
        <ele>72.1</ele>
      </trkpt>
      <trkpt lat="43.2174" lon="5.35211">
        <ele>69.4</ele>
      </trkpt>
      <trkpt lat="43.21742" lon="5.35199">
        <ele>66.6</ele>
      </trkpt>
      <trkpt lat="43.21745" lon="5.35201">
        <ele>67.4</ele>
      </trkpt>
      <trkpt lat="43.2175" lon="5.35203">
        <ele>68.4</ele>
      </trkpt>
      <trkpt lat="43.21756" lon="5.35205">
        <ele>67.6</ele>
      </trkpt>
      <trkpt lat="43.21761" lon="5.35207">
        <ele>66.9</ele>
      </trkpt>
      <trkpt lat="43.21767" lon="5.3521">
        <ele>66.2</ele>
      </trkpt>
      <trkpt lat="43.21772" lon="5.35212">
        <ele>65.6</ele>
      </trkpt>
      <trkpt lat="43.21777" lon="5.35214">
        <ele>65.1</ele>
      </trkpt>
      <trkpt lat="43.21783" lon="5.35216">
        <ele>65.2</ele>
      </trkpt>
      <trkpt lat="43.21788" lon="5.35218">
        <ele>65.4</ele>
      </trkpt>
      <trkpt lat="43.21795" lon="5.35216">
        <ele>63.8</ele>
      </trkpt>
      <trkpt lat="43.21801" lon="5.35213">
        <ele>62.2</ele>
      </trkpt>
      <trkpt lat="43.21807" lon="5.35206">
        <ele>59.3</ele>
      </trkpt>
      <trkpt lat="43.21812" lon="5.35198">
        <ele>58.6</ele>
      </trkpt>
      <trkpt lat="43.21813" lon="5.3519">
        <ele>58</ele>
      </trkpt>
      <trkpt lat="43.21808" lon="5.35181">
        <ele>56.2</ele>
      </trkpt>
      <trkpt lat="43.21803" lon="5.35171">
        <ele>54.6</ele>
      </trkpt>
      <trkpt lat="43.21802" lon="5.3516">
        <ele>54.3</ele>
      </trkpt>
      <trkpt lat="43.21804" lon="5.35154">
        <ele>54.8</ele>
      </trkpt>
      <trkpt lat="43.21805" lon="5.35148">
        <ele>55.5</ele>
      </trkpt>
      <trkpt lat="43.21805" lon="5.35138">
        <ele>55.8</ele>
      </trkpt>
      <trkpt lat="43.21804" lon="5.35128">
        <ele>55.5</ele>
      </trkpt>
      <trkpt lat="43.21802" lon="5.35117">
        <ele>55.1</ele>
      </trkpt>
      <trkpt lat="43.21804" lon="5.35106">
        <ele>55.6</ele>
      </trkpt>
      <trkpt lat="43.21805" lon="5.35095">
        <ele>55.6</ele>
      </trkpt>
      <trkpt lat="43.21805" lon="5.35087">
        <ele>55.1</ele>
      </trkpt>
      <trkpt lat="43.21806" lon="5.35079">
        <ele>55</ele>
      </trkpt>
      <trkpt lat="43.21806" lon="5.35071">
        <ele>55.1</ele>
      </trkpt>
      <trkpt lat="43.21806" lon="5.35063">
        <ele>55.3</ele>
      </trkpt>
      <trkpt lat="43.21804" lon="5.35056">
        <ele>54.2</ele>
      </trkpt>
      <trkpt lat="43.21802" lon="5.3505">
        <ele>53.6</ele>
      </trkpt>
      <trkpt lat="43.218" lon="5.35043">
        <ele>52.9</ele>
      </trkpt>
      <trkpt lat="43.21798" lon="5.35036">
        <ele>52.2</ele>
      </trkpt>
      <trkpt lat="43.21799" lon="5.35026">
        <ele>53.2</ele>
      </trkpt>
      <trkpt lat="43.218" lon="5.35015">
        <ele>53.7</ele>
      </trkpt>
      <trkpt lat="43.21799" lon="5.35008">
        <ele>53.1</ele>
      </trkpt>
      <trkpt lat="43.21798" lon="5.35">
        <ele>52.4</ele>
      </trkpt>
      <trkpt lat="43.21799" lon="5.3499">
        <ele>50.9</ele>
      </trkpt>
      <trkpt lat="43.21805" lon="5.34984">
        <ele>52.2</ele>
      </trkpt>
      <trkpt lat="43.21814" lon="5.3498">
        <ele>53.4</ele>
      </trkpt>
      <trkpt lat="43.21822" lon="5.34976">
        <ele>54.4</ele>
      </trkpt>
      <trkpt lat="43.21829" lon="5.34975">
        <ele>55.8</ele>
      </trkpt>
      <trkpt lat="43.21837" lon="5.34973">
        <ele>57</ele>
      </trkpt>
      <trkpt lat="43.21844" lon="5.34972">
        <ele>58.1</ele>
      </trkpt>
      <trkpt lat="43.21851" lon="5.3497">
        <ele>59.3</ele>
      </trkpt>
      <trkpt lat="43.21858" lon="5.34966">
        <ele>60</ele>
      </trkpt>
      <trkpt lat="43.21863" lon="5.3496">
        <ele>59.5</ele>
      </trkpt>
      <trkpt lat="43.21867" lon="5.34954">
        <ele>58.7</ele>
      </trkpt>
      <trkpt lat="43.21872" lon="5.34948">
        <ele>57.9</ele>
      </trkpt>
      <trkpt lat="43.21876" lon="5.34942">
        <ele>57.3</ele>
      </trkpt>
      <trkpt lat="43.21881" lon="5.3494">
        <ele>57.4</ele>
      </trkpt>
      <trkpt lat="43.21885" lon="5.34948">
        <ele>59.2</ele>
      </trkpt>
      <trkpt lat="43.21889" lon="5.34955">
        <ele>61.2</ele>
      </trkpt>
      <trkpt lat="43.21893" lon="5.34962">
        <ele>61.6</ele>
      </trkpt>
      <trkpt lat="43.21896" lon="5.34969">
        <ele>61.6</ele>
      </trkpt>
      <trkpt lat="43.219" lon="5.3498">
        <ele>62.1</ele>
      </trkpt>
      <trkpt lat="43.21903" lon="5.34987">
        <ele>62.2</ele>
      </trkpt>
      <trkpt lat="43.21906" lon="5.34993">
        <ele>62.4</ele>
      </trkpt>
      <trkpt lat="43.21909" lon="5.35">
        <ele>62.7</ele>
      </trkpt>
      <trkpt lat="43.21912" lon="5.35006">
        <ele>62.9</ele>
      </trkpt>
      <trkpt lat="43.21915" lon="5.35014">
        <ele>63.5</ele>
      </trkpt>
      <trkpt lat="43.21917" lon="5.35022">
        <ele>63.8</ele>
      </trkpt>
      <trkpt lat="43.2192" lon="5.35029">
        <ele>65.1</ele>
      </trkpt>
      <trkpt lat="43.21922" lon="5.35037">
        <ele>66.9</ele>
      </trkpt>
      <trkpt lat="43.21926" lon="5.35042">
        <ele>67.8</ele>
      </trkpt>
      <trkpt lat="43.21929" lon="5.35046">
        <ele>68.8</ele>
      </trkpt>
      <trkpt lat="43.21933" lon="5.35047">
        <ele>68.9</ele>
      </trkpt>
      <trkpt lat="43.21937" lon="5.35045">
        <ele>68.1</ele>
      </trkpt>
      <trkpt lat="43.21939" lon="5.35041">
        <ele>66.7</ele>
      </trkpt>
      <trkpt lat="43.21943" lon="5.3504">
        <ele>66.1</ele>
      </trkpt>
      <trkpt lat="43.21948" lon="5.35034">
        <ele>63.9</ele>
      </trkpt>
      <trkpt lat="43.21949" lon="5.35024">
        <ele>61.6</ele>
      </trkpt>
      <trkpt lat="43.21953" lon="5.35016">
        <ele>60.8</ele>
      </trkpt>
      <trkpt lat="43.21956" lon="5.35015">
        <ele>60.7</ele>
      </trkpt>
      <trkpt lat="43.21961" lon="5.35021">
        <ele>60.9</ele>
      </trkpt>
      <trkpt lat="43.21966" lon="5.35028">
        <ele>61.2</ele>
      </trkpt>
      <trkpt lat="43.21971" lon="5.35034">
        <ele>62.8</ele>
      </trkpt>
      <trkpt lat="43.21976" lon="5.3504">
        <ele>63.8</ele>
      </trkpt>
      <trkpt lat="43.21979" lon="5.3504">
        <ele>63.2</ele>
      </trkpt>
      <trkpt lat="43.21987" lon="5.35036">
        <ele>60.8</ele>
      </trkpt>
      <trkpt lat="43.21993" lon="5.35035">
        <ele>59.5</ele>
      </trkpt>
      <trkpt lat="43.21997" lon="5.35037">
        <ele>59.2</ele>
      </trkpt>
      <trkpt lat="43.22" lon="5.35044">
        <ele>59.9</ele>
      </trkpt>
      <trkpt lat="43.22002" lon="5.3505">
        <ele>60.5</ele>
      </trkpt>
      <trkpt lat="43.22008" lon="5.35057">
        <ele>60.3</ele>
      </trkpt>
      <trkpt lat="43.22012" lon="5.35059">
        <ele>59.8</ele>
      </trkpt>
      <trkpt lat="43.22017" lon="5.35062">
        <ele>59.3</ele>
      </trkpt>
      <trkpt lat="43.22021" lon="5.35064">
        <ele>58.8</ele>
      </trkpt>
      <trkpt lat="43.22025" lon="5.35066">
        <ele>58.3</ele>
      </trkpt>
      <trkpt lat="43.22031" lon="5.35065">
        <ele>57.4</ele>
      </trkpt>
      <trkpt lat="43.22036" lon="5.35064">
        <ele>57.3</ele>
      </trkpt>
      <trkpt lat="43.22039" lon="5.35061">
        <ele>56.7</ele>
      </trkpt>
      <trkpt lat="43.22043" lon="5.35053">
        <ele>55</ele>
      </trkpt>
      <trkpt lat="43.22047" lon="5.35052">
        <ele>54.9</ele>
      </trkpt>
      <trkpt lat="43.22052" lon="5.35053">
        <ele>55.3</ele>
      </trkpt>
      <trkpt lat="43.22057" lon="5.35054">
        <ele>55.1</ele>
      </trkpt>
      <trkpt lat="43.22061" lon="5.35057">
        <ele>54.1</ele>
      </trkpt>
      <trkpt lat="43.22063" lon="5.35061">
        <ele>53.9</ele>
      </trkpt>
      <trkpt lat="43.22065" lon="5.3507">
        <ele>54.5</ele>
      </trkpt>
      <trkpt lat="43.22066" lon="5.35078">
        <ele>54.9</ele>
      </trkpt>
      <trkpt lat="43.22066" lon="5.35088">
        <ele>56.4</ele>
      </trkpt>
      <trkpt lat="43.22066" lon="5.35099">
        <ele>58.1</ele>
      </trkpt>
      <trkpt lat="43.22066" lon="5.35109">
        <ele>59.8</ele>
      </trkpt>
      <trkpt lat="43.22066" lon="5.35119">
        <ele>60.7</ele>
      </trkpt>
      <trkpt lat="43.22067" lon="5.35125">
        <ele>60.6</ele>
      </trkpt>
      <trkpt lat="43.22068" lon="5.35132">
        <ele>60.6</ele>
      </trkpt>
      <trkpt lat="43.22068" lon="5.35138">
        <ele>60.6</ele>
      </trkpt>
      <trkpt lat="43.22069" lon="5.35144">
        <ele>60.7</ele>
      </trkpt>
      <trkpt lat="43.22066" lon="5.35154">
        <ele>62.8</ele>
      </trkpt>
      <trkpt lat="43.22064" lon="5.35163">
        <ele>64.7</ele>
      </trkpt>
      <trkpt lat="43.22061" lon="5.35173">
        <ele>65.9</ele>
      </trkpt>
      <trkpt lat="43.22058" lon="5.35182">
        <ele>66.4</ele>
      </trkpt>
      <trkpt lat="43.22057" lon="5.3519">
        <ele>66.2</ele>
      </trkpt>
      <trkpt lat="43.22056" lon="5.35198">
        <ele>66.4</ele>
      </trkpt>
      <trkpt lat="43.22054" lon="5.35206">
        <ele>68.3</ele>
      </trkpt>
      <trkpt lat="43.22053" lon="5.35214">
        <ele>69.8</ele>
      </trkpt>
      <trkpt lat="43.22054" lon="5.3522">
        <ele>69.8</ele>
      </trkpt>
      <trkpt lat="43.22055" lon="5.35227">
        <ele>70.6</ele>
      </trkpt>
      <trkpt lat="43.22055" lon="5.35233">
        <ele>71.8</ele>
      </trkpt>
      <trkpt lat="43.22056" lon="5.35239">
        <ele>73.3</ele>
      </trkpt>
      <trkpt lat="43.22059" lon="5.35244">
        <ele>74.9</ele>
      </trkpt>
      <trkpt lat="43.22063" lon="5.35246">
        <ele>75.8</ele>
      </trkpt>
      <trkpt lat="43.22067" lon="5.35246">
        <ele>76.2</ele>
      </trkpt>
      <trkpt lat="43.22072" lon="5.3524">
        <ele>75.3</ele>
      </trkpt>
      <trkpt lat="43.22077" lon="5.35239">
        <ele>75.5</ele>
      </trkpt>
      <trkpt lat="43.22081" lon="5.35234">
        <ele>74.6</ele>
      </trkpt>
      <trkpt lat="43.22085" lon="5.35228">
        <ele>73.6</ele>
      </trkpt>
      <trkpt lat="43.22087" lon="5.35227">
        <ele>73.5</ele>
      </trkpt>
      <trkpt lat="43.22091" lon="5.35231">
        <ele>74.7</ele>
      </trkpt>
      <trkpt lat="43.22094" lon="5.35235">
        <ele>75.8</ele>
      </trkpt>
      <trkpt lat="43.221" lon="5.3524">
        <ele>77</ele>
      </trkpt>
      <trkpt lat="43.22106" lon="5.35244">
        <ele>78</ele>
      </trkpt>
      <trkpt lat="43.22111" lon="5.35244">
        <ele>78.1</ele>
      </trkpt>
      <trkpt lat="43.22116" lon="5.35244">
        <ele>80.1</ele>
      </trkpt>
      <trkpt lat="43.22121" lon="5.3524">
        <ele>81.8</ele>
      </trkpt>
      <trkpt lat="43.22124" lon="5.35232">
        <ele>82.6</ele>
      </trkpt>
      <trkpt lat="43.22124" lon="5.35224">
        <ele>81.9</ele>
      </trkpt>
      <trkpt lat="43.22124" lon="5.35216">
        <ele>81.9</ele>
      </trkpt>
      <trkpt lat="43.22123" lon="5.35207">
        <ele>82</ele>
      </trkpt>
      <trkpt lat="43.22123" lon="5.35199">
        <ele>82.1</ele>
      </trkpt>
      <trkpt lat="43.22124" lon="5.35189">
        <ele>81.9</ele>
      </trkpt>
      <trkpt lat="43.22128" lon="5.3518">
        <ele>82.3</ele>
      </trkpt>
      <trkpt lat="43.22131" lon="5.35171">
        <ele>82.6</ele>
      </trkpt>
      <trkpt lat="43.22135" lon="5.3517">
        <ele>84.6</ele>
      </trkpt>
      <trkpt lat="43.22138" lon="5.35177">
        <ele>87.7</ele>
      </trkpt>
      <trkpt lat="43.22141" lon="5.35184">
        <ele>90</ele>
      </trkpt>
      <trkpt lat="43.22148" lon="5.3519">
        <ele>92.9</ele>
      </trkpt>
      <trkpt lat="43.22153" lon="5.35198">
        <ele>96.5</ele>
      </trkpt>
      <trkpt lat="43.22157" lon="5.35206">
        <ele>99.9</ele>
      </trkpt>
      <trkpt lat="43.22159" lon="5.35215">
        <ele>103</ele>
      </trkpt>
      <trkpt lat="43.2216" lon="5.35224">
        <ele>105.8</ele>
      </trkpt>
      <trkpt lat="43.22163" lon="5.35231">
        <ele>107.6</ele>
      </trkpt>
      <trkpt lat="43.22167" lon="5.35237">
        <ele>110.1</ele>
      </trkpt>
      <trkpt lat="43.22171" lon="5.35243">
        <ele>112.1</ele>
      </trkpt>
      <trkpt lat="43.22174" lon="5.35254">
        <ele>115</ele>
      </trkpt>
      <trkpt lat="43.22177" lon="5.35264">
        <ele>118.4</ele>
      </trkpt>
      <trkpt lat="43.22178" lon="5.35273">
        <ele>119.7</ele>
      </trkpt>
      <trkpt lat="43.22178" lon="5.35282">
        <ele>120.9</ele>
      </trkpt>
      <trkpt lat="43.22181" lon="5.3529">
        <ele>124.4</ele>
      </trkpt>
      <trkpt lat="43.2218" lon="5.35298">
        <ele>123.7</ele>
      </trkpt>
      <trkpt lat="43.22179" lon="5.35305">
        <ele>123.1</ele>
      </trkpt>
      <trkpt lat="43.22185" lon="5.35303">
        <ele>128.5</ele>
      </trkpt>
      <trkpt lat="43.22185" lon="5.35313">
        <ele>129.2</ele>
      </trkpt>
      <trkpt lat="43.22188" lon="5.3532">
        <ele>132.3</ele>
      </trkpt>
      <trkpt lat="43.22191" lon="5.35325">
        <ele>135</ele>
      </trkpt>
      <trkpt lat="43.22193" lon="5.35325">
        <ele>136.6</ele>
      </trkpt>
      <trkpt lat="43.22197" lon="5.35317">
        <ele>135.7</ele>
      </trkpt>
      <trkpt lat="43.22199" lon="5.35313">
        <ele>134.2</ele>
      </trkpt>
      <trkpt lat="43.22201" lon="5.35313">
        <ele>132.8</ele>
      </trkpt>
      <trkpt lat="43.22202" lon="5.35315">
        <ele>132.3</ele>
      </trkpt>
      <trkpt lat="43.222" lon="5.35323">
        <ele>134</ele>
      </trkpt>
      <trkpt lat="43.22202" lon="5.35334">
        <ele>133</ele>
      </trkpt>
      <trkpt lat="43.22204" lon="5.35345">
        <ele>130.8</ele>
      </trkpt>
      <trkpt lat="43.22204" lon="5.35357">
        <ele>129.8</ele>
      </trkpt>
      <trkpt lat="43.22203" lon="5.35367">
        <ele>131.2</ele>
      </trkpt>
      <trkpt lat="43.22202" lon="5.35377">
        <ele>134</ele>
      </trkpt>
      <trkpt lat="43.22204" lon="5.35384">
        <ele>133.4</ele>
      </trkpt>
      <trkpt lat="43.22205" lon="5.3539">
        <ele>131.7</ele>
      </trkpt>
      <trkpt lat="43.22208" lon="5.35396">
        <ele>125.3</ele>
      </trkpt>
      <trkpt lat="43.22211" lon="5.35402">
        <ele>119.9</ele>
      </trkpt>
      <trkpt lat="43.22211" lon="5.35411">
        <ele>117.3</ele>
      </trkpt>
      <trkpt lat="43.22207" lon="5.35412">
        <ele>120.5</ele>
      </trkpt>
      <trkpt lat="43.22202" lon="5.35414">
        <ele>123.5</ele>
      </trkpt>
      <trkpt lat="43.22198" lon="5.35415">
        <ele>126.2</ele>
      </trkpt>
      <trkpt lat="43.22193" lon="5.35416">
        <ele>129.3</ele>
      </trkpt>
      <trkpt lat="43.22192" lon="5.35424">
        <ele>129.2</ele>
      </trkpt>
      <trkpt lat="43.22191" lon="5.35431">
        <ele>129.3</ele>
      </trkpt>
      <trkpt lat="43.22193" lon="5.35441">
        <ele>125.3</ele>
      </trkpt>
      <trkpt lat="43.22197" lon="5.35449">
        <ele>123.3</ele>
      </trkpt>
      <trkpt lat="43.22201" lon="5.35457">
        <ele>123.9</ele>
      </trkpt>
      <trkpt lat="43.22206" lon="5.35463">
        <ele>123.2</ele>
      </trkpt>
      <trkpt lat="43.22213" lon="5.35468">
        <ele>120.9</ele>
      </trkpt>
      <trkpt lat="43.22217" lon="5.35471">
        <ele>119.5</ele>
      </trkpt>
      <trkpt lat="43.22219" lon="5.3547">
        <ele>118.2</ele>
      </trkpt>
      <trkpt lat="43.22221" lon="5.35466">
        <ele>116.3</ele>
      </trkpt>
      <trkpt lat="43.22223" lon="5.35455">
        <ele>113.6</ele>
      </trkpt>
      <trkpt lat="43.22225" lon="5.35444">
        <ele>112.1</ele>
      </trkpt>
      <trkpt lat="43.2223" lon="5.35438">
        <ele>112.9</ele>
      </trkpt>
      <trkpt lat="43.22234" lon="5.35431">
        <ele>113.2</ele>
      </trkpt>
      <trkpt lat="43.22237" lon="5.35422">
        <ele>112</ele>
      </trkpt>
      <trkpt lat="43.22245" lon="5.35417">
        <ele>112.2</ele>
      </trkpt>
      <trkpt lat="43.2225" lon="5.35412">
        <ele>110.9</ele>
      </trkpt>
      <trkpt lat="43.22254" lon="5.35407">
        <ele>110.6</ele>
      </trkpt>
      <trkpt lat="43.2226" lon="5.35405">
        <ele>111.8</ele>
      </trkpt>
      <trkpt lat="43.22265" lon="5.35402">
        <ele>112.8</ele>
      </trkpt>
      <trkpt lat="43.2227" lon="5.35394">
        <ele>110.4</ele>
      </trkpt>
      <trkpt lat="43.22276" lon="5.35393">
        <ele>111.7</ele>
      </trkpt>
      <trkpt lat="43.22281" lon="5.35392">
        <ele>110.9</ele>
      </trkpt>
      <trkpt lat="43.22283" lon="5.35395">
        <ele>111.9</ele>
      </trkpt>
      <trkpt lat="43.22283" lon="5.35403">
        <ele>116.2</ele>
      </trkpt>
      <trkpt lat="43.22286" lon="5.35409">
        <ele>117.7</ele>
      </trkpt>
      <trkpt lat="43.22291" lon="5.3541">
        <ele>115.3</ele>
      </trkpt>
      <trkpt lat="43.22295" lon="5.3541">
        <ele>112.9</ele>
      </trkpt>
      <trkpt lat="43.22295" lon="5.35422">
        <ele>116.3</ele>
      </trkpt>
      <trkpt lat="43.22299" lon="5.35432">
        <ele>115.1</ele>
      </trkpt>
      <trkpt lat="43.22299" lon="5.3544">
        <ele>116.4</ele>
      </trkpt>
      <trkpt lat="43.22301" lon="5.35448">
        <ele>116.3</ele>
      </trkpt>
      <trkpt lat="43.22305" lon="5.35455">
        <ele>114.6</ele>
      </trkpt>
      <trkpt lat="43.22309" lon="5.35462">
        <ele>114.4</ele>
      </trkpt>
      <trkpt lat="43.22313" lon="5.35472">
        <ele>115.4</ele>
      </trkpt>
      <trkpt lat="43.22314" lon="5.35479">
        <ele>115.9</ele>
      </trkpt>
      <trkpt lat="43.22315" lon="5.35485">
        <ele>116.1</ele>
      </trkpt>
      <trkpt lat="43.22315" lon="5.35493">
        <ele>117</ele>
      </trkpt>
      <trkpt lat="43.22311" lon="5.35501">
        <ele>120.7</ele>
      </trkpt>
      <trkpt lat="43.22311" lon="5.35513">
        <ele>119.1</ele>
      </trkpt>
      <trkpt lat="43.2231" lon="5.35524">
        <ele>117.5</ele>
      </trkpt>
      <trkpt lat="43.22309" lon="5.3553">
        <ele>117.4</ele>
      </trkpt>
      <trkpt lat="43.22308" lon="5.35537">
        <ele>117.7</ele>
      </trkpt>
      <trkpt lat="43.22307" lon="5.35543">
        <ele>117.9</ele>
      </trkpt>
      <trkpt lat="43.22306" lon="5.35549">
        <ele>118.2</ele>
      </trkpt>
      <trkpt lat="43.22307" lon="5.35558">
        <ele>117.3</ele>
      </trkpt>
      <trkpt lat="43.22308" lon="5.35567">
        <ele>117.7</ele>
      </trkpt>
      <trkpt lat="43.22308" lon="5.35579">
        <ele>119</ele>
      </trkpt>
      <trkpt lat="43.2231" lon="5.35587">
        <ele>119.2</ele>
      </trkpt>
      <trkpt lat="43.22315" lon="5.35595">
        <ele>117.9</ele>
      </trkpt>
      <trkpt lat="43.22316" lon="5.35602">
        <ele>118.9</ele>
      </trkpt>
      <trkpt lat="43.22317" lon="5.35608">
        <ele>119.8</ele>
      </trkpt>
      <trkpt lat="43.22317" lon="5.35615">
        <ele>120.6</ele>
      </trkpt>
      <trkpt lat="43.22318" lon="5.35621">
        <ele>121.2</ele>
      </trkpt>
      <trkpt lat="43.22321" lon="5.3563">
        <ele>120.9</ele>
      </trkpt>
      <trkpt lat="43.22324" lon="5.35639">
        <ele>120.7</ele>
      </trkpt>
      <trkpt lat="43.2233" lon="5.35648">
        <ele>119.7</ele>
      </trkpt>
      <trkpt lat="43.22336" lon="5.35657">
        <ele>121.8</ele>
      </trkpt>
      <trkpt lat="43.22338" lon="5.35662">
        <ele>124.2</ele>
      </trkpt>
      <trkpt lat="43.22341" lon="5.35667">
        <ele>127</ele>
      </trkpt>
      <trkpt lat="43.22343" lon="5.35669">
        <ele>128.7</ele>
      </trkpt>
      <trkpt lat="43.22346" lon="5.35665">
        <ele>129.1</ele>
      </trkpt>
      <trkpt lat="43.22345" lon="5.35657">
        <ele>127</ele>
      </trkpt>
      <trkpt lat="43.22343" lon="5.35649">
        <ele>124.6</ele>
      </trkpt>
      <trkpt lat="43.22344" lon="5.3564">
        <ele>123.6</ele>
      </trkpt>
      <trkpt lat="43.22347" lon="5.35629">
        <ele>123</ele>
      </trkpt>
      <trkpt lat="43.2235" lon="5.35623">
        <ele>123</ele>
      </trkpt>
      <trkpt lat="43.22352" lon="5.35617">
        <ele>122.8</ele>
      </trkpt>
      <trkpt lat="43.22355" lon="5.3561">
        <ele>122.5</ele>
      </trkpt>
      <trkpt lat="43.22357" lon="5.35604">
        <ele>122</ele>
      </trkpt>
      <trkpt lat="43.22361" lon="5.35599">
        <ele>122.4</ele>
      </trkpt>
      <trkpt lat="43.22365" lon="5.35593">
        <ele>122.8</ele>
      </trkpt>
      <trkpt lat="43.22368" lon="5.35586">
        <ele>121</ele>
      </trkpt>
      <trkpt lat="43.22371" lon="5.35578">
        <ele>119.8</ele>
      </trkpt>
      <trkpt lat="43.22373" lon="5.35577">
        <ele>120.2</ele>
      </trkpt>
      <trkpt lat="43.22377" lon="5.35579">
        <ele>122.3</ele>
      </trkpt>
      <trkpt lat="43.22383" lon="5.35576">
        <ele>122.9</ele>
      </trkpt>
      <trkpt lat="43.22389" lon="5.35572">
        <ele>122.9</ele>
      </trkpt>
      <trkpt lat="43.22393" lon="5.35572">
        <ele>122.9</ele>
      </trkpt>
      <trkpt lat="43.22398" lon="5.35575">
        <ele>124.4</ele>
      </trkpt>
      <trkpt lat="43.22404" lon="5.35576">
        <ele>124.5</ele>
      </trkpt>
      <trkpt lat="43.22409" lon="5.35576">
        <ele>124.7</ele>
      </trkpt>
      <trkpt lat="43.22416" lon="5.3557">
        <ele>121.8</ele>
      </trkpt>
      <trkpt lat="43.2242" lon="5.35564">
        <ele>121.2</ele>
      </trkpt>
      <trkpt lat="43.22425" lon="5.35558">
        <ele>120.8</ele>
      </trkpt>
      <trkpt lat="43.22429" lon="5.35552">
        <ele>120.3</ele>
      </trkpt>
      <trkpt lat="43.22433" lon="5.35546">
        <ele>119.9</ele>
      </trkpt>
      <trkpt lat="43.22437" lon="5.35541">
        <ele>119.9</ele>
      </trkpt>
      <trkpt lat="43.22441" lon="5.35537">
        <ele>120</ele>
      </trkpt>
      <trkpt lat="43.22444" lon="5.35533">
        <ele>120.2</ele>
      </trkpt>
      <trkpt lat="43.22452" lon="5.35531">
        <ele>119.4</ele>
      </trkpt>
      <trkpt lat="43.22457" lon="5.35532">
        <ele>119.6</ele>
      </trkpt>
      <trkpt lat="43.22462" lon="5.35532">
        <ele>119.8</ele>
      </trkpt>
      <trkpt lat="43.22468" lon="5.35534">
        <ele>121</ele>
      </trkpt>
      <trkpt lat="43.22473" lon="5.35536">
        <ele>122</ele>
      </trkpt>
      <trkpt lat="43.2248" lon="5.35541">
        <ele>122.1</ele>
      </trkpt>
      <trkpt lat="43.22484" lon="5.35546">
        <ele>123.2</ele>
      </trkpt>
      <trkpt lat="43.22487" lon="5.3555">
        <ele>124.3</ele>
      </trkpt>
      <trkpt lat="43.22493" lon="5.35553">
        <ele>123.5</ele>
      </trkpt>
      <trkpt lat="43.22498" lon="5.35557">
        <ele>122.7</ele>
      </trkpt>
      <trkpt lat="43.22504" lon="5.3556">
        <ele>123</ele>
      </trkpt>
      <trkpt lat="43.22509" lon="5.35563">
        <ele>123.5</ele>
      </trkpt>
      <trkpt lat="43.22513" lon="5.35569">
        <ele>125.7</ele>
      </trkpt>
      <trkpt lat="43.22516" lon="5.35574">
        <ele>127.5</ele>
      </trkpt>
      <trkpt lat="43.22516" lon="5.35583">
        <ele>132.3</ele>
      </trkpt>
      <trkpt lat="43.22516" lon="5.35592">
        <ele>135.2</ele>
      </trkpt>
      <trkpt lat="43.22518" lon="5.35602">
        <ele>136.8</ele>
      </trkpt>
      <trkpt lat="43.22521" lon="5.35612">
        <ele>138.1</ele>
      </trkpt>
      <trkpt lat="43.22523" lon="5.35622">
        <ele>138.3</ele>
      </trkpt>
      <trkpt lat="43.22525" lon="5.35632">
        <ele>138.6</ele>
      </trkpt>
      <trkpt lat="43.22527" lon="5.35638">
        <ele>138.6</ele>
      </trkpt>
      <trkpt lat="43.22528" lon="5.35644">
        <ele>138.6</ele>
      </trkpt>
      <trkpt lat="43.2253" lon="5.3565">
        <ele>138.9</ele>
      </trkpt>
      <trkpt lat="43.22532" lon="5.35656">
        <ele>139.3</ele>
      </trkpt>
      <trkpt lat="43.22533" lon="5.35662">
        <ele>139.7</ele>
      </trkpt>
      <trkpt lat="43.22535" lon="5.35668">
        <ele>140.4</ele>
      </trkpt>
      <trkpt lat="43.22536" lon="5.35674">
        <ele>141.6</ele>
      </trkpt>
      <trkpt lat="43.22538" lon="5.3568">
        <ele>142.8</ele>
      </trkpt>
      <trkpt lat="43.22542" lon="5.35689">
        <ele>144.1</ele>
      </trkpt>
      <trkpt lat="43.2255" lon="5.35694">
        <ele>142.8</ele>
      </trkpt>
      <trkpt lat="43.22556" lon="5.35692">
        <ele>140.3</ele>
      </trkpt>
      <trkpt lat="43.22562" lon="5.35688">
        <ele>140.6</ele>
      </trkpt>
      <trkpt lat="43.22567" lon="5.35684">
        <ele>140.9</ele>
      </trkpt>
      <trkpt lat="43.22575" lon="5.35682">
        <ele>142.7</ele>
      </trkpt>
      <trkpt lat="43.22582" lon="5.3568">
        <ele>144.4</ele>
      </trkpt>
      <trkpt lat="43.22585" lon="5.35677">
        <ele>143.9</ele>
      </trkpt>
      <trkpt lat="43.22588" lon="5.3567">
        <ele>142.1</ele>
      </trkpt>
      <trkpt lat="43.22592" lon="5.35662">
        <ele>140.8</ele>
      </trkpt>
      <trkpt lat="43.22595" lon="5.35655">
        <ele>139.9</ele>
      </trkpt>
      <trkpt lat="43.22598" lon="5.35647">
        <ele>139.2</ele>
      </trkpt>
      <trkpt lat="43.22604" lon="5.35645">
        <ele>140.8</ele>
      </trkpt>
      <trkpt lat="43.22609" lon="5.35642">
        <ele>142.6</ele>
      </trkpt>
      <trkpt lat="43.22612" lon="5.35637">
        <ele>142</ele>
      </trkpt>
      <trkpt lat="43.22615" lon="5.35632">
        <ele>139.3</ele>
      </trkpt>
      <trkpt lat="43.22618" lon="5.35635">
        <ele>138.9</ele>
      </trkpt>
      <trkpt lat="43.22622" lon="5.35644">
        <ele>138.3</ele>
      </trkpt>
      <trkpt lat="43.22627" lon="5.35638">
        <ele>135.7</ele>
      </trkpt>
      <trkpt lat="43.22631" lon="5.35632">
        <ele>133.2</ele>
      </trkpt>
      <trkpt lat="43.22634" lon="5.35628">
        <ele>132</ele>
      </trkpt>
      <trkpt lat="43.22639" lon="5.35626">
        <ele>130.4</ele>
      </trkpt>
      <trkpt lat="43.22642" lon="5.35628">
        <ele>128.7</ele>
      </trkpt>
      <trkpt lat="43.22645" lon="5.35627">
        <ele>127.2</ele>
      </trkpt>
      <trkpt lat="43.22647" lon="5.35631">
        <ele>126</ele>
      </trkpt>
      <trkpt lat="43.22651" lon="5.35623">
        <ele>124</ele>
      </trkpt>
      <trkpt lat="43.22654" lon="5.35632">
        <ele>122.4</ele>
      </trkpt>
      <trkpt lat="43.22657" lon="5.35641">
        <ele>120.8</ele>
      </trkpt>
      <trkpt lat="43.22658" lon="5.35643">
        <ele>120.2</ele>
      </trkpt>
      <trkpt lat="43.22661" lon="5.35646">
        <ele>118.6</ele>
      </trkpt>
      <trkpt lat="43.22667" lon="5.35641">
        <ele>116</ele>
      </trkpt>
      <trkpt lat="43.22672" lon="5.35636">
        <ele>114.1</ele>
      </trkpt>
      <trkpt lat="43.22677" lon="5.35628">
        <ele>112</ele>
      </trkpt>
      <trkpt lat="43.22682" lon="5.3562">
        <ele>109.6</ele>
      </trkpt>
      <trkpt lat="43.22687" lon="5.35615">
        <ele>107.3</ele>
      </trkpt>
      <trkpt lat="43.22688" lon="5.35605">
        <ele>105</ele>
      </trkpt>
      <trkpt lat="43.22686" lon="5.35598">
        <ele>104.2</ele>
      </trkpt>
      <trkpt lat="43.22684" lon="5.3559">
        <ele>103.5</ele>
      </trkpt>
      <trkpt lat="43.22685" lon="5.35582">
        <ele>101.6</ele>
      </trkpt>
      <trkpt lat="43.22685" lon="5.35574">
        <ele>100.3</ele>
      </trkpt>
      <trkpt lat="43.22687" lon="5.35568">
        <ele>98.3</ele>
      </trkpt>
      <trkpt lat="43.22689" lon="5.35562">
        <ele>96</ele>
      </trkpt>
      <trkpt lat="43.22689" lon="5.35552">
        <ele>94.8</ele>
      </trkpt>
      <trkpt lat="43.22687" lon="5.35543">
        <ele>95.5</ele>
      </trkpt>
      <trkpt lat="43.22689" lon="5.35536">
        <ele>93.6</ele>
      </trkpt>
      <trkpt lat="43.2269" lon="5.35529">
        <ele>91.5</ele>
      </trkpt>
      <trkpt lat="43.22695" lon="5.35524">
        <ele>87.1</ele>
      </trkpt>
      <trkpt lat="43.227" lon="5.35519">
        <ele>85.3</ele>
      </trkpt>
      <trkpt lat="43.22703" lon="5.35512">
        <ele>84.7</ele>
      </trkpt>
      <trkpt lat="43.22706" lon="5.35505">
        <ele>84.1</ele>
      </trkpt>
      <trkpt lat="43.2271" lon="5.355">
        <ele>82.7</ele>
      </trkpt>
      <trkpt lat="43.22712" lon="5.35502">
        <ele>81.6</ele>
      </trkpt>
      <trkpt lat="43.2271" lon="5.35509">
        <ele>81.7</ele>
      </trkpt>
      <trkpt lat="43.22714" lon="5.35512">
        <ele>79.6</ele>
      </trkpt>
      <trkpt lat="43.2272" lon="5.35507">
        <ele>77.3</ele>
      </trkpt>
      <trkpt lat="43.22723" lon="5.35511">
        <ele>75.4</ele>
      </trkpt>
      <trkpt lat="43.22727" lon="5.3551">
        <ele>73.6</ele>
      </trkpt>
      <trkpt lat="43.22728" lon="5.35511">
        <ele>73</ele>
      </trkpt>
      <trkpt lat="43.22728" lon="5.35522">
        <ele>72.2</ele>
      </trkpt>
      <trkpt lat="43.22734" lon="5.35525">
        <ele>69.5</ele>
      </trkpt>
      <trkpt lat="43.22742" lon="5.35529">
        <ele>66.5</ele>
      </trkpt>
      <trkpt lat="43.22749" lon="5.35533">
        <ele>64</ele>
      </trkpt>
      <trkpt lat="43.22757" lon="5.35533">
        <ele>62.5</ele>
      </trkpt>
      <trkpt lat="43.22764" lon="5.35533">
        <ele>61.2</ele>
      </trkpt>
      <trkpt lat="43.2277" lon="5.35531">
        <ele>60.2</ele>
      </trkpt>
      <trkpt lat="43.22775" lon="5.35529">
        <ele>59.4</ele>
      </trkpt>
      <trkpt lat="43.22779" lon="5.35524">
        <ele>58.5</ele>
      </trkpt>
      <trkpt lat="43.22783" lon="5.35518">
        <ele>57.6</ele>
      </trkpt>
      <trkpt lat="43.22787" lon="5.35511">
        <ele>56.7</ele>
      </trkpt>
      <trkpt lat="43.2279" lon="5.35504">
        <ele>55.9</ele>
      </trkpt>
      <trkpt lat="43.22791" lon="5.35497">
        <ele>55.4</ele>
      </trkpt>
      <trkpt lat="43.22791" lon="5.3549">
        <ele>54.9</ele>
      </trkpt>
      <trkpt lat="43.22795" lon="5.35488">
        <ele>54.3</ele>
      </trkpt>
      <trkpt lat="43.22799" lon="5.3549">
        <ele>54</ele>
      </trkpt>
      <trkpt lat="43.22799" lon="5.35491">
        <ele>54.1</ele>
      </trkpt>
      <trkpt lat="43.22802" lon="5.35496">
        <ele>54.1</ele>
      </trkpt>
      <trkpt lat="43.22805" lon="5.35502">
        <ele>54.1</ele>
      </trkpt>
      <trkpt lat="43.22808" lon="5.35507">
        <ele>54.3</ele>
      </trkpt>
      <trkpt lat="43.22811" lon="5.35513">
        <ele>54.2</ele>
      </trkpt>
      <trkpt lat="43.22813" lon="5.35518">
        <ele>53.8</ele>
      </trkpt>
      <trkpt lat="43.22816" lon="5.35523">
        <ele>53</ele>
      </trkpt>
      <trkpt lat="43.22819" lon="5.35529">
        <ele>52.1</ele>
      </trkpt>
      <trkpt lat="43.22822" lon="5.35534">
        <ele>51.8</ele>
      </trkpt>
      <trkpt lat="43.22828" lon="5.3554">
        <ele>50.9</ele>
      </trkpt>
      <trkpt lat="43.22833" lon="5.3554">
        <ele>49.9</ele>
      </trkpt>
      <trkpt lat="43.22838" lon="5.3554">
        <ele>49.7</ele>
      </trkpt>
      <trkpt lat="43.22844" lon="5.35537">
        <ele>48.8</ele>
      </trkpt>
      <trkpt lat="43.2285" lon="5.35533">
        <ele>47.7</ele>
      </trkpt>
      <trkpt lat="43.22855" lon="5.3553">
        <ele>46.3</ele>
      </trkpt>
      <trkpt lat="43.22861" lon="5.35526">
        <ele>45.4</ele>
      </trkpt>
      <trkpt lat="43.22869" lon="5.35523">
        <ele>44.7</ele>
      </trkpt>
      <trkpt lat="43.22877" lon="5.35519">
        <ele>43.7</ele>
      </trkpt>
      <trkpt lat="43.22885" lon="5.35514">
        <ele>42.4</ele>
      </trkpt>
      <trkpt lat="43.22892" lon="5.35507">
        <ele>41.4</ele>
      </trkpt>
      <trkpt lat="43.22898" lon="5.35499">
        <ele>40.9</ele>
      </trkpt>
      <trkpt lat="43.22903" lon="5.35492">
        <ele>40.9</ele>
      </trkpt>
      <trkpt lat="43.22907" lon="5.35485">
        <ele>40.2</ele>
      </trkpt>
      <trkpt lat="43.22913" lon="5.3548">
        <ele>38</ele>
      </trkpt>
      <trkpt lat="43.22919" lon="5.35474">
        <ele>36</ele>
      </trkpt>
      <trkpt lat="43.22927" lon="5.35474">
        <ele>35.7</ele>
      </trkpt>
      <trkpt lat="43.22924" lon="5.35463">
        <ele>35.3</ele>
      </trkpt>
      <trkpt lat="43.22927" lon="5.35456">
        <ele>34.8</ele>
      </trkpt>
      <trkpt lat="43.22924" lon="5.35451">
        <ele>34.8</ele>
      </trkpt>
      <trkpt lat="43.22924" lon="5.35445">
        <ele>34.5</ele>
      </trkpt>
      <trkpt lat="43.22926" lon="5.35439">
        <ele>34</ele>
      </trkpt>
      <trkpt lat="43.22928" lon="5.35432">
        <ele>33.4</ele>
      </trkpt>
      <trkpt lat="43.22933" lon="5.35425">
        <ele>32.3</ele>
      </trkpt>
      <trkpt lat="43.22937" lon="5.35417">
        <ele>31.1</ele>
      </trkpt>
      <trkpt lat="43.22945" lon="5.35415">
        <ele>29.9</ele>
      </trkpt>
      <trkpt lat="43.22946" lon="5.35409">
        <ele>29.6</ele>
      </trkpt>
      <trkpt lat="43.22946" lon="5.35405">
        <ele>29.3</ele>
      </trkpt>
      <trkpt lat="43.22946" lon="5.35402">
        <ele>29.2</ele>
      </trkpt>
      <trkpt lat="43.22948" lon="5.35397">
        <ele>29.2</ele>
      </trkpt>
      <trkpt lat="43.22953" lon="5.35402">
        <ele>30</ele>
      </trkpt>
      <trkpt lat="43.22957" lon="5.35406">
        <ele>30.4</ele>
      </trkpt>
      <trkpt lat="43.22963" lon="5.35414">
        <ele>30.2</ele>
      </trkpt>
      <trkpt lat="43.22968" lon="5.35423">
        <ele>29.7</ele>
      </trkpt>
      <trkpt lat="43.22974" lon="5.35431">
        <ele>29.2</ele>
      </trkpt>
      <trkpt lat="43.22979" lon="5.35439">
        <ele>28.9</ele>
      </trkpt>
      <trkpt lat="43.22983" lon="5.35445">
        <ele>28.4</ele>
      </trkpt>
      <trkpt lat="43.22986" lon="5.3545">
        <ele>28.5</ele>
      </trkpt>
      <trkpt lat="43.2299" lon="5.35456">
        <ele>28.1</ele>
      </trkpt>
      <trkpt lat="43.22993" lon="5.35461">
        <ele>27.3</ele>
      </trkpt>
      <trkpt lat="43.23" lon="5.35468">
        <ele>24.9</ele>
      </trkpt>
      <trkpt lat="43.23006" lon="5.35475">
        <ele>23.9</ele>
      </trkpt>
      <trkpt lat="43.23013" lon="5.35478">
        <ele>23.7</ele>
      </trkpt>
      <trkpt lat="43.23019" lon="5.3548">
        <ele>23.6</ele>
      </trkpt>
      <trkpt lat="43.23024" lon="5.3548">
        <ele>23.4</ele>
      </trkpt>
      <trkpt lat="43.2303" lon="5.35481">
        <ele>23.1</ele>
      </trkpt>
      <trkpt lat="43.23035" lon="5.35481">
        <ele>22.7</ele>
      </trkpt>
      <trkpt lat="43.23041" lon="5.35482">
        <ele>22.3</ele>
      </trkpt>
      <trkpt lat="43.23046" lon="5.35482">
        <ele>21.8</ele>
      </trkpt>
      <trkpt lat="43.23051" lon="5.35482">
        <ele>21.4</ele>
      </trkpt>
      <trkpt lat="43.23057" lon="5.35483">
        <ele>20.9</ele>
      </trkpt>
      <trkpt lat="43.23062" lon="5.35483">
        <ele>20.2</ele>
      </trkpt>
      <trkpt lat="43.2307" lon="5.35483">
        <ele>19.2</ele>
      </trkpt>
      <trkpt lat="43.23075" lon="5.35483">
        <ele>18.7</ele>
      </trkpt>
      <trkpt lat="43.23079" lon="5.35483">
        <ele>18.1</ele>
      </trkpt>
      <trkpt lat="43.23084" lon="5.35483">
        <ele>17.6</ele>
      </trkpt>
      <trkpt lat="43.23088" lon="5.35483">
        <ele>17.3</ele>
      </trkpt>
      <trkpt lat="43.23095" lon="5.35485">
        <ele>16.9</ele>
      </trkpt>
      <trkpt lat="43.23102" lon="5.35488">
        <ele>16.5</ele>
      </trkpt>
      <trkpt lat="43.23107" lon="5.35491">
        <ele>16.2</ele>
      </trkpt>
      <trkpt lat="43.23111" lon="5.35494">
        <ele>16</ele>
      </trkpt>
      <trkpt lat="43.23117" lon="5.355">
        <ele>15.1</ele>
      </trkpt>
      <trkpt lat="43.23124" lon="5.35505">
        <ele>14.5</ele>
      </trkpt>
      <trkpt lat="43.2313" lon="5.35511">
        <ele>14.1</ele>
      </trkpt>
      <trkpt lat="43.23136" lon="5.35516">
        <ele>14</ele>
      </trkpt>
      <trkpt lat="43.23142" lon="5.35521">
        <ele>13.9</ele>
      </trkpt>
      <trkpt lat="43.23148" lon="5.35526">
        <ele>13.7</ele>
      </trkpt>
      <trkpt lat="43.23154" lon="5.3553">
        <ele>13.4</ele>
      </trkpt>
      <trkpt lat="43.23161" lon="5.35535">
        <ele>13.1</ele>
      </trkpt>
      <trkpt lat="43.23167" lon="5.3554">
        <ele>12.9</ele>
      </trkpt>
      <trkpt lat="43.23173" lon="5.35545">
        <ele>13</ele>
      </trkpt>
      <trkpt lat="43.23179" lon="5.35549">
        <ele>13.1</ele>
      </trkpt>
      <trkpt lat="43.23185" lon="5.35554">
        <ele>13.2</ele>
      </trkpt>
      <trkpt lat="43.23189" lon="5.35558">
        <ele>13.3</ele>
      </trkpt>
      <trkpt lat="43.23193" lon="5.35561">
        <ele>13.2</ele>
      </trkpt>
      <trkpt lat="43.23197" lon="5.35564">
        <ele>13.2</ele>
      </trkpt>
      <trkpt lat="43.23201" lon="5.35567">
        <ele>13.2</ele>
      </trkpt>
      <trkpt lat="43.23205" lon="5.3557">
        <ele>13.1</ele>
      </trkpt>
      <trkpt lat="43.2321" lon="5.35574">
        <ele>13.1</ele>
      </trkpt>
      <trkpt lat="43.23214" lon="5.35577">
        <ele>13.1</ele>
      </trkpt>
      <trkpt lat="43.23218" lon="5.3558">
        <ele>13</ele>
      </trkpt>
      <trkpt lat="43.23222" lon="5.35583">
        <ele>13</ele>
      </trkpt>
      <trkpt lat="43.23227" lon="5.35587">
        <ele>13.1</ele>
      </trkpt>
      <trkpt lat="43.23231" lon="5.3559">
        <ele>13.2</ele>
      </trkpt>
      <trkpt lat="43.23235" lon="5.35593">
        <ele>13.3</ele>
      </trkpt>
      <trkpt lat="43.23237" lon="5.35596">
        <ele>13.5</ele>
      </trkpt>
      <trkpt lat="43.23241" lon="5.35602">
        <ele>13.7</ele>
      </trkpt>
      <trkpt lat="43.23244" lon="5.35607">
        <ele>13.9</ele>
      </trkpt>
      <trkpt lat="43.23248" lon="5.35615">
        <ele>14.1</ele>
      </trkpt>
      <trkpt lat="43.23252" lon="5.35623">
        <ele>14.4</ele>
      </trkpt>
      <trkpt lat="43.23255" lon="5.35631">
        <ele>14.5</ele>
      </trkpt>
      <trkpt lat="43.23259" lon="5.35639">
        <ele>14.7</ele>
      </trkpt>
      <trkpt lat="43.23263" lon="5.35647">
        <ele>15</ele>
      </trkpt>
      <trkpt lat="43.23267" lon="5.35655">
        <ele>15.5</ele>
      </trkpt>
      <trkpt lat="43.2327" lon="5.35663">
        <ele>16.2</ele>
      </trkpt>
      <trkpt lat="43.23274" lon="5.35672">
        <ele>16.6</ele>
      </trkpt>
      <trkpt lat="43.23278" lon="5.3568">
        <ele>16.5</ele>
      </trkpt>
      <trkpt lat="43.23282" lon="5.35688">
        <ele>16.4</ele>
      </trkpt>
      <trkpt lat="43.23285" lon="5.35696">
        <ele>16.5</ele>
      </trkpt>
      <trkpt lat="43.23289" lon="5.35704">
        <ele>16.6</ele>
      </trkpt>
      <trkpt lat="43.23293" lon="5.35712">
        <ele>16.8</ele>
      </trkpt>
      <trkpt lat="43.23297" lon="5.3572">
        <ele>17</ele>
      </trkpt>
      <trkpt lat="43.233" lon="5.35728">
        <ele>17.6</ele>
      </trkpt>
      <trkpt lat="43.23304" lon="5.35736">
        <ele>18.3</ele>
      </trkpt>
      <trkpt lat="43.2331" lon="5.35745">
        <ele>18</ele>
      </trkpt>
      <trkpt lat="43.23316" lon="5.35753">
        <ele>17.3</ele>
      </trkpt>
      <trkpt lat="43.23322" lon="5.35762">
        <ele>17.2</ele>
      </trkpt>
      <trkpt lat="43.23328" lon="5.3577">
        <ele>17.4</ele>
      </trkpt>
      <trkpt lat="43.2333" lon="5.35773">
        <ele>17.6</ele>
      </trkpt>
      <trkpt lat="43.23334" lon="5.35778">
        <ele>18</ele>
      </trkpt>
      <trkpt lat="43.23337" lon="5.35784">
        <ele>17.6</ele>
      </trkpt>
      <trkpt lat="43.23341" lon="5.35789">
        <ele>17.3</ele>
      </trkpt>
      <trkpt lat="43.23344" lon="5.35794">
        <ele>17.1</ele>
      </trkpt>
      <trkpt lat="43.23349" lon="5.35801">
        <ele>17</ele>
      </trkpt>
      <trkpt lat="43.23353" lon="5.35808">
        <ele>17</ele>
      </trkpt>
      <trkpt lat="43.23358" lon="5.35814">
        <ele>17.2</ele>
      </trkpt>
      <trkpt lat="43.23362" lon="5.35821">
        <ele>17.5</ele>
      </trkpt>
      <trkpt lat="43.23367" lon="5.35828">
        <ele>17.3</ele>
      </trkpt>
      <trkpt lat="43.23371" lon="5.35835">
        <ele>17</ele>
      </trkpt>
      <trkpt lat="43.23376" lon="5.35841">
        <ele>16.9</ele>
      </trkpt>
      <trkpt lat="43.2338" lon="5.35848">
        <ele>17.2</ele>
      </trkpt>
      <trkpt lat="43.23375" lon="5.35858">
        <ele>19.1</ele>
      </trkpt>
      <trkpt lat="43.23378" lon="5.35868">
        <ele>19.5</ele>
      </trkpt>
      <trkpt lat="43.23383" lon="5.35876">
        <ele>19.6</ele>
      </trkpt>
      <trkpt lat="43.23388" lon="5.35883">
        <ele>19.8</ele>
      </trkpt>
      <trkpt lat="43.23393" lon="5.35891">
        <ele>19.5</ele>
      </trkpt>
      <trkpt lat="43.23399" lon="5.35898">
        <ele>19.2</ele>
      </trkpt>
      <trkpt lat="43.23404" lon="5.35906">
        <ele>19</ele>
      </trkpt>
      <trkpt lat="43.23409" lon="5.35913">
        <ele>19.1</ele>
      </trkpt>
      <trkpt lat="43.23414" lon="5.35921">
        <ele>19.2</ele>
      </trkpt>
      <trkpt lat="43.23419" lon="5.35928">
        <ele>19.3</ele>
      </trkpt>
      <trkpt lat="43.23422" lon="5.35934">
        <ele>19.4</ele>
      </trkpt>
      <trkpt lat="43.23425" lon="5.35939">
        <ele>19.5</ele>
      </trkpt>
      <trkpt lat="43.23427" lon="5.35942">
        <ele>19.5</ele>
      </trkpt>
      <trkpt lat="43.23429" lon="5.35945">
        <ele>19.6</ele>
      </trkpt>
      <trkpt lat="43.23433" lon="5.3595">
        <ele>19.5</ele>
      </trkpt>
      <trkpt lat="43.23437" lon="5.35955">
        <ele>19.5</ele>
      </trkpt>
      <trkpt lat="43.2344" lon="5.3596">
        <ele>19.6</ele>
      </trkpt>
      <trkpt lat="43.23444" lon="5.35965">
        <ele>19.7</ele>
      </trkpt>
      <trkpt lat="43.23447" lon="5.35969">
        <ele>19.8</ele>
      </trkpt>
      <trkpt lat="43.2345" lon="5.35974">
        <ele>19.8</ele>
      </trkpt>
      <trkpt lat="43.23453" lon="5.35979">
        <ele>19.7</ele>
      </trkpt>
      <trkpt lat="43.23457" lon="5.35984">
        <ele>19.6</ele>
      </trkpt>
      <trkpt lat="43.2346" lon="5.35988">
        <ele>19.5</ele>
      </trkpt>
      <trkpt lat="43.23463" lon="5.35993">
        <ele>19.3</ele>
      </trkpt>
      <trkpt lat="43.23466" lon="5.35998">
        <ele>19.2</ele>
      </trkpt>
      <trkpt lat="43.2347" lon="5.36003">
        <ele>19.1</ele>
      </trkpt>
      <trkpt lat="43.23473" lon="5.36007">
        <ele>19</ele>
      </trkpt>
      <trkpt lat="43.23476" lon="5.36012">
        <ele>18.9</ele>
      </trkpt>
      <trkpt lat="43.23479" lon="5.36017">
        <ele>18.7</ele>
      </trkpt>
      <trkpt lat="43.23483" lon="5.36022">
        <ele>18.6</ele>
      </trkpt>
      <trkpt lat="43.23486" lon="5.36026">
        <ele>18.5</ele>
      </trkpt>
      <trkpt lat="43.23489" lon="5.36031">
        <ele>18.2</ele>
      </trkpt>
      <trkpt lat="43.23495" lon="5.36026">
        <ele>18.2</ele>
      </trkpt>
      <trkpt lat="43.235" lon="5.36021">
        <ele>18</ele>
      </trkpt>
      <trkpt lat="43.23506" lon="5.3603">
        <ele>17.3</ele>
      </trkpt>
      <trkpt lat="43.23512" lon="5.36039">
        <ele>16.8</ele>
      </trkpt>
      <trkpt lat="43.23518" lon="5.36047">
        <ele>16.9</ele>
      </trkpt>
      <trkpt lat="43.23524" lon="5.36056">
        <ele>17.7</ele>
      </trkpt>
      <trkpt lat="43.2353" lon="5.36065">
        <ele>18.1</ele>
      </trkpt>
      <trkpt lat="43.23536" lon="5.36074">
        <ele>18</ele>
      </trkpt>
      <trkpt lat="43.23542" lon="5.36083">
        <ele>18</ele>
      </trkpt>
      <trkpt lat="43.23548" lon="5.36092">
        <ele>17.8</ele>
      </trkpt>
      <trkpt lat="43.23552" lon="5.36097">
        <ele>17.7</ele>
      </trkpt>
      <trkpt lat="43.23555" lon="5.36102">
        <ele>17.7</ele>
      </trkpt>
      <trkpt lat="43.23559" lon="5.36107">
        <ele>17.5</ele>
      </trkpt>
      <trkpt lat="43.23562" lon="5.36112">
        <ele>17.1</ele>
      </trkpt>
      <trkpt lat="43.23566" lon="5.36117">
        <ele>16.9</ele>
      </trkpt>
      <trkpt lat="43.23569" lon="5.36122">
        <ele>16.8</ele>
      </trkpt>
      <trkpt lat="43.23573" lon="5.36127">
        <ele>17</ele>
      </trkpt>
      <trkpt lat="43.23576" lon="5.36132">
        <ele>17.3</ele>
      </trkpt>
      <trkpt lat="43.23582" lon="5.3614">
        <ele>18</ele>
      </trkpt>
      <trkpt lat="43.23588" lon="5.36148">
        <ele>18.1</ele>
      </trkpt>
      <trkpt lat="43.23593" lon="5.36155">
        <ele>18.1</ele>
      </trkpt>
      <trkpt lat="43.23599" lon="5.36163">
        <ele>18.2</ele>
      </trkpt>
      <trkpt lat="43.23605" lon="5.36171">
        <ele>18.2</ele>
      </trkpt>
      <trkpt lat="43.2361" lon="5.36179">
        <ele>18</ele>
      </trkpt>
      <trkpt lat="43.23616" lon="5.36187">
        <ele>17.9</ele>
      </trkpt>
      <trkpt lat="43.23622" lon="5.36194">
        <ele>18</ele>
      </trkpt>
      <trkpt lat="43.23627" lon="5.36202">
        <ele>18</ele>
      </trkpt>
      <trkpt lat="43.23633" lon="5.3621">
        <ele>18</ele>
      </trkpt>
      <trkpt lat="43.23639" lon="5.36217">
        <ele>18</ele>
      </trkpt>
      <trkpt lat="43.23645" lon="5.36225">
        <ele>17.8</ele>
      </trkpt>
      <trkpt lat="43.2365" lon="5.36232">
        <ele>17.7</ele>
      </trkpt>
      <trkpt lat="43.23656" lon="5.3624">
        <ele>17.8</ele>
      </trkpt>
      <trkpt lat="43.23659" lon="5.36246">
        <ele>17.9</ele>
      </trkpt>
      <trkpt lat="43.23663" lon="5.36251">
        <ele>18</ele>
      </trkpt>
      <trkpt lat="43.23666" lon="5.36257">
        <ele>18.2</ele>
      </trkpt>
      <trkpt lat="43.2367" lon="5.36263">
        <ele>18.3</ele>
      </trkpt>
      <trkpt lat="43.23673" lon="5.36268">
        <ele>18.3</ele>
      </trkpt>
      <trkpt lat="43.23676" lon="5.36274">
        <ele>18.5</ele>
      </trkpt>
      <trkpt lat="43.2368" lon="5.36279">
        <ele>18.5</ele>
      </trkpt>
      <trkpt lat="43.23683" lon="5.36285">
        <ele>18.4</ele>
      </trkpt>
      <trkpt lat="43.23686" lon="5.36291">
        <ele>18.3</ele>
      </trkpt>
      <trkpt lat="43.2369" lon="5.36297">
        <ele>18.2</ele>
      </trkpt>
      <trkpt lat="43.23694" lon="5.36302">
        <ele>18</ele>
      </trkpt>
      <trkpt lat="43.23698" lon="5.36308">
        <ele>18.1</ele>
      </trkpt>
      <trkpt lat="43.23702" lon="5.36313">
        <ele>18.2</ele>
      </trkpt>
      <trkpt lat="43.23705" lon="5.36319">
        <ele>18.3</ele>
      </trkpt>
      <trkpt lat="43.23709" lon="5.36324">
        <ele>18.3</ele>
      </trkpt>
      <trkpt lat="43.23713" lon="5.3633">
        <ele>18.3</ele>
      </trkpt>
      <trkpt lat="43.23717" lon="5.36335">
        <ele>18.2</ele>
      </trkpt>
      <trkpt lat="43.23721" lon="5.3634">
        <ele>18.1</ele>
      </trkpt>
      <trkpt lat="43.23724" lon="5.36344">
        <ele>17.9</ele>
      </trkpt>
      <trkpt lat="43.23729" lon="5.36351">
        <ele>17.8</ele>
      </trkpt>
      <trkpt lat="43.23734" lon="5.36357">
        <ele>17.6</ele>
      </trkpt>
      <trkpt lat="43.23736" lon="5.3636">
        <ele>17.5</ele>
      </trkpt>
      <trkpt lat="43.23742" lon="5.36367">
        <ele>17.4</ele>
      </trkpt>
      <trkpt lat="43.23748" lon="5.36374">
        <ele>17.5</ele>
      </trkpt>
      <trkpt lat="43.23754" lon="5.36381">
        <ele>17.6</ele>
      </trkpt>
      <trkpt lat="43.2376" lon="5.36388">
        <ele>17.6</ele>
      </trkpt>
      <trkpt lat="43.23767" lon="5.36396">
        <ele>17.4</ele>
      </trkpt>
      <trkpt lat="43.23773" lon="5.36404">
        <ele>17.2</ele>
      </trkpt>
      <trkpt lat="43.2378" lon="5.36411">
        <ele>17</ele>
      </trkpt>
      <trkpt lat="43.23786" lon="5.36419">
        <ele>17</ele>
      </trkpt>
      <trkpt lat="43.23788" lon="5.36422">
        <ele>17</ele>
      </trkpt>
      <trkpt lat="43.23794" lon="5.36414">
        <ele>16.9</ele>
      </trkpt>
      <trkpt lat="43.238" lon="5.36405">
        <ele>16.7</ele>
      </trkpt>
      <trkpt lat="43.23806" lon="5.36397">
        <ele>16.3</ele>
      </trkpt>
      <trkpt lat="43.23812" lon="5.36388">
        <ele>15.8</ele>
      </trkpt>
      <trkpt lat="43.23817" lon="5.3638">
        <ele>15.4</ele>
      </trkpt>
      <trkpt lat="43.23823" lon="5.36371">
        <ele>15.1</ele>
      </trkpt>
      <trkpt lat="43.23829" lon="5.36363">
        <ele>15</ele>
      </trkpt>
      <trkpt lat="43.23835" lon="5.36354">
        <ele>14.7</ele>
      </trkpt>
      <trkpt lat="43.23841" lon="5.36346">
        <ele>14.2</ele>
      </trkpt>
      <trkpt lat="43.23847" lon="5.36337">
        <ele>13.7</ele>
      </trkpt>
      <trkpt lat="43.23853" lon="5.36329">
        <ele>13.3</ele>
      </trkpt>
      <trkpt lat="43.23859" lon="5.3632">
        <ele>13</ele>
      </trkpt>
      <trkpt lat="43.23864" lon="5.36312">
        <ele>12.9</ele>
      </trkpt>
      <trkpt lat="43.2387" lon="5.36303">
        <ele>12.6</ele>
      </trkpt>
      <trkpt lat="43.23876" lon="5.36295">
        <ele>12.1</ele>
      </trkpt>
      <trkpt lat="43.23882" lon="5.36286">
        <ele>11.5</ele>
      </trkpt>
      <trkpt lat="43.23886" lon="5.36282">
        <ele>11.3</ele>
      </trkpt>
      <trkpt lat="43.23888" lon="5.36278">
        <ele>11</ele>
      </trkpt>
      <trkpt lat="43.23894" lon="5.36279">
        <ele>10.9</ele>
      </trkpt>
      <trkpt lat="43.23899" lon="5.36279">
        <ele>10.7</ele>
      </trkpt>
      <trkpt lat="43.23904" lon="5.3628">
        <ele>10.5</ele>
      </trkpt>
      <trkpt lat="43.23909" lon="5.3628">
        <ele>10.3</ele>
      </trkpt>
      <trkpt lat="43.23914" lon="5.3628">
        <ele>10.2</ele>
      </trkpt>
      <trkpt lat="43.23919" lon="5.36279">
        <ele>10.1</ele>
      </trkpt>
      <trkpt lat="43.23923" lon="5.36279">
        <ele>10</ele>
      </trkpt>
      <trkpt lat="43.23928" lon="5.36278">
        <ele>10</ele>
      </trkpt>
      <trkpt lat="43.23932" lon="5.36277">
        <ele>10</ele>
      </trkpt>
      <trkpt lat="43.23934" lon="5.36277">
        <ele>10</ele>
      </trkpt>
      <trkpt lat="43.23939" lon="5.36278">
        <ele>10</ele>
      </trkpt>
      <trkpt lat="43.23944" lon="5.36278">
        <ele>10</ele>
      </trkpt>
      <trkpt lat="43.23948" lon="5.36279">
        <ele>9.9</ele>
      </trkpt>
      <trkpt lat="43.23953" lon="5.3628">
        <ele>9.7</ele>
      </trkpt>
      <trkpt lat="43.23958" lon="5.3628">
        <ele>9.6</ele>
      </trkpt>
      <trkpt lat="43.23963" lon="5.36281">
        <ele>9.4</ele>
      </trkpt>
      <trkpt lat="43.23967" lon="5.36281">
        <ele>9.2</ele>
      </trkpt>
      <trkpt lat="43.23972" lon="5.36282">
        <ele>9</ele>
      </trkpt>
      <trkpt lat="43.2398" lon="5.36282">
        <ele>8.8</ele>
      </trkpt>
      <trkpt lat="43.23988" lon="5.36281">
        <ele>8.5</ele>
      </trkpt>
      <trkpt lat="43.23996" lon="5.36281">
        <ele>8.2</ele>
      </trkpt>
      <trkpt lat="43.24005" lon="5.36281">
        <ele>7.9</ele>
      </trkpt>
      <trkpt lat="43.24013" lon="5.3628">
        <ele>7.6</ele>
      </trkpt>
      <trkpt lat="43.24021" lon="5.3628">
        <ele>7.3</ele>
      </trkpt>
      <trkpt lat="43.24029" lon="5.36279">
        <ele>7.1</ele>
      </trkpt>
      <trkpt lat="43.24037" lon="5.36279">
        <ele>7</ele>
      </trkpt>
      <trkpt lat="43.24043" lon="5.3628">
        <ele>7.1</ele>
      </trkpt>
      <trkpt lat="43.24048" lon="5.3628">
        <ele>7.1</ele>
      </trkpt>
      <trkpt lat="43.24057" lon="5.36281">
        <ele>7.1</ele>
      </trkpt>
      <trkpt lat="43.24065" lon="5.36281">
        <ele>7.1</ele>
      </trkpt>
      <trkpt lat="43.24072" lon="5.36284">
        <ele>7.1</ele>
      </trkpt>
      <trkpt lat="43.24078" lon="5.36287">
        <ele>7.1</ele>
      </trkpt>
      <trkpt lat="43.24085" lon="5.36289">
        <ele>7</ele>
      </trkpt>
      <trkpt lat="43.24091" lon="5.36292">
        <ele>6.7</ele>
      </trkpt>
      <trkpt lat="43.24095" lon="5.36296">
        <ele>6.7</ele>
      </trkpt>
      <trkpt lat="43.24099" lon="5.363">
        <ele>6.8</ele>
      </trkpt>
      <trkpt lat="43.24103" lon="5.36304">
        <ele>6.9</ele>
      </trkpt>
      <trkpt lat="43.24107" lon="5.36308">
        <ele>7</ele>
      </trkpt>
      <trkpt lat="43.24113" lon="5.36316">
        <ele>7</ele>
      </trkpt>
      <trkpt lat="43.24118" lon="5.36324">
        <ele>7</ele>
      </trkpt>
      <trkpt lat="43.24121" lon="5.3633">
        <ele>7</ele>
      </trkpt>
      <trkpt lat="43.24125" lon="5.36337">
        <ele>7.1</ele>
      </trkpt>
      <trkpt lat="43.24128" lon="5.36343">
        <ele>7.1</ele>
      </trkpt>
      <trkpt lat="43.24132" lon="5.3635">
        <ele>7.2</ele>
      </trkpt>
      <trkpt lat="43.24135" lon="5.36356">
        <ele>7.1</ele>
      </trkpt>
      <trkpt lat="43.24138" lon="5.36362">
        <ele>7</ele>
      </trkpt>
      <trkpt lat="43.24142" lon="5.36369">
        <ele>7</ele>
      </trkpt>
      <trkpt lat="43.24145" lon="5.36375">
        <ele>7</ele>
      </trkpt>
      <trkpt lat="43.2415" lon="5.36384">
        <ele>7</ele>
      </trkpt>
      <trkpt lat="43.24155" lon="5.36393">
        <ele>7.1</ele>
      </trkpt>
      <trkpt lat="43.24159" lon="5.36402">
        <ele>7.1</ele>
      </trkpt>
      <trkpt lat="43.24164" lon="5.36411">
        <ele>7.1</ele>
      </trkpt>
      <trkpt lat="43.24169" lon="5.36421">
        <ele>6.9</ele>
      </trkpt>
      <trkpt lat="43.24173" lon="5.36417">
        <ele>6.8</ele>
      </trkpt>
      <trkpt lat="43.24175" lon="5.36415">
        <ele>6.7</ele>
      </trkpt>
      <trkpt lat="43.24179" lon="5.36424">
        <ele>6.4</ele>
      </trkpt>
      <trkpt lat="43.24183" lon="5.36432">
        <ele>6.1</ele>
      </trkpt>
      <trkpt lat="43.2418" lon="5.36434">
        <ele>6.2</ele>
      </trkpt>
      <trkpt lat="43.24176" lon="5.36437">
        <ele>6.4</ele>
      </trkpt>
      <trkpt lat="43.24178" lon="5.36444">
        <ele>6.2</ele>
      </trkpt>
      <trkpt lat="43.2418" lon="5.3645">
        <ele>6.1</ele>
      </trkpt>
      <trkpt lat="43.24182" lon="5.36461">
        <ele>6.2</ele>
      </trkpt>
      <trkpt lat="43.24183" lon="5.36471">
        <ele>6.4</ele>
      </trkpt>
      <trkpt lat="43.24184" lon="5.36483">
        <ele>6.8</ele>
      </trkpt>
      <trkpt lat="43.24185" lon="5.36496">
        <ele>7.2</ele>
      </trkpt>
      <trkpt lat="43.24186" lon="5.36508">
        <ele>7.3</ele>
      </trkpt>
      <trkpt lat="43.24187" lon="5.3652">
        <ele>7.3</ele>
      </trkpt>
      <trkpt lat="43.24188" lon="5.36529">
        <ele>7.3</ele>
      </trkpt>
      <trkpt lat="43.24188" lon="5.36539">
        <ele>7.3</ele>
      </trkpt>
      <trkpt lat="43.24189" lon="5.36548">
        <ele>7.4</ele>
      </trkpt>
      <trkpt lat="43.24189" lon="5.36557">
        <ele>7.4</ele>
      </trkpt>
      <trkpt lat="43.2419" lon="5.36566">
        <ele>7.3</ele>
      </trkpt>
      <trkpt lat="43.2419" lon="5.36574">
        <ele>7.3</ele>
      </trkpt>
      <trkpt lat="43.24191" lon="5.36583">
        <ele>7.3</ele>
      </trkpt>
      <trkpt lat="43.24191" lon="5.36592">
        <ele>7.5</ele>
      </trkpt>
      <trkpt lat="43.24192" lon="5.366">
        <ele>7.7</ele>
      </trkpt>
      <trkpt lat="43.24192" lon="5.36609">
        <ele>8</ele>
      </trkpt>
      <trkpt lat="43.24193" lon="5.36618">
        <ele>8.1</ele>
      </trkpt>
      <trkpt lat="43.24194" lon="5.36627">
        <ele>8</ele>
      </trkpt>
      <trkpt lat="43.24194" lon="5.36635">
        <ele>8</ele>
      </trkpt>
      <trkpt lat="43.24195" lon="5.36644">
        <ele>8</ele>
      </trkpt>
      <trkpt lat="43.24195" lon="5.36653">
        <ele>7.9</ele>
      </trkpt>
      <trkpt lat="43.24196" lon="5.36661">
        <ele>7.8</ele>
      </trkpt>
      <trkpt lat="43.24196" lon="5.3667">
        <ele>7.7</ele>
      </trkpt>
      <trkpt lat="43.24197" lon="5.36679">
        <ele>7.6</ele>
      </trkpt>
      <trkpt lat="43.24197" lon="5.36687">
        <ele>7.6</ele>
      </trkpt>
      <trkpt lat="43.24198" lon="5.36696">
        <ele>7.5</ele>
      </trkpt>
      <trkpt lat="43.24201" lon="5.36708">
        <ele>7.4</ele>
      </trkpt>
      <trkpt lat="43.24204" lon="5.36719">
        <ele>7.5</ele>
      </trkpt>
      <trkpt lat="43.24206" lon="5.36718">
        <ele>7.4</ele>
      </trkpt>
      <trkpt lat="43.24211" lon="5.36718">
        <ele>7.1</ele>
      </trkpt>
      <trkpt lat="43.24215" lon="5.36718">
        <ele>6.9</ele>
      </trkpt>
      <trkpt lat="43.2422" lon="5.36722">
        <ele>7.1</ele>
      </trkpt>
      <trkpt lat="43.24226" lon="5.3673">
        <ele>6.6</ele>
      </trkpt>
      <trkpt lat="43.24231" lon="5.36738">
        <ele>6</ele>
      </trkpt>
      <trkpt lat="43.24235" lon="5.36742">
        <ele>5.7</ele>
      </trkpt>
      <trkpt lat="43.24238" lon="5.36746">
        <ele>5.4</ele>
      </trkpt>
      <trkpt lat="43.24244" lon="5.3675">
        <ele>4.8</ele>
      </trkpt>
      <trkpt lat="43.2425" lon="5.36754">
        <ele>4.4</ele>
      </trkpt>
      <trkpt lat="43.24256" lon="5.36757">
        <ele>4</ele>
      </trkpt>
      <trkpt lat="43.24262" lon="5.36761">
        <ele>3.5</ele>
      </trkpt>
      <trkpt lat="43.24267" lon="5.36766">
        <ele>3.3</ele>
      </trkpt>
      <trkpt lat="43.24271" lon="5.36771">
        <ele>2.9</ele>
      </trkpt>
      <trkpt lat="43.24274" lon="5.36778">
        <ele>2.7</ele>
      </trkpt>
      <trkpt lat="43.24277" lon="5.36784">
        <ele>2.6</ele>
      </trkpt>
      <trkpt lat="43.24279" lon="5.36791">
        <ele>2.8</ele>
      </trkpt>
      <trkpt lat="43.24281" lon="5.36797">
        <ele>3.1</ele>
      </trkpt>
      <trkpt lat="43.24285" lon="5.36807">
        <ele>3.3</ele>
      </trkpt>
      <trkpt lat="43.24288" lon="5.36812">
        <ele>3.1</ele>
      </trkpt>
      <trkpt lat="43.24292" lon="5.36818">
        <ele>2.9</ele>
      </trkpt>
      <trkpt lat="43.24295" lon="5.36823">
        <ele>2.8</ele>
      </trkpt>
      <trkpt lat="43.24299" lon="5.36829">
        <ele>2.6</ele>
      </trkpt>
      <trkpt lat="43.24302" lon="5.36834">
        <ele>2.4</ele>
      </trkpt>
      <trkpt lat="43.24305" lon="5.36839">
        <ele>2.5</ele>
      </trkpt>
      <trkpt lat="43.24309" lon="5.36845">
        <ele>2.7</ele>
      </trkpt>
      <trkpt lat="43.24312" lon="5.3685">
        <ele>2.8</ele>
      </trkpt>
      <trkpt lat="43.24315" lon="5.36854">
        <ele>2.9</ele>
      </trkpt>
      <trkpt lat="43.24319" lon="5.36859">
        <ele>2.9</ele>
      </trkpt>
      <trkpt lat="43.24322" lon="5.36863">
        <ele>2.9</ele>
      </trkpt>
      <trkpt lat="43.24326" lon="5.36868">
        <ele>3</ele>
      </trkpt>
      <trkpt lat="43.24329" lon="5.36872">
        <ele>3</ele>
      </trkpt>
      <trkpt lat="43.24332" lon="5.36876">
        <ele>3.1</ele>
      </trkpt>
      <trkpt lat="43.24336" lon="5.36881">
        <ele>3.3</ele>
      </trkpt>
      <trkpt lat="43.24339" lon="5.36885">
        <ele>3.3</ele>
      </trkpt>
      <trkpt lat="43.24347" lon="5.36891">
        <ele>3.1</ele>
      </trkpt>
      <trkpt lat="43.24354" lon="5.36896">
        <ele>2.9</ele>
      </trkpt>
      <trkpt lat="43.24362" lon="5.36902">
        <ele>2.9</ele>
      </trkpt>
      <trkpt lat="43.24369" lon="5.36907">
        <ele>2.9</ele>
      </trkpt>
      <trkpt lat="43.24376" lon="5.36913">
        <ele>2.8</ele>
      </trkpt>
      <trkpt lat="43.24382" lon="5.36919">
        <ele>2.4</ele>
      </trkpt>
      <trkpt lat="43.24387" lon="5.36924">
        <ele>1.9</ele>
      </trkpt>
      <trkpt lat="43.24384" lon="5.36929">
        <ele>2</ele>
      </trkpt>
      <trkpt lat="43.24381" lon="5.36934">
        <ele>2.1</ele>
      </trkpt>
      <trkpt lat="43.24378" lon="5.36938">
        <ele>2.3</ele>
      </trkpt>
      <trkpt lat="43.24375" lon="5.36943">
        <ele>2.5</ele>
      </trkpt>
      <trkpt lat="43.24372" lon="5.36951">
        <ele>3</ele>
      </trkpt>
      <trkpt lat="43.24368" lon="5.36959">
        <ele>3.7</ele>
      </trkpt>
      <trkpt lat="43.24367" lon="5.36965">
        <ele>4</ele>
      </trkpt>
      <trkpt lat="43.24365" lon="5.36971">
        <ele>4.4</ele>
      </trkpt>
      <trkpt lat="43.24363" lon="5.36978">
        <ele>4.8</ele>
      </trkpt>
      <trkpt lat="43.24361" lon="5.36985">
        <ele>5</ele>
      </trkpt>
      <trkpt lat="43.24363" lon="5.36993">
        <ele>4.9</ele>
      </trkpt>
      <trkpt lat="43.24364" lon="5.37">
        <ele>4.8</ele>
      </trkpt>
      <trkpt lat="43.24366" lon="5.37008">
        <ele>5.1</ele>
      </trkpt>
      <trkpt lat="43.24367" lon="5.37015">
        <ele>5.5</ele>
      </trkpt>
      <trkpt lat="43.2437" lon="5.37024">
        <ele>6</ele>
      </trkpt>
      <trkpt lat="43.24372" lon="5.37033">
        <ele>6.5</ele>
      </trkpt>
      <trkpt lat="43.24375" lon="5.37041">
        <ele>6.7</ele>
      </trkpt>
      <trkpt lat="43.24377" lon="5.3705">
        <ele>6.9</ele>
      </trkpt>
      <trkpt lat="43.2438" lon="5.3706">
        <ele>7.1</ele>
      </trkpt>
      <trkpt lat="43.24383" lon="5.3707">
        <ele>7.1</ele>
      </trkpt>
      <trkpt lat="43.24387" lon="5.37079">
        <ele>7.1</ele>
      </trkpt>
      <trkpt lat="43.2439" lon="5.37087">
        <ele>6.9</ele>
      </trkpt>
      <trkpt lat="43.24392" lon="5.37093">
        <ele>6.7</ele>
      </trkpt>
      <trkpt lat="43.24394" lon="5.37099">
        <ele>6.6</ele>
      </trkpt>
      <trkpt lat="43.24397" lon="5.37106">
        <ele>6.4</ele>
      </trkpt>
      <trkpt lat="43.24401" lon="5.37104">
        <ele>6</ele>
      </trkpt>
    </trkseg>
  </trk>
  <trk>
    <name><![CDATA[Carry le Rouet - Marseille (Port de l'Estaque)]]></name>
    <extensions>
      <line xmlns="http://www.topografix.com/GPX/gpx_style/0/2">
        <color>FF0000</color>
        <opacity>1</opacity>
        <width>4</width>
      </line>
    </extensions>
    <trkseg>
      <trkpt lat="43.33089" lon="5.15246">
        <ele>2.1</ele>
      </trkpt>
      <trkpt lat="43.33087" lon="5.15245">
        <ele>2.2</ele>
      </trkpt>
      <trkpt lat="43.33086" lon="5.15247">
        <ele>2.1</ele>
      </trkpt>
      <trkpt lat="43.33085" lon="5.15249">
        <ele>2</ele>
      </trkpt>
      <trkpt lat="43.33083" lon="5.15249">
        <ele>2</ele>
      </trkpt>
      <trkpt lat="43.33082" lon="5.15249">
        <ele>2</ele>
      </trkpt>
      <trkpt lat="43.33082" lon="5.15251">
        <ele>2</ele>
      </trkpt>
      <trkpt lat="43.33082" lon="5.15255">
        <ele>2</ele>
      </trkpt>
      <trkpt lat="43.33082" lon="5.15259">
        <ele>2</ele>
      </trkpt>
      <trkpt lat="43.33082" lon="5.15263">
        <ele>2</ele>
      </trkpt>
      <trkpt lat="43.33082" lon="5.15268">
        <ele>2</ele>
      </trkpt>
      <trkpt lat="43.33082" lon="5.15269">
        <ele>2</ele>
      </trkpt>
      <trkpt lat="43.33081" lon="5.15269">
        <ele>1.9</ele>
      </trkpt>
      <trkpt lat="43.33074" lon="5.15271">
        <ele>1.6</ele>
      </trkpt>
      <trkpt lat="43.33066" lon="5.15272">
        <ele>1.4</ele>
      </trkpt>
      <trkpt lat="43.33063" lon="5.15277">
        <ele>1.2</ele>
      </trkpt>
      <trkpt lat="43.33059" lon="5.15282">
        <ele>1.3</ele>
      </trkpt>
      <trkpt lat="43.33058" lon="5.15289">
        <ele>1.5</ele>
      </trkpt>
      <trkpt lat="43.33056" lon="5.15297">
        <ele>1.7</ele>
      </trkpt>
      <trkpt lat="43.33055" lon="5.15304">
        <ele>1.9</ele>
      </trkpt>
      <trkpt lat="43.33053" lon="5.15311">
        <ele>2</ele>
      </trkpt>
      <trkpt lat="43.33052" lon="5.15318">
        <ele>2</ele>
      </trkpt>
      <trkpt lat="43.3305" lon="5.15326">
        <ele>2</ele>
      </trkpt>
      <trkpt lat="43.33049" lon="5.15333">
        <ele>2</ele>
      </trkpt>
      <trkpt lat="43.33047" lon="5.1534">
        <ele>2.8</ele>
      </trkpt>
      <trkpt lat="43.33051" lon="5.15344">
        <ele>3.4</ele>
      </trkpt>
      <trkpt lat="43.33055" lon="5.15348">
        <ele>4.1</ele>
      </trkpt>
      <trkpt lat="43.33055" lon="5.15355">
        <ele>5.1</ele>
      </trkpt>
      <trkpt lat="43.33055" lon="5.15362">
        <ele>6</ele>
      </trkpt>
      <trkpt lat="43.33058" lon="5.15365">
        <ele>6.2</ele>
      </trkpt>
      <trkpt lat="43.33057" lon="5.15375">
        <ele>6.9</ele>
      </trkpt>
      <trkpt lat="43.33056" lon="5.15385">
        <ele>7.7</ele>
      </trkpt>
      <trkpt lat="43.33054" lon="5.15394">
        <ele>8.6</ele>
      </trkpt>
      <trkpt lat="43.33053" lon="5.15404">
        <ele>9.7</ele>
      </trkpt>
      <trkpt lat="43.33052" lon="5.15414">
        <ele>10.8</ele>
      </trkpt>
      <trkpt lat="43.33051" lon="5.15424">
        <ele>11.4</ele>
      </trkpt>
      <trkpt lat="43.33049" lon="5.15433">
        <ele>11.8</ele>
      </trkpt>
      <trkpt lat="43.33048" lon="5.15443">
        <ele>12.2</ele>
      </trkpt>
      <trkpt lat="43.33042" lon="5.15441">
        <ele>12.4</ele>
      </trkpt>
      <trkpt lat="43.33039" lon="5.1544">
        <ele>12.4</ele>
      </trkpt>
      <trkpt lat="43.33033" lon="5.1544">
        <ele>12.6</ele>
      </trkpt>
      <trkpt lat="43.33027" lon="5.1544">
        <ele>12.9</ele>
      </trkpt>
      <trkpt lat="43.33021" lon="5.15439">
        <ele>13.1</ele>
      </trkpt>
      <trkpt lat="43.33015" lon="5.15439">
        <ele>13.3</ele>
      </trkpt>
      <trkpt lat="43.33009" lon="5.15443">
        <ele>13.6</ele>
      </trkpt>
      <trkpt lat="43.33002" lon="5.15446">
        <ele>14</ele>
      </trkpt>
      <trkpt lat="43.32996" lon="5.15452">
        <ele>14.5</ele>
      </trkpt>
      <trkpt lat="43.3299" lon="5.15457">
        <ele>14.7</ele>
      </trkpt>
      <trkpt lat="43.32986" lon="5.15465">
        <ele>15.1</ele>
      </trkpt>
      <trkpt lat="43.32982" lon="5.15473">
        <ele>15.4</ele>
      </trkpt>
      <trkpt lat="43.32978" lon="5.15481">
        <ele>15.3</ele>
      </trkpt>
      <trkpt lat="43.32974" lon="5.15489">
        <ele>15.1</ele>
      </trkpt>
      <trkpt lat="43.32966" lon="5.15493">
        <ele>14.8</ele>
      </trkpt>
      <trkpt lat="43.32957" lon="5.15497">
        <ele>14.5</ele>
      </trkpt>
      <trkpt lat="43.32952" lon="5.15502">
        <ele>14.2</ele>
      </trkpt>
      <trkpt lat="43.32947" lon="5.15507">
        <ele>13.8</ele>
      </trkpt>
      <trkpt lat="43.32941" lon="5.15512">
        <ele>13.7</ele>
      </trkpt>
      <trkpt lat="43.32936" lon="5.15518">
        <ele>13.6</ele>
      </trkpt>
      <trkpt lat="43.32931" lon="5.15523">
        <ele>13.4</ele>
      </trkpt>
      <trkpt lat="43.32926" lon="5.15528">
        <ele>13</ele>
      </trkpt>
      <trkpt lat="43.3292" lon="5.15533">
        <ele>12.6</ele>
      </trkpt>
      <trkpt lat="43.32915" lon="5.15538">
        <ele>12.4</ele>
      </trkpt>
      <trkpt lat="43.32912" lon="5.15543">
        <ele>12.3</ele>
      </trkpt>
      <trkpt lat="43.32909" lon="5.15547">
        <ele>12.2</ele>
      </trkpt>
      <trkpt lat="43.32905" lon="5.15552">
        <ele>12.1</ele>
      </trkpt>
      <trkpt lat="43.32902" lon="5.15556">
        <ele>12</ele>
      </trkpt>
      <trkpt lat="43.32899" lon="5.15561">
        <ele>11.9</ele>
      </trkpt>
      <trkpt lat="43.32896" lon="5.15565">
        <ele>11.7</ele>
      </trkpt>
      <trkpt lat="43.32892" lon="5.1557">
        <ele>11.4</ele>
      </trkpt>
      <trkpt lat="43.32889" lon="5.15574">
        <ele>11</ele>
      </trkpt>
      <trkpt lat="43.32886" lon="5.15579">
        <ele>10.8</ele>
      </trkpt>
      <trkpt lat="43.32883" lon="5.15583">
        <ele>10.7</ele>
      </trkpt>
      <trkpt lat="43.32879" lon="5.15588">
        <ele>10.9</ele>
      </trkpt>
      <trkpt lat="43.32876" lon="5.15592">
        <ele>11</ele>
      </trkpt>
      <trkpt lat="43.32873" lon="5.15597">
        <ele>10.9</ele>
      </trkpt>
      <trkpt lat="43.3287" lon="5.15601">
        <ele>10.8</ele>
      </trkpt>
      <trkpt lat="43.32866" lon="5.15606">
        <ele>10.5</ele>
      </trkpt>
      <trkpt lat="43.32863" lon="5.1561">
        <ele>10.1</ele>
      </trkpt>
      <trkpt lat="43.3286" lon="5.15617">
        <ele>10</ele>
      </trkpt>
      <trkpt lat="43.32857" lon="5.15624">
        <ele>10.1</ele>
      </trkpt>
      <trkpt lat="43.32857" lon="5.15636">
        <ele>10.2</ele>
      </trkpt>
      <trkpt lat="43.32856" lon="5.15648">
        <ele>9.9</ele>
      </trkpt>
      <trkpt lat="43.32857" lon="5.1566">
        <ele>9.4</ele>
      </trkpt>
      <trkpt lat="43.32857" lon="5.15668">
        <ele>9.2</ele>
      </trkpt>
      <trkpt lat="43.32858" lon="5.15678">
        <ele>9.5</ele>
      </trkpt>
      <trkpt lat="43.32858" lon="5.15687">
        <ele>9.8</ele>
      </trkpt>
      <trkpt lat="43.32858" lon="5.15697">
        <ele>10</ele>
      </trkpt>
      <trkpt lat="43.32859" lon="5.15708">
        <ele>10</ele>
      </trkpt>
      <trkpt lat="43.32859" lon="5.15718">
        <ele>10.1</ele>
      </trkpt>
      <trkpt lat="43.32859" lon="5.15728">
        <ele>10.3</ele>
      </trkpt>
      <trkpt lat="43.3286" lon="5.15739">
        <ele>10.6</ele>
      </trkpt>
      <trkpt lat="43.3286" lon="5.15749">
        <ele>11</ele>
      </trkpt>
      <trkpt lat="43.3286" lon="5.15759">
        <ele>11</ele>
      </trkpt>
      <trkpt lat="43.32861" lon="5.1577">
        <ele>11</ele>
      </trkpt>
      <trkpt lat="43.32861" lon="5.1578">
        <ele>11.1</ele>
      </trkpt>
      <trkpt lat="43.32861" lon="5.1579">
        <ele>11.4</ele>
      </trkpt>
      <trkpt lat="43.32861" lon="5.158">
        <ele>11.8</ele>
      </trkpt>
      <trkpt lat="43.32862" lon="5.15811">
        <ele>12</ele>
      </trkpt>
      <trkpt lat="43.32862" lon="5.15821">
        <ele>12</ele>
      </trkpt>
      <trkpt lat="43.32862" lon="5.15831">
        <ele>12</ele>
      </trkpt>
      <trkpt lat="43.32863" lon="5.15842">
        <ele>12.4</ele>
      </trkpt>
      <trkpt lat="43.32863" lon="5.15852">
        <ele>12.7</ele>
      </trkpt>
      <trkpt lat="43.32863" lon="5.15859">
        <ele>13</ele>
      </trkpt>
      <trkpt lat="43.32864" lon="5.15866">
        <ele>13.1</ele>
      </trkpt>
      <trkpt lat="43.32864" lon="5.15872">
        <ele>13.1</ele>
      </trkpt>
      <trkpt lat="43.32864" lon="5.15879">
        <ele>13</ele>
      </trkpt>
      <trkpt lat="43.32864" lon="5.15887">
        <ele>13</ele>
      </trkpt>
      <trkpt lat="43.32864" lon="5.15894">
        <ele>12.8</ele>
      </trkpt>
      <trkpt lat="43.32866" lon="5.15906">
        <ele>12.4</ele>
      </trkpt>
      <trkpt lat="43.32867" lon="5.15911">
        <ele>12.2</ele>
      </trkpt>
      <trkpt lat="43.32869" lon="5.15917">
        <ele>12</ele>
      </trkpt>
      <trkpt lat="43.32872" lon="5.15923">
        <ele>11.7</ele>
      </trkpt>
      <trkpt lat="43.32874" lon="5.15929">
        <ele>11.3</ele>
      </trkpt>
      <trkpt lat="43.32879" lon="5.15937">
        <ele>10.8</ele>
      </trkpt>
      <trkpt lat="43.32884" lon="5.15945">
        <ele>10.1</ele>
      </trkpt>
      <trkpt lat="43.3289" lon="5.15952">
        <ele>9.2</ele>
      </trkpt>
      <trkpt lat="43.32896" lon="5.15958">
        <ele>8.4</ele>
      </trkpt>
      <trkpt lat="43.329" lon="5.15964">
        <ele>7.8</ele>
      </trkpt>
      <trkpt lat="43.32904" lon="5.15969">
        <ele>7.3</ele>
      </trkpt>
      <trkpt lat="43.32908" lon="5.15975">
        <ele>6.8</ele>
      </trkpt>
      <trkpt lat="43.32912" lon="5.1598">
        <ele>6.5</ele>
      </trkpt>
      <trkpt lat="43.32917" lon="5.15988">
        <ele>6.4</ele>
      </trkpt>
      <trkpt lat="43.32922" lon="5.15996">
        <ele>6.1</ele>
      </trkpt>
      <trkpt lat="43.32926" lon="5.16007">
        <ele>5.7</ele>
      </trkpt>
      <trkpt lat="43.32928" lon="5.16013">
        <ele>5.4</ele>
      </trkpt>
      <trkpt lat="43.32929" lon="5.16019">
        <ele>5.2</ele>
      </trkpt>
      <trkpt lat="43.32931" lon="5.16025">
        <ele>5.1</ele>
      </trkpt>
      <trkpt lat="43.32932" lon="5.16031">
        <ele>5.1</ele>
      </trkpt>
      <trkpt lat="43.32934" lon="5.16041">
        <ele>5.4</ele>
      </trkpt>
      <trkpt lat="43.32935" lon="5.16045">
        <ele>5.5</ele>
      </trkpt>
      <trkpt lat="43.32936" lon="5.16047">
        <ele>5.7</ele>
      </trkpt>
      <trkpt lat="43.32935" lon="5.1605">
        <ele>5.6</ele>
      </trkpt>
      <trkpt lat="43.32935" lon="5.16053">
        <ele>5.6</ele>
      </trkpt>
      <trkpt lat="43.32936" lon="5.16054">
        <ele>5.8</ele>
      </trkpt>
      <trkpt lat="43.32932" lon="5.16061">
        <ele>6.1</ele>
      </trkpt>
      <trkpt lat="43.32926" lon="5.16068">
        <ele>6.3</ele>
      </trkpt>
      <trkpt lat="43.3292" lon="5.16075">
        <ele>6.4</ele>
      </trkpt>
      <trkpt lat="43.32914" lon="5.16083">
        <ele>6.9</ele>
      </trkpt>
      <trkpt lat="43.32907" lon="5.1609">
        <ele>8.5</ele>
      </trkpt>
      <trkpt lat="43.32901" lon="5.16096">
        <ele>9</ele>
      </trkpt>
      <trkpt lat="43.32895" lon="5.16102">
        <ele>8.9</ele>
      </trkpt>
      <trkpt lat="43.32889" lon="5.16108">
        <ele>7.9</ele>
      </trkpt>
      <trkpt lat="43.32883" lon="5.16114">
        <ele>8.2</ele>
      </trkpt>
      <trkpt lat="43.32876" lon="5.16121">
        <ele>8.2</ele>
      </trkpt>
      <trkpt lat="43.32869" lon="5.16128">
        <ele>7.6</ele>
      </trkpt>
      <trkpt lat="43.32867" lon="5.16129">
        <ele>7.4</ele>
      </trkpt>
      <trkpt lat="43.32864" lon="5.16133">
        <ele>6.8</ele>
      </trkpt>
      <trkpt lat="43.3286" lon="5.16137">
        <ele>5.8</ele>
      </trkpt>
      <trkpt lat="43.32857" lon="5.16141">
        <ele>5.4</ele>
      </trkpt>
      <trkpt lat="43.32853" lon="5.16145">
        <ele>5.2</ele>
      </trkpt>
      <trkpt lat="43.32849" lon="5.16151">
        <ele>5.4</ele>
      </trkpt>
      <trkpt lat="43.32844" lon="5.16157">
        <ele>5.8</ele>
      </trkpt>
      <trkpt lat="43.32839" lon="5.16165">
        <ele>6.9</ele>
      </trkpt>
      <trkpt lat="43.32838" lon="5.1617">
        <ele>7.2</ele>
      </trkpt>
      <trkpt lat="43.32838" lon="5.16178">
        <ele>7.2</ele>
      </trkpt>
      <trkpt lat="43.32837" lon="5.1618">
        <ele>7.1</ele>
      </trkpt>
      <trkpt lat="43.32838" lon="5.16178">
        <ele>7.2</ele>
      </trkpt>
      <trkpt lat="43.32843" lon="5.16185">
        <ele>7.3</ele>
      </trkpt>
      <trkpt lat="43.32847" lon="5.16192">
        <ele>7.5</ele>
      </trkpt>
      <trkpt lat="43.32851" lon="5.16197">
        <ele>7.7</ele>
      </trkpt>
      <trkpt lat="43.32855" lon="5.16201">
        <ele>8</ele>
      </trkpt>
      <trkpt lat="43.32862" lon="5.16208">
        <ele>8.5</ele>
      </trkpt>
      <trkpt lat="43.32866" lon="5.16213">
        <ele>8.8</ele>
      </trkpt>
      <trkpt lat="43.32869" lon="5.16217">
        <ele>9.1</ele>
      </trkpt>
      <trkpt lat="43.32874" lon="5.16226">
        <ele>9.8</ele>
      </trkpt>
      <trkpt lat="43.32878" lon="5.16231">
        <ele>10.3</ele>
      </trkpt>
      <trkpt lat="43.32881" lon="5.16236">
        <ele>10.6</ele>
      </trkpt>
      <trkpt lat="43.32884" lon="5.16241">
        <ele>10.9</ele>
      </trkpt>
      <trkpt lat="43.32887" lon="5.16246">
        <ele>11</ele>
      </trkpt>
      <trkpt lat="43.32891" lon="5.1625">
        <ele>11.1</ele>
      </trkpt>
      <trkpt lat="43.32894" lon="5.16254">
        <ele>11.6</ele>
      </trkpt>
      <trkpt lat="43.32901" lon="5.16259">
        <ele>12.4</ele>
      </trkpt>
      <trkpt lat="43.32908" lon="5.16263">
        <ele>13</ele>
      </trkpt>
      <trkpt lat="43.32914" lon="5.16268">
        <ele>13.5</ele>
      </trkpt>
      <trkpt lat="43.32919" lon="5.16272">
        <ele>14</ele>
      </trkpt>
      <trkpt lat="43.32922" lon="5.1628">
        <ele>14.5</ele>
      </trkpt>
      <trkpt lat="43.32925" lon="5.16288">
        <ele>15</ele>
      </trkpt>
      <trkpt lat="43.32928" lon="5.16297">
        <ele>15.5</ele>
      </trkpt>
      <trkpt lat="43.32932" lon="5.16306">
        <ele>16.1</ele>
      </trkpt>
      <trkpt lat="43.32935" lon="5.16314">
        <ele>16.4</ele>
      </trkpt>
      <trkpt lat="43.32938" lon="5.16323">
        <ele>16.7</ele>
      </trkpt>
      <trkpt lat="43.32941" lon="5.16332">
        <ele>16.9</ele>
      </trkpt>
      <trkpt lat="43.32944" lon="5.16341">
        <ele>17.5</ele>
      </trkpt>
      <trkpt lat="43.32946" lon="5.16347">
        <ele>18.1</ele>
      </trkpt>
      <trkpt lat="43.32949" lon="5.16353">
        <ele>18.7</ele>
      </trkpt>
      <trkpt lat="43.32951" lon="5.16358">
        <ele>19.3</ele>
      </trkpt>
      <trkpt lat="43.32953" lon="5.16364">
        <ele>19.6</ele>
      </trkpt>
      <trkpt lat="43.32957" lon="5.16374">
        <ele>19.9</ele>
      </trkpt>
      <trkpt lat="43.32961" lon="5.16383">
        <ele>20.2</ele>
      </trkpt>
      <trkpt lat="43.32965" lon="5.16393">
        <ele>20.4</ele>
      </trkpt>
      <trkpt lat="43.32968" lon="5.16399">
        <ele>20.6</ele>
      </trkpt>
      <trkpt lat="43.3297" lon="5.16405">
        <ele>20.8</ele>
      </trkpt>
      <trkpt lat="43.32973" lon="5.1641">
        <ele>21</ele>
      </trkpt>
      <trkpt lat="43.32975" lon="5.16416">
        <ele>21.2</ele>
      </trkpt>
      <trkpt lat="43.32978" lon="5.16427">
        <ele>21.5</ele>
      </trkpt>
      <trkpt lat="43.32982" lon="5.16438">
        <ele>21.9</ele>
      </trkpt>
      <trkpt lat="43.32985" lon="5.16449">
        <ele>22.3</ele>
      </trkpt>
      <trkpt lat="43.32989" lon="5.1646">
        <ele>22.4</ele>
      </trkpt>
      <trkpt lat="43.32992" lon="5.16471">
        <ele>22.4</ele>
      </trkpt>
      <trkpt lat="43.32995" lon="5.16482">
        <ele>22.3</ele>
      </trkpt>
      <trkpt lat="43.32999" lon="5.16493">
        <ele>22.2</ele>
      </trkpt>
      <trkpt lat="43.33002" lon="5.16504">
        <ele>22.2</ele>
      </trkpt>
      <trkpt lat="43.33004" lon="5.16515">
        <ele>22.4</ele>
      </trkpt>
      <trkpt lat="43.33005" lon="5.16526">
        <ele>22.7</ele>
      </trkpt>
      <trkpt lat="43.33006" lon="5.16531">
        <ele>22.9</ele>
      </trkpt>
      <trkpt lat="43.33006" lon="5.16533">
        <ele>22.9</ele>
      </trkpt>
      <trkpt lat="43.33006" lon="5.16541">
        <ele>22.9</ele>
      </trkpt>
      <trkpt lat="43.33006" lon="5.16549">
        <ele>22.9</ele>
      </trkpt>
      <trkpt lat="43.33005" lon="5.1656">
        <ele>22.9</ele>
      </trkpt>
      <trkpt lat="43.33005" lon="5.1657">
        <ele>23.1</ele>
      </trkpt>
      <trkpt lat="43.33004" lon="5.16581">
        <ele>23.3</ele>
      </trkpt>
      <trkpt lat="43.33003" lon="5.16591">
        <ele>23.4</ele>
      </trkpt>
      <trkpt lat="43.33003" lon="5.166">
        <ele>23.3</ele>
      </trkpt>
      <trkpt lat="43.33002" lon="5.16609">
        <ele>23.3</ele>
      </trkpt>
      <trkpt lat="43.33001" lon="5.16617">
        <ele>23.6</ele>
      </trkpt>
      <trkpt lat="43.33001" lon="5.16626">
        <ele>24.1</ele>
      </trkpt>
      <trkpt lat="43.33" lon="5.16634">
        <ele>24.6</ele>
      </trkpt>
      <trkpt lat="43.32999" lon="5.16642">
        <ele>24.9</ele>
      </trkpt>
      <trkpt lat="43.32999" lon="5.16651">
        <ele>24.9</ele>
      </trkpt>
      <trkpt lat="43.32999" lon="5.1666">
        <ele>24.9</ele>
      </trkpt>
      <trkpt lat="43.32998" lon="5.16669">
        <ele>25</ele>
      </trkpt>
      <trkpt lat="43.32998" lon="5.16678">
        <ele>25.3</ele>
      </trkpt>
      <trkpt lat="43.32999" lon="5.16689">
        <ele>25.7</ele>
      </trkpt>
      <trkpt lat="43.33" lon="5.167">
        <ele>26.2</ele>
      </trkpt>
      <trkpt lat="43.33001" lon="5.16708">
        <ele>26.6</ele>
      </trkpt>
      <trkpt lat="43.33002" lon="5.16716">
        <ele>27</ele>
      </trkpt>
      <trkpt lat="43.33002" lon="5.16723">
        <ele>27.3</ele>
      </trkpt>
      <trkpt lat="43.33003" lon="5.16731">
        <ele>27.7</ele>
      </trkpt>
      <trkpt lat="43.33004" lon="5.16741">
        <ele>28.2</ele>
      </trkpt>
      <trkpt lat="43.33006" lon="5.16751">
        <ele>28.6</ele>
      </trkpt>
      <trkpt lat="43.33007" lon="5.16761">
        <ele>28.7</ele>
      </trkpt>
      <trkpt lat="43.33008" lon="5.16771">
        <ele>28.9</ele>
      </trkpt>
      <trkpt lat="43.3301" lon="5.16782">
        <ele>29.2</ele>
      </trkpt>
      <trkpt lat="43.33012" lon="5.16792">
        <ele>29.8</ele>
      </trkpt>
      <trkpt lat="43.33014" lon="5.16803">
        <ele>30.4</ele>
      </trkpt>
      <trkpt lat="43.33016" lon="5.16813">
        <ele>30.6</ele>
      </trkpt>
      <trkpt lat="43.33018" lon="5.16822">
        <ele>30.6</ele>
      </trkpt>
      <trkpt lat="43.3302" lon="5.16831">
        <ele>30.5</ele>
      </trkpt>
      <trkpt lat="43.33028" lon="5.16833">
        <ele>31</ele>
      </trkpt>
      <trkpt lat="43.33033" lon="5.16831">
        <ele>31.4</ele>
      </trkpt>
      <trkpt lat="43.33037" lon="5.1683">
        <ele>31.9</ele>
      </trkpt>
      <trkpt lat="43.33042" lon="5.16828">
        <ele>32.4</ele>
      </trkpt>
      <trkpt lat="43.33046" lon="5.16826">
        <ele>32.9</ele>
      </trkpt>
      <trkpt lat="43.33051" lon="5.16825">
        <ele>33.5</ele>
      </trkpt>
      <trkpt lat="43.33057" lon="5.16824">
        <ele>34</ele>
      </trkpt>
      <trkpt lat="43.33062" lon="5.16823">
        <ele>34.2</ele>
      </trkpt>
      <trkpt lat="43.33068" lon="5.16822">
        <ele>34.3</ele>
      </trkpt>
      <trkpt lat="43.33073" lon="5.16821">
        <ele>34.4</ele>
      </trkpt>
      <trkpt lat="43.33078" lon="5.1682">
        <ele>34.5</ele>
      </trkpt>
      <trkpt lat="43.33084" lon="5.16819">
        <ele>34.5</ele>
      </trkpt>
      <trkpt lat="43.33089" lon="5.16818">
        <ele>34.8</ele>
      </trkpt>
      <trkpt lat="43.33094" lon="5.16818">
        <ele>34.9</ele>
      </trkpt>
      <trkpt lat="43.33099" lon="5.16817">
        <ele>35.1</ele>
      </trkpt>
      <trkpt lat="43.33103" lon="5.16817">
        <ele>35.3</ele>
      </trkpt>
      <trkpt lat="43.33108" lon="5.16816">
        <ele>35.5</ele>
      </trkpt>
      <trkpt lat="43.33109" lon="5.16823">
        <ele>35.3</ele>
      </trkpt>
      <trkpt lat="43.33109" lon="5.16829">
        <ele>35.1</ele>
      </trkpt>
      <trkpt lat="43.3311" lon="5.16836">
        <ele>34.9</ele>
      </trkpt>
      <trkpt lat="43.33111" lon="5.16842">
        <ele>34.7</ele>
      </trkpt>
      <trkpt lat="43.33111" lon="5.16849">
        <ele>34.5</ele>
      </trkpt>
      <trkpt lat="43.33112" lon="5.16855">
        <ele>34.3</ele>
      </trkpt>
      <trkpt lat="43.33112" lon="5.16862">
        <ele>34.2</ele>
      </trkpt>
      <trkpt lat="43.33113" lon="5.16868">
        <ele>34.1</ele>
      </trkpt>
      <trkpt lat="43.33114" lon="5.16874">
        <ele>34</ele>
      </trkpt>
      <trkpt lat="43.33116" lon="5.16881">
        <ele>34</ele>
      </trkpt>
      <trkpt lat="43.33117" lon="5.16887">
        <ele>33.9</ele>
      </trkpt>
      <trkpt lat="43.33118" lon="5.16893">
        <ele>33.4</ele>
      </trkpt>
      <trkpt lat="43.33119" lon="5.16899">
        <ele>32.7</ele>
      </trkpt>
      <trkpt lat="43.33121" lon="5.16906">
        <ele>32</ele>
      </trkpt>
      <trkpt lat="43.33122" lon="5.16912">
        <ele>31.1</ele>
      </trkpt>
      <trkpt lat="43.33123" lon="5.16918">
        <ele>30.2</ele>
      </trkpt>
      <trkpt lat="43.33127" lon="5.16928">
        <ele>28.9</ele>
      </trkpt>
      <trkpt lat="43.33131" lon="5.16937">
        <ele>27.8</ele>
      </trkpt>
      <trkpt lat="43.33134" lon="5.16947">
        <ele>27.2</ele>
      </trkpt>
      <trkpt lat="43.33138" lon="5.16956">
        <ele>27.4</ele>
      </trkpt>
      <trkpt lat="43.33142" lon="5.16964">
        <ele>27.3</ele>
      </trkpt>
      <trkpt lat="43.33147" lon="5.16972">
        <ele>27</ele>
      </trkpt>
      <trkpt lat="43.33151" lon="5.1698">
        <ele>26.1</ele>
      </trkpt>
      <trkpt lat="43.33155" lon="5.16988">
        <ele>25.5</ele>
      </trkpt>
      <trkpt lat="43.33161" lon="5.16995">
        <ele>25.5</ele>
      </trkpt>
      <trkpt lat="43.33166" lon="5.17001">
        <ele>25.9</ele>
      </trkpt>
      <trkpt lat="43.33171" lon="5.17006">
        <ele>26.2</ele>
      </trkpt>
      <trkpt lat="43.33177" lon="5.17011">
        <ele>26.1</ele>
      </trkpt>
      <trkpt lat="43.33182" lon="5.17016">
        <ele>25.8</ele>
      </trkpt>
      <trkpt lat="43.33187" lon="5.17021">
        <ele>25.3</ele>
      </trkpt>
      <trkpt lat="43.33193" lon="5.17024">
        <ele>24.6</ele>
      </trkpt>
      <trkpt lat="43.33199" lon="5.17028">
        <ele>23.6</ele>
      </trkpt>
      <trkpt lat="43.33204" lon="5.17031">
        <ele>22.8</ele>
      </trkpt>
      <trkpt lat="43.3321" lon="5.17034">
        <ele>22.2</ele>
      </trkpt>
      <trkpt lat="43.33215" lon="5.17037">
        <ele>21.8</ele>
      </trkpt>
      <trkpt lat="43.3322" lon="5.17039">
        <ele>21.6</ele>
      </trkpt>
      <trkpt lat="43.33225" lon="5.17042">
        <ele>21.2</ele>
      </trkpt>
      <trkpt lat="43.3323" lon="5.17045">
        <ele>20.8</ele>
      </trkpt>
      <trkpt lat="43.33235" lon="5.17047">
        <ele>20.7</ele>
      </trkpt>
      <trkpt lat="43.3324" lon="5.1705">
        <ele>20.9</ele>
      </trkpt>
      <trkpt lat="43.33245" lon="5.17052">
        <ele>21.2</ele>
      </trkpt>
      <trkpt lat="43.3325" lon="5.17055">
        <ele>21.8</ele>
      </trkpt>
      <trkpt lat="43.33256" lon="5.17059">
        <ele>22.6</ele>
      </trkpt>
      <trkpt lat="43.33262" lon="5.17062">
        <ele>23.2</ele>
      </trkpt>
      <trkpt lat="43.33267" lon="5.17065">
        <ele>23.8</ele>
      </trkpt>
      <trkpt lat="43.33273" lon="5.17068">
        <ele>24.4</ele>
      </trkpt>
      <trkpt lat="43.33278" lon="5.17071">
        <ele>25.1</ele>
      </trkpt>
      <trkpt lat="43.33283" lon="5.17074">
        <ele>25</ele>
      </trkpt>
      <trkpt lat="43.33288" lon="5.17076">
        <ele>24.5</ele>
      </trkpt>
      <trkpt lat="43.33294" lon="5.17079">
        <ele>23.4</ele>
      </trkpt>
      <trkpt lat="43.33299" lon="5.17082">
        <ele>21.8</ele>
      </trkpt>
      <trkpt lat="43.33304" lon="5.17085">
        <ele>20.9</ele>
      </trkpt>
      <trkpt lat="43.33311" lon="5.17089">
        <ele>23.3</ele>
      </trkpt>
      <trkpt lat="43.33318" lon="5.17092">
        <ele>25.2</ele>
      </trkpt>
      <trkpt lat="43.33326" lon="5.17096">
        <ele>25.8</ele>
      </trkpt>
      <trkpt lat="43.33333" lon="5.171">
        <ele>25.3</ele>
      </trkpt>
      <trkpt lat="43.3334" lon="5.17103">
        <ele>23</ele>
      </trkpt>
      <trkpt lat="43.33347" lon="5.17107">
        <ele>20.1</ele>
      </trkpt>
      <trkpt lat="43.33354" lon="5.17111">
        <ele>16.9</ele>
      </trkpt>
      <trkpt lat="43.33362" lon="5.17115">
        <ele>15.2</ele>
      </trkpt>
      <trkpt lat="43.33369" lon="5.17118">
        <ele>15.7</ele>
      </trkpt>
      <trkpt lat="43.33376" lon="5.17122">
        <ele>15.7</ele>
      </trkpt>
      <trkpt lat="43.33383" lon="5.17126">
        <ele>15.4</ele>
      </trkpt>
      <trkpt lat="43.3339" lon="5.17129">
        <ele>14.6</ele>
      </trkpt>
      <trkpt lat="43.33397" lon="5.17133">
        <ele>13</ele>
      </trkpt>
      <trkpt lat="43.33405" lon="5.17137">
        <ele>11.6</ele>
      </trkpt>
      <trkpt lat="43.33412" lon="5.1714">
        <ele>10.3</ele>
      </trkpt>
      <trkpt lat="43.33419" lon="5.17144">
        <ele>8.9</ele>
      </trkpt>
      <trkpt lat="43.33426" lon="5.17148">
        <ele>7.4</ele>
      </trkpt>
      <trkpt lat="43.33433" lon="5.17152">
        <ele>6.3</ele>
      </trkpt>
      <trkpt lat="43.33439" lon="5.17156">
        <ele>5.7</ele>
      </trkpt>
      <trkpt lat="43.33446" lon="5.1716">
        <ele>5.4</ele>
      </trkpt>
      <trkpt lat="43.33451" lon="5.17163">
        <ele>5.1</ele>
      </trkpt>
      <trkpt lat="43.33455" lon="5.17165">
        <ele>4.8</ele>
      </trkpt>
      <trkpt lat="43.33452" lon="5.17169">
        <ele>4.9</ele>
      </trkpt>
      <trkpt lat="43.33448" lon="5.1717">
        <ele>5.2</ele>
      </trkpt>
      <trkpt lat="43.33445" lon="5.17175">
        <ele>4.8</ele>
      </trkpt>
      <trkpt lat="43.33441" lon="5.1718">
        <ele>4.1</ele>
      </trkpt>
      <trkpt lat="43.33438" lon="5.17185">
        <ele>3.5</ele>
      </trkpt>
      <trkpt lat="43.33434" lon="5.17191">
        <ele>2.9</ele>
      </trkpt>
      <trkpt lat="43.33431" lon="5.17196">
        <ele>2.5</ele>
      </trkpt>
      <trkpt lat="43.33427" lon="5.17201">
        <ele>2.5</ele>
      </trkpt>
      <trkpt lat="43.33424" lon="5.17206">
        <ele>2.4</ele>
      </trkpt>
      <trkpt lat="43.33421" lon="5.17211">
        <ele>2.3</ele>
      </trkpt>
      <trkpt lat="43.33417" lon="5.17216">
        <ele>2.2</ele>
      </trkpt>
      <trkpt lat="43.33414" lon="5.17221">
        <ele>2.5</ele>
      </trkpt>
      <trkpt lat="43.3341" lon="5.17226">
        <ele>2.8</ele>
      </trkpt>
      <trkpt lat="43.33407" lon="5.17232">
        <ele>2.9</ele>
      </trkpt>
      <trkpt lat="43.33403" lon="5.17237">
        <ele>2.9</ele>
      </trkpt>
      <trkpt lat="43.334" lon="5.17242">
        <ele>2.7</ele>
      </trkpt>
      <trkpt lat="43.33396" lon="5.17247">
        <ele>2.3</ele>
      </trkpt>
      <trkpt lat="43.33393" lon="5.17252">
        <ele>1.9</ele>
      </trkpt>
      <trkpt lat="43.33398" lon="5.17258">
        <ele>1.8</ele>
      </trkpt>
      <trkpt lat="43.33402" lon="5.17263">
        <ele>1.8</ele>
      </trkpt>
      <trkpt lat="43.33404" lon="5.17265">
        <ele>1.8</ele>
      </trkpt>
      <trkpt lat="43.33408" lon="5.17272">
        <ele>1.8</ele>
      </trkpt>
      <trkpt lat="43.33413" lon="5.17279">
        <ele>1.8</ele>
      </trkpt>
      <trkpt lat="43.33417" lon="5.17285">
        <ele>1.7</ele>
      </trkpt>
      <trkpt lat="43.33421" lon="5.17292">
        <ele>1.6</ele>
      </trkpt>
      <trkpt lat="43.33423" lon="5.17298">
        <ele>1.5</ele>
      </trkpt>
      <trkpt lat="43.33426" lon="5.17303">
        <ele>1.4</ele>
      </trkpt>
      <trkpt lat="43.33428" lon="5.17309">
        <ele>1.5</ele>
      </trkpt>
      <trkpt lat="43.3343" lon="5.17314">
        <ele>1.6</ele>
      </trkpt>
      <trkpt lat="43.33432" lon="5.1732">
        <ele>1.8</ele>
      </trkpt>
      <trkpt lat="43.33435" lon="5.17326">
        <ele>1.9</ele>
      </trkpt>
      <trkpt lat="43.33437" lon="5.17331">
        <ele>2</ele>
      </trkpt>
      <trkpt lat="43.33439" lon="5.17337">
        <ele>2</ele>
      </trkpt>
      <trkpt lat="43.3344" lon="5.17344">
        <ele>2</ele>
      </trkpt>
      <trkpt lat="43.33442" lon="5.1735">
        <ele>2</ele>
      </trkpt>
      <trkpt lat="43.33443" lon="5.17357">
        <ele>2</ele>
      </trkpt>
      <trkpt lat="43.33445" lon="5.17364">
        <ele>1.9</ele>
      </trkpt>
      <trkpt lat="43.33446" lon="5.1737">
        <ele>1.7</ele>
      </trkpt>
      <trkpt lat="43.33447" lon="5.17377">
        <ele>1.5</ele>
      </trkpt>
      <trkpt lat="43.33449" lon="5.17383">
        <ele>1.3</ele>
      </trkpt>
      <trkpt lat="43.3345" lon="5.1739">
        <ele>1.2</ele>
      </trkpt>
      <trkpt lat="43.33457" lon="5.17391">
        <ele>1.5</ele>
      </trkpt>
      <trkpt lat="43.33461" lon="5.17399">
        <ele>1.6</ele>
      </trkpt>
      <trkpt lat="43.3346" lon="5.17405">
        <ele>1.6</ele>
      </trkpt>
      <trkpt lat="43.33457" lon="5.17409">
        <ele>1.5</ele>
      </trkpt>
      <trkpt lat="43.33454" lon="5.1741">
        <ele>1.3</ele>
      </trkpt>
      <trkpt lat="43.33456" lon="5.1742">
        <ele>1.5</ele>
      </trkpt>
      <trkpt lat="43.33458" lon="5.1743">
        <ele>1.7</ele>
      </trkpt>
      <trkpt lat="43.33459" lon="5.17439">
        <ele>1.9</ele>
      </trkpt>
      <trkpt lat="43.33461" lon="5.17449">
        <ele>2</ele>
      </trkpt>
      <trkpt lat="43.33462" lon="5.17461">
        <ele>2</ele>
      </trkpt>
      <trkpt lat="43.33463" lon="5.17474">
        <ele>2</ele>
      </trkpt>
      <trkpt lat="43.33463" lon="5.17486">
        <ele>2</ele>
      </trkpt>
      <trkpt lat="43.33464" lon="5.17498">
        <ele>2</ele>
      </trkpt>
      <trkpt lat="43.33465" lon="5.1751">
        <ele>1.9</ele>
      </trkpt>
      <trkpt lat="43.33466" lon="5.17523">
        <ele>1.8</ele>
      </trkpt>
      <trkpt lat="43.33466" lon="5.17535">
        <ele>2.1</ele>
      </trkpt>
      <trkpt lat="43.33467" lon="5.17547">
        <ele>2.6</ele>
      </trkpt>
      <trkpt lat="43.33468" lon="5.17558">
        <ele>3</ele>
      </trkpt>
      <trkpt lat="43.33469" lon="5.17569">
        <ele>3</ele>
      </trkpt>
      <trkpt lat="43.33463" lon="5.17573">
        <ele>3</ele>
      </trkpt>
      <trkpt lat="43.33464" lon="5.17575">
        <ele>3</ele>
      </trkpt>
      <trkpt lat="43.33462" lon="5.17576">
        <ele>3</ele>
      </trkpt>
      <trkpt lat="43.33456" lon="5.17582">
        <ele>3</ele>
      </trkpt>
      <trkpt lat="43.33452" lon="5.1759">
        <ele>3.1</ele>
      </trkpt>
      <trkpt lat="43.3345" lon="5.17598">
        <ele>3.1</ele>
      </trkpt>
      <trkpt lat="43.33447" lon="5.17605">
        <ele>3.1</ele>
      </trkpt>
      <trkpt lat="43.33446" lon="5.17612">
        <ele>3.1</ele>
      </trkpt>
      <trkpt lat="43.33444" lon="5.17618">
        <ele>3.5</ele>
      </trkpt>
      <trkpt lat="43.33443" lon="5.17618">
        <ele>3.4</ele>
      </trkpt>
      <trkpt lat="43.33441" lon="5.17619">
        <ele>3.2</ele>
      </trkpt>
      <trkpt lat="43.33441" lon="5.17621">
        <ele>3.4</ele>
      </trkpt>
      <trkpt lat="43.3344" lon="5.17623">
        <ele>3.4</ele>
      </trkpt>
      <trkpt lat="43.3344" lon="5.17625">
        <ele>3.5</ele>
      </trkpt>
      <trkpt lat="43.33441" lon="5.17627">
        <ele>3.8</ele>
      </trkpt>
      <trkpt lat="43.33442" lon="5.17628">
        <ele>3.9</ele>
      </trkpt>
      <trkpt lat="43.3344" lon="5.17639">
        <ele>4.3</ele>
      </trkpt>
      <trkpt lat="43.33438" lon="5.17649">
        <ele>4.6</ele>
      </trkpt>
      <trkpt lat="43.33436" lon="5.1766">
        <ele>4.8</ele>
      </trkpt>
      <trkpt lat="43.33434" lon="5.17671">
        <ele>5</ele>
      </trkpt>
      <trkpt lat="43.33431" lon="5.17681">
        <ele>5.5</ele>
      </trkpt>
      <trkpt lat="43.33429" lon="5.17692">
        <ele>6</ele>
      </trkpt>
      <trkpt lat="43.33427" lon="5.17702">
        <ele>7.1</ele>
      </trkpt>
      <trkpt lat="43.33425" lon="5.17713">
        <ele>8.1</ele>
      </trkpt>
      <trkpt lat="43.33426" lon="5.17724">
        <ele>9.7</ele>
      </trkpt>
      <trkpt lat="43.33426" lon="5.17734">
        <ele>10.7</ele>
      </trkpt>
      <trkpt lat="43.33425" lon="5.17739">
        <ele>10.8</ele>
      </trkpt>
      <trkpt lat="43.33424" lon="5.17747">
        <ele>11.1</ele>
      </trkpt>
      <trkpt lat="43.33422" lon="5.17753">
        <ele>11.2</ele>
      </trkpt>
      <trkpt lat="43.3342" lon="5.17759">
        <ele>11.4</ele>
      </trkpt>
      <trkpt lat="43.33419" lon="5.17762">
        <ele>11.5</ele>
      </trkpt>
      <trkpt lat="43.33418" lon="5.17771">
        <ele>12.5</ele>
      </trkpt>
      <trkpt lat="43.33418" lon="5.1778">
        <ele>13.5</ele>
      </trkpt>
      <trkpt lat="43.33417" lon="5.17788">
        <ele>14.2</ele>
      </trkpt>
      <trkpt lat="43.33417" lon="5.17799">
        <ele>15.4</ele>
      </trkpt>
      <trkpt lat="43.33417" lon="5.17809">
        <ele>16.4</ele>
      </trkpt>
      <trkpt lat="43.33417" lon="5.17811">
        <ele>16.5</ele>
      </trkpt>
      <trkpt lat="43.33417" lon="5.17816">
        <ele>16.9</ele>
      </trkpt>
      <trkpt lat="43.33417" lon="5.17827">
        <ele>17.7</ele>
      </trkpt>
      <trkpt lat="43.33417" lon="5.17835">
        <ele>18.2</ele>
      </trkpt>
      <trkpt lat="43.33417" lon="5.17842">
        <ele>18.8</ele>
      </trkpt>
      <trkpt lat="43.33417" lon="5.1785">
        <ele>19.4</ele>
      </trkpt>
      <trkpt lat="43.33417" lon="5.17858">
        <ele>19.9</ele>
      </trkpt>
      <trkpt lat="43.33418" lon="5.17868">
        <ele>21.6</ele>
      </trkpt>
      <trkpt lat="43.33417" lon="5.17873">
        <ele>21.8</ele>
      </trkpt>
      <trkpt lat="43.33416" lon="5.17878">
        <ele>22.3</ele>
      </trkpt>
      <trkpt lat="43.33414" lon="5.17885">
        <ele>23</ele>
      </trkpt>
      <trkpt lat="43.3341" lon="5.17893">
        <ele>23.6</ele>
      </trkpt>
      <trkpt lat="43.33406" lon="5.179">
        <ele>24.2</ele>
      </trkpt>
      <trkpt lat="43.33401" lon="5.17907">
        <ele>24.8</ele>
      </trkpt>
      <trkpt lat="43.33395" lon="5.17915">
        <ele>25.5</ele>
      </trkpt>
      <trkpt lat="43.33389" lon="5.17923">
        <ele>26.6</ele>
      </trkpt>
      <trkpt lat="43.33383" lon="5.17932">
        <ele>27.8</ele>
      </trkpt>
      <trkpt lat="43.33379" lon="5.17941">
        <ele>29.1</ele>
      </trkpt>
      <trkpt lat="43.33375" lon="5.17949">
        <ele>30.1</ele>
      </trkpt>
      <trkpt lat="43.3337" lon="5.17956">
        <ele>31.1</ele>
      </trkpt>
      <trkpt lat="43.33367" lon="5.17964">
        <ele>32.2</ele>
      </trkpt>
      <trkpt lat="43.33366" lon="5.1797">
        <ele>33.3</ele>
      </trkpt>
      <trkpt lat="43.33365" lon="5.17976">
        <ele>34</ele>
      </trkpt>
      <trkpt lat="43.33363" lon="5.17982">
        <ele>34.5</ele>
      </trkpt>
      <trkpt lat="43.33362" lon="5.17988">
        <ele>34.8</ele>
      </trkpt>
      <trkpt lat="43.33361" lon="5.17997">
        <ele>35.5</ele>
      </trkpt>
      <trkpt lat="43.3336" lon="5.18005">
        <ele>36.4</ele>
      </trkpt>
      <trkpt lat="43.33358" lon="5.18014">
        <ele>37.2</ele>
      </trkpt>
      <trkpt lat="43.33357" lon="5.18022">
        <ele>38</ele>
      </trkpt>
      <trkpt lat="43.33355" lon="5.1803">
        <ele>38.8</ele>
      </trkpt>
      <trkpt lat="43.33352" lon="5.18037">
        <ele>39.2</ele>
      </trkpt>
      <trkpt lat="43.3335" lon="5.18044">
        <ele>39.4</ele>
      </trkpt>
      <trkpt lat="43.33348" lon="5.18051">
        <ele>39.5</ele>
      </trkpt>
      <trkpt lat="43.33349" lon="5.18054">
        <ele>39.5</ele>
      </trkpt>
      <trkpt lat="43.33355" lon="5.18058">
        <ele>39.3</ele>
      </trkpt>
      <trkpt lat="43.3336" lon="5.18061">
        <ele>38.9</ele>
      </trkpt>
      <trkpt lat="43.33364" lon="5.18063">
        <ele>39.7</ele>
      </trkpt>
      <trkpt lat="43.33369" lon="5.18065">
        <ele>41.1</ele>
      </trkpt>
      <trkpt lat="43.33373" lon="5.18067">
        <ele>42.3</ele>
      </trkpt>
      <trkpt lat="43.33371" lon="5.18075">
        <ele>39</ele>
      </trkpt>
      <trkpt lat="43.33371" lon="5.1808">
        <ele>37.5</ele>
      </trkpt>
      <trkpt lat="43.3337" lon="5.1809">
        <ele>36.2</ele>
      </trkpt>
      <trkpt lat="43.33367" lon="5.18101">
        <ele>35.1</ele>
      </trkpt>
      <trkpt lat="43.33365" lon="5.18113">
        <ele>34.3</ele>
      </trkpt>
      <trkpt lat="43.33364" lon="5.18124">
        <ele>33.9</ele>
      </trkpt>
      <trkpt lat="43.33362" lon="5.18136">
        <ele>33.3</ele>
      </trkpt>
      <trkpt lat="43.3336" lon="5.18147">
        <ele>32.9</ele>
      </trkpt>
      <trkpt lat="43.33359" lon="5.18159">
        <ele>32.8</ele>
      </trkpt>
      <trkpt lat="43.33357" lon="5.1817">
        <ele>32.5</ele>
      </trkpt>
      <trkpt lat="43.33355" lon="5.18176">
        <ele>32</ele>
      </trkpt>
      <trkpt lat="43.33351" lon="5.18182">
        <ele>31.1</ele>
      </trkpt>
      <trkpt lat="43.33348" lon="5.1819">
        <ele>30</ele>
      </trkpt>
      <trkpt lat="43.33347" lon="5.18199">
        <ele>29.4</ele>
      </trkpt>
      <trkpt lat="43.33347" lon="5.18206">
        <ele>29.4</ele>
      </trkpt>
      <trkpt lat="43.33347" lon="5.18212">
        <ele>29.4</ele>
      </trkpt>
      <trkpt lat="43.33347" lon="5.1822">
        <ele>29.4</ele>
      </trkpt>
      <trkpt lat="43.33346" lon="5.18228">
        <ele>29.3</ele>
      </trkpt>
      <trkpt lat="43.33345" lon="5.18237">
        <ele>29.2</ele>
      </trkpt>
      <trkpt lat="43.33344" lon="5.18245">
        <ele>29</ele>
      </trkpt>
      <trkpt lat="43.33343" lon="5.18254">
        <ele>28.8</ele>
      </trkpt>
      <trkpt lat="43.33342" lon="5.18262">
        <ele>28.7</ele>
      </trkpt>
      <trkpt lat="43.33341" lon="5.1827">
        <ele>28.5</ele>
      </trkpt>
      <trkpt lat="43.3334" lon="5.18279">
        <ele>28.5</ele>
      </trkpt>
      <trkpt lat="43.33339" lon="5.18287">
        <ele>29.2</ele>
      </trkpt>
      <trkpt lat="43.33338" lon="5.18298">
        <ele>30</ele>
      </trkpt>
      <trkpt lat="43.33336" lon="5.18308">
        <ele>30.9</ele>
      </trkpt>
      <trkpt lat="43.33335" lon="5.18314">
        <ele>31.4</ele>
      </trkpt>
      <trkpt lat="43.33331" lon="5.18322">
        <ele>30.8</ele>
      </trkpt>
      <trkpt lat="43.33329" lon="5.1833">
        <ele>30.9</ele>
      </trkpt>
      <trkpt lat="43.33327" lon="5.18339">
        <ele>31</ele>
      </trkpt>
      <trkpt lat="43.33325" lon="5.18347">
        <ele>31.2</ele>
      </trkpt>
      <trkpt lat="43.33323" lon="5.18355">
        <ele>31.2</ele>
      </trkpt>
      <trkpt lat="43.3332" lon="5.18366">
        <ele>31.8</ele>
      </trkpt>
      <trkpt lat="43.33317" lon="5.18376">
        <ele>33.2</ele>
      </trkpt>
      <trkpt lat="43.33314" lon="5.18387">
        <ele>34.4</ele>
      </trkpt>
      <trkpt lat="43.33311" lon="5.18397">
        <ele>34.5</ele>
      </trkpt>
      <trkpt lat="43.33309" lon="5.18408">
        <ele>34.2</ele>
      </trkpt>
      <trkpt lat="43.33306" lon="5.18418">
        <ele>33.3</ele>
      </trkpt>
      <trkpt lat="43.33304" lon="5.18427">
        <ele>32.1</ele>
      </trkpt>
      <trkpt lat="43.33302" lon="5.18435">
        <ele>30.8</ele>
      </trkpt>
      <trkpt lat="43.333" lon="5.18441">
        <ele>29.1</ele>
      </trkpt>
      <trkpt lat="43.33298" lon="5.18447">
        <ele>27.1</ele>
      </trkpt>
      <trkpt lat="43.33295" lon="5.18453">
        <ele>24.5</ele>
      </trkpt>
      <trkpt lat="43.33293" lon="5.18459">
        <ele>21.9</ele>
      </trkpt>
      <trkpt lat="43.33291" lon="5.1846">
        <ele>20.2</ele>
      </trkpt>
      <trkpt lat="43.33287" lon="5.18461">
        <ele>16.9</ele>
      </trkpt>
      <trkpt lat="43.33285" lon="5.1846">
        <ele>15.6</ele>
      </trkpt>
      <trkpt lat="43.33285" lon="5.18458">
        <ele>16</ele>
      </trkpt>
      <trkpt lat="43.33283" lon="5.18454">
        <ele>15.4</ele>
      </trkpt>
      <trkpt lat="43.33281" lon="5.18453">
        <ele>14.2</ele>
      </trkpt>
      <trkpt lat="43.33278" lon="5.18455">
        <ele>11.5</ele>
      </trkpt>
      <trkpt lat="43.33272" lon="5.18459">
        <ele>8.5</ele>
      </trkpt>
      <trkpt lat="43.33266" lon="5.18466">
        <ele>5.5</ele>
      </trkpt>
      <trkpt lat="43.33266" lon="5.18476">
        <ele>4.4</ele>
      </trkpt>
      <trkpt lat="43.33266" lon="5.18486">
        <ele>4.3</ele>
      </trkpt>
      <trkpt lat="43.33265" lon="5.18495">
        <ele>4.2</ele>
      </trkpt>
      <trkpt lat="43.33265" lon="5.18505">
        <ele>4.9</ele>
      </trkpt>
      <trkpt lat="43.33265" lon="5.18512">
        <ele>6</ele>
      </trkpt>
      <trkpt lat="43.33266" lon="5.18518">
        <ele>6.9</ele>
      </trkpt>
      <trkpt lat="43.33268" lon="5.18523">
        <ele>7.5</ele>
      </trkpt>
      <trkpt lat="43.33272" lon="5.1853">
        <ele>8.3</ele>
      </trkpt>
      <trkpt lat="43.33275" lon="5.18536">
        <ele>9.9</ele>
      </trkpt>
      <trkpt lat="43.33283" lon="5.18538">
        <ele>10.7</ele>
      </trkpt>
      <trkpt lat="43.33283" lon="5.18541">
        <ele>11.5</ele>
      </trkpt>
      <trkpt lat="43.33282" lon="5.18544">
        <ele>12.2</ele>
      </trkpt>
      <trkpt lat="43.3328" lon="5.18551">
        <ele>13.8</ele>
      </trkpt>
      <trkpt lat="43.33277" lon="5.18558">
        <ele>16.4</ele>
      </trkpt>
      <trkpt lat="43.33274" lon="5.18566">
        <ele>21.1</ele>
      </trkpt>
      <trkpt lat="43.33272" lon="5.1857">
        <ele>23.5</ele>
      </trkpt>
      <trkpt lat="43.3327" lon="5.18573">
        <ele>25.4</ele>
      </trkpt>
      <trkpt lat="43.33269" lon="5.18574">
        <ele>26.1</ele>
      </trkpt>
      <trkpt lat="43.33265" lon="5.18571">
        <ele>26</ele>
      </trkpt>
      <trkpt lat="43.33263" lon="5.18569">
        <ele>25.9</ele>
      </trkpt>
      <trkpt lat="43.33257" lon="5.18565">
        <ele>26.4</ele>
      </trkpt>
      <trkpt lat="43.33251" lon="5.18561">
        <ele>27.2</ele>
      </trkpt>
      <trkpt lat="43.33247" lon="5.18564">
        <ele>26.6</ele>
      </trkpt>
      <trkpt lat="43.33243" lon="5.18571">
        <ele>26.5</ele>
      </trkpt>
      <trkpt lat="43.33242" lon="5.18578">
        <ele>28.2</ele>
      </trkpt>
      <trkpt lat="43.33241" lon="5.18584">
        <ele>29.5</ele>
      </trkpt>
      <trkpt lat="43.33239" lon="5.1859">
        <ele>31</ele>
      </trkpt>
      <trkpt lat="43.33236" lon="5.18597">
        <ele>32.6</ele>
      </trkpt>
      <trkpt lat="43.33231" lon="5.18603">
        <ele>33.5</ele>
      </trkpt>
      <trkpt lat="43.33226" lon="5.18608">
        <ele>34.2</ele>
      </trkpt>
      <trkpt lat="43.3322" lon="5.18613">
        <ele>34.5</ele>
      </trkpt>
      <trkpt lat="43.33216" lon="5.18617">
        <ele>33.8</ele>
      </trkpt>
      <trkpt lat="43.33212" lon="5.18624">
        <ele>33.5</ele>
      </trkpt>
      <trkpt lat="43.33208" lon="5.18631">
        <ele>33.4</ele>
      </trkpt>
      <trkpt lat="43.33204" lon="5.18637">
        <ele>33.5</ele>
      </trkpt>
      <trkpt lat="43.332" lon="5.18644">
        <ele>34.3</ele>
      </trkpt>
      <trkpt lat="43.33196" lon="5.18653">
        <ele>35.4</ele>
      </trkpt>
      <trkpt lat="43.33192" lon="5.18662">
        <ele>35.8</ele>
      </trkpt>
      <trkpt lat="43.33187" lon="5.18671">
        <ele>35.9</ele>
      </trkpt>
      <trkpt lat="43.33183" lon="5.1868">
        <ele>35.7</ele>
      </trkpt>
      <trkpt lat="43.33181" lon="5.1869">
        <ele>36.3</ele>
      </trkpt>
      <trkpt lat="43.33178" lon="5.187">
        <ele>36.3</ele>
      </trkpt>
      <trkpt lat="43.33175" lon="5.18708">
        <ele>36.1</ele>
      </trkpt>
      <trkpt lat="43.33173" lon="5.18715">
        <ele>36.1</ele>
      </trkpt>
      <trkpt lat="43.3317" lon="5.18723">
        <ele>36.6</ele>
      </trkpt>
      <trkpt lat="43.33167" lon="5.1873">
        <ele>37.4</ele>
      </trkpt>
      <trkpt lat="43.33164" lon="5.18738">
        <ele>36.7</ele>
      </trkpt>
      <trkpt lat="43.33162" lon="5.18745">
        <ele>35.8</ele>
      </trkpt>
      <trkpt lat="43.33159" lon="5.18753">
        <ele>35</ele>
      </trkpt>
      <trkpt lat="43.33156" lon="5.1876">
        <ele>35.1</ele>
      </trkpt>
      <trkpt lat="43.33154" lon="5.18766">
        <ele>35.7</ele>
      </trkpt>
      <trkpt lat="43.33152" lon="5.18772">
        <ele>36.6</ele>
      </trkpt>
      <trkpt lat="43.3315" lon="5.18779">
        <ele>37.5</ele>
      </trkpt>
      <trkpt lat="43.33147" lon="5.18786">
        <ele>36.2</ele>
      </trkpt>
      <trkpt lat="43.33146" lon="5.18797">
        <ele>35.7</ele>
      </trkpt>
      <trkpt lat="43.33146" lon="5.18805">
        <ele>35.5</ele>
      </trkpt>
      <trkpt lat="43.33146" lon="5.18813">
        <ele>35.6</ele>
      </trkpt>
      <trkpt lat="43.33146" lon="5.18822">
        <ele>35.6</ele>
      </trkpt>
      <trkpt lat="43.33146" lon="5.18831">
        <ele>35.7</ele>
      </trkpt>
      <trkpt lat="43.33145" lon="5.18842">
        <ele>36.2</ele>
      </trkpt>
      <trkpt lat="43.33144" lon="5.18854">
        <ele>36.7</ele>
      </trkpt>
      <trkpt lat="43.33143" lon="5.1886">
        <ele>37</ele>
      </trkpt>
      <trkpt lat="43.33141" lon="5.18866">
        <ele>37.2</ele>
      </trkpt>
      <trkpt lat="43.33139" lon="5.18875">
        <ele>37.5</ele>
      </trkpt>
      <trkpt lat="43.33137" lon="5.18884">
        <ele>37</ele>
      </trkpt>
      <trkpt lat="43.33135" lon="5.18892">
        <ele>36.7</ele>
      </trkpt>
      <trkpt lat="43.33133" lon="5.18899">
        <ele>36.9</ele>
      </trkpt>
      <trkpt lat="43.33128" lon="5.18909">
        <ele>37.5</ele>
      </trkpt>
      <trkpt lat="43.33123" lon="5.18916">
        <ele>38.8</ele>
      </trkpt>
      <trkpt lat="43.3312" lon="5.1892">
        <ele>39.4</ele>
      </trkpt>
      <trkpt lat="43.33116" lon="5.18924">
        <ele>39.7</ele>
      </trkpt>
      <trkpt lat="43.33111" lon="5.18931">
        <ele>40</ele>
      </trkpt>
      <trkpt lat="43.33107" lon="5.18936">
        <ele>38.9</ele>
      </trkpt>
      <trkpt lat="43.33105" lon="5.18945">
        <ele>38.8</ele>
      </trkpt>
      <trkpt lat="43.33102" lon="5.18955">
        <ele>38</ele>
      </trkpt>
      <trkpt lat="43.33101" lon="5.18962">
        <ele>37.8</ele>
      </trkpt>
      <trkpt lat="43.331" lon="5.18968">
        <ele>37.7</ele>
      </trkpt>
      <trkpt lat="43.33101" lon="5.18976">
        <ele>37.7</ele>
      </trkpt>
      <trkpt lat="43.33102" lon="5.18981">
        <ele>37.3</ele>
      </trkpt>
      <trkpt lat="43.33105" lon="5.18988">
        <ele>36.9</ele>
      </trkpt>
      <trkpt lat="43.33108" lon="5.18994">
        <ele>36.1</ele>
      </trkpt>
      <trkpt lat="43.33109" lon="5.18997">
        <ele>35.6</ele>
      </trkpt>
      <trkpt lat="43.33112" lon="5.19004">
        <ele>34.1</ele>
      </trkpt>
      <trkpt lat="43.33115" lon="5.1901">
        <ele>33.5</ele>
      </trkpt>
      <trkpt lat="43.33118" lon="5.19015">
        <ele>32.8</ele>
      </trkpt>
      <trkpt lat="43.33122" lon="5.19025">
        <ele>30.8</ele>
      </trkpt>
      <trkpt lat="43.33125" lon="5.19035">
        <ele>29.2</ele>
      </trkpt>
      <trkpt lat="43.33127" lon="5.19046">
        <ele>27.1</ele>
      </trkpt>
      <trkpt lat="43.33128" lon="5.19056">
        <ele>25</ele>
      </trkpt>
      <trkpt lat="43.33128" lon="5.19068">
        <ele>22.7</ele>
      </trkpt>
      <trkpt lat="43.33128" lon="5.19075">
        <ele>21.5</ele>
      </trkpt>
      <trkpt lat="43.33128" lon="5.19081">
        <ele>20.3</ele>
      </trkpt>
      <trkpt lat="43.3313" lon="5.19088">
        <ele>19.7</ele>
      </trkpt>
      <trkpt lat="43.33131" lon="5.19095">
        <ele>19.2</ele>
      </trkpt>
      <trkpt lat="43.33133" lon="5.19106">
        <ele>17.8</ele>
      </trkpt>
      <trkpt lat="43.33134" lon="5.19116">
        <ele>18</ele>
      </trkpt>
      <trkpt lat="43.33133" lon="5.19119">
        <ele>18.6</ele>
      </trkpt>
      <trkpt lat="43.33132" lon="5.19123">
        <ele>19.5</ele>
      </trkpt>
      <trkpt lat="43.33131" lon="5.19125">
        <ele>19.9</ele>
      </trkpt>
      <trkpt lat="43.3313" lon="5.19129">
        <ele>20.7</ele>
      </trkpt>
      <trkpt lat="43.33128" lon="5.19132">
        <ele>21.2</ele>
      </trkpt>
      <trkpt lat="43.33126" lon="5.19133">
        <ele>21.4</ele>
      </trkpt>
      <trkpt lat="43.33121" lon="5.19137">
        <ele>22</ele>
      </trkpt>
      <trkpt lat="43.33116" lon="5.1914">
        <ele>22.4</ele>
      </trkpt>
      <trkpt lat="43.3311" lon="5.19141">
        <ele>22.8</ele>
      </trkpt>
      <trkpt lat="43.33105" lon="5.1914">
        <ele>24.6</ele>
      </trkpt>
      <trkpt lat="43.33101" lon="5.19138">
        <ele>26</ele>
      </trkpt>
      <trkpt lat="43.33096" lon="5.19136">
        <ele>27.1</ele>
      </trkpt>
      <trkpt lat="43.33091" lon="5.19133">
        <ele>27.8</ele>
      </trkpt>
      <trkpt lat="43.33087" lon="5.19131">
        <ele>28.4</ele>
      </trkpt>
      <trkpt lat="43.33082" lon="5.19128">
        <ele>28.3</ele>
      </trkpt>
      <trkpt lat="43.33077" lon="5.19127">
        <ele>28.1</ele>
      </trkpt>
      <trkpt lat="43.33071" lon="5.19128">
        <ele>28.7</ele>
      </trkpt>
      <trkpt lat="43.33065" lon="5.19134">
        <ele>31.5</ele>
      </trkpt>
      <trkpt lat="43.33061" lon="5.19141">
        <ele>34.2</ele>
      </trkpt>
      <trkpt lat="43.33058" lon="5.19147">
        <ele>35.6</ele>
      </trkpt>
      <trkpt lat="43.33056" lon="5.19153">
        <ele>37</ele>
      </trkpt>
      <trkpt lat="43.33054" lon="5.19159">
        <ele>37.9</ele>
      </trkpt>
      <trkpt lat="43.33054" lon="5.19166">
        <ele>39.4</ele>
      </trkpt>
      <trkpt lat="43.33054" lon="5.19173">
        <ele>40.2</ele>
      </trkpt>
      <trkpt lat="43.33055" lon="5.19181">
        <ele>41.2</ele>
      </trkpt>
      <trkpt lat="43.33055" lon="5.19189">
        <ele>42.2</ele>
      </trkpt>
      <trkpt lat="43.33056" lon="5.19197">
        <ele>43.1</ele>
      </trkpt>
      <trkpt lat="43.33056" lon="5.19205">
        <ele>43.4</ele>
      </trkpt>
      <trkpt lat="43.33059" lon="5.1921">
        <ele>43.6</ele>
      </trkpt>
      <trkpt lat="43.33067" lon="5.19213">
        <ele>43.8</ele>
      </trkpt>
      <trkpt lat="43.33074" lon="5.19215">
        <ele>44.1</ele>
      </trkpt>
      <trkpt lat="43.33081" lon="5.19216">
        <ele>44.3</ele>
      </trkpt>
      <trkpt lat="43.33083" lon="5.19218">
        <ele>44.5</ele>
      </trkpt>
      <trkpt lat="43.33088" lon="5.19226">
        <ele>43.8</ele>
      </trkpt>
      <trkpt lat="43.33091" lon="5.19232">
        <ele>43.2</ele>
      </trkpt>
      <trkpt lat="43.33091" lon="5.19237">
        <ele>43</ele>
      </trkpt>
      <trkpt lat="43.33092" lon="5.19245">
        <ele>42.7</ele>
      </trkpt>
      <trkpt lat="43.33093" lon="5.19253">
        <ele>42.9</ele>
      </trkpt>
      <trkpt lat="43.33094" lon="5.19264">
        <ele>43.7</ele>
      </trkpt>
      <trkpt lat="43.33095" lon="5.19274">
        <ele>44.8</ele>
      </trkpt>
      <trkpt lat="43.33098" lon="5.19279">
        <ele>46.4</ele>
      </trkpt>
      <trkpt lat="43.33101" lon="5.19284">
        <ele>48.3</ele>
      </trkpt>
      <trkpt lat="43.33109" lon="5.19287">
        <ele>52.3</ele>
      </trkpt>
      <trkpt lat="43.33115" lon="5.19286">
        <ele>53.1</ele>
      </trkpt>
      <trkpt lat="43.3312" lon="5.19285">
        <ele>52.9</ele>
      </trkpt>
      <trkpt lat="43.33128" lon="5.19282">
        <ele>53.2</ele>
      </trkpt>
      <trkpt lat="43.33134" lon="5.19281">
        <ele>53.7</ele>
      </trkpt>
      <trkpt lat="43.3314" lon="5.1928">
        <ele>54.3</ele>
      </trkpt>
      <trkpt lat="43.33148" lon="5.1928">
        <ele>54.1</ele>
      </trkpt>
      <trkpt lat="43.33155" lon="5.19281">
        <ele>53.6</ele>
      </trkpt>
      <trkpt lat="43.33159" lon="5.19283">
        <ele>53.1</ele>
      </trkpt>
      <trkpt lat="43.33162" lon="5.19288">
        <ele>52.1</ele>
      </trkpt>
      <trkpt lat="43.33166" lon="5.19295">
        <ele>50.9</ele>
      </trkpt>
      <trkpt lat="43.33169" lon="5.19301">
        <ele>50.1</ele>
      </trkpt>
      <trkpt lat="43.33172" lon="5.19312">
        <ele>48.7</ele>
      </trkpt>
      <trkpt lat="43.33174" lon="5.1932">
        <ele>47.6</ele>
      </trkpt>
      <trkpt lat="43.33178" lon="5.1933">
        <ele>46.8</ele>
      </trkpt>
      <trkpt lat="43.33181" lon="5.19335">
        <ele>46.6</ele>
      </trkpt>
      <trkpt lat="43.33184" lon="5.1934">
        <ele>45.6</ele>
      </trkpt>
      <trkpt lat="43.33187" lon="5.19344">
        <ele>44.5</ele>
      </trkpt>
      <trkpt lat="43.3319" lon="5.19349">
        <ele>43.2</ele>
      </trkpt>
      <trkpt lat="43.33195" lon="5.19355">
        <ele>41.8</ele>
      </trkpt>
      <trkpt lat="43.332" lon="5.1936">
        <ele>38.6</ele>
      </trkpt>
      <trkpt lat="43.33204" lon="5.19364">
        <ele>36.8</ele>
      </trkpt>
      <trkpt lat="43.33208" lon="5.19367">
        <ele>35.2</ele>
      </trkpt>
      <trkpt lat="43.33216" lon="5.19369">
        <ele>34</ele>
      </trkpt>
      <trkpt lat="43.33221" lon="5.19369">
        <ele>33.7</ele>
      </trkpt>
      <trkpt lat="43.33225" lon="5.19369">
        <ele>33.9</ele>
      </trkpt>
      <trkpt lat="43.3323" lon="5.19367">
        <ele>34.6</ele>
      </trkpt>
      <trkpt lat="43.33234" lon="5.19364">
        <ele>35.2</ele>
      </trkpt>
      <trkpt lat="43.33239" lon="5.19365">
        <ele>35.4</ele>
      </trkpt>
      <trkpt lat="43.33234" lon="5.19371">
        <ele>34.6</ele>
      </trkpt>
      <trkpt lat="43.33229" lon="5.19377">
        <ele>33.3</ele>
      </trkpt>
      <trkpt lat="43.33224" lon="5.19382">
        <ele>31.6</ele>
      </trkpt>
      <trkpt lat="43.33219" lon="5.19388">
        <ele>29.8</ele>
      </trkpt>
      <trkpt lat="43.33215" lon="5.19391">
        <ele>29.8</ele>
      </trkpt>
      <trkpt lat="43.33208" lon="5.19395">
        <ele>29.8</ele>
      </trkpt>
      <trkpt lat="43.33204" lon="5.19397">
        <ele>29.3</ele>
      </trkpt>
      <trkpt lat="43.33199" lon="5.19398">
        <ele>28.8</ele>
      </trkpt>
      <trkpt lat="43.33192" lon="5.19399">
        <ele>27.7</ele>
      </trkpt>
      <trkpt lat="43.33185" lon="5.194">
        <ele>26.5</ele>
      </trkpt>
      <trkpt lat="43.33177" lon="5.19402">
        <ele>25</ele>
      </trkpt>
      <trkpt lat="43.33169" lon="5.19404">
        <ele>23.4</ele>
      </trkpt>
      <trkpt lat="43.33164" lon="5.19406">
        <ele>22.3</ele>
      </trkpt>
      <trkpt lat="43.33157" lon="5.19411">
        <ele>20.5</ele>
      </trkpt>
      <trkpt lat="43.33155" lon="5.1942">
        <ele>19.6</ele>
      </trkpt>
      <trkpt lat="43.33152" lon="5.19428">
        <ele>19.6</ele>
      </trkpt>
      <trkpt lat="43.33149" lon="5.19435">
        <ele>19</ele>
      </trkpt>
      <trkpt lat="43.33148" lon="5.19442">
        <ele>18.8</ele>
      </trkpt>
      <trkpt lat="43.33147" lon="5.19448">
        <ele>18.8</ele>
      </trkpt>
      <trkpt lat="43.33146" lon="5.19457">
        <ele>19</ele>
      </trkpt>
      <trkpt lat="43.33145" lon="5.19466">
        <ele>19.2</ele>
      </trkpt>
      <trkpt lat="43.33145" lon="5.19473">
        <ele>19.5</ele>
      </trkpt>
      <trkpt lat="43.33145" lon="5.1948">
        <ele>19.5</ele>
      </trkpt>
      <trkpt lat="43.33144" lon="5.19487">
        <ele>19.4</ele>
      </trkpt>
      <trkpt lat="43.33144" lon="5.19494">
        <ele>19.4</ele>
      </trkpt>
      <trkpt lat="43.33145" lon="5.19504">
        <ele>19.5</ele>
      </trkpt>
      <trkpt lat="43.33145" lon="5.19513">
        <ele>19.6</ele>
      </trkpt>
      <trkpt lat="43.33146" lon="5.19523">
        <ele>19.7</ele>
      </trkpt>
      <trkpt lat="43.33148" lon="5.19528">
        <ele>20.3</ele>
      </trkpt>
      <trkpt lat="43.3315" lon="5.19533">
        <ele>20.5</ele>
      </trkpt>
      <trkpt lat="43.33154" lon="5.19537">
        <ele>21.5</ele>
      </trkpt>
      <trkpt lat="43.33158" lon="5.1954">
        <ele>22.4</ele>
      </trkpt>
      <trkpt lat="43.33161" lon="5.19544">
        <ele>22.9</ele>
      </trkpt>
      <trkpt lat="43.33163" lon="5.19547">
        <ele>23.1</ele>
      </trkpt>
      <trkpt lat="43.33163" lon="5.19552">
        <ele>22.4</ele>
      </trkpt>
      <trkpt lat="43.33163" lon="5.19556">
        <ele>22.1</ele>
      </trkpt>
      <trkpt lat="43.33161" lon="5.19564">
        <ele>23.7</ele>
      </trkpt>
      <trkpt lat="43.33156" lon="5.19573">
        <ele>24.7</ele>
      </trkpt>
      <trkpt lat="43.33151" lon="5.19582">
        <ele>25.6</ele>
      </trkpt>
      <trkpt lat="43.33146" lon="5.19586">
        <ele>24.6</ele>
      </trkpt>
      <trkpt lat="43.33142" lon="5.19592">
        <ele>23.7</ele>
      </trkpt>
      <trkpt lat="43.33142" lon="5.19593">
        <ele>23.8</ele>
      </trkpt>
      <trkpt lat="43.3314" lon="5.19602">
        <ele>23.8</ele>
      </trkpt>
      <trkpt lat="43.3314" lon="5.19609">
        <ele>24.3</ele>
      </trkpt>
      <trkpt lat="43.3314" lon="5.19616">
        <ele>24.5</ele>
      </trkpt>
      <trkpt lat="43.3314" lon="5.19622">
        <ele>24.4</ele>
      </trkpt>
      <trkpt lat="43.3314" lon="5.19629">
        <ele>24.4</ele>
      </trkpt>
      <trkpt lat="43.33141" lon="5.19636">
        <ele>24.5</ele>
      </trkpt>
      <trkpt lat="43.33141" lon="5.19643">
        <ele>23.4</ele>
      </trkpt>
      <trkpt lat="43.33142" lon="5.19649">
        <ele>21.4</ele>
      </trkpt>
      <trkpt lat="43.33142" lon="5.19656">
        <ele>19.4</ele>
      </trkpt>
      <trkpt lat="43.33144" lon="5.19661">
        <ele>18.3</ele>
      </trkpt>
      <trkpt lat="43.3315" lon="5.19667">
        <ele>18.2</ele>
      </trkpt>
      <trkpt lat="43.33157" lon="5.1967">
        <ele>19.8</ele>
      </trkpt>
      <trkpt lat="43.33163" lon="5.19674">
        <ele>20.6</ele>
      </trkpt>
      <trkpt lat="43.33168" lon="5.19681">
        <ele>20.2</ele>
      </trkpt>
      <trkpt lat="43.33173" lon="5.19688">
        <ele>19.6</ele>
      </trkpt>
      <trkpt lat="43.3318" lon="5.19694">
        <ele>19.5</ele>
      </trkpt>
      <trkpt lat="43.33185" lon="5.19695">
        <ele>20.1</ele>
      </trkpt>
      <trkpt lat="43.33189" lon="5.19696">
        <ele>20.6</ele>
      </trkpt>
      <trkpt lat="43.33195" lon="5.19695">
        <ele>21.7</ele>
      </trkpt>
      <trkpt lat="43.33202" lon="5.1969">
        <ele>21.1</ele>
      </trkpt>
      <trkpt lat="43.33209" lon="5.19685">
        <ele>20.5</ele>
      </trkpt>
      <trkpt lat="43.33213" lon="5.19681">
        <ele>20.5</ele>
      </trkpt>
      <trkpt lat="43.33217" lon="5.19677">
        <ele>20.5</ele>
      </trkpt>
      <trkpt lat="43.33221" lon="5.19673">
        <ele>20.5</ele>
      </trkpt>
      <trkpt lat="43.33225" lon="5.19669">
        <ele>21.4</ele>
      </trkpt>
      <trkpt lat="43.33233" lon="5.19665">
        <ele>22.5</ele>
      </trkpt>
      <trkpt lat="43.3324" lon="5.1966">
        <ele>23.3</ele>
      </trkpt>
      <trkpt lat="43.33244" lon="5.19661">
        <ele>23</ele>
      </trkpt>
      <trkpt lat="43.3325" lon="5.19665">
        <ele>22.2</ele>
      </trkpt>
      <trkpt lat="43.33256" lon="5.19672">
        <ele>23.4</ele>
      </trkpt>
      <trkpt lat="43.33263" lon="5.19677">
        <ele>24.3</ele>
      </trkpt>
      <trkpt lat="43.33268" lon="5.19679">
        <ele>24.7</ele>
      </trkpt>
      <trkpt lat="43.33272" lon="5.19682">
        <ele>24.8</ele>
      </trkpt>
      <trkpt lat="43.33277" lon="5.19684">
        <ele>24.6</ele>
      </trkpt>
      <trkpt lat="43.33281" lon="5.19687">
        <ele>23.9</ele>
      </trkpt>
      <trkpt lat="43.33286" lon="5.19689">
        <ele>23.3</ele>
      </trkpt>
      <trkpt lat="43.3329" lon="5.19691">
        <ele>23.1</ele>
      </trkpt>
      <trkpt lat="43.33295" lon="5.19694">
        <ele>23.2</ele>
      </trkpt>
      <trkpt lat="43.33299" lon="5.19696">
        <ele>23.3</ele>
      </trkpt>
      <trkpt lat="43.33303" lon="5.19698">
        <ele>23.4</ele>
      </trkpt>
      <trkpt lat="43.33307" lon="5.19694">
        <ele>24</ele>
      </trkpt>
      <trkpt lat="43.33309" lon="5.19687">
        <ele>22.9</ele>
      </trkpt>
      <trkpt lat="43.33311" lon="5.19676">
        <ele>22</ele>
      </trkpt>
      <trkpt lat="43.33313" lon="5.19665">
        <ele>21.1</ele>
      </trkpt>
      <trkpt lat="43.33315" lon="5.19654">
        <ele>20</ele>
      </trkpt>
      <trkpt lat="43.33317" lon="5.19644">
        <ele>18.8</ele>
      </trkpt>
      <trkpt lat="43.33318" lon="5.19633">
        <ele>17.9</ele>
      </trkpt>
      <trkpt lat="43.3332" lon="5.19622">
        <ele>17.1</ele>
      </trkpt>
      <trkpt lat="43.33322" lon="5.19611">
        <ele>16.3</ele>
      </trkpt>
      <trkpt lat="43.33324" lon="5.196">
        <ele>15.7</ele>
      </trkpt>
      <trkpt lat="43.33325" lon="5.19593">
        <ele>15.6</ele>
      </trkpt>
      <trkpt lat="43.33328" lon="5.19592">
        <ele>14</ele>
      </trkpt>
      <trkpt lat="43.33332" lon="5.19591">
        <ele>11.9</ele>
      </trkpt>
      <trkpt lat="43.33336" lon="5.19595">
        <ele>11.8</ele>
      </trkpt>
      <trkpt lat="43.3334" lon="5.19598">
        <ele>12.8</ele>
      </trkpt>
      <trkpt lat="43.33341" lon="5.19604">
        <ele>12.3</ele>
      </trkpt>
      <trkpt lat="43.33343" lon="5.19612">
        <ele>11.7</ele>
      </trkpt>
      <trkpt lat="43.33345" lon="5.19621">
        <ele>11.1</ele>
      </trkpt>
      <trkpt lat="43.33346" lon="5.19628">
        <ele>10.4</ele>
      </trkpt>
      <trkpt lat="43.33347" lon="5.19636">
        <ele>9.4</ele>
      </trkpt>
      <trkpt lat="43.33354" lon="5.19638">
        <ele>9.7</ele>
      </trkpt>
      <trkpt lat="43.33359" lon="5.19644">
        <ele>9.1</ele>
      </trkpt>
      <trkpt lat="43.33363" lon="5.1965">
        <ele>9.7</ele>
      </trkpt>
      <trkpt lat="43.33367" lon="5.19656">
        <ele>11.9</ele>
      </trkpt>
      <trkpt lat="43.33371" lon="5.19661">
        <ele>14.4</ele>
      </trkpt>
      <trkpt lat="43.33372" lon="5.19666">
        <ele>14.7</ele>
      </trkpt>
      <trkpt lat="43.33374" lon="5.19675">
        <ele>15.6</ele>
      </trkpt>
      <trkpt lat="43.33375" lon="5.19684">
        <ele>15.8</ele>
      </trkpt>
      <trkpt lat="43.33377" lon="5.19691">
        <ele>16.8</ele>
      </trkpt>
      <trkpt lat="43.33377" lon="5.19699">
        <ele>15.9</ele>
      </trkpt>
      <trkpt lat="43.33377" lon="5.19708">
        <ele>14.6</ele>
      </trkpt>
      <trkpt lat="43.33377" lon="5.19717">
        <ele>13.2</ele>
      </trkpt>
      <trkpt lat="43.33377" lon="5.19729">
        <ele>10.5</ele>
      </trkpt>
      <trkpt lat="43.33377" lon="5.19736">
        <ele>8.4</ele>
      </trkpt>
      <trkpt lat="43.33382" lon="5.19737">
        <ele>10.2</ele>
      </trkpt>
      <trkpt lat="43.3339" lon="5.19738">
        <ele>13</ele>
      </trkpt>
      <trkpt lat="43.33398" lon="5.19742">
        <ele>14.7</ele>
      </trkpt>
      <trkpt lat="43.33403" lon="5.19746">
        <ele>15.1</ele>
      </trkpt>
      <trkpt lat="43.33406" lon="5.19748">
        <ele>15.6</ele>
      </trkpt>
      <trkpt lat="43.33411" lon="5.19758">
        <ele>15.1</ele>
      </trkpt>
      <trkpt lat="43.33414" lon="5.19766">
        <ele>13.7</ele>
      </trkpt>
      <trkpt lat="43.33412" lon="5.19775">
        <ele>10.8</ele>
      </trkpt>
      <trkpt lat="43.33409" lon="5.19781">
        <ele>10.5</ele>
      </trkpt>
      <trkpt lat="43.33405" lon="5.19786">
        <ele>10.6</ele>
      </trkpt>
      <trkpt lat="43.33401" lon="5.19791">
        <ele>10</ele>
      </trkpt>
      <trkpt lat="43.33397" lon="5.19797">
        <ele>8.7</ele>
      </trkpt>
      <trkpt lat="43.33396" lon="5.19801">
        <ele>8</ele>
      </trkpt>
      <trkpt lat="43.33393" lon="5.19811">
        <ele>7.5</ele>
      </trkpt>
      <trkpt lat="43.33389" lon="5.1982">
        <ele>8.7</ele>
      </trkpt>
      <trkpt lat="43.33387" lon="5.19828">
        <ele>11.3</ele>
      </trkpt>
      <trkpt lat="43.33385" lon="5.19836">
        <ele>13.3</ele>
      </trkpt>
      <trkpt lat="43.33382" lon="5.19847">
        <ele>14.5</ele>
      </trkpt>
      <trkpt lat="43.33381" lon="5.19854">
        <ele>15.2</ele>
      </trkpt>
      <trkpt lat="43.33381" lon="5.19861">
        <ele>15.9</ele>
      </trkpt>
      <trkpt lat="43.3338" lon="5.19867">
        <ele>13.8</ele>
      </trkpt>
      <trkpt lat="43.33379" lon="5.19874">
        <ele>11.5</ele>
      </trkpt>
      <trkpt lat="43.33375" lon="5.19877">
        <ele>10.3</ele>
      </trkpt>
      <trkpt lat="43.33371" lon="5.1988">
        <ele>9</ele>
      </trkpt>
      <trkpt lat="43.33367" lon="5.19883">
        <ele>7.7</ele>
      </trkpt>
      <trkpt lat="43.33363" lon="5.19886">
        <ele>6.3</ele>
      </trkpt>
      <trkpt lat="43.33362" lon="5.19888">
        <ele>5.4</ele>
      </trkpt>
      <trkpt lat="43.33355" lon="5.19894">
        <ele>3.7</ele>
      </trkpt>
      <trkpt lat="43.33352" lon="5.19899">
        <ele>3</ele>
      </trkpt>
      <trkpt lat="43.33351" lon="5.19902">
        <ele>2.6</ele>
      </trkpt>
      <trkpt lat="43.33351" lon="5.19909">
        <ele>2.2</ele>
      </trkpt>
      <trkpt lat="43.33352" lon="5.19916">
        <ele>1.7</ele>
      </trkpt>
      <trkpt lat="43.33354" lon="5.19924">
        <ele>1.8</ele>
      </trkpt>
      <trkpt lat="43.33357" lon="5.19933">
        <ele>1.9</ele>
      </trkpt>
      <trkpt lat="43.33359" lon="5.19939">
        <ele>2</ele>
      </trkpt>
      <trkpt lat="43.33357" lon="5.19949">
        <ele>2</ele>
      </trkpt>
      <trkpt lat="43.33354" lon="5.19959">
        <ele>1.9</ele>
      </trkpt>
      <trkpt lat="43.33353" lon="5.19967">
        <ele>1.8</ele>
      </trkpt>
      <trkpt lat="43.33346" lon="5.19969">
        <ele>1.5</ele>
      </trkpt>
      <trkpt lat="43.33339" lon="5.19977">
        <ele>1.4</ele>
      </trkpt>
      <trkpt lat="43.33332" lon="5.19984">
        <ele>1.4</ele>
      </trkpt>
      <trkpt lat="43.33326" lon="5.19991">
        <ele>1.7</ele>
      </trkpt>
      <trkpt lat="43.33319" lon="5.19997">
        <ele>1.9</ele>
      </trkpt>
      <trkpt lat="43.33313" lon="5.20004">
        <ele>2.3</ele>
      </trkpt>
      <trkpt lat="43.33306" lon="5.2001">
        <ele>3.1</ele>
      </trkpt>
      <trkpt lat="43.33304" lon="5.20012">
        <ele>3.6</ele>
      </trkpt>
      <trkpt lat="43.33303" lon="5.20016">
        <ele>4.2</ele>
      </trkpt>
      <trkpt lat="43.33303" lon="5.2002">
        <ele>4.7</ele>
      </trkpt>
      <trkpt lat="43.33305" lon="5.20031">
        <ele>5.6</ele>
      </trkpt>
      <trkpt lat="43.33307" lon="5.20042">
        <ele>7</ele>
      </trkpt>
      <trkpt lat="43.33308" lon="5.20047">
        <ele>7.7</ele>
      </trkpt>
      <trkpt lat="43.33307" lon="5.20051">
        <ele>8.3</ele>
      </trkpt>
      <trkpt lat="43.33305" lon="5.20055">
        <ele>9</ele>
      </trkpt>
      <trkpt lat="43.33303" lon="5.20059">
        <ele>10.8</ele>
      </trkpt>
      <trkpt lat="43.333" lon="5.20061">
        <ele>12.1</ele>
      </trkpt>
      <trkpt lat="43.33298" lon="5.20062">
        <ele>12.8</ele>
      </trkpt>
      <trkpt lat="43.33295" lon="5.20063">
        <ele>13.8</ele>
      </trkpt>
      <trkpt lat="43.3329" lon="5.20061">
        <ele>14.1</ele>
      </trkpt>
      <trkpt lat="43.33289" lon="5.2006">
        <ele>14</ele>
      </trkpt>
      <trkpt lat="43.33288" lon="5.20059">
        <ele>13.9</ele>
      </trkpt>
      <trkpt lat="43.33285" lon="5.20057">
        <ele>13.9</ele>
      </trkpt>
      <trkpt lat="43.3328" lon="5.2005">
        <ele>13.9</ele>
      </trkpt>
      <trkpt lat="43.33275" lon="5.20043">
        <ele>15.1</ele>
      </trkpt>
      <trkpt lat="43.33269" lon="5.20034">
        <ele>17</ele>
      </trkpt>
      <trkpt lat="43.33263" lon="5.20028">
        <ele>19</ele>
      </trkpt>
      <trkpt lat="43.33259" lon="5.20024">
        <ele>19.8</ele>
      </trkpt>
      <trkpt lat="43.33254" lon="5.2002">
        <ele>21.2</ele>
      </trkpt>
      <trkpt lat="43.33249" lon="5.20015">
        <ele>22.2</ele>
      </trkpt>
      <trkpt lat="43.33242" lon="5.20008">
        <ele>23.3</ele>
      </trkpt>
      <trkpt lat="43.33235" lon="5.2">
        <ele>24.5</ele>
      </trkpt>
      <trkpt lat="43.33231" lon="5.19997">
        <ele>25.2</ele>
      </trkpt>
      <trkpt lat="43.33227" lon="5.19993">
        <ele>26.2</ele>
      </trkpt>
      <trkpt lat="43.33221" lon="5.19989">
        <ele>27.4</ele>
      </trkpt>
      <trkpt lat="43.33214" lon="5.19987">
        <ele>25.6</ele>
      </trkpt>
      <trkpt lat="43.33211" lon="5.19987">
        <ele>25</ele>
      </trkpt>
      <trkpt lat="43.33209" lon="5.19987">
        <ele>24.6</ele>
      </trkpt>
      <trkpt lat="43.33207" lon="5.19993">
        <ele>25.7</ele>
      </trkpt>
      <trkpt lat="43.33204" lon="5.19998">
        <ele>26.8</ele>
      </trkpt>
      <trkpt lat="43.33201" lon="5.20005">
        <ele>28.2</ele>
      </trkpt>
      <trkpt lat="43.33198" lon="5.20012">
        <ele>29.5</ele>
      </trkpt>
      <trkpt lat="43.33195" lon="5.20017">
        <ele>30.3</ele>
      </trkpt>
      <trkpt lat="43.33191" lon="5.20022">
        <ele>28.1</ele>
      </trkpt>
      <trkpt lat="43.33188" lon="5.20029">
        <ele>26.8</ele>
      </trkpt>
      <trkpt lat="43.33185" lon="5.20036">
        <ele>25.5</ele>
      </trkpt>
      <trkpt lat="43.33183" lon="5.20045">
        <ele>25</ele>
      </trkpt>
      <trkpt lat="43.3318" lon="5.20054">
        <ele>24.6</ele>
      </trkpt>
      <trkpt lat="43.33178" lon="5.20063">
        <ele>26.3</ele>
      </trkpt>
      <trkpt lat="43.33175" lon="5.20072">
        <ele>29.2</ele>
      </trkpt>
      <trkpt lat="43.33173" lon="5.2008">
        <ele>32.6</ele>
      </trkpt>
      <trkpt lat="43.33171" lon="5.20089">
        <ele>34.5</ele>
      </trkpt>
      <trkpt lat="43.33169" lon="5.20097">
        <ele>34.8</ele>
      </trkpt>
      <trkpt lat="43.33167" lon="5.20106">
        <ele>35.2</ele>
      </trkpt>
      <trkpt lat="43.33165" lon="5.20114">
        <ele>34.6</ele>
      </trkpt>
      <trkpt lat="43.33162" lon="5.20121">
        <ele>32.5</ele>
      </trkpt>
      <trkpt lat="43.3316" lon="5.20129">
        <ele>32</ele>
      </trkpt>
      <trkpt lat="43.33158" lon="5.20135">
        <ele>31.1</ele>
      </trkpt>
      <trkpt lat="43.33156" lon="5.20141">
        <ele>30.5</ele>
      </trkpt>
      <trkpt lat="43.33154" lon="5.20149">
        <ele>31.4</ele>
      </trkpt>
      <trkpt lat="43.33152" lon="5.20157">
        <ele>32.8</ele>
      </trkpt>
      <trkpt lat="43.33152" lon="5.20161">
        <ele>34.5</ele>
      </trkpt>
      <trkpt lat="43.3315" lon="5.20167">
        <ele>35.1</ele>
      </trkpt>
      <trkpt lat="43.33147" lon="5.20173">
        <ele>34.9</ele>
      </trkpt>
      <trkpt lat="43.33144" lon="5.2018">
        <ele>34.7</ele>
      </trkpt>
      <trkpt lat="43.33141" lon="5.20187">
        <ele>34.9</ele>
      </trkpt>
      <trkpt lat="43.33139" lon="5.20194">
        <ele>35.9</ele>
      </trkpt>
      <trkpt lat="43.33136" lon="5.20204">
        <ele>32.9</ele>
      </trkpt>
      <trkpt lat="43.33136" lon="5.20205">
        <ele>32.9</ele>
      </trkpt>
      <trkpt lat="43.33132" lon="5.20206">
        <ele>29.7</ele>
      </trkpt>
      <trkpt lat="43.3313" lon="5.20207">
        <ele>28.3</ele>
      </trkpt>
      <trkpt lat="43.33128" lon="5.20211">
        <ele>27.4</ele>
      </trkpt>
      <trkpt lat="43.33127" lon="5.20219">
        <ele>28.3</ele>
      </trkpt>
      <trkpt lat="43.33126" lon="5.20221">
        <ele>28.2</ele>
      </trkpt>
      <trkpt lat="43.33125" lon="5.20224">
        <ele>27.4</ele>
      </trkpt>
      <trkpt lat="43.33124" lon="5.20227">
        <ele>26</ele>
      </trkpt>
      <trkpt lat="43.33123" lon="5.20231">
        <ele>24.2</ele>
      </trkpt>
      <trkpt lat="43.33122" lon="5.20236">
        <ele>21.9</ele>
      </trkpt>
      <trkpt lat="43.33122" lon="5.20245">
        <ele>18.8</ele>
      </trkpt>
      <trkpt lat="43.33124" lon="5.2025">
        <ele>18.4</ele>
      </trkpt>
      <trkpt lat="43.33126" lon="5.20259">
        <ele>19.8</ele>
      </trkpt>
      <trkpt lat="43.33126" lon="5.20263">
        <ele>19.8</ele>
      </trkpt>
      <trkpt lat="43.33128" lon="5.20269">
        <ele>20.3</ele>
      </trkpt>
      <trkpt lat="43.3313" lon="5.20272">
        <ele>20.5</ele>
      </trkpt>
      <trkpt lat="43.33133" lon="5.20276">
        <ele>20.3</ele>
      </trkpt>
      <trkpt lat="43.33138" lon="5.20282">
        <ele>18.7</ele>
      </trkpt>
      <trkpt lat="43.33141" lon="5.20286">
        <ele>17.5</ele>
      </trkpt>
      <trkpt lat="43.33144" lon="5.20287">
        <ele>17.1</ele>
      </trkpt>
      <trkpt lat="43.33147" lon="5.20288">
        <ele>16.6</ele>
      </trkpt>
      <trkpt lat="43.33154" lon="5.20287">
        <ele>16.6</ele>
      </trkpt>
      <trkpt lat="43.3316" lon="5.20287">
        <ele>16.3</ele>
      </trkpt>
      <trkpt lat="43.33165" lon="5.20288">
        <ele>15.7</ele>
      </trkpt>
      <trkpt lat="43.33169" lon="5.20289">
        <ele>15.7</ele>
      </trkpt>
      <trkpt lat="43.33173" lon="5.20291">
        <ele>15.8</ele>
      </trkpt>
      <trkpt lat="43.33175" lon="5.20294">
        <ele>15</ele>
      </trkpt>
      <trkpt lat="43.33178" lon="5.20297">
        <ele>14.6</ele>
      </trkpt>
      <trkpt lat="43.33183" lon="5.20305">
        <ele>12.9</ele>
      </trkpt>
      <trkpt lat="43.33186" lon="5.20314">
        <ele>12.7</ele>
      </trkpt>
      <trkpt lat="43.33189" lon="5.20325">
        <ele>11.8</ele>
      </trkpt>
      <trkpt lat="43.33191" lon="5.20336">
        <ele>11</ele>
      </trkpt>
      <trkpt lat="43.33192" lon="5.20344">
        <ele>11.2</ele>
      </trkpt>
      <trkpt lat="43.33193" lon="5.20351">
        <ele>11.2</ele>
      </trkpt>
      <trkpt lat="43.3319" lon="5.20352">
        <ele>11.7</ele>
      </trkpt>
      <trkpt lat="43.33187" lon="5.20353">
        <ele>12.2</ele>
      </trkpt>
      <trkpt lat="43.33186" lon="5.20352">
        <ele>12.3</ele>
      </trkpt>
      <trkpt lat="43.33184" lon="5.20351">
        <ele>12.5</ele>
      </trkpt>
      <trkpt lat="43.3318" lon="5.20348">
        <ele>12.7</ele>
      </trkpt>
      <trkpt lat="43.33176" lon="5.20346">
        <ele>12.8</ele>
      </trkpt>
      <trkpt lat="43.33175" lon="5.20346">
        <ele>12.9</ele>
      </trkpt>
      <trkpt lat="43.33168" lon="5.20352">
        <ele>15.2</ele>
      </trkpt>
      <trkpt lat="43.33164" lon="5.20358">
        <ele>16.3</ele>
      </trkpt>
      <trkpt lat="43.3316" lon="5.20363">
        <ele>16.5</ele>
      </trkpt>
      <trkpt lat="43.33156" lon="5.20367">
        <ele>16.9</ele>
      </trkpt>
      <trkpt lat="43.33152" lon="5.20372">
        <ele>17.4</ele>
      </trkpt>
      <trkpt lat="43.33148" lon="5.20376">
        <ele>18.1</ele>
      </trkpt>
      <trkpt lat="43.33144" lon="5.2038">
        <ele>19</ele>
      </trkpt>
      <trkpt lat="43.33138" lon="5.20389">
        <ele>20.8</ele>
      </trkpt>
      <trkpt lat="43.33131" lon="5.20397">
        <ele>19.4</ele>
      </trkpt>
      <trkpt lat="43.33129" lon="5.20401">
        <ele>19.6</ele>
      </trkpt>
      <trkpt lat="43.33128" lon="5.20404">
        <ele>20</ele>
      </trkpt>
      <trkpt lat="43.33126" lon="5.20407">
        <ele>19.8</ele>
      </trkpt>
      <trkpt lat="43.33121" lon="5.20416">
        <ele>20.1</ele>
      </trkpt>
      <trkpt lat="43.3312" lon="5.20421">
        <ele>21.4</ele>
      </trkpt>
      <trkpt lat="43.33118" lon="5.20424">
        <ele>21.3</ele>
      </trkpt>
      <trkpt lat="43.33118" lon="5.20427">
        <ele>22.5</ele>
      </trkpt>
      <trkpt lat="43.33117" lon="5.20438">
        <ele>26.2</ele>
      </trkpt>
      <trkpt lat="43.33116" lon="5.20447">
        <ele>28.6</ele>
      </trkpt>
      <trkpt lat="43.33114" lon="5.20455">
        <ele>30</ele>
      </trkpt>
      <trkpt lat="43.33113" lon="5.20464">
        <ele>31.8</ele>
      </trkpt>
      <trkpt lat="43.33112" lon="5.20473">
        <ele>33.5</ele>
      </trkpt>
      <trkpt lat="43.33112" lon="5.2048">
        <ele>34.5</ele>
      </trkpt>
      <trkpt lat="43.33112" lon="5.20487">
        <ele>35.5</ele>
      </trkpt>
      <trkpt lat="43.33112" lon="5.20495">
        <ele>36.7</ele>
      </trkpt>
      <trkpt lat="43.33113" lon="5.20502">
        <ele>38.1</ele>
      </trkpt>
      <trkpt lat="43.33113" lon="5.20511">
        <ele>39.1</ele>
      </trkpt>
      <trkpt lat="43.33113" lon="5.20523">
        <ele>40.4</ele>
      </trkpt>
      <trkpt lat="43.33113" lon="5.20532">
        <ele>41</ele>
      </trkpt>
      <trkpt lat="43.33113" lon="5.20544">
        <ele>41.5</ele>
      </trkpt>
      <trkpt lat="43.33114" lon="5.20554">
        <ele>42.4</ele>
      </trkpt>
      <trkpt lat="43.33114" lon="5.20561">
        <ele>43.4</ele>
      </trkpt>
      <trkpt lat="43.33113" lon="5.20569">
        <ele>44.3</ele>
      </trkpt>
      <trkpt lat="43.33113" lon="5.20575">
        <ele>45.4</ele>
      </trkpt>
      <trkpt lat="43.33111" lon="5.20579">
        <ele>45.1</ele>
      </trkpt>
      <trkpt lat="43.3311" lon="5.20585">
        <ele>44.6</ele>
      </trkpt>
      <trkpt lat="43.33109" lon="5.2059">
        <ele>43.6</ele>
      </trkpt>
      <trkpt lat="43.33108" lon="5.20598">
        <ele>42.8</ele>
      </trkpt>
      <trkpt lat="43.33107" lon="5.20609">
        <ele>42.3</ele>
      </trkpt>
      <trkpt lat="43.33106" lon="5.2062">
        <ele>42</ele>
      </trkpt>
      <trkpt lat="43.33105" lon="5.20627">
        <ele>41.3</ele>
      </trkpt>
      <trkpt lat="43.33103" lon="5.20636">
        <ele>39.6</ele>
      </trkpt>
      <trkpt lat="43.33102" lon="5.20645">
        <ele>37.9</ele>
      </trkpt>
      <trkpt lat="43.331" lon="5.20653">
        <ele>36</ele>
      </trkpt>
      <trkpt lat="43.33098" lon="5.20662">
        <ele>34.3</ele>
      </trkpt>
      <trkpt lat="43.33097" lon="5.20672">
        <ele>33.5</ele>
      </trkpt>
      <trkpt lat="43.33096" lon="5.20681">
        <ele>32.8</ele>
      </trkpt>
      <trkpt lat="43.33095" lon="5.20689">
        <ele>32</ele>
      </trkpt>
      <trkpt lat="43.33095" lon="5.20692">
        <ele>32.2</ele>
      </trkpt>
      <trkpt lat="43.33095" lon="5.20702">
        <ele>35.2</ele>
      </trkpt>
      <trkpt lat="43.33094" lon="5.20709">
        <ele>36.7</ele>
      </trkpt>
      <trkpt lat="43.33093" lon="5.20716">
        <ele>38.5</ele>
      </trkpt>
      <trkpt lat="43.33092" lon="5.20725">
        <ele>41</ele>
      </trkpt>
      <trkpt lat="43.3309" lon="5.20732">
        <ele>41.6</ele>
      </trkpt>
      <trkpt lat="43.33089" lon="5.20737">
        <ele>42.6</ele>
      </trkpt>
      <trkpt lat="43.33088" lon="5.20743">
        <ele>44.1</ele>
      </trkpt>
      <trkpt lat="43.33088" lon="5.2075">
        <ele>46.7</ele>
      </trkpt>
      <trkpt lat="43.33087" lon="5.2076">
        <ele>47.5</ele>
      </trkpt>
      <trkpt lat="43.33087" lon="5.2077">
        <ele>48.8</ele>
      </trkpt>
      <trkpt lat="43.33086" lon="5.20782">
        <ele>49.5</ele>
      </trkpt>
      <trkpt lat="43.33085" lon="5.20793">
        <ele>49.4</ele>
      </trkpt>
      <trkpt lat="43.33084" lon="5.208">
        <ele>49.1</ele>
      </trkpt>
      <trkpt lat="43.33083" lon="5.20807">
        <ele>48.8</ele>
      </trkpt>
      <trkpt lat="43.33083" lon="5.20812">
        <ele>48.8</ele>
      </trkpt>
      <trkpt lat="43.33083" lon="5.20819">
        <ele>48.8</ele>
      </trkpt>
      <trkpt lat="43.33084" lon="5.20825">
        <ele>49.3</ele>
      </trkpt>
      <trkpt lat="43.33084" lon="5.20835">
        <ele>49.3</ele>
      </trkpt>
      <trkpt lat="43.33084" lon="5.2084">
        <ele>49.1</ele>
      </trkpt>
      <trkpt lat="43.33083" lon="5.20843">
        <ele>48.5</ele>
      </trkpt>
      <trkpt lat="43.33083" lon="5.20847">
        <ele>48.4</ele>
      </trkpt>
      <trkpt lat="43.33083" lon="5.2085">
        <ele>48.3</ele>
      </trkpt>
      <trkpt lat="43.33083" lon="5.20853">
        <ele>48.1</ele>
      </trkpt>
      <trkpt lat="43.33084" lon="5.2086">
        <ele>48.1</ele>
      </trkpt>
      <trkpt lat="43.33084" lon="5.20866">
        <ele>48</ele>
      </trkpt>
      <trkpt lat="43.33083" lon="5.20871">
        <ele>47.1</ele>
      </trkpt>
      <trkpt lat="43.33082" lon="5.20879">
        <ele>45.9</ele>
      </trkpt>
      <trkpt lat="43.3308" lon="5.20887">
        <ele>44.7</ele>
      </trkpt>
      <trkpt lat="43.33079" lon="5.20891">
        <ele>44</ele>
      </trkpt>
      <trkpt lat="43.33079" lon="5.20894">
        <ele>43.7</ele>
      </trkpt>
      <trkpt lat="43.33078" lon="5.20896">
        <ele>43.1</ele>
      </trkpt>
      <trkpt lat="43.33077" lon="5.20898">
        <ele>42.5</ele>
      </trkpt>
      <trkpt lat="43.33078" lon="5.20901">
        <ele>42.7</ele>
      </trkpt>
      <trkpt lat="43.33078" lon="5.2091">
        <ele>42</ele>
      </trkpt>
      <trkpt lat="43.33078" lon="5.20919">
        <ele>41.3</ele>
      </trkpt>
      <trkpt lat="43.33078" lon="5.20925">
        <ele>40.6</ele>
      </trkpt>
      <trkpt lat="43.33079" lon="5.2093">
        <ele>40.5</ele>
      </trkpt>
      <trkpt lat="43.33079" lon="5.20934">
        <ele>40.1</ele>
      </trkpt>
      <trkpt lat="43.33079" lon="5.20937">
        <ele>39.8</ele>
      </trkpt>
      <trkpt lat="43.33078" lon="5.20945">
        <ele>38.4</ele>
      </trkpt>
      <trkpt lat="43.33078" lon="5.2095">
        <ele>37.3</ele>
      </trkpt>
      <trkpt lat="43.3308" lon="5.20956">
        <ele>36.9</ele>
      </trkpt>
      <trkpt lat="43.33081" lon="5.20962">
        <ele>36.1</ele>
      </trkpt>
      <trkpt lat="43.33083" lon="5.20967">
        <ele>36</ele>
      </trkpt>
      <trkpt lat="43.33084" lon="5.2097">
        <ele>35.5</ele>
      </trkpt>
      <trkpt lat="43.33085" lon="5.20974">
        <ele>34.3</ele>
      </trkpt>
      <trkpt lat="43.33086" lon="5.20976">
        <ele>33.5</ele>
      </trkpt>
      <trkpt lat="43.33087" lon="5.20978">
        <ele>32.6</ele>
      </trkpt>
      <trkpt lat="43.33088" lon="5.2098">
        <ele>31.8</ele>
      </trkpt>
      <trkpt lat="43.3308" lon="5.2098">
        <ele>29.8</ele>
      </trkpt>
      <trkpt lat="43.33077" lon="5.20979">
        <ele>28.9</ele>
      </trkpt>
      <trkpt lat="43.3308" lon="5.2098">
        <ele>29.8</ele>
      </trkpt>
      <trkpt lat="43.33088" lon="5.2098">
        <ele>31.8</ele>
      </trkpt>
      <trkpt lat="43.33093" lon="5.2098">
        <ele>32.4</ele>
      </trkpt>
      <trkpt lat="43.33097" lon="5.20979">
        <ele>33.1</ele>
      </trkpt>
      <trkpt lat="43.33102" lon="5.20983">
        <ele>32</ele>
      </trkpt>
      <trkpt lat="43.33107" lon="5.20986">
        <ele>31.1</ele>
      </trkpt>
      <trkpt lat="43.33112" lon="5.20987">
        <ele>31.2</ele>
      </trkpt>
      <trkpt lat="43.33117" lon="5.20983">
        <ele>32.8</ele>
      </trkpt>
      <trkpt lat="43.33121" lon="5.20978">
        <ele>34.6</ele>
      </trkpt>
      <trkpt lat="43.33125" lon="5.20974">
        <ele>36.1</ele>
      </trkpt>
      <trkpt lat="43.33128" lon="5.20969">
        <ele>37.5</ele>
      </trkpt>
      <trkpt lat="43.33132" lon="5.20964">
        <ele>38.8</ele>
      </trkpt>
      <trkpt lat="43.33136" lon="5.20961">
        <ele>39.4</ele>
      </trkpt>
      <trkpt lat="43.3314" lon="5.20962">
        <ele>39.3</ele>
      </trkpt>
      <trkpt lat="43.33143" lon="5.20965">
        <ele>39.4</ele>
      </trkpt>
      <trkpt lat="43.33149" lon="5.20974">
        <ele>38.8</ele>
      </trkpt>
      <trkpt lat="43.33155" lon="5.20983">
        <ele>38.1</ele>
      </trkpt>
      <trkpt lat="43.33158" lon="5.20987">
        <ele>37.7</ele>
      </trkpt>
      <trkpt lat="43.33162" lon="5.20989">
        <ele>38.3</ele>
      </trkpt>
      <trkpt lat="43.33169" lon="5.20989">
        <ele>39.6</ele>
      </trkpt>
      <trkpt lat="43.33175" lon="5.20989">
        <ele>39.6</ele>
      </trkpt>
      <trkpt lat="43.33181" lon="5.20989">
        <ele>39.6</ele>
      </trkpt>
      <trkpt lat="43.33185" lon="5.20987">
        <ele>40.2</ele>
      </trkpt>
      <trkpt lat="43.3319" lon="5.20983">
        <ele>41.5</ele>
      </trkpt>
      <trkpt lat="43.33195" lon="5.20979">
        <ele>42.8</ele>
      </trkpt>
      <trkpt lat="43.332" lon="5.20975">
        <ele>44</ele>
      </trkpt>
      <trkpt lat="43.33205" lon="5.20971">
        <ele>45</ele>
      </trkpt>
      <trkpt lat="43.33212" lon="5.20971">
        <ele>44.8</ele>
      </trkpt>
      <trkpt lat="43.33219" lon="5.2097">
        <ele>44.6</ele>
      </trkpt>
      <trkpt lat="43.33224" lon="5.20969">
        <ele>44.4</ele>
      </trkpt>
      <trkpt lat="43.33229" lon="5.20968">
        <ele>43.8</ele>
      </trkpt>
      <trkpt lat="43.33228" lon="5.20976">
        <ele>42.9</ele>
      </trkpt>
      <trkpt lat="43.33228" lon="5.20981">
        <ele>42.4</ele>
      </trkpt>
      <trkpt lat="43.33228" lon="5.2099">
        <ele>41.3</ele>
      </trkpt>
      <trkpt lat="43.33228" lon="5.20997">
        <ele>40.6</ele>
      </trkpt>
      <trkpt lat="43.33229" lon="5.21004">
        <ele>39.7</ele>
      </trkpt>
      <trkpt lat="43.33229" lon="5.21011">
        <ele>38.7</ele>
      </trkpt>
      <trkpt lat="43.33229" lon="5.21018">
        <ele>37.8</ele>
      </trkpt>
      <trkpt lat="43.33229" lon="5.21026">
        <ele>36.7</ele>
      </trkpt>
      <trkpt lat="43.33228" lon="5.21035">
        <ele>35.8</ele>
      </trkpt>
      <trkpt lat="43.33226" lon="5.21043">
        <ele>34.9</ele>
      </trkpt>
      <trkpt lat="43.33225" lon="5.2105">
        <ele>34</ele>
      </trkpt>
      <trkpt lat="43.33223" lon="5.21058">
        <ele>33.2</ele>
      </trkpt>
      <trkpt lat="43.33221" lon="5.21065">
        <ele>32.9</ele>
      </trkpt>
      <trkpt lat="43.33219" lon="5.21072">
        <ele>32.2</ele>
      </trkpt>
      <trkpt lat="43.33217" lon="5.2108">
        <ele>31.5</ele>
      </trkpt>
      <trkpt lat="43.33215" lon="5.21087">
        <ele>30.8</ele>
      </trkpt>
      <trkpt lat="43.33213" lon="5.21094">
        <ele>30.2</ele>
      </trkpt>
      <trkpt lat="43.33211" lon="5.21101">
        <ele>29.5</ele>
      </trkpt>
      <trkpt lat="43.33209" lon="5.21109">
        <ele>28.8</ele>
      </trkpt>
      <trkpt lat="43.33207" lon="5.21116">
        <ele>27.8</ele>
      </trkpt>
      <trkpt lat="43.33205" lon="5.21123">
        <ele>26.8</ele>
      </trkpt>
      <trkpt lat="43.33203" lon="5.21132">
        <ele>25.7</ele>
      </trkpt>
      <trkpt lat="43.332" lon="5.2114">
        <ele>24.7</ele>
      </trkpt>
      <trkpt lat="43.33196" lon="5.21145">
        <ele>23.2</ele>
      </trkpt>
      <trkpt lat="43.33191" lon="5.21144">
        <ele>21.8</ele>
      </trkpt>
      <trkpt lat="43.33185" lon="5.21144">
        <ele>21</ele>
      </trkpt>
      <trkpt lat="43.3318" lon="5.21143">
        <ele>20.2</ele>
      </trkpt>
      <trkpt lat="43.33174" lon="5.21142">
        <ele>19.4</ele>
      </trkpt>
      <trkpt lat="43.33175" lon="5.21149">
        <ele>20.2</ele>
      </trkpt>
      <trkpt lat="43.33176" lon="5.21157">
        <ele>21</ele>
      </trkpt>
      <trkpt lat="43.33177" lon="5.21164">
        <ele>21.8</ele>
      </trkpt>
      <trkpt lat="43.33178" lon="5.21171">
        <ele>22.7</ele>
      </trkpt>
      <trkpt lat="43.33178" lon="5.21178">
        <ele>23.3</ele>
      </trkpt>
      <trkpt lat="43.33179" lon="5.21184">
        <ele>24</ele>
      </trkpt>
      <trkpt lat="43.33179" lon="5.21191">
        <ele>24.6</ele>
      </trkpt>
      <trkpt lat="43.33179" lon="5.21197">
        <ele>25.3</ele>
      </trkpt>
      <trkpt lat="43.33179" lon="5.21208">
        <ele>26.8</ele>
      </trkpt>
      <trkpt lat="43.3318" lon="5.2122">
        <ele>28.2</ele>
      </trkpt>
      <trkpt lat="43.3318" lon="5.21231">
        <ele>29.6</ele>
      </trkpt>
      <trkpt lat="43.3318" lon="5.21242">
        <ele>31.1</ele>
      </trkpt>
      <trkpt lat="43.3318" lon="5.21249">
        <ele>32</ele>
      </trkpt>
      <trkpt lat="43.3318" lon="5.21257">
        <ele>33.7</ele>
      </trkpt>
      <trkpt lat="43.33179" lon="5.21264">
        <ele>35.4</ele>
      </trkpt>
      <trkpt lat="43.33179" lon="5.21271">
        <ele>37.1</ele>
      </trkpt>
      <trkpt lat="43.33178" lon="5.21278">
        <ele>38.8</ele>
      </trkpt>
      <trkpt lat="43.33178" lon="5.21285">
        <ele>40.1</ele>
      </trkpt>
      <trkpt lat="43.33177" lon="5.21292">
        <ele>41.5</ele>
      </trkpt>
      <trkpt lat="43.33176" lon="5.21299">
        <ele>42.8</ele>
      </trkpt>
      <trkpt lat="43.33176" lon="5.21306">
        <ele>44</ele>
      </trkpt>
      <trkpt lat="43.33176" lon="5.21313">
        <ele>45</ele>
      </trkpt>
      <trkpt lat="43.33176" lon="5.21319">
        <ele>46</ele>
      </trkpt>
      <trkpt lat="43.33176" lon="5.21326">
        <ele>46.9</ele>
      </trkpt>
      <trkpt lat="43.33175" lon="5.2133">
        <ele>47.6</ele>
      </trkpt>
      <trkpt lat="43.33175" lon="5.21341">
        <ele>49.7</ele>
      </trkpt>
      <trkpt lat="43.33174" lon="5.21352">
        <ele>51.9</ele>
      </trkpt>
      <trkpt lat="43.33173" lon="5.2136">
        <ele>53.6</ele>
      </trkpt>
      <trkpt lat="43.33171" lon="5.2137">
        <ele>54.2</ele>
      </trkpt>
      <trkpt lat="43.33168" lon="5.21379">
        <ele>54.6</ele>
      </trkpt>
      <trkpt lat="43.33167" lon="5.21385">
        <ele>54.9</ele>
      </trkpt>
      <trkpt lat="43.33165" lon="5.21391">
        <ele>55.4</ele>
      </trkpt>
      <trkpt lat="43.33164" lon="5.21397">
        <ele>55.5</ele>
      </trkpt>
      <trkpt lat="43.33162" lon="5.21403">
        <ele>55.6</ele>
      </trkpt>
      <trkpt lat="43.33161" lon="5.21408">
        <ele>55.5</ele>
      </trkpt>
      <trkpt lat="43.33159" lon="5.21414">
        <ele>55.5</ele>
      </trkpt>
      <trkpt lat="43.33158" lon="5.2142">
        <ele>55.2</ele>
      </trkpt>
      <trkpt lat="43.33157" lon="5.21426">
        <ele>54.7</ele>
      </trkpt>
      <trkpt lat="43.33155" lon="5.21432">
        <ele>54.2</ele>
      </trkpt>
      <trkpt lat="43.33154" lon="5.21438">
        <ele>53.7</ele>
      </trkpt>
      <trkpt lat="43.33152" lon="5.21444">
        <ele>53.2</ele>
      </trkpt>
      <trkpt lat="43.33151" lon="5.2145">
        <ele>52.6</ele>
      </trkpt>
      <trkpt lat="43.33149" lon="5.21455">
        <ele>51.9</ele>
      </trkpt>
      <trkpt lat="43.33148" lon="5.21461">
        <ele>51.3</ele>
      </trkpt>
      <trkpt lat="43.33146" lon="5.21467">
        <ele>50.7</ele>
      </trkpt>
      <trkpt lat="43.33145" lon="5.21473">
        <ele>50</ele>
      </trkpt>
      <trkpt lat="43.33143" lon="5.21477">
        <ele>49.9</ele>
      </trkpt>
      <trkpt lat="43.33145" lon="5.21484">
        <ele>48.9</ele>
      </trkpt>
      <trkpt lat="43.33147" lon="5.21491">
        <ele>47.9</ele>
      </trkpt>
      <trkpt lat="43.33148" lon="5.21498">
        <ele>46.9</ele>
      </trkpt>
      <trkpt lat="43.3315" lon="5.21505">
        <ele>45.7</ele>
      </trkpt>
      <trkpt lat="43.33152" lon="5.21513">
        <ele>44.3</ele>
      </trkpt>
      <trkpt lat="43.33154" lon="5.2152">
        <ele>42.9</ele>
      </trkpt>
      <trkpt lat="43.33156" lon="5.21528">
        <ele>41.6</ele>
      </trkpt>
      <trkpt lat="43.33158" lon="5.21535">
        <ele>40.6</ele>
      </trkpt>
      <trkpt lat="43.33161" lon="5.21544">
        <ele>39.5</ele>
      </trkpt>
      <trkpt lat="43.33163" lon="5.21553">
        <ele>38.5</ele>
      </trkpt>
      <trkpt lat="43.33166" lon="5.21564">
        <ele>37.1</ele>
      </trkpt>
      <trkpt lat="43.33167" lon="5.21571">
        <ele>36.2</ele>
      </trkpt>
      <trkpt lat="43.33168" lon="5.2158">
        <ele>34.8</ele>
      </trkpt>
      <trkpt lat="43.33166" lon="5.21589">
        <ele>34</ele>
      </trkpt>
      <trkpt lat="43.33163" lon="5.21598">
        <ele>32.5</ele>
      </trkpt>
      <trkpt lat="43.33161" lon="5.21605">
        <ele>31.4</ele>
      </trkpt>
      <trkpt lat="43.33158" lon="5.21611">
        <ele>30.3</ele>
      </trkpt>
      <trkpt lat="43.33153" lon="5.21621">
        <ele>27.8</ele>
      </trkpt>
      <trkpt lat="43.33149" lon="5.21624">
        <ele>27</ele>
      </trkpt>
      <trkpt lat="43.33142" lon="5.21626">
        <ele>26.2</ele>
      </trkpt>
      <trkpt lat="43.33134" lon="5.21629">
        <ele>25.4</ele>
      </trkpt>
      <trkpt lat="43.33126" lon="5.21631">
        <ele>24.6</ele>
      </trkpt>
      <trkpt lat="43.33122" lon="5.21634">
        <ele>23.7</ele>
      </trkpt>
      <trkpt lat="43.33118" lon="5.21637">
        <ele>22.8</ele>
      </trkpt>
      <trkpt lat="43.33113" lon="5.21639">
        <ele>21.9</ele>
      </trkpt>
      <trkpt lat="43.33109" lon="5.21642">
        <ele>20.7</ele>
      </trkpt>
      <trkpt lat="43.33103" lon="5.21645">
        <ele>19</ele>
      </trkpt>
      <trkpt lat="43.33097" lon="5.21644">
        <ele>18.3</ele>
      </trkpt>
      <trkpt lat="43.33091" lon="5.21643">
        <ele>17.5</ele>
      </trkpt>
      <trkpt lat="43.33083" lon="5.21642">
        <ele>16.5</ele>
      </trkpt>
      <trkpt lat="43.33078" lon="5.21645">
        <ele>16.4</ele>
      </trkpt>
      <trkpt lat="43.33077" lon="5.21646">
        <ele>16.3</ele>
      </trkpt>
      <trkpt lat="43.33075" lon="5.21648">
        <ele>16.1</ele>
      </trkpt>
      <trkpt lat="43.33075" lon="5.21653">
        <ele>15.1</ele>
      </trkpt>
      <trkpt lat="43.33074" lon="5.2166">
        <ele>13.7</ele>
      </trkpt>
      <trkpt lat="43.33078" lon="5.21668">
        <ele>11.9</ele>
      </trkpt>
      <trkpt lat="43.33083" lon="5.21673">
        <ele>10.2</ele>
      </trkpt>
      <trkpt lat="43.33087" lon="5.21679">
        <ele>8.9</ele>
      </trkpt>
      <trkpt lat="43.33092" lon="5.21684">
        <ele>7.8</ele>
      </trkpt>
      <trkpt lat="43.33096" lon="5.21689">
        <ele>6.8</ele>
      </trkpt>
      <trkpt lat="43.33101" lon="5.21692">
        <ele>6.6</ele>
      </trkpt>
      <trkpt lat="43.33106" lon="5.21692">
        <ele>7</ele>
      </trkpt>
      <trkpt lat="43.33111" lon="5.21693">
        <ele>7.5</ele>
      </trkpt>
      <trkpt lat="43.33116" lon="5.21693">
        <ele>7</ele>
      </trkpt>
      <trkpt lat="43.33121" lon="5.21693">
        <ele>6.4</ele>
      </trkpt>
      <trkpt lat="43.33127" lon="5.21695">
        <ele>5.2</ele>
      </trkpt>
      <trkpt lat="43.33133" lon="5.21701">
        <ele>3.8</ele>
      </trkpt>
      <trkpt lat="43.33137" lon="5.21706">
        <ele>3</ele>
      </trkpt>
      <trkpt lat="43.3314" lon="5.2171">
        <ele>2.5</ele>
      </trkpt>
      <trkpt lat="43.33144" lon="5.21715">
        <ele>2.5</ele>
      </trkpt>
      <trkpt lat="43.33147" lon="5.21719">
        <ele>2.5</ele>
      </trkpt>
      <trkpt lat="43.33149" lon="5.21725">
        <ele>3.2</ele>
      </trkpt>
      <trkpt lat="43.3315" lon="5.21733">
        <ele>5.7</ele>
      </trkpt>
      <trkpt lat="43.33149" lon="5.2174">
        <ele>7.5</ele>
      </trkpt>
      <trkpt lat="43.33147" lon="5.21746">
        <ele>8.6</ele>
      </trkpt>
      <trkpt lat="43.33143" lon="5.21753">
        <ele>9.1</ele>
      </trkpt>
      <trkpt lat="43.33139" lon="5.21762">
        <ele>10.2</ele>
      </trkpt>
      <trkpt lat="43.33134" lon="5.2177">
        <ele>11.1</ele>
      </trkpt>
      <trkpt lat="43.3313" lon="5.21781">
        <ele>10.6</ele>
      </trkpt>
      <trkpt lat="43.33129" lon="5.21787">
        <ele>9.8</ele>
      </trkpt>
      <trkpt lat="43.33129" lon="5.21794">
        <ele>9.5</ele>
      </trkpt>
      <trkpt lat="43.33132" lon="5.21799">
        <ele>10.2</ele>
      </trkpt>
      <trkpt lat="43.33136" lon="5.21804">
        <ele>11.2</ele>
      </trkpt>
      <trkpt lat="43.33141" lon="5.21807">
        <ele>10.9</ele>
      </trkpt>
      <trkpt lat="43.33146" lon="5.21809">
        <ele>9.1</ele>
      </trkpt>
      <trkpt lat="43.33153" lon="5.21809">
        <ele>7.5</ele>
      </trkpt>
      <trkpt lat="43.33161" lon="5.21807">
        <ele>6.1</ele>
      </trkpt>
      <trkpt lat="43.33166" lon="5.21807">
        <ele>5</ele>
      </trkpt>
      <trkpt lat="43.3317" lon="5.2181">
        <ele>4.5</ele>
      </trkpt>
      <trkpt lat="43.33174" lon="5.21814">
        <ele>4.1</ele>
      </trkpt>
      <trkpt lat="43.33178" lon="5.21817">
        <ele>3.7</ele>
      </trkpt>
      <trkpt lat="43.33183" lon="5.21819">
        <ele>3.4</ele>
      </trkpt>
      <trkpt lat="43.33183" lon="5.21822">
        <ele>3.3</ele>
      </trkpt>
      <trkpt lat="43.33184" lon="5.21825">
        <ele>3.2</ele>
      </trkpt>
      <trkpt lat="43.33184" lon="5.21828">
        <ele>3.1</ele>
      </trkpt>
      <trkpt lat="43.33184" lon="5.21831">
        <ele>3.1</ele>
      </trkpt>
      <trkpt lat="43.33183" lon="5.21835">
        <ele>3.4</ele>
      </trkpt>
      <trkpt lat="43.33182" lon="5.21838">
        <ele>3.9</ele>
      </trkpt>
      <trkpt lat="43.3318" lon="5.2184">
        <ele>4.1</ele>
      </trkpt>
      <trkpt lat="43.33178" lon="5.21842">
        <ele>4.2</ele>
      </trkpt>
      <trkpt lat="43.33178" lon="5.21843">
        <ele>4.4</ele>
      </trkpt>
      <trkpt lat="43.33177" lon="5.21845">
        <ele>4.5</ele>
      </trkpt>
      <trkpt lat="43.33177" lon="5.21848">
        <ele>4.8</ele>
      </trkpt>
      <trkpt lat="43.33176" lon="5.2185">
        <ele>4.8</ele>
      </trkpt>
      <trkpt lat="43.33175" lon="5.21852">
        <ele>4.7</ele>
      </trkpt>
      <trkpt lat="43.33175" lon="5.21853">
        <ele>4.8</ele>
      </trkpt>
      <trkpt lat="43.33174" lon="5.21855">
        <ele>4.7</ele>
      </trkpt>
      <trkpt lat="43.33173" lon="5.21858">
        <ele>4.5</ele>
      </trkpt>
      <trkpt lat="43.33173" lon="5.21861">
        <ele>4.7</ele>
      </trkpt>
      <trkpt lat="43.33171" lon="5.21865">
        <ele>5.2</ele>
      </trkpt>
      <trkpt lat="43.3317" lon="5.21868">
        <ele>5.7</ele>
      </trkpt>
      <trkpt lat="43.33168" lon="5.2187">
        <ele>5.5</ele>
      </trkpt>
      <trkpt lat="43.33166" lon="5.21874">
        <ele>6.1</ele>
      </trkpt>
      <trkpt lat="43.33163" lon="5.21884">
        <ele>8.5</ele>
      </trkpt>
      <trkpt lat="43.33161" lon="5.21886">
        <ele>8.6</ele>
      </trkpt>
      <trkpt lat="43.3316" lon="5.21887">
        <ele>8.6</ele>
      </trkpt>
      <trkpt lat="43.33158" lon="5.21888">
        <ele>8.3</ele>
      </trkpt>
      <trkpt lat="43.33157" lon="5.2189">
        <ele>8.7</ele>
      </trkpt>
      <trkpt lat="43.33154" lon="5.21893">
        <ele>9.4</ele>
      </trkpt>
      <trkpt lat="43.33154" lon="5.21896">
        <ele>10.9</ele>
      </trkpt>
      <trkpt lat="43.33153" lon="5.21898">
        <ele>11.6</ele>
      </trkpt>
      <trkpt lat="43.33152" lon="5.219">
        <ele>12.4</ele>
      </trkpt>
      <trkpt lat="43.33152" lon="5.21902">
        <ele>13.5</ele>
      </trkpt>
      <trkpt lat="43.33151" lon="5.21902">
        <ele>13.3</ele>
      </trkpt>
      <trkpt lat="43.3315" lon="5.21902">
        <ele>13.1</ele>
      </trkpt>
      <trkpt lat="43.33148" lon="5.21901">
        <ele>12.2</ele>
      </trkpt>
      <trkpt lat="43.33147" lon="5.219">
        <ele>11.4</ele>
      </trkpt>
      <trkpt lat="43.33143" lon="5.21898">
        <ele>9.5</ele>
      </trkpt>
      <trkpt lat="43.3314" lon="5.21896">
        <ele>7.6</ele>
      </trkpt>
      <trkpt lat="43.33135" lon="5.21898">
        <ele>8.6</ele>
      </trkpt>
      <trkpt lat="43.33129" lon="5.219">
        <ele>9.7</ele>
      </trkpt>
      <trkpt lat="43.33121" lon="5.21901">
        <ele>9.9</ele>
      </trkpt>
      <trkpt lat="43.33113" lon="5.21901">
        <ele>10.1</ele>
      </trkpt>
      <trkpt lat="43.33109" lon="5.21903">
        <ele>10.3</ele>
      </trkpt>
      <trkpt lat="43.33104" lon="5.21904">
        <ele>10</ele>
      </trkpt>
      <trkpt lat="43.33102" lon="5.21906">
        <ele>10.4</ele>
      </trkpt>
      <trkpt lat="43.33096" lon="5.2191">
        <ele>10.5</ele>
      </trkpt>
      <trkpt lat="43.33091" lon="5.21915">
        <ele>10.9</ele>
      </trkpt>
      <trkpt lat="43.33089" lon="5.21923">
        <ele>10.4</ele>
      </trkpt>
      <trkpt lat="43.3309" lon="5.21931">
        <ele>10.4</ele>
      </trkpt>
      <trkpt lat="43.33092" lon="5.21935">
        <ele>11.1</ele>
      </trkpt>
      <trkpt lat="43.33094" lon="5.21945">
        <ele>11.7</ele>
      </trkpt>
      <trkpt lat="43.33095" lon="5.21948">
        <ele>11.8</ele>
      </trkpt>
      <trkpt lat="43.33097" lon="5.21953">
        <ele>12</ele>
      </trkpt>
      <trkpt lat="43.33098" lon="5.21964">
        <ele>10.6</ele>
      </trkpt>
      <trkpt lat="43.331" lon="5.21972">
        <ele>9.7</ele>
      </trkpt>
      <trkpt lat="43.33101" lon="5.2198">
        <ele>12.4</ele>
      </trkpt>
      <trkpt lat="43.33101" lon="5.21982">
        <ele>13</ele>
      </trkpt>
      <trkpt lat="43.33099" lon="5.21983">
        <ele>12.9</ele>
      </trkpt>
      <trkpt lat="43.33095" lon="5.21985">
        <ele>12.7</ele>
      </trkpt>
      <trkpt lat="43.33089" lon="5.21986">
        <ele>12</ele>
      </trkpt>
      <trkpt lat="43.33083" lon="5.21987">
        <ele>11.3</ele>
      </trkpt>
      <trkpt lat="43.33078" lon="5.21992">
        <ele>11.8</ele>
      </trkpt>
      <trkpt lat="43.33075" lon="5.21997">
        <ele>12.2</ele>
      </trkpt>
      <trkpt lat="43.33073" lon="5.22003">
        <ele>12</ele>
      </trkpt>
      <trkpt lat="43.33073" lon="5.2201">
        <ele>11.7</ele>
      </trkpt>
      <trkpt lat="43.33074" lon="5.22014">
        <ele>12</ele>
      </trkpt>
      <trkpt lat="43.33075" lon="5.2202">
        <ele>12.2</ele>
      </trkpt>
      <trkpt lat="43.33076" lon="5.22025">
        <ele>12.4</ele>
      </trkpt>
      <trkpt lat="43.33077" lon="5.2203">
        <ele>12.8</ele>
      </trkpt>
      <trkpt lat="43.33076" lon="5.22038">
        <ele>12.2</ele>
      </trkpt>
      <trkpt lat="43.33076" lon="5.2205">
        <ele>12.1</ele>
      </trkpt>
      <trkpt lat="43.33076" lon="5.22062">
        <ele>12.5</ele>
      </trkpt>
      <trkpt lat="43.33076" lon="5.22066">
        <ele>12.8</ele>
      </trkpt>
      <trkpt lat="43.33076" lon="5.22077">
        <ele>13.5</ele>
      </trkpt>
      <trkpt lat="43.33076" lon="5.22084">
        <ele>14.1</ele>
      </trkpt>
      <trkpt lat="43.33075" lon="5.22088">
        <ele>14.7</ele>
      </trkpt>
      <trkpt lat="43.33073" lon="5.22088">
        <ele>14.5</ele>
      </trkpt>
      <trkpt lat="43.33068" lon="5.22088">
        <ele>13.9</ele>
      </trkpt>
      <trkpt lat="43.33063" lon="5.22088">
        <ele>13.4</ele>
      </trkpt>
      <trkpt lat="43.33058" lon="5.22088">
        <ele>12.8</ele>
      </trkpt>
      <trkpt lat="43.33051" lon="5.22088">
        <ele>13</ele>
      </trkpt>
      <trkpt lat="43.33048" lon="5.22089">
        <ele>13.7</ele>
      </trkpt>
      <trkpt lat="43.33042" lon="5.22091">
        <ele>14.9</ele>
      </trkpt>
      <trkpt lat="43.33037" lon="5.2209">
        <ele>15.2</ele>
      </trkpt>
      <trkpt lat="43.3303" lon="5.22087">
        <ele>14.9</ele>
      </trkpt>
      <trkpt lat="43.33026" lon="5.22085">
        <ele>14.9</ele>
      </trkpt>
      <trkpt lat="43.33021" lon="5.22082">
        <ele>14.6</ele>
      </trkpt>
      <trkpt lat="43.33016" lon="5.2208">
        <ele>14.5</ele>
      </trkpt>
      <trkpt lat="43.33009" lon="5.22078">
        <ele>14.8</ele>
      </trkpt>
      <trkpt lat="43.33005" lon="5.22077">
        <ele>15</ele>
      </trkpt>
      <trkpt lat="43.33" lon="5.22076">
        <ele>15.3</ele>
      </trkpt>
      <trkpt lat="43.32993" lon="5.22073">
        <ele>13.9</ele>
      </trkpt>
      <trkpt lat="43.32987" lon="5.22072">
        <ele>13.5</ele>
      </trkpt>
      <trkpt lat="43.32982" lon="5.22072">
        <ele>13.6</ele>
      </trkpt>
      <trkpt lat="43.32979" lon="5.22074">
        <ele>14.3</ele>
      </trkpt>
      <trkpt lat="43.32976" lon="5.22078">
        <ele>15.6</ele>
      </trkpt>
      <trkpt lat="43.32972" lon="5.22082">
        <ele>16.6</ele>
      </trkpt>
      <trkpt lat="43.32968" lon="5.22087">
        <ele>18.6</ele>
      </trkpt>
      <trkpt lat="43.32965" lon="5.22089">
        <ele>19.6</ele>
      </trkpt>
      <trkpt lat="43.32961" lon="5.2209">
        <ele>20.1</ele>
      </trkpt>
      <trkpt lat="43.32957" lon="5.22088">
        <ele>19.5</ele>
      </trkpt>
      <trkpt lat="43.32953" lon="5.22084">
        <ele>18</ele>
      </trkpt>
      <trkpt lat="43.32946" lon="5.22078">
        <ele>15.9</ele>
      </trkpt>
      <trkpt lat="43.32943" lon="5.22074">
        <ele>15.1</ele>
      </trkpt>
      <trkpt lat="43.32939" lon="5.22069">
        <ele>15</ele>
      </trkpt>
      <trkpt lat="43.32933" lon="5.22063">
        <ele>15</ele>
      </trkpt>
      <trkpt lat="43.32928" lon="5.22061">
        <ele>16.2</ele>
      </trkpt>
      <trkpt lat="43.32924" lon="5.2206">
        <ele>17.4</ele>
      </trkpt>
      <trkpt lat="43.32918" lon="5.2206">
        <ele>20</ele>
      </trkpt>
      <trkpt lat="43.32912" lon="5.22061">
        <ele>23.1</ele>
      </trkpt>
      <trkpt lat="43.32908" lon="5.2206">
        <ele>24.2</ele>
      </trkpt>
      <trkpt lat="43.32904" lon="5.22059">
        <ele>25.3</ele>
      </trkpt>
      <trkpt lat="43.32902" lon="5.22058">
        <ele>25.7</ele>
      </trkpt>
      <trkpt lat="43.32897" lon="5.22058">
        <ele>27.8</ele>
      </trkpt>
      <trkpt lat="43.32893" lon="5.22058">
        <ele>29.5</ele>
      </trkpt>
      <trkpt lat="43.32888" lon="5.22058">
        <ele>31.3</ele>
      </trkpt>
      <trkpt lat="43.32884" lon="5.22058">
        <ele>31.7</ele>
      </trkpt>
      <trkpt lat="43.32882" lon="5.22061">
        <ele>32.4</ele>
      </trkpt>
      <trkpt lat="43.3288" lon="5.22069">
        <ele>33</ele>
      </trkpt>
      <trkpt lat="43.32878" lon="5.22077">
        <ele>32</ele>
      </trkpt>
      <trkpt lat="43.32878" lon="5.22089">
        <ele>31.1</ele>
      </trkpt>
      <trkpt lat="43.32882" lon="5.22096">
        <ele>34.5</ele>
      </trkpt>
      <trkpt lat="43.32884" lon="5.22106">
        <ele>34.9</ele>
      </trkpt>
      <trkpt lat="43.32886" lon="5.22116">
        <ele>35.5</ele>
      </trkpt>
      <trkpt lat="43.32887" lon="5.22125">
        <ele>36.6</ele>
      </trkpt>
      <trkpt lat="43.32889" lon="5.22135">
        <ele>37.4</ele>
      </trkpt>
      <trkpt lat="43.32892" lon="5.22141">
        <ele>39.6</ele>
      </trkpt>
      <trkpt lat="43.32895" lon="5.22148">
        <ele>41.6</ele>
      </trkpt>
      <trkpt lat="43.32898" lon="5.22154">
        <ele>43.8</ele>
      </trkpt>
      <trkpt lat="43.32901" lon="5.2216">
        <ele>46</ele>
      </trkpt>
      <trkpt lat="43.32902" lon="5.22166">
        <ele>46.3</ele>
      </trkpt>
      <trkpt lat="43.32902" lon="5.22172">
        <ele>46.5</ele>
      </trkpt>
      <trkpt lat="43.32902" lon="5.22181">
        <ele>46.8</ele>
      </trkpt>
      <trkpt lat="43.32903" lon="5.22189">
        <ele>48</ele>
      </trkpt>
      <trkpt lat="43.32903" lon="5.22196">
        <ele>48.4</ele>
      </trkpt>
      <trkpt lat="43.32903" lon="5.22202">
        <ele>49.4</ele>
      </trkpt>
      <trkpt lat="43.32904" lon="5.22209">
        <ele>50.8</ele>
      </trkpt>
      <trkpt lat="43.32904" lon="5.22215">
        <ele>52.1</ele>
      </trkpt>
      <trkpt lat="43.32904" lon="5.22224">
        <ele>53.2</ele>
      </trkpt>
      <trkpt lat="43.32904" lon="5.2223">
        <ele>53.5</ele>
      </trkpt>
      <trkpt lat="43.32902" lon="5.22235">
        <ele>52.9</ele>
      </trkpt>
      <trkpt lat="43.32898" lon="5.22239">
        <ele>51.8</ele>
      </trkpt>
      <trkpt lat="43.32893" lon="5.22244">
        <ele>50.9</ele>
      </trkpt>
      <trkpt lat="43.32889" lon="5.22248">
        <ele>50.6</ele>
      </trkpt>
      <trkpt lat="43.32886" lon="5.22248">
        <ele>49</ele>
      </trkpt>
      <trkpt lat="43.32882" lon="5.22251">
        <ele>47.4</ele>
      </trkpt>
      <trkpt lat="43.32881" lon="5.22256">
        <ele>47.2</ele>
      </trkpt>
      <trkpt lat="43.3288" lon="5.22262">
        <ele>47</ele>
      </trkpt>
      <trkpt lat="43.32879" lon="5.22268">
        <ele>46.6</ele>
      </trkpt>
      <trkpt lat="43.32879" lon="5.22272">
        <ele>46.9</ele>
      </trkpt>
      <trkpt lat="43.32879" lon="5.22273">
        <ele>46.9</ele>
      </trkpt>
      <trkpt lat="43.32879" lon="5.22278">
        <ele>47.1</ele>
      </trkpt>
      <trkpt lat="43.32879" lon="5.22281">
        <ele>46.2</ele>
      </trkpt>
      <trkpt lat="43.3288" lon="5.22282">
        <ele>46.7</ele>
      </trkpt>
      <trkpt lat="43.32881" lon="5.22284">
        <ele>46.9</ele>
      </trkpt>
      <trkpt lat="43.32884" lon="5.22286">
        <ele>48.7</ele>
      </trkpt>
      <trkpt lat="43.32886" lon="5.22291">
        <ele>48.9</ele>
      </trkpt>
      <trkpt lat="43.32887" lon="5.22295">
        <ele>48.5</ele>
      </trkpt>
      <trkpt lat="43.32887" lon="5.22298">
        <ele>47.6</ele>
      </trkpt>
      <trkpt lat="43.32887" lon="5.22302">
        <ele>46.5</ele>
      </trkpt>
      <trkpt lat="43.32888" lon="5.22306">
        <ele>46.2</ele>
      </trkpt>
      <trkpt lat="43.32888" lon="5.22311">
        <ele>45.5</ele>
      </trkpt>
      <trkpt lat="43.3289" lon="5.22318">
        <ele>45.2</ele>
      </trkpt>
      <trkpt lat="43.32891" lon="5.22323">
        <ele>44.5</ele>
      </trkpt>
      <trkpt lat="43.32891" lon="5.22326">
        <ele>44.1</ele>
      </trkpt>
      <trkpt lat="43.32891" lon="5.22331">
        <ele>43.3</ele>
      </trkpt>
      <trkpt lat="43.32891" lon="5.22336">
        <ele>44</ele>
      </trkpt>
      <trkpt lat="43.32891" lon="5.22339">
        <ele>45.2</ele>
      </trkpt>
      <trkpt lat="43.32892" lon="5.22342">
        <ele>46.3</ele>
      </trkpt>
      <trkpt lat="43.32893" lon="5.22346">
        <ele>47.7</ele>
      </trkpt>
      <trkpt lat="43.32894" lon="5.22349">
        <ele>48.8</ele>
      </trkpt>
      <trkpt lat="43.32895" lon="5.22351">
        <ele>49.4</ele>
      </trkpt>
      <trkpt lat="43.32895" lon="5.22354">
        <ele>50.5</ele>
      </trkpt>
      <trkpt lat="43.32895" lon="5.22356">
        <ele>51.3</ele>
      </trkpt>
      <trkpt lat="43.32894" lon="5.22357">
        <ele>51.7</ele>
      </trkpt>
      <trkpt lat="43.32892" lon="5.22357">
        <ele>52</ele>
      </trkpt>
      <trkpt lat="43.3289" lon="5.22354">
        <ele>51.1</ele>
      </trkpt>
      <trkpt lat="43.32888" lon="5.22353">
        <ele>50.4</ele>
      </trkpt>
      <trkpt lat="43.32886" lon="5.22353">
        <ele>49.5</ele>
      </trkpt>
      <trkpt lat="43.32884" lon="5.22354">
        <ele>49</ele>
      </trkpt>
      <trkpt lat="43.32884" lon="5.2236">
        <ele>51.4</ele>
      </trkpt>
      <trkpt lat="43.32883" lon="5.22367">
        <ele>53.9</ele>
      </trkpt>
      <trkpt lat="43.32882" lon="5.22376">
        <ele>57.1</ele>
      </trkpt>
      <trkpt lat="43.32881" lon="5.2238">
        <ele>58</ele>
      </trkpt>
      <trkpt lat="43.3288" lon="5.22387">
        <ele>59.9</ele>
      </trkpt>
      <trkpt lat="43.32879" lon="5.22395">
        <ele>59.6</ele>
      </trkpt>
      <trkpt lat="43.32879" lon="5.22407">
        <ele>59.2</ele>
      </trkpt>
      <trkpt lat="43.32879" lon="5.22414">
        <ele>59</ele>
      </trkpt>
      <trkpt lat="43.32879" lon="5.22421">
        <ele>57.6</ele>
      </trkpt>
      <trkpt lat="43.32879" lon="5.22429">
        <ele>55.2</ele>
      </trkpt>
      <trkpt lat="43.32879" lon="5.22437">
        <ele>52.8</ele>
      </trkpt>
      <trkpt lat="43.32879" lon="5.22448">
        <ele>49.5</ele>
      </trkpt>
      <trkpt lat="43.3288" lon="5.22455">
        <ele>48.2</ele>
      </trkpt>
      <trkpt lat="43.32881" lon="5.22458">
        <ele>48</ele>
      </trkpt>
      <trkpt lat="43.32881" lon="5.22459">
        <ele>47.7</ele>
      </trkpt>
      <trkpt lat="43.32882" lon="5.22462">
        <ele>47.4</ele>
      </trkpt>
      <trkpt lat="43.32883" lon="5.22466">
        <ele>46.8</ele>
      </trkpt>
      <trkpt lat="43.32883" lon="5.22473">
        <ele>44.9</ele>
      </trkpt>
      <trkpt lat="43.32882" lon="5.22484">
        <ele>46.1</ele>
      </trkpt>
      <trkpt lat="43.32881" lon="5.2249">
        <ele>46.5</ele>
      </trkpt>
      <trkpt lat="43.32882" lon="5.22495">
        <ele>47.8</ele>
      </trkpt>
      <trkpt lat="43.32884" lon="5.22499">
        <ele>49.4</ele>
      </trkpt>
      <trkpt lat="43.32887" lon="5.22505">
        <ele>50.6</ele>
      </trkpt>
      <trkpt lat="43.3289" lon="5.22512">
        <ele>51.8</ele>
      </trkpt>
      <trkpt lat="43.32891" lon="5.22517">
        <ele>52.1</ele>
      </trkpt>
      <trkpt lat="43.32891" lon="5.22523">
        <ele>51.7</ele>
      </trkpt>
      <trkpt lat="43.32892" lon="5.22528">
        <ele>52.1</ele>
      </trkpt>
      <trkpt lat="43.32891" lon="5.22535">
        <ele>51.5</ele>
      </trkpt>
      <trkpt lat="43.3289" lon="5.2254">
        <ele>50.8</ele>
      </trkpt>
      <trkpt lat="43.3289" lon="5.22543">
        <ele>50.8</ele>
      </trkpt>
      <trkpt lat="43.3289" lon="5.22549">
        <ele>50.9</ele>
      </trkpt>
      <trkpt lat="43.32891" lon="5.22559">
        <ele>50.5</ele>
      </trkpt>
      <trkpt lat="43.32893" lon="5.22568">
        <ele>48.9</ele>
      </trkpt>
      <trkpt lat="43.32896" lon="5.22575">
        <ele>49</ele>
      </trkpt>
      <trkpt lat="43.32897" lon="5.22581">
        <ele>47.8</ele>
      </trkpt>
      <trkpt lat="43.32898" lon="5.22585">
        <ele>47.4</ele>
      </trkpt>
      <trkpt lat="43.32898" lon="5.22591">
        <ele>45.5</ele>
      </trkpt>
      <trkpt lat="43.32898" lon="5.22595">
        <ele>44.2</ele>
      </trkpt>
      <trkpt lat="43.329" lon="5.22599">
        <ele>44.5</ele>
      </trkpt>
      <trkpt lat="43.32901" lon="5.22602">
        <ele>44.3</ele>
      </trkpt>
      <trkpt lat="43.32903" lon="5.22607">
        <ele>44.1</ele>
      </trkpt>
      <trkpt lat="43.32905" lon="5.2261">
        <ele>44.4</ele>
      </trkpt>
      <trkpt lat="43.32906" lon="5.22613">
        <ele>43.6</ele>
      </trkpt>
      <trkpt lat="43.32906" lon="5.22616">
        <ele>41.8</ele>
      </trkpt>
      <trkpt lat="43.32908" lon="5.22627">
        <ele>36.8</ele>
      </trkpt>
      <trkpt lat="43.3291" lon="5.22627">
        <ele>38.5</ele>
      </trkpt>
      <trkpt lat="43.32915" lon="5.22627">
        <ele>42.6</ele>
      </trkpt>
      <trkpt lat="43.3292" lon="5.22629">
        <ele>44.2</ele>
      </trkpt>
      <trkpt lat="43.32927" lon="5.22634">
        <ele>44.2</ele>
      </trkpt>
      <trkpt lat="43.32934" lon="5.22639">
        <ele>44.2</ele>
      </trkpt>
      <trkpt lat="43.32938" lon="5.22644">
        <ele>44.1</ele>
      </trkpt>
      <trkpt lat="43.3294" lon="5.22649">
        <ele>43.4</ele>
      </trkpt>
      <trkpt lat="43.32942" lon="5.22652">
        <ele>43.5</ele>
      </trkpt>
      <trkpt lat="43.32944" lon="5.2266">
        <ele>42.4</ele>
      </trkpt>
      <trkpt lat="43.32946" lon="5.22667">
        <ele>42.8</ele>
      </trkpt>
      <trkpt lat="43.32946" lon="5.22675">
        <ele>45</ele>
      </trkpt>
      <trkpt lat="43.32945" lon="5.22684">
        <ele>46.6</ele>
      </trkpt>
      <trkpt lat="43.32943" lon="5.22692">
        <ele>47.6</ele>
      </trkpt>
      <trkpt lat="43.3294" lon="5.22699">
        <ele>47.8</ele>
      </trkpt>
      <trkpt lat="43.3294" lon="5.22704">
        <ele>49</ele>
      </trkpt>
      <trkpt lat="43.32939" lon="5.22711">
        <ele>50.1</ele>
      </trkpt>
      <trkpt lat="43.32939" lon="5.22718">
        <ele>51.7</ele>
      </trkpt>
      <trkpt lat="43.32939" lon="5.22722">
        <ele>52.6</ele>
      </trkpt>
      <trkpt lat="43.3294" lon="5.22726">
        <ele>52.2</ele>
      </trkpt>
      <trkpt lat="43.32944" lon="5.22732">
        <ele>52.9</ele>
      </trkpt>
      <trkpt lat="43.32948" lon="5.2274">
        <ele>53.1</ele>
      </trkpt>
      <trkpt lat="43.32949" lon="5.22743">
        <ele>53</ele>
      </trkpt>
      <trkpt lat="43.3295" lon="5.22747">
        <ele>52.6</ele>
      </trkpt>
      <trkpt lat="43.3295" lon="5.22751">
        <ele>52</ele>
      </trkpt>
      <trkpt lat="43.32949" lon="5.22761">
        <ele>53.5</ele>
      </trkpt>
      <trkpt lat="43.32948" lon="5.22768">
        <ele>54.5</ele>
      </trkpt>
      <trkpt lat="43.32945" lon="5.22775">
        <ele>54.6</ele>
      </trkpt>
      <trkpt lat="43.3294" lon="5.22782">
        <ele>53</ele>
      </trkpt>
      <trkpt lat="43.32939" lon="5.22788">
        <ele>53.5</ele>
      </trkpt>
      <trkpt lat="43.32939" lon="5.22798">
        <ele>55.4</ele>
      </trkpt>
      <trkpt lat="43.32939" lon="5.22808">
        <ele>57.4</ele>
      </trkpt>
      <trkpt lat="43.32938" lon="5.22816">
        <ele>58</ele>
      </trkpt>
      <trkpt lat="43.32936" lon="5.22823">
        <ele>58.6</ele>
      </trkpt>
      <trkpt lat="43.32936" lon="5.2283">
        <ele>60.2</ele>
      </trkpt>
      <trkpt lat="43.32936" lon="5.22837">
        <ele>60.6</ele>
      </trkpt>
      <trkpt lat="43.32934" lon="5.22846">
        <ele>58.9</ele>
      </trkpt>
      <trkpt lat="43.32932" lon="5.22855">
        <ele>57.8</ele>
      </trkpt>
      <trkpt lat="43.32934" lon="5.2286">
        <ele>58.2</ele>
      </trkpt>
      <trkpt lat="43.32939" lon="5.22864">
        <ele>57.6</ele>
      </trkpt>
      <trkpt lat="43.32943" lon="5.22868">
        <ele>56.3</ele>
      </trkpt>
      <trkpt lat="43.32946" lon="5.2287">
        <ele>56.1</ele>
      </trkpt>
      <trkpt lat="43.32952" lon="5.22878">
        <ele>54.5</ele>
      </trkpt>
      <trkpt lat="43.32954" lon="5.22885">
        <ele>52</ele>
      </trkpt>
      <trkpt lat="43.32955" lon="5.22891">
        <ele>49.9</ele>
      </trkpt>
      <trkpt lat="43.32954" lon="5.22901">
        <ele>46.2</ele>
      </trkpt>
      <trkpt lat="43.32954" lon="5.22902">
        <ele>45.9</ele>
      </trkpt>
      <trkpt lat="43.32956" lon="5.22909">
        <ele>44.6</ele>
      </trkpt>
      <trkpt lat="43.32959" lon="5.22915">
        <ele>43.1</ele>
      </trkpt>
      <trkpt lat="43.32961" lon="5.22922">
        <ele>42.5</ele>
      </trkpt>
      <trkpt lat="43.32963" lon="5.22928">
        <ele>42</ele>
      </trkpt>
      <trkpt lat="43.32969" lon="5.22929">
        <ele>43.4</ele>
      </trkpt>
      <trkpt lat="43.32975" lon="5.2293">
        <ele>44.2</ele>
      </trkpt>
      <trkpt lat="43.32978" lon="5.22936">
        <ele>42.9</ele>
      </trkpt>
      <trkpt lat="43.3298" lon="5.22942">
        <ele>41.6</ele>
      </trkpt>
      <trkpt lat="43.32983" lon="5.22943">
        <ele>41.3</ele>
      </trkpt>
      <trkpt lat="43.32988" lon="5.22944">
        <ele>41.2</ele>
      </trkpt>
      <trkpt lat="43.32992" lon="5.22945">
        <ele>41</ele>
      </trkpt>
      <trkpt lat="43.32997" lon="5.22945">
        <ele>40.6</ele>
      </trkpt>
      <trkpt lat="43.33001" lon="5.22946">
        <ele>40.2</ele>
      </trkpt>
      <trkpt lat="43.33007" lon="5.22945">
        <ele>40.3</ele>
      </trkpt>
      <trkpt lat="43.33012" lon="5.22943">
        <ele>40</ele>
      </trkpt>
      <trkpt lat="43.33016" lon="5.22944">
        <ele>39.4</ele>
      </trkpt>
      <trkpt lat="43.33019" lon="5.22941">
        <ele>39.6</ele>
      </trkpt>
      <trkpt lat="43.33014" lon="5.22948">
        <ele>38.5</ele>
      </trkpt>
      <trkpt lat="43.33013" lon="5.22951">
        <ele>37.6</ele>
      </trkpt>
      <trkpt lat="43.33013" lon="5.22955">
        <ele>36.5</ele>
      </trkpt>
      <trkpt lat="43.33016" lon="5.2296">
        <ele>35.1</ele>
      </trkpt>
      <trkpt lat="43.3302" lon="5.22965">
        <ele>34.2</ele>
      </trkpt>
      <trkpt lat="43.33022" lon="5.2297">
        <ele>33.4</ele>
      </trkpt>
      <trkpt lat="43.33025" lon="5.22974">
        <ele>33.4</ele>
      </trkpt>
      <trkpt lat="43.33025" lon="5.22979">
        <ele>33.2</ele>
      </trkpt>
      <trkpt lat="43.33025" lon="5.22984">
        <ele>33</ele>
      </trkpt>
      <trkpt lat="43.33024" lon="5.2299">
        <ele>32.3</ele>
      </trkpt>
      <trkpt lat="43.33023" lon="5.22993">
        <ele>31.6</ele>
      </trkpt>
      <trkpt lat="43.33021" lon="5.22997">
        <ele>30.2</ele>
      </trkpt>
      <trkpt lat="43.3302" lon="5.23004">
        <ele>29.7</ele>
      </trkpt>
      <trkpt lat="43.3302" lon="5.2301">
        <ele>30.5</ele>
      </trkpt>
      <trkpt lat="43.33021" lon="5.23016">
        <ele>31.9</ele>
      </trkpt>
      <trkpt lat="43.33021" lon="5.23024">
        <ele>32.9</ele>
      </trkpt>
      <trkpt lat="43.3302" lon="5.23032">
        <ele>33</ele>
      </trkpt>
      <trkpt lat="43.33019" lon="5.23041">
        <ele>33.1</ele>
      </trkpt>
      <trkpt lat="43.33018" lon="5.23049">
        <ele>33.1</ele>
      </trkpt>
      <trkpt lat="43.33017" lon="5.23054">
        <ele>32.9</ele>
      </trkpt>
      <trkpt lat="43.33018" lon="5.23059">
        <ele>33.7</ele>
      </trkpt>
      <trkpt lat="43.3302" lon="5.23064">
        <ele>34.9</ele>
      </trkpt>
      <trkpt lat="43.33024" lon="5.23066">
        <ele>37.1</ele>
      </trkpt>
      <trkpt lat="43.33028" lon="5.23069">
        <ele>39.1</ele>
      </trkpt>
      <trkpt lat="43.33031" lon="5.23071">
        <ele>39.9</ele>
      </trkpt>
      <trkpt lat="43.33032" lon="5.23074">
        <ele>39.9</ele>
      </trkpt>
      <trkpt lat="43.33034" lon="5.23081">
        <ele>39.8</ele>
      </trkpt>
      <trkpt lat="43.33034" lon="5.2309">
        <ele>39.5</ele>
      </trkpt>
      <trkpt lat="43.33035" lon="5.23097">
        <ele>39.6</ele>
      </trkpt>
      <trkpt lat="43.33034" lon="5.23106">
        <ele>39.2</ele>
      </trkpt>
      <trkpt lat="43.33034" lon="5.23112">
        <ele>39</ele>
      </trkpt>
      <trkpt lat="43.33035" lon="5.23119">
        <ele>38</ele>
      </trkpt>
      <trkpt lat="43.33037" lon="5.23127">
        <ele>37.2</ele>
      </trkpt>
      <trkpt lat="43.3304" lon="5.23132">
        <ele>37.1</ele>
      </trkpt>
      <trkpt lat="43.33043" lon="5.23135">
        <ele>37.4</ele>
      </trkpt>
      <trkpt lat="43.33047" lon="5.23136">
        <ele>38.2</ele>
      </trkpt>
      <trkpt lat="43.33048" lon="5.23136">
        <ele>38.5</ele>
      </trkpt>
      <trkpt lat="43.33055" lon="5.23134">
        <ele>40.4</ele>
      </trkpt>
      <trkpt lat="43.3306" lon="5.23133">
        <ele>44</ele>
      </trkpt>
      <trkpt lat="43.33062" lon="5.23133">
        <ele>45.6</ele>
      </trkpt>
      <trkpt lat="43.33064" lon="5.23137">
        <ele>46.6</ele>
      </trkpt>
      <trkpt lat="43.33068" lon="5.23145">
        <ele>48.3</ele>
      </trkpt>
      <trkpt lat="43.33071" lon="5.23153">
        <ele>48.6</ele>
      </trkpt>
      <trkpt lat="43.33074" lon="5.23163">
        <ele>47.9</ele>
      </trkpt>
      <trkpt lat="43.33076" lon="5.2317">
        <ele>46.9</ele>
      </trkpt>
      <trkpt lat="43.33078" lon="5.23175">
        <ele>46.3</ele>
      </trkpt>
      <trkpt lat="43.33081" lon="5.23181">
        <ele>45.9</ele>
      </trkpt>
      <trkpt lat="43.33084" lon="5.23184">
        <ele>46.3</ele>
      </trkpt>
      <trkpt lat="43.33087" lon="5.23189">
        <ele>46.3</ele>
      </trkpt>
      <trkpt lat="43.33091" lon="5.23193">
        <ele>47</ele>
      </trkpt>
      <trkpt lat="43.33094" lon="5.23195">
        <ele>47.9</ele>
      </trkpt>
      <trkpt lat="43.33097" lon="5.23198">
        <ele>48.9</ele>
      </trkpt>
      <trkpt lat="43.331" lon="5.23203">
        <ele>49.7</ele>
      </trkpt>
      <trkpt lat="43.33104" lon="5.23208">
        <ele>50.8</ele>
      </trkpt>
      <trkpt lat="43.33108" lon="5.23214">
        <ele>51.8</ele>
      </trkpt>
      <trkpt lat="43.33112" lon="5.23221">
        <ele>52.6</ele>
      </trkpt>
      <trkpt lat="43.33115" lon="5.23225">
        <ele>54.3</ele>
      </trkpt>
      <trkpt lat="43.33117" lon="5.23232">
        <ele>56.3</ele>
      </trkpt>
      <trkpt lat="43.33119" lon="5.23238">
        <ele>58.1</ele>
      </trkpt>
      <trkpt lat="43.3312" lon="5.23246">
        <ele>59.6</ele>
      </trkpt>
      <trkpt lat="43.33121" lon="5.23246">
        <ele>60.1</ele>
      </trkpt>
      <trkpt lat="43.33122" lon="5.23253">
        <ele>61.3</ele>
      </trkpt>
      <trkpt lat="43.33121" lon="5.23256">
        <ele>60.9</ele>
      </trkpt>
      <trkpt lat="43.33121" lon="5.2326">
        <ele>61.1</ele>
      </trkpt>
      <trkpt lat="43.33122" lon="5.23265">
        <ele>62</ele>
      </trkpt>
      <trkpt lat="43.33122" lon="5.23271">
        <ele>62.4</ele>
      </trkpt>
      <trkpt lat="43.33124" lon="5.23276">
        <ele>64.4</ele>
      </trkpt>
      <trkpt lat="43.33125" lon="5.23282">
        <ele>64.7</ele>
      </trkpt>
      <trkpt lat="43.33126" lon="5.23287">
        <ele>64.4</ele>
      </trkpt>
      <trkpt lat="43.33125" lon="5.23292">
        <ele>62.7</ele>
      </trkpt>
      <trkpt lat="43.33125" lon="5.23299">
        <ele>61.3</ele>
      </trkpt>
      <trkpt lat="43.33125" lon="5.23305">
        <ele>60.1</ele>
      </trkpt>
      <trkpt lat="43.33124" lon="5.23309">
        <ele>58.1</ele>
      </trkpt>
      <trkpt lat="43.33125" lon="5.23313">
        <ele>56.9</ele>
      </trkpt>
      <trkpt lat="43.33126" lon="5.23316">
        <ele>56.2</ele>
      </trkpt>
      <trkpt lat="43.33127" lon="5.23318">
        <ele>55.8</ele>
      </trkpt>
      <trkpt lat="43.33128" lon="5.2332">
        <ele>55.5</ele>
      </trkpt>
      <trkpt lat="43.33129" lon="5.23323">
        <ele>54.7</ele>
      </trkpt>
      <trkpt lat="43.3313" lon="5.23327">
        <ele>53.5</ele>
      </trkpt>
      <trkpt lat="43.3313" lon="5.23329">
        <ele>52.7</ele>
      </trkpt>
      <trkpt lat="43.33132" lon="5.23329">
        <ele>53.6</ele>
      </trkpt>
      <trkpt lat="43.33133" lon="5.23327">
        <ele>54.9</ele>
      </trkpt>
      <trkpt lat="43.33139" lon="5.23323">
        <ele>59.4</ele>
      </trkpt>
      <trkpt lat="43.33143" lon="5.23319">
        <ele>59.5</ele>
      </trkpt>
      <trkpt lat="43.33147" lon="5.23317">
        <ele>58.5</ele>
      </trkpt>
      <trkpt lat="43.33147" lon="5.23322">
        <ele>56.7</ele>
      </trkpt>
      <trkpt lat="43.33147" lon="5.23333">
        <ele>52.8</ele>
      </trkpt>
      <trkpt lat="43.33148" lon="5.23342">
        <ele>50.5</ele>
      </trkpt>
      <trkpt lat="43.33148" lon="5.23348">
        <ele>49.2</ele>
      </trkpt>
      <trkpt lat="43.33147" lon="5.23355">
        <ele>47.7</ele>
      </trkpt>
      <trkpt lat="43.33146" lon="5.23362">
        <ele>46.1</ele>
      </trkpt>
      <trkpt lat="43.33146" lon="5.23369">
        <ele>44.6</ele>
      </trkpt>
      <trkpt lat="43.33148" lon="5.23377">
        <ele>43.3</ele>
      </trkpt>
      <trkpt lat="43.3315" lon="5.23387">
        <ele>41.9</ele>
      </trkpt>
      <trkpt lat="43.33151" lon="5.23393">
        <ele>41.5</ele>
      </trkpt>
      <trkpt lat="43.33151" lon="5.23395">
        <ele>41.2</ele>
      </trkpt>
      <trkpt lat="43.33148" lon="5.23399">
        <ele>40</ele>
      </trkpt>
      <trkpt lat="43.33146" lon="5.23403">
        <ele>39.1</ele>
      </trkpt>
      <trkpt lat="43.33147" lon="5.23408">
        <ele>38.9</ele>
      </trkpt>
      <trkpt lat="43.33148" lon="5.23416">
        <ele>38.4</ele>
      </trkpt>
      <trkpt lat="43.3315" lon="5.23424">
        <ele>38.2</ele>
      </trkpt>
      <trkpt lat="43.33151" lon="5.23432">
        <ele>37.9</ele>
      </trkpt>
      <trkpt lat="43.33155" lon="5.23435">
        <ele>37.7</ele>
      </trkpt>
      <trkpt lat="43.3316" lon="5.23437">
        <ele>37.4</ele>
      </trkpt>
      <trkpt lat="43.33164" lon="5.2344">
        <ele>36.9</ele>
      </trkpt>
      <trkpt lat="43.33167" lon="5.23445">
        <ele>36.1</ele>
      </trkpt>
      <trkpt lat="43.33171" lon="5.2345">
        <ele>37</ele>
      </trkpt>
      <trkpt lat="43.33174" lon="5.23457">
        <ele>37.8</ele>
      </trkpt>
      <trkpt lat="43.33174" lon="5.23458">
        <ele>37.8</ele>
      </trkpt>
      <trkpt lat="43.33176" lon="5.23461">
        <ele>38.5</ele>
      </trkpt>
      <trkpt lat="43.33175" lon="5.23465">
        <ele>38</ele>
      </trkpt>
      <trkpt lat="43.33173" lon="5.23474">
        <ele>37.5</ele>
      </trkpt>
      <trkpt lat="43.33168" lon="5.23483">
        <ele>37.7</ele>
      </trkpt>
      <trkpt lat="43.33164" lon="5.23488">
        <ele>38</ele>
      </trkpt>
      <trkpt lat="43.33161" lon="5.2349">
        <ele>37.9</ele>
      </trkpt>
      <trkpt lat="43.33162" lon="5.23497">
        <ele>39.7</ele>
      </trkpt>
      <trkpt lat="43.33163" lon="5.23504">
        <ele>40.5</ele>
      </trkpt>
      <trkpt lat="43.33167" lon="5.23515">
        <ele>41.1</ele>
      </trkpt>
      <trkpt lat="43.3317" lon="5.23523">
        <ele>42.3</ele>
      </trkpt>
      <trkpt lat="43.33173" lon="5.23531">
        <ele>43.6</ele>
      </trkpt>
      <trkpt lat="43.33176" lon="5.23542">
        <ele>44.4</ele>
      </trkpt>
      <trkpt lat="43.33179" lon="5.23552">
        <ele>44.7</ele>
      </trkpt>
      <trkpt lat="43.33182" lon="5.23563">
        <ele>45.7</ele>
      </trkpt>
      <trkpt lat="43.33185" lon="5.23573">
        <ele>47.1</ele>
      </trkpt>
      <trkpt lat="43.33188" lon="5.23581">
        <ele>48.4</ele>
      </trkpt>
      <trkpt lat="43.3319" lon="5.23588">
        <ele>49.1</ele>
      </trkpt>
      <trkpt lat="43.33192" lon="5.23595">
        <ele>48.8</ele>
      </trkpt>
      <trkpt lat="43.33193" lon="5.23601">
        <ele>48.4</ele>
      </trkpt>
      <trkpt lat="43.33196" lon="5.23609">
        <ele>47.9</ele>
      </trkpt>
      <trkpt lat="43.33198" lon="5.23617">
        <ele>46.7</ele>
      </trkpt>
      <trkpt lat="43.332" lon="5.23627">
        <ele>43.8</ele>
      </trkpt>
      <trkpt lat="43.33202" lon="5.23634">
        <ele>41.4</ele>
      </trkpt>
      <trkpt lat="43.33204" lon="5.2364">
        <ele>39</ele>
      </trkpt>
      <trkpt lat="43.33205" lon="5.23642">
        <ele>38.3</ele>
      </trkpt>
      <trkpt lat="43.33207" lon="5.23643">
        <ele>37.8</ele>
      </trkpt>
      <trkpt lat="43.33208" lon="5.23644">
        <ele>37.3</ele>
      </trkpt>
      <trkpt lat="43.33211" lon="5.23643">
        <ele>37.3</ele>
      </trkpt>
      <trkpt lat="43.33213" lon="5.2364">
        <ele>38.2</ele>
      </trkpt>
      <trkpt lat="43.33217" lon="5.23641">
        <ele>37.4</ele>
      </trkpt>
      <trkpt lat="43.33215" lon="5.23647">
        <ele>35.1</ele>
      </trkpt>
      <trkpt lat="43.33213" lon="5.23653">
        <ele>33.1</ele>
      </trkpt>
      <trkpt lat="43.33216" lon="5.23658">
        <ele>30.2</ele>
      </trkpt>
      <trkpt lat="43.33218" lon="5.23649">
        <ele>33.7</ele>
      </trkpt>
      <trkpt lat="43.3322" lon="5.23647">
        <ele>34.3</ele>
      </trkpt>
      <trkpt lat="43.33223" lon="5.23645">
        <ele>35.3</ele>
      </trkpt>
      <trkpt lat="43.33228" lon="5.23646">
        <ele>37.5</ele>
      </trkpt>
      <trkpt lat="43.33235" lon="5.23652">
        <ele>37.3</ele>
      </trkpt>
      <trkpt lat="43.33237" lon="5.23663">
        <ele>30.7</ele>
      </trkpt>
      <trkpt lat="43.33234" lon="5.23655">
        <ele>34.9</ele>
      </trkpt>
      <trkpt lat="43.33227" lon="5.23654">
        <ele>32.5</ele>
      </trkpt>
      <trkpt lat="43.33223" lon="5.23661">
        <ele>27.1</ele>
      </trkpt>
      <trkpt lat="43.33223" lon="5.23668">
        <ele>23.9</ele>
      </trkpt>
      <trkpt lat="43.33225" lon="5.23673">
        <ele>23.6</ele>
      </trkpt>
      <trkpt lat="43.33226" lon="5.23683">
        <ele>22.4</ele>
      </trkpt>
      <trkpt lat="43.33226" lon="5.23694">
        <ele>20.6</ele>
      </trkpt>
      <trkpt lat="43.33224" lon="5.23699">
        <ele>20</ele>
      </trkpt>
      <trkpt lat="43.33222" lon="5.23701">
        <ele>18.8</ele>
      </trkpt>
      <trkpt lat="43.33214" lon="5.23703">
        <ele>17.4</ele>
      </trkpt>
      <trkpt lat="43.33213" lon="5.2371">
        <ele>18</ele>
      </trkpt>
      <trkpt lat="43.33212" lon="5.23716">
        <ele>18.4</ele>
      </trkpt>
      <trkpt lat="43.33211" lon="5.23723">
        <ele>18.7</ele>
      </trkpt>
      <trkpt lat="43.3321" lon="5.23729">
        <ele>21.6</ele>
      </trkpt>
      <trkpt lat="43.33208" lon="5.23733">
        <ele>22.6</ele>
      </trkpt>
      <trkpt lat="43.33203" lon="5.23735">
        <ele>21</ele>
      </trkpt>
      <trkpt lat="43.33199" lon="5.23736">
        <ele>18.8</ele>
      </trkpt>
      <trkpt lat="43.33194" lon="5.23736">
        <ele>16.8</ele>
      </trkpt>
      <trkpt lat="43.33193" lon="5.23736">
        <ele>16.3</ele>
      </trkpt>
      <trkpt lat="43.3319" lon="5.23741">
        <ele>17.3</ele>
      </trkpt>
      <trkpt lat="43.3319" lon="5.23743">
        <ele>18.2</ele>
      </trkpt>
      <trkpt lat="43.3319" lon="5.2375">
        <ele>20.8</ele>
      </trkpt>
      <trkpt lat="43.33189" lon="5.23757">
        <ele>20.5</ele>
      </trkpt>
      <trkpt lat="43.33189" lon="5.23763">
        <ele>20.1</ele>
      </trkpt>
      <trkpt lat="43.33188" lon="5.2377">
        <ele>19.7</ele>
      </trkpt>
      <trkpt lat="43.33186" lon="5.23782">
        <ele>18.8</ele>
      </trkpt>
      <trkpt lat="43.33185" lon="5.23789">
        <ele>19.5</ele>
      </trkpt>
      <trkpt lat="43.33185" lon="5.23796">
        <ele>20.3</ele>
      </trkpt>
      <trkpt lat="43.33184" lon="5.23803">
        <ele>21</ele>
      </trkpt>
      <trkpt lat="43.33183" lon="5.2381">
        <ele>21.5</ele>
      </trkpt>
      <trkpt lat="43.33182" lon="5.23812">
        <ele>20.9</ele>
      </trkpt>
      <trkpt lat="43.33183" lon="5.2382">
        <ele>22.8</ele>
      </trkpt>
      <trkpt lat="43.33185" lon="5.23831">
        <ele>25.9</ele>
      </trkpt>
      <trkpt lat="43.33187" lon="5.23842">
        <ele>27.7</ele>
      </trkpt>
      <trkpt lat="43.33188" lon="5.23853">
        <ele>29</ele>
      </trkpt>
      <trkpt lat="43.3319" lon="5.23864">
        <ele>30.5</ele>
      </trkpt>
      <trkpt lat="43.33191" lon="5.23875">
        <ele>31.3</ele>
      </trkpt>
      <trkpt lat="43.33191" lon="5.23885">
        <ele>31.2</ele>
      </trkpt>
      <trkpt lat="43.33191" lon="5.23894">
        <ele>31.1</ele>
      </trkpt>
      <trkpt lat="43.33194" lon="5.23901">
        <ele>33.8</ele>
      </trkpt>
      <trkpt lat="43.33197" lon="5.23907">
        <ele>35.6</ele>
      </trkpt>
      <trkpt lat="43.33198" lon="5.23915">
        <ele>35.8</ele>
      </trkpt>
      <trkpt lat="43.33199" lon="5.23922">
        <ele>36.6</ele>
      </trkpt>
      <trkpt lat="43.33197" lon="5.23931">
        <ele>35.4</ele>
      </trkpt>
      <trkpt lat="43.33195" lon="5.2394">
        <ele>34.2</ele>
      </trkpt>
      <trkpt lat="43.33196" lon="5.23949">
        <ele>35.2</ele>
      </trkpt>
      <trkpt lat="43.33198" lon="5.23958">
        <ele>35.7</ele>
      </trkpt>
      <trkpt lat="43.33199" lon="5.23966">
        <ele>36.2</ele>
      </trkpt>
      <trkpt lat="43.332" lon="5.23975">
        <ele>36.1</ele>
      </trkpt>
      <trkpt lat="43.33204" lon="5.23985">
        <ele>36.5</ele>
      </trkpt>
      <trkpt lat="43.33209" lon="5.23991">
        <ele>38.6</ele>
      </trkpt>
      <trkpt lat="43.33213" lon="5.23997">
        <ele>40.9</ele>
      </trkpt>
      <trkpt lat="43.33215" lon="5.24005">
        <ele>40.8</ele>
      </trkpt>
      <trkpt lat="43.33216" lon="5.24013">
        <ele>40.8</ele>
      </trkpt>
      <trkpt lat="43.33217" lon="5.24022">
        <ele>39.8</ele>
      </trkpt>
      <trkpt lat="43.33217" lon="5.2403">
        <ele>38.6</ele>
      </trkpt>
      <trkpt lat="43.33223" lon="5.24039">
        <ele>41.4</ele>
      </trkpt>
      <trkpt lat="43.33228" lon="5.24047">
        <ele>42.2</ele>
      </trkpt>
      <trkpt lat="43.3323" lon="5.24058">
        <ele>40.6</ele>
      </trkpt>
      <trkpt lat="43.33232" lon="5.24068">
        <ele>38.9</ele>
      </trkpt>
      <trkpt lat="43.33233" lon="5.24075">
        <ele>37.4</ele>
      </trkpt>
      <trkpt lat="43.33233" lon="5.24082">
        <ele>35.9</ele>
      </trkpt>
      <trkpt lat="43.33234" lon="5.24088">
        <ele>35.4</ele>
      </trkpt>
      <trkpt lat="43.33234" lon="5.24095">
        <ele>35.3</ele>
      </trkpt>
      <trkpt lat="43.33233" lon="5.24103">
        <ele>34.4</ele>
      </trkpt>
      <trkpt lat="43.33233" lon="5.24111">
        <ele>33.6</ele>
      </trkpt>
      <trkpt lat="43.33232" lon="5.24118">
        <ele>32.2</ele>
      </trkpt>
      <trkpt lat="43.33231" lon="5.24126">
        <ele>30.6</ele>
      </trkpt>
      <trkpt lat="43.33232" lon="5.24134">
        <ele>29.8</ele>
      </trkpt>
      <trkpt lat="43.33232" lon="5.24141">
        <ele>29.3</ele>
      </trkpt>
      <trkpt lat="43.33233" lon="5.24149">
        <ele>29.4</ele>
      </trkpt>
      <trkpt lat="43.33233" lon="5.24156">
        <ele>29.5</ele>
      </trkpt>
      <trkpt lat="43.33231" lon="5.24161">
        <ele>28.2</ele>
      </trkpt>
      <trkpt lat="43.3323" lon="5.24168">
        <ele>27.5</ele>
      </trkpt>
      <trkpt lat="43.33229" lon="5.24174">
        <ele>26.6</ele>
      </trkpt>
      <trkpt lat="43.3323" lon="5.24184">
        <ele>26.9</ele>
      </trkpt>
      <trkpt lat="43.33231" lon="5.24194">
        <ele>27.3</ele>
      </trkpt>
      <trkpt lat="43.33236" lon="5.24201">
        <ele>29.4</ele>
      </trkpt>
      <trkpt lat="43.33238" lon="5.24212">
        <ele>28.7</ele>
      </trkpt>
      <trkpt lat="43.3324" lon="5.24222">
        <ele>28.3</ele>
      </trkpt>
      <trkpt lat="43.3324" lon="5.24233">
        <ele>30</ele>
      </trkpt>
      <trkpt lat="43.3324" lon="5.24244">
        <ele>31.7</ele>
      </trkpt>
      <trkpt lat="43.33242" lon="5.24248">
        <ele>31.6</ele>
      </trkpt>
      <trkpt lat="43.33244" lon="5.24249">
        <ele>30.9</ele>
      </trkpt>
      <trkpt lat="43.3325" lon="5.24251">
        <ele>27.7</ele>
      </trkpt>
      <trkpt lat="43.33255" lon="5.24257">
        <ele>26.5</ele>
      </trkpt>
      <trkpt lat="43.3326" lon="5.24262">
        <ele>25.2</ele>
      </trkpt>
      <trkpt lat="43.33265" lon="5.24266">
        <ele>24.5</ele>
      </trkpt>
      <trkpt lat="43.3327" lon="5.2427">
        <ele>23.6</ele>
      </trkpt>
      <trkpt lat="43.33275" lon="5.24273">
        <ele>22.6</ele>
      </trkpt>
      <trkpt lat="43.3328" lon="5.24277">
        <ele>22.7</ele>
      </trkpt>
      <trkpt lat="43.33282" lon="5.24285">
        <ele>22.7</ele>
      </trkpt>
      <trkpt lat="43.33283" lon="5.24297">
        <ele>21.6</ele>
      </trkpt>
      <trkpt lat="43.33286" lon="5.24309">
        <ele>21.6</ele>
      </trkpt>
      <trkpt lat="43.33289" lon="5.2432">
        <ele>20.4</ele>
      </trkpt>
      <trkpt lat="43.33296" lon="5.24323">
        <ele>23.1</ele>
      </trkpt>
      <trkpt lat="43.33303" lon="5.24327">
        <ele>25.5</ele>
      </trkpt>
      <trkpt lat="43.3331" lon="5.2433">
        <ele>28</ele>
      </trkpt>
      <trkpt lat="43.33317" lon="5.24333">
        <ele>31.1</ele>
      </trkpt>
      <trkpt lat="43.33321" lon="5.24343">
        <ele>31.8</ele>
      </trkpt>
      <trkpt lat="43.3332" lon="5.24352">
        <ele>29.5</ele>
      </trkpt>
      <trkpt lat="43.33323" lon="5.24358">
        <ele>30.1</ele>
      </trkpt>
      <trkpt lat="43.33325" lon="5.24364">
        <ele>30.4</ele>
      </trkpt>
      <trkpt lat="43.33329" lon="5.24373">
        <ele>30.2</ele>
      </trkpt>
      <trkpt lat="43.33332" lon="5.24382">
        <ele>30.1</ele>
      </trkpt>
      <trkpt lat="43.33336" lon="5.2439">
        <ele>30.5</ele>
      </trkpt>
      <trkpt lat="43.33339" lon="5.24399">
        <ele>32.1</ele>
      </trkpt>
      <trkpt lat="43.33342" lon="5.24407">
        <ele>33.1</ele>
      </trkpt>
      <trkpt lat="43.33345" lon="5.24416">
        <ele>34.2</ele>
      </trkpt>
      <trkpt lat="43.33347" lon="5.24424">
        <ele>33.7</ele>
      </trkpt>
      <trkpt lat="43.3335" lon="5.24432">
        <ele>32.6</ele>
      </trkpt>
      <trkpt lat="43.33358" lon="5.24437">
        <ele>34.9</ele>
      </trkpt>
      <trkpt lat="43.33364" lon="5.24436">
        <ele>37.3</ele>
      </trkpt>
      <trkpt lat="43.33371" lon="5.24436">
        <ele>38.8</ele>
      </trkpt>
      <trkpt lat="43.33377" lon="5.24435">
        <ele>40.2</ele>
      </trkpt>
      <trkpt lat="43.33383" lon="5.24434">
        <ele>41.6</ele>
      </trkpt>
      <trkpt lat="43.3339" lon="5.24441">
        <ele>39.4</ele>
      </trkpt>
      <trkpt lat="43.33393" lon="5.24447">
        <ele>38.8</ele>
      </trkpt>
      <trkpt lat="43.33395" lon="5.24453">
        <ele>40</ele>
      </trkpt>
      <trkpt lat="43.33398" lon="5.24463">
        <ele>41.7</ele>
      </trkpt>
      <trkpt lat="43.33397" lon="5.24466">
        <ele>41</ele>
      </trkpt>
      <trkpt lat="43.33395" lon="5.24472">
        <ele>39.4</ele>
      </trkpt>
      <trkpt lat="43.33393" lon="5.24478">
        <ele>38.7</ele>
      </trkpt>
      <trkpt lat="43.33388" lon="5.24487">
        <ele>36.1</ele>
      </trkpt>
      <trkpt lat="43.33385" lon="5.24486">
        <ele>32.7</ele>
      </trkpt>
      <trkpt lat="43.33381" lon="5.24482">
        <ele>28.1</ele>
      </trkpt>
      <trkpt lat="43.33379" lon="5.24485">
        <ele>26.1</ele>
      </trkpt>
      <trkpt lat="43.3338" lon="5.24492">
        <ele>27.2</ele>
      </trkpt>
      <trkpt lat="43.33381" lon="5.24499">
        <ele>28.4</ele>
      </trkpt>
      <trkpt lat="43.33381" lon="5.24505">
        <ele>28.6</ele>
      </trkpt>
      <trkpt lat="43.33382" lon="5.24512">
        <ele>28.4</ele>
      </trkpt>
      <trkpt lat="43.33386" lon="5.24521">
        <ele>31.3</ele>
      </trkpt>
      <trkpt lat="43.33387" lon="5.24528">
        <ele>30.6</ele>
      </trkpt>
      <trkpt lat="43.33387" lon="5.24534">
        <ele>28.3</ele>
      </trkpt>
      <trkpt lat="43.33393" lon="5.2454">
        <ele>27.7</ele>
      </trkpt>
      <trkpt lat="43.33398" lon="5.24545">
        <ele>24.6</ele>
      </trkpt>
      <trkpt lat="43.33404" lon="5.24541">
        <ele>27.3</ele>
      </trkpt>
      <trkpt lat="43.3341" lon="5.24537">
        <ele>30.7</ele>
      </trkpt>
      <trkpt lat="43.33416" lon="5.24538">
        <ele>30.8</ele>
      </trkpt>
      <trkpt lat="43.33422" lon="5.24538">
        <ele>31.8</ele>
      </trkpt>
      <trkpt lat="43.33428" lon="5.24535">
        <ele>35.3</ele>
      </trkpt>
      <trkpt lat="43.33434" lon="5.24532">
        <ele>37.9</ele>
      </trkpt>
      <trkpt lat="43.33437" lon="5.24538">
        <ele>35.8</ele>
      </trkpt>
      <trkpt lat="43.3344" lon="5.24543">
        <ele>34.5</ele>
      </trkpt>
      <trkpt lat="43.33444" lon="5.24553">
        <ele>33.2</ele>
      </trkpt>
      <trkpt lat="43.33447" lon="5.24562">
        <ele>33.5</ele>
      </trkpt>
      <trkpt lat="43.33449" lon="5.24573">
        <ele>33.6</ele>
      </trkpt>
      <trkpt lat="43.3345" lon="5.24583">
        <ele>33.6</ele>
      </trkpt>
      <trkpt lat="43.33445" lon="5.24593">
        <ele>44.2</ele>
      </trkpt>
      <trkpt lat="43.33438" lon="5.24595">
        <ele>43.7</ele>
      </trkpt>
      <trkpt lat="43.33431" lon="5.24597">
        <ele>42.5</ele>
      </trkpt>
      <trkpt lat="43.33427" lon="5.24595">
        <ele>38.4</ele>
      </trkpt>
      <trkpt lat="43.33422" lon="5.24593">
        <ele>34.6</ele>
      </trkpt>
      <trkpt lat="43.33417" lon="5.24595">
        <ele>33.9</ele>
      </trkpt>
      <trkpt lat="43.33413" lon="5.24597">
        <ele>31</ele>
      </trkpt>
      <trkpt lat="43.33408" lon="5.24598">
        <ele>27.6</ele>
      </trkpt>
      <trkpt lat="43.33403" lon="5.246">
        <ele>24.1</ele>
      </trkpt>
      <trkpt lat="43.33403" lon="5.2461">
        <ele>30.1</ele>
      </trkpt>
      <trkpt lat="43.33403" lon="5.2462">
        <ele>32</ele>
      </trkpt>
      <trkpt lat="43.33405" lon="5.24628">
        <ele>35</ele>
      </trkpt>
      <trkpt lat="43.33407" lon="5.24639">
        <ele>37.5</ele>
      </trkpt>
      <trkpt lat="43.33408" lon="5.2465">
        <ele>35.2</ele>
      </trkpt>
      <trkpt lat="43.33412" lon="5.24658">
        <ele>35.5</ele>
      </trkpt>
      <trkpt lat="43.33415" lon="5.24666">
        <ele>35.8</ele>
      </trkpt>
      <trkpt lat="43.33419" lon="5.24674">
        <ele>36.2</ele>
      </trkpt>
      <trkpt lat="43.33422" lon="5.24682">
        <ele>36.6</ele>
      </trkpt>
      <trkpt lat="43.33424" lon="5.24687">
        <ele>36.7</ele>
      </trkpt>
      <trkpt lat="43.33427" lon="5.24698">
        <ele>35.5</ele>
      </trkpt>
      <trkpt lat="43.33432" lon="5.24705">
        <ele>36.9</ele>
      </trkpt>
      <trkpt lat="43.33436" lon="5.24709">
        <ele>38.6</ele>
      </trkpt>
      <trkpt lat="43.3344" lon="5.24713">
        <ele>40.3</ele>
      </trkpt>
      <trkpt lat="43.33444" lon="5.24717">
        <ele>41.9</ele>
      </trkpt>
      <trkpt lat="43.33448" lon="5.24721">
        <ele>42.7</ele>
      </trkpt>
      <trkpt lat="43.33451" lon="5.24732">
        <ele>42.5</ele>
      </trkpt>
      <trkpt lat="43.33451" lon="5.2474">
        <ele>40.9</ele>
      </trkpt>
      <trkpt lat="43.3345" lon="5.24748">
        <ele>39.3</ele>
      </trkpt>
      <trkpt lat="43.33452" lon="5.24756">
        <ele>37.5</ele>
      </trkpt>
      <trkpt lat="43.33457" lon="5.24764">
        <ele>37.7</ele>
      </trkpt>
      <trkpt lat="43.33462" lon="5.24771">
        <ele>38</ele>
      </trkpt>
      <trkpt lat="43.33469" lon="5.24776">
        <ele>41.2</ele>
      </trkpt>
      <trkpt lat="43.33475" lon="5.24776">
        <ele>44.9</ele>
      </trkpt>
      <trkpt lat="43.33481" lon="5.24775">
        <ele>47.1</ele>
      </trkpt>
      <trkpt lat="43.33486" lon="5.24779">
        <ele>47.1</ele>
      </trkpt>
      <trkpt lat="43.33491" lon="5.24782">
        <ele>47.1</ele>
      </trkpt>
      <trkpt lat="43.33495" lon="5.24786">
        <ele>46.4</ele>
      </trkpt>
      <trkpt lat="43.33498" lon="5.2479">
        <ele>45.9</ele>
      </trkpt>
      <trkpt lat="43.33502" lon="5.24794">
        <ele>45.7</ele>
      </trkpt>
      <trkpt lat="43.33505" lon="5.24798">
        <ele>45.7</ele>
      </trkpt>
      <trkpt lat="43.33509" lon="5.24809">
        <ele>43.6</ele>
      </trkpt>
      <trkpt lat="43.33513" lon="5.2482">
        <ele>42.2</ele>
      </trkpt>
      <trkpt lat="43.33517" lon="5.24824">
        <ele>42.6</ele>
      </trkpt>
      <trkpt lat="43.33519" lon="5.24833">
        <ele>40.1</ele>
      </trkpt>
      <trkpt lat="43.3352" lon="5.24842">
        <ele>37.7</ele>
      </trkpt>
      <trkpt lat="43.33524" lon="5.24848">
        <ele>37.9</ele>
      </trkpt>
      <trkpt lat="43.33526" lon="5.24857">
        <ele>36.5</ele>
      </trkpt>
      <trkpt lat="43.33527" lon="5.24866">
        <ele>35.6</ele>
      </trkpt>
      <trkpt lat="43.33525" lon="5.24876">
        <ele>32</ele>
      </trkpt>
      <trkpt lat="43.33522" lon="5.24885">
        <ele>28.2</ele>
      </trkpt>
      <trkpt lat="43.33525" lon="5.24893">
        <ele>27.7</ele>
      </trkpt>
      <trkpt lat="43.33529" lon="5.24897">
        <ele>27.7</ele>
      </trkpt>
      <trkpt lat="43.33533" lon="5.24901">
        <ele>26.1</ele>
      </trkpt>
      <trkpt lat="43.33536" lon="5.24905">
        <ele>24.9</ele>
      </trkpt>
      <trkpt lat="43.3354" lon="5.24909">
        <ele>23.8</ele>
      </trkpt>
      <trkpt lat="43.33546" lon="5.24913">
        <ele>23.6</ele>
      </trkpt>
      <trkpt lat="43.33552" lon="5.24917">
        <ele>24</ele>
      </trkpt>
      <trkpt lat="43.33552" lon="5.24925">
        <ele>23.9</ele>
      </trkpt>
      <trkpt lat="43.33551" lon="5.24934">
        <ele>23.7</ele>
      </trkpt>
      <trkpt lat="43.33551" lon="5.24942">
        <ele>23.4</ele>
      </trkpt>
      <trkpt lat="43.3355" lon="5.2495">
        <ele>23.2</ele>
      </trkpt>
      <trkpt lat="43.33547" lon="5.24959">
        <ele>21.1</ele>
      </trkpt>
      <trkpt lat="43.33543" lon="5.24967">
        <ele>19.4</ele>
      </trkpt>
      <trkpt lat="43.33546" lon="5.24976">
        <ele>20.7</ele>
      </trkpt>
      <trkpt lat="43.33548" lon="5.24985">
        <ele>20.9</ele>
      </trkpt>
      <trkpt lat="43.3355" lon="5.24992">
        <ele>21</ele>
      </trkpt>
      <trkpt lat="43.33551" lon="5.24998">
        <ele>21.1</ele>
      </trkpt>
      <trkpt lat="43.33553" lon="5.25005">
        <ele>21</ele>
      </trkpt>
      <trkpt lat="43.33554" lon="5.25011">
        <ele>20.6</ele>
      </trkpt>
      <trkpt lat="43.33556" lon="5.25018">
        <ele>20.2</ele>
      </trkpt>
      <trkpt lat="43.33557" lon="5.25024">
        <ele>19.6</ele>
      </trkpt>
      <trkpt lat="43.33559" lon="5.25031">
        <ele>19</ele>
      </trkpt>
      <trkpt lat="43.3356" lon="5.25037">
        <ele>18.3</ele>
      </trkpt>
      <trkpt lat="43.33563" lon="5.25045">
        <ele>18.3</ele>
      </trkpt>
      <trkpt lat="43.33566" lon="5.25052">
        <ele>18.2</ele>
      </trkpt>
      <trkpt lat="43.33568" lon="5.2506">
        <ele>18.3</ele>
      </trkpt>
      <trkpt lat="43.33571" lon="5.25067">
        <ele>18.2</ele>
      </trkpt>
      <trkpt lat="43.33576" lon="5.25077">
        <ele>19</ele>
      </trkpt>
      <trkpt lat="43.3358" lon="5.25086">
        <ele>20.2</ele>
      </trkpt>
      <trkpt lat="43.33581" lon="5.25095">
        <ele>19.6</ele>
      </trkpt>
      <trkpt lat="43.33583" lon="5.25104">
        <ele>18.8</ele>
      </trkpt>
      <trkpt lat="43.33584" lon="5.25113">
        <ele>17.7</ele>
      </trkpt>
      <trkpt lat="43.33585" lon="5.25122">
        <ele>16.2</ele>
      </trkpt>
      <trkpt lat="43.33588" lon="5.25128">
        <ele>16.1</ele>
      </trkpt>
      <trkpt lat="43.3359" lon="5.25134">
        <ele>16</ele>
      </trkpt>
      <trkpt lat="43.33596" lon="5.25142">
        <ele>17.2</ele>
      </trkpt>
      <trkpt lat="43.33599" lon="5.25153">
        <ele>14.8</ele>
      </trkpt>
      <trkpt lat="43.33605" lon="5.25159">
        <ele>15.4</ele>
      </trkpt>
      <trkpt lat="43.33613" lon="5.25161">
        <ele>18.5</ele>
      </trkpt>
      <trkpt lat="43.33618" lon="5.25166">
        <ele>19.3</ele>
      </trkpt>
      <trkpt lat="43.33622" lon="5.2517">
        <ele>20.3</ele>
      </trkpt>
      <trkpt lat="43.33625" lon="5.25176">
        <ele>19.7</ele>
      </trkpt>
      <trkpt lat="43.33627" lon="5.25181">
        <ele>19.2</ele>
      </trkpt>
      <trkpt lat="43.3363" lon="5.25187">
        <ele>18.8</ele>
      </trkpt>
      <trkpt lat="43.33633" lon="5.25193">
        <ele>18.4</ele>
      </trkpt>
      <trkpt lat="43.33635" lon="5.25198">
        <ele>18.5</ele>
      </trkpt>
      <trkpt lat="43.33638" lon="5.25204">
        <ele>18.2</ele>
      </trkpt>
      <trkpt lat="43.33641" lon="5.2521">
        <ele>17.6</ele>
      </trkpt>
      <trkpt lat="43.33644" lon="5.25216">
        <ele>17.5</ele>
      </trkpt>
      <trkpt lat="43.33646" lon="5.25221">
        <ele>17.6</ele>
      </trkpt>
      <trkpt lat="43.33649" lon="5.25227">
        <ele>17.6</ele>
      </trkpt>
      <trkpt lat="43.33652" lon="5.25233">
        <ele>17.5</ele>
      </trkpt>
      <trkpt lat="43.33654" lon="5.25238">
        <ele>17.2</ele>
      </trkpt>
      <trkpt lat="43.33657" lon="5.25244">
        <ele>16.7</ele>
      </trkpt>
      <trkpt lat="43.3366" lon="5.2525">
        <ele>16.1</ele>
      </trkpt>
      <trkpt lat="43.33662" lon="5.25255">
        <ele>15.9</ele>
      </trkpt>
      <trkpt lat="43.33665" lon="5.25261">
        <ele>15.6</ele>
      </trkpt>
      <trkpt lat="43.33671" lon="5.25267">
        <ele>13.4</ele>
      </trkpt>
      <trkpt lat="43.33676" lon="5.25265">
        <ele>12.8</ele>
      </trkpt>
      <trkpt lat="43.33681" lon="5.25263">
        <ele>12.2</ele>
      </trkpt>
      <trkpt lat="43.33684" lon="5.25258">
        <ele>13.6</ele>
      </trkpt>
      <trkpt lat="43.33686" lon="5.25252">
        <ele>15.1</ele>
      </trkpt>
      <trkpt lat="43.33693" lon="5.25249">
        <ele>15.2</ele>
      </trkpt>
      <trkpt lat="43.337" lon="5.25245">
        <ele>17.6</ele>
      </trkpt>
      <trkpt lat="43.33705" lon="5.25247">
        <ele>17</ele>
      </trkpt>
      <trkpt lat="43.3371" lon="5.25247">
        <ele>17.5</ele>
      </trkpt>
      <trkpt lat="43.33716" lon="5.25245">
        <ele>19.5</ele>
      </trkpt>
      <trkpt lat="43.33722" lon="5.25243">
        <ele>21.5</ele>
      </trkpt>
      <trkpt lat="43.33727" lon="5.25244">
        <ele>22.4</ele>
      </trkpt>
      <trkpt lat="43.33731" lon="5.25244">
        <ele>23.3</ele>
      </trkpt>
      <trkpt lat="43.33736" lon="5.25245">
        <ele>24.3</ele>
      </trkpt>
      <trkpt lat="43.3374" lon="5.25245">
        <ele>25.3</ele>
      </trkpt>
      <trkpt lat="43.33746" lon="5.25246">
        <ele>26.6</ele>
      </trkpt>
      <trkpt lat="43.33752" lon="5.25248">
        <ele>27.3</ele>
      </trkpt>
      <trkpt lat="43.33757" lon="5.2525">
        <ele>28</ele>
      </trkpt>
      <trkpt lat="43.33762" lon="5.25254">
        <ele>27.5</ele>
      </trkpt>
      <trkpt lat="43.33765" lon="5.25259">
        <ele>26</ele>
      </trkpt>
      <trkpt lat="43.3377" lon="5.25261">
        <ele>26.7</ele>
      </trkpt>
      <trkpt lat="43.33773" lon="5.2526">
        <ele>28.1</ele>
      </trkpt>
      <trkpt lat="43.33775" lon="5.25259">
        <ele>29.2</ele>
      </trkpt>
      <trkpt lat="43.33779" lon="5.25256">
        <ele>30.9</ele>
      </trkpt>
      <trkpt lat="43.33784" lon="5.25254">
        <ele>30.8</ele>
      </trkpt>
      <trkpt lat="43.33788" lon="5.25251">
        <ele>30.5</ele>
      </trkpt>
      <trkpt lat="43.33792" lon="5.25248">
        <ele>30.5</ele>
      </trkpt>
      <trkpt lat="43.33799" lon="5.25246">
        <ele>29.1</ele>
      </trkpt>
      <trkpt lat="43.33805" lon="5.25251">
        <ele>25.1</ele>
      </trkpt>
      <trkpt lat="43.33811" lon="5.25255">
        <ele>25.4</ele>
      </trkpt>
      <trkpt lat="43.33815" lon="5.25258">
        <ele>26.1</ele>
      </trkpt>
      <trkpt lat="43.33816" lon="5.25259">
        <ele>26.4</ele>
      </trkpt>
      <trkpt lat="43.33817" lon="5.25269">
        <ele>26.2</ele>
      </trkpt>
      <trkpt lat="43.33818" lon="5.25279">
        <ele>26.8</ele>
      </trkpt>
      <trkpt lat="43.33815" lon="5.25281">
        <ele>26</ele>
      </trkpt>
      <trkpt lat="43.33811" lon="5.25286">
        <ele>25.6</ele>
      </trkpt>
      <trkpt lat="43.33809" lon="5.2529">
        <ele>25.7</ele>
      </trkpt>
      <trkpt lat="43.33809" lon="5.25299">
        <ele>28.7</ele>
      </trkpt>
      <trkpt lat="43.33808" lon="5.25308">
        <ele>30.7</ele>
      </trkpt>
      <trkpt lat="43.33806" lon="5.25317">
        <ele>31.6</ele>
      </trkpt>
      <trkpt lat="43.33804" lon="5.25325">
        <ele>33.1</ele>
      </trkpt>
      <trkpt lat="43.338" lon="5.25333">
        <ele>34.3</ele>
      </trkpt>
      <trkpt lat="43.33797" lon="5.2534">
        <ele>36.3</ele>
      </trkpt>
      <trkpt lat="43.33793" lon="5.25347">
        <ele>37.7</ele>
      </trkpt>
      <trkpt lat="43.33789" lon="5.25352">
        <ele>38</ele>
      </trkpt>
      <trkpt lat="43.33787" lon="5.25357">
        <ele>38.9</ele>
      </trkpt>
      <trkpt lat="43.33786" lon="5.25361">
        <ele>39.8</ele>
      </trkpt>
      <trkpt lat="43.33787" lon="5.25364">
        <ele>39.8</ele>
      </trkpt>
      <trkpt lat="43.33789" lon="5.25369">
        <ele>39.8</ele>
      </trkpt>
      <trkpt lat="43.33794" lon="5.25375">
        <ele>40.3</ele>
      </trkpt>
      <trkpt lat="43.33799" lon="5.25381">
        <ele>40.1</ele>
      </trkpt>
      <trkpt lat="43.33805" lon="5.25388">
        <ele>39.3</ele>
      </trkpt>
      <trkpt lat="43.3381" lon="5.25394">
        <ele>39.9</ele>
      </trkpt>
      <trkpt lat="43.33814" lon="5.25398">
        <ele>40.3</ele>
      </trkpt>
      <trkpt lat="43.33817" lon="5.25402">
        <ele>40.4</ele>
      </trkpt>
      <trkpt lat="43.33822" lon="5.25406">
        <ele>40.7</ele>
      </trkpt>
      <trkpt lat="43.33826" lon="5.2541">
        <ele>40.8</ele>
      </trkpt>
      <trkpt lat="43.33832" lon="5.25416">
        <ele>40</ele>
      </trkpt>
      <trkpt lat="43.33837" lon="5.25421">
        <ele>40.1</ele>
      </trkpt>
      <trkpt lat="43.33841" lon="5.25425">
        <ele>40.3</ele>
      </trkpt>
      <trkpt lat="43.33846" lon="5.2543">
        <ele>40.3</ele>
      </trkpt>
      <trkpt lat="43.3385" lon="5.25434">
        <ele>40.1</ele>
      </trkpt>
      <trkpt lat="43.33854" lon="5.25438">
        <ele>39.7</ele>
      </trkpt>
      <trkpt lat="43.33861" lon="5.25445">
        <ele>39</ele>
      </trkpt>
      <trkpt lat="43.33868" lon="5.25451">
        <ele>39.9</ele>
      </trkpt>
      <trkpt lat="43.33873" lon="5.25459">
        <ele>39.4</ele>
      </trkpt>
      <trkpt lat="43.33877" lon="5.25463">
        <ele>39.1</ele>
      </trkpt>
      <trkpt lat="43.3388" lon="5.25467">
        <ele>38.6</ele>
      </trkpt>
      <trkpt lat="43.33885" lon="5.25473">
        <ele>37.5</ele>
      </trkpt>
      <trkpt lat="43.33889" lon="5.25479">
        <ele>37.6</ele>
      </trkpt>
      <trkpt lat="43.33894" lon="5.25484">
        <ele>38.4</ele>
      </trkpt>
      <trkpt lat="43.33898" lon="5.2549">
        <ele>38.6</ele>
      </trkpt>
      <trkpt lat="43.33902" lon="5.25496">
        <ele>38.2</ele>
      </trkpt>
      <trkpt lat="43.33906" lon="5.25503">
        <ele>37.5</ele>
      </trkpt>
      <trkpt lat="43.3391" lon="5.25509">
        <ele>37</ele>
      </trkpt>
      <trkpt lat="43.33914" lon="5.25515">
        <ele>36.6</ele>
      </trkpt>
      <trkpt lat="43.3392" lon="5.25522">
        <ele>36</ele>
      </trkpt>
      <trkpt lat="43.33925" lon="5.25528">
        <ele>35</ele>
      </trkpt>
      <trkpt lat="43.33929" lon="5.25533">
        <ele>34.8</ele>
      </trkpt>
      <trkpt lat="43.33933" lon="5.25538">
        <ele>34.6</ele>
      </trkpt>
      <trkpt lat="43.33936" lon="5.25543">
        <ele>34.5</ele>
      </trkpt>
      <trkpt lat="43.3394" lon="5.25548">
        <ele>34.3</ele>
      </trkpt>
      <trkpt lat="43.33944" lon="5.25554">
        <ele>34.1</ele>
      </trkpt>
      <trkpt lat="43.33947" lon="5.25559">
        <ele>34.2</ele>
      </trkpt>
      <trkpt lat="43.33951" lon="5.25565">
        <ele>34.4</ele>
      </trkpt>
      <trkpt lat="43.33955" lon="5.25571">
        <ele>34.5</ele>
      </trkpt>
      <trkpt lat="43.33958" lon="5.25576">
        <ele>34.5</ele>
      </trkpt>
      <trkpt lat="43.33962" lon="5.25582">
        <ele>34.4</ele>
      </trkpt>
      <trkpt lat="43.33965" lon="5.25587">
        <ele>33.7</ele>
      </trkpt>
      <trkpt lat="43.33969" lon="5.25593">
        <ele>32.8</ele>
      </trkpt>
      <trkpt lat="43.3397" lon="5.25596">
        <ele>32.3</ele>
      </trkpt>
      <trkpt lat="43.33975" lon="5.25605">
        <ele>32.6</ele>
      </trkpt>
      <trkpt lat="43.3398" lon="5.25609">
        <ele>35.3</ele>
      </trkpt>
      <trkpt lat="43.33976" lon="5.2561">
        <ele>32.6</ele>
      </trkpt>
      <trkpt lat="43.3397" lon="5.25617">
        <ele>31</ele>
      </trkpt>
      <trkpt lat="43.33965" lon="5.25621">
        <ele>31.2</ele>
      </trkpt>
      <trkpt lat="43.33959" lon="5.25627">
        <ele>30.5</ele>
      </trkpt>
      <trkpt lat="43.33952" lon="5.25633">
        <ele>28.5</ele>
      </trkpt>
      <trkpt lat="43.33948" lon="5.25639">
        <ele>26.3</ele>
      </trkpt>
      <trkpt lat="43.33945" lon="5.25644">
        <ele>24.6</ele>
      </trkpt>
      <trkpt lat="43.33945" lon="5.25649">
        <ele>24.1</ele>
      </trkpt>
      <trkpt lat="43.33946" lon="5.25654">
        <ele>23.9</ele>
      </trkpt>
      <trkpt lat="43.3395" lon="5.25663">
        <ele>24.2</ele>
      </trkpt>
      <trkpt lat="43.33953" lon="5.25672">
        <ele>24</ele>
      </trkpt>
      <trkpt lat="43.33956" lon="5.25677">
        <ele>24</ele>
      </trkpt>
      <trkpt lat="43.33959" lon="5.25682">
        <ele>23.7</ele>
      </trkpt>
      <trkpt lat="43.33962" lon="5.25686">
        <ele>23.3</ele>
      </trkpt>
      <trkpt lat="43.33965" lon="5.25691">
        <ele>22.7</ele>
      </trkpt>
      <trkpt lat="43.33968" lon="5.25699">
        <ele>21</ele>
      </trkpt>
      <trkpt lat="43.33971" lon="5.25707">
        <ele>19.2</ele>
      </trkpt>
      <trkpt lat="43.33975" lon="5.25713">
        <ele>18.9</ele>
      </trkpt>
      <trkpt lat="43.33978" lon="5.25718">
        <ele>18.7</ele>
      </trkpt>
      <trkpt lat="43.33982" lon="5.25727">
        <ele>18.2</ele>
      </trkpt>
      <trkpt lat="43.33985" lon="5.25735">
        <ele>17.8</ele>
      </trkpt>
      <trkpt lat="43.33988" lon="5.25742">
        <ele>17.4</ele>
      </trkpt>
      <trkpt lat="43.33988" lon="5.25748">
        <ele>16</ele>
      </trkpt>
      <trkpt lat="43.33987" lon="5.2575">
        <ele>15.3</ele>
      </trkpt>
      <trkpt lat="43.33984" lon="5.25757">
        <ele>15.3</ele>
      </trkpt>
      <trkpt lat="43.33981" lon="5.25763">
        <ele>15.1</ele>
      </trkpt>
      <trkpt lat="43.33979" lon="5.25771">
        <ele>15</ele>
      </trkpt>
      <trkpt lat="43.33976" lon="5.25778">
        <ele>14.6</ele>
      </trkpt>
      <trkpt lat="43.33975" lon="5.2578">
        <ele>14</ele>
      </trkpt>
      <trkpt lat="43.33974" lon="5.25785">
        <ele>13.2</ele>
      </trkpt>
      <trkpt lat="43.33976" lon="5.25792">
        <ele>13.4</ele>
      </trkpt>
      <trkpt lat="43.33977" lon="5.25798">
        <ele>13.5</ele>
      </trkpt>
      <trkpt lat="43.3398" lon="5.25803">
        <ele>14.3</ele>
      </trkpt>
      <trkpt lat="43.33986" lon="5.25809">
        <ele>15.5</ele>
      </trkpt>
      <trkpt lat="43.33992" lon="5.25815">
        <ele>16.4</ele>
      </trkpt>
      <trkpt lat="43.33998" lon="5.25824">
        <ele>17</ele>
      </trkpt>
      <trkpt lat="43.34" lon="5.25829">
        <ele>16.9</ele>
      </trkpt>
      <trkpt lat="43.33999" lon="5.25836">
        <ele>15.4</ele>
      </trkpt>
      <trkpt lat="43.33997" lon="5.25844">
        <ele>14.2</ele>
      </trkpt>
      <trkpt lat="43.33994" lon="5.25852">
        <ele>13</ele>
      </trkpt>
      <trkpt lat="43.33993" lon="5.25861">
        <ele>12.7</ele>
      </trkpt>
      <trkpt lat="43.33995" lon="5.25872">
        <ele>16.1</ele>
      </trkpt>
      <trkpt lat="43.33998" lon="5.25884">
        <ele>19.5</ele>
      </trkpt>
      <trkpt lat="43.34001" lon="5.25895">
        <ele>22.5</ele>
      </trkpt>
      <trkpt lat="43.34002" lon="5.25903">
        <ele>24.4</ele>
      </trkpt>
      <trkpt lat="43.34004" lon="5.25909">
        <ele>26</ele>
      </trkpt>
      <trkpt lat="43.34006" lon="5.25915">
        <ele>27.5</ele>
      </trkpt>
      <trkpt lat="43.34011" lon="5.25922">
        <ele>29.1</ele>
      </trkpt>
      <trkpt lat="43.34016" lon="5.25929">
        <ele>30.3</ele>
      </trkpt>
      <trkpt lat="43.34021" lon="5.25935">
        <ele>31.2</ele>
      </trkpt>
      <trkpt lat="43.34024" lon="5.2594">
        <ele>31.6</ele>
      </trkpt>
      <trkpt lat="43.34027" lon="5.25945">
        <ele>31.8</ele>
      </trkpt>
      <trkpt lat="43.34033" lon="5.25954">
        <ele>31.1</ele>
      </trkpt>
      <trkpt lat="43.34037" lon="5.25959">
        <ele>30.9</ele>
      </trkpt>
      <trkpt lat="43.3404" lon="5.25964">
        <ele>30.7</ele>
      </trkpt>
      <trkpt lat="43.34044" lon="5.25968">
        <ele>30.5</ele>
      </trkpt>
      <trkpt lat="43.34047" lon="5.25973">
        <ele>30.3</ele>
      </trkpt>
      <trkpt lat="43.34051" lon="5.2598">
        <ele>29.9</ele>
      </trkpt>
      <trkpt lat="43.34054" lon="5.25989">
        <ele>29.2</ele>
      </trkpt>
      <trkpt lat="43.34054" lon="5.25996">
        <ele>27.8</ele>
      </trkpt>
      <trkpt lat="43.34054" lon="5.26003">
        <ele>26.5</ele>
      </trkpt>
      <trkpt lat="43.34054" lon="5.26012">
        <ele>24.7</ele>
      </trkpt>
      <trkpt lat="43.34053" lon="5.2602">
        <ele>23</ele>
      </trkpt>
      <trkpt lat="43.34055" lon="5.26031">
        <ele>22</ele>
      </trkpt>
      <trkpt lat="43.34057" lon="5.26035">
        <ele>21.8</ele>
      </trkpt>
      <trkpt lat="43.34057" lon="5.2604">
        <ele>20.7</ele>
      </trkpt>
      <trkpt lat="43.34051" lon="5.26042">
        <ele>17.6</ele>
      </trkpt>
      <trkpt lat="43.34045" lon="5.26045">
        <ele>14.1</ele>
      </trkpt>
      <trkpt lat="43.34038" lon="5.26047">
        <ele>10.9</ele>
      </trkpt>
      <trkpt lat="43.34032" lon="5.26049">
        <ele>7.6</ele>
      </trkpt>
      <trkpt lat="43.34029" lon="5.26052">
        <ele>5.9</ele>
      </trkpt>
      <trkpt lat="43.34031" lon="5.26057">
        <ele>6.1</ele>
      </trkpt>
      <trkpt lat="43.34035" lon="5.2606">
        <ele>7.3</ele>
      </trkpt>
      <trkpt lat="43.3404" lon="5.26063">
        <ele>8.1</ele>
      </trkpt>
      <trkpt lat="43.34044" lon="5.26065">
        <ele>8.7</ele>
      </trkpt>
      <trkpt lat="43.34048" lon="5.26068">
        <ele>9</ele>
      </trkpt>
      <trkpt lat="43.3405" lon="5.2607">
        <ele>8.8</ele>
      </trkpt>
      <trkpt lat="43.34055" lon="5.26079">
        <ele>5.9</ele>
      </trkpt>
      <trkpt lat="43.34059" lon="5.26083">
        <ele>4.4</ele>
      </trkpt>
      <trkpt lat="43.34063" lon="5.26086">
        <ele>3.8</ele>
      </trkpt>
      <trkpt lat="43.3407" lon="5.26088">
        <ele>3.8</ele>
      </trkpt>
      <trkpt lat="43.34077" lon="5.2609">
        <ele>3.8</ele>
      </trkpt>
      <trkpt lat="43.34085" lon="5.26093">
        <ele>4</ele>
      </trkpt>
      <trkpt lat="43.34094" lon="5.26096">
        <ele>4.2</ele>
      </trkpt>
      <trkpt lat="43.34102" lon="5.26098">
        <ele>4.3</ele>
      </trkpt>
      <trkpt lat="43.3411" lon="5.26101">
        <ele>4.3</ele>
      </trkpt>
      <trkpt lat="43.34115" lon="5.26102">
        <ele>4.3</ele>
      </trkpt>
      <trkpt lat="43.3412" lon="5.26102">
        <ele>4.1</ele>
      </trkpt>
      <trkpt lat="43.34125" lon="5.26102">
        <ele>4</ele>
      </trkpt>
      <trkpt lat="43.3413" lon="5.26102">
        <ele>3.9</ele>
      </trkpt>
      <trkpt lat="43.34137" lon="5.26101">
        <ele>3.9</ele>
      </trkpt>
      <trkpt lat="43.34144" lon="5.26099">
        <ele>3.9</ele>
      </trkpt>
      <trkpt lat="43.34152" lon="5.26096">
        <ele>4</ele>
      </trkpt>
      <trkpt lat="43.34159" lon="5.26093">
        <ele>3.8</ele>
      </trkpt>
      <trkpt lat="43.34163" lon="5.2609">
        <ele>3.8</ele>
      </trkpt>
      <trkpt lat="43.34168" lon="5.26086">
        <ele>3.8</ele>
      </trkpt>
      <trkpt lat="43.34172" lon="5.26083">
        <ele>3.9</ele>
      </trkpt>
      <trkpt lat="43.34176" lon="5.26079">
        <ele>4.6</ele>
      </trkpt>
      <trkpt lat="43.34181" lon="5.26074">
        <ele>5.1</ele>
      </trkpt>
      <trkpt lat="43.34185" lon="5.2607">
        <ele>5</ele>
      </trkpt>
      <trkpt lat="43.3419" lon="5.26065">
        <ele>4.3</ele>
      </trkpt>
      <trkpt lat="43.34194" lon="5.2606">
        <ele>3</ele>
      </trkpt>
      <trkpt lat="43.34199" lon="5.26056">
        <ele>2.8</ele>
      </trkpt>
      <trkpt lat="43.34203" lon="5.26052">
        <ele>2.7</ele>
      </trkpt>
      <trkpt lat="43.34209" lon="5.26044">
        <ele>2.5</ele>
      </trkpt>
      <trkpt lat="43.34213" lon="5.26039">
        <ele>2.3</ele>
      </trkpt>
      <trkpt lat="43.34217" lon="5.26034">
        <ele>2.2</ele>
      </trkpt>
      <trkpt lat="43.34222" lon="5.26028">
        <ele>2</ele>
      </trkpt>
      <trkpt lat="43.34226" lon="5.26022">
        <ele>3</ele>
      </trkpt>
      <trkpt lat="43.34228" lon="5.26021">
        <ele>3.1</ele>
      </trkpt>
      <trkpt lat="43.34232" lon="5.26014">
        <ele>3.8</ele>
      </trkpt>
      <trkpt lat="43.34236" lon="5.26011">
        <ele>3.9</ele>
      </trkpt>
      <trkpt lat="43.34241" lon="5.26007">
        <ele>3.8</ele>
      </trkpt>
      <trkpt lat="43.34245" lon="5.26004">
        <ele>3.6</ele>
      </trkpt>
      <trkpt lat="43.34249" lon="5.26">
        <ele>3.1</ele>
      </trkpt>
      <trkpt lat="43.34255" lon="5.25994">
        <ele>4.2</ele>
      </trkpt>
      <trkpt lat="43.3426" lon="5.25988">
        <ele>4.9</ele>
      </trkpt>
      <trkpt lat="43.34264" lon="5.25984">
        <ele>5.1</ele>
      </trkpt>
      <trkpt lat="43.3427" lon="5.2599">
        <ele>4.7</ele>
      </trkpt>
      <trkpt lat="43.34275" lon="5.25996">
        <ele>4.7</ele>
      </trkpt>
      <trkpt lat="43.34276" lon="5.26001">
        <ele>5</ele>
      </trkpt>
      <trkpt lat="43.34277" lon="5.26004">
        <ele>5.5</ele>
      </trkpt>
      <trkpt lat="43.34277" lon="5.26007">
        <ele>5.9</ele>
      </trkpt>
      <trkpt lat="43.34276" lon="5.26018">
        <ele>7.3</ele>
      </trkpt>
      <trkpt lat="43.34275" lon="5.26024">
        <ele>8</ele>
      </trkpt>
      <trkpt lat="43.34274" lon="5.26028">
        <ele>8.4</ele>
      </trkpt>
      <trkpt lat="43.34271" lon="5.26035">
        <ele>9</ele>
      </trkpt>
      <trkpt lat="43.34269" lon="5.26039">
        <ele>9.2</ele>
      </trkpt>
      <trkpt lat="43.34269" lon="5.26042">
        <ele>9.7</ele>
      </trkpt>
      <trkpt lat="43.34268" lon="5.26045">
        <ele>9.9</ele>
      </trkpt>
      <trkpt lat="43.34268" lon="5.26048">
        <ele>10.3</ele>
      </trkpt>
      <trkpt lat="43.34269" lon="5.26053">
        <ele>11.4</ele>
      </trkpt>
      <trkpt lat="43.34268" lon="5.26056">
        <ele>11.6</ele>
      </trkpt>
      <trkpt lat="43.34268" lon="5.26059">
        <ele>12.6</ele>
      </trkpt>
      <trkpt lat="43.34267" lon="5.26062">
        <ele>13.2</ele>
      </trkpt>
      <trkpt lat="43.34265" lon="5.26063">
        <ele>12.8</ele>
      </trkpt>
      <trkpt lat="43.34264" lon="5.26065">
        <ele>13.1</ele>
      </trkpt>
      <trkpt lat="43.34261" lon="5.26067">
        <ele>12.7</ele>
      </trkpt>
      <trkpt lat="43.3426" lon="5.26068">
        <ele>12.6</ele>
      </trkpt>
      <trkpt lat="43.34258" lon="5.26071">
        <ele>12.9</ele>
      </trkpt>
      <trkpt lat="43.34258" lon="5.26073">
        <ele>13.5</ele>
      </trkpt>
      <trkpt lat="43.34257" lon="5.26076">
        <ele>14.1</ele>
      </trkpt>
      <trkpt lat="43.34256" lon="5.2608">
        <ele>15.1</ele>
      </trkpt>
      <trkpt lat="43.34253" lon="5.26082">
        <ele>14.6</ele>
      </trkpt>
      <trkpt lat="43.34252" lon="5.26084">
        <ele>14.9</ele>
      </trkpt>
      <trkpt lat="43.34249" lon="5.26087">
        <ele>14.5</ele>
      </trkpt>
      <trkpt lat="43.34243" lon="5.26093">
        <ele>12.9</ele>
      </trkpt>
      <trkpt lat="43.34239" lon="5.26103">
        <ele>12.1</ele>
      </trkpt>
      <trkpt lat="43.34235" lon="5.26113">
        <ele>10.3</ele>
      </trkpt>
      <trkpt lat="43.34235" lon="5.26117">
        <ele>10.5</ele>
      </trkpt>
      <trkpt lat="43.34235" lon="5.26119">
        <ele>10.6</ele>
      </trkpt>
      <trkpt lat="43.34236" lon="5.26124">
        <ele>11.6</ele>
      </trkpt>
      <trkpt lat="43.34238" lon="5.26129">
        <ele>13.5</ele>
      </trkpt>
      <trkpt lat="43.34238" lon="5.26132">
        <ele>13.6</ele>
      </trkpt>
      <trkpt lat="43.3424" lon="5.26136">
        <ele>15.5</ele>
      </trkpt>
      <trkpt lat="43.34241" lon="5.2614">
        <ele>16.5</ele>
      </trkpt>
      <trkpt lat="43.34243" lon="5.26145">
        <ele>18.2</ele>
      </trkpt>
      <trkpt lat="43.34247" lon="5.26155">
        <ele>21.5</ele>
      </trkpt>
      <trkpt lat="43.34249" lon="5.26162">
        <ele>23.2</ele>
      </trkpt>
      <trkpt lat="43.3425" lon="5.26165">
        <ele>24</ele>
      </trkpt>
      <trkpt lat="43.34252" lon="5.26172">
        <ele>27.3</ele>
      </trkpt>
      <trkpt lat="43.34252" lon="5.26175">
        <ele>27.5</ele>
      </trkpt>
      <trkpt lat="43.34251" lon="5.26179">
        <ele>26.4</ele>
      </trkpt>
      <trkpt lat="43.34251" lon="5.26183">
        <ele>26.7</ele>
      </trkpt>
      <trkpt lat="43.34251" lon="5.26186">
        <ele>26.9</ele>
      </trkpt>
      <trkpt lat="43.34251" lon="5.26191">
        <ele>27.3</ele>
      </trkpt>
      <trkpt lat="43.34251" lon="5.26195">
        <ele>27.7</ele>
      </trkpt>
      <trkpt lat="43.3425" lon="5.26205">
        <ele>28.7</ele>
      </trkpt>
      <trkpt lat="43.3425" lon="5.26211">
        <ele>30.2</ele>
      </trkpt>
      <trkpt lat="43.34249" lon="5.26216">
        <ele>30.6</ele>
      </trkpt>
      <trkpt lat="43.34245" lon="5.26219">
        <ele>28</ele>
      </trkpt>
      <trkpt lat="43.34242" lon="5.26221">
        <ele>26</ele>
      </trkpt>
      <trkpt lat="43.3424" lon="5.26223">
        <ele>25.4</ele>
      </trkpt>
      <trkpt lat="43.34237" lon="5.26225">
        <ele>24.7</ele>
      </trkpt>
      <trkpt lat="43.34234" lon="5.26227">
        <ele>23.7</ele>
      </trkpt>
      <trkpt lat="43.34233" lon="5.2623">
        <ele>25.3</ele>
      </trkpt>
      <trkpt lat="43.34233" lon="5.26231">
        <ele>26.2</ele>
      </trkpt>
      <trkpt lat="43.34229" lon="5.26234">
        <ele>24.7</ele>
      </trkpt>
      <trkpt lat="43.34227" lon="5.26236">
        <ele>24.2</ele>
      </trkpt>
      <trkpt lat="43.34225" lon="5.26238">
        <ele>23.7</ele>
      </trkpt>
      <trkpt lat="43.34224" lon="5.2624">
        <ele>24</ele>
      </trkpt>
      <trkpt lat="43.34222" lon="5.26243">
        <ele>24.1</ele>
      </trkpt>
      <trkpt lat="43.34219" lon="5.26246">
        <ele>24.4</ele>
      </trkpt>
      <trkpt lat="43.34217" lon="5.26248">
        <ele>24.3</ele>
      </trkpt>
      <trkpt lat="43.34215" lon="5.26251">
        <ele>24.4</ele>
      </trkpt>
      <trkpt lat="43.34214" lon="5.26253">
        <ele>24.3</ele>
      </trkpt>
      <trkpt lat="43.3421" lon="5.26258">
        <ele>23.1</ele>
      </trkpt>
      <trkpt lat="43.34209" lon="5.26259">
        <ele>22.7</ele>
      </trkpt>
      <trkpt lat="43.34207" lon="5.2626">
        <ele>21.6</ele>
      </trkpt>
      <trkpt lat="43.34204" lon="5.26262">
        <ele>20.1</ele>
      </trkpt>
      <trkpt lat="43.34202" lon="5.26263">
        <ele>19</ele>
      </trkpt>
      <trkpt lat="43.34199" lon="5.26268">
        <ele>18.4</ele>
      </trkpt>
      <trkpt lat="43.34198" lon="5.26273">
        <ele>19.2</ele>
      </trkpt>
      <trkpt lat="43.34194" lon="5.26279">
        <ele>17.9</ele>
      </trkpt>
      <trkpt lat="43.34193" lon="5.26282">
        <ele>17.7</ele>
      </trkpt>
      <trkpt lat="43.34192" lon="5.26284">
        <ele>17.6</ele>
      </trkpt>
      <trkpt lat="43.3419" lon="5.2629">
        <ele>17.1</ele>
      </trkpt>
      <trkpt lat="43.34191" lon="5.26294">
        <ele>16.8</ele>
      </trkpt>
      <trkpt lat="43.3419" lon="5.26296">
        <ele>16.7</ele>
      </trkpt>
      <trkpt lat="43.3419" lon="5.26301">
        <ele>16.3</ele>
      </trkpt>
      <trkpt lat="43.34191" lon="5.26302">
        <ele>16.3</ele>
      </trkpt>
      <trkpt lat="43.34193" lon="5.26302">
        <ele>16.3</ele>
      </trkpt>
      <trkpt lat="43.34195" lon="5.26301">
        <ele>17</ele>
      </trkpt>
      <trkpt lat="43.34196" lon="5.26304">
        <ele>18.1</ele>
      </trkpt>
      <trkpt lat="43.34197" lon="5.26307">
        <ele>19.1</ele>
      </trkpt>
      <trkpt lat="43.34198" lon="5.26311">
        <ele>19.6</ele>
      </trkpt>
      <trkpt lat="43.34199" lon="5.26315">
        <ele>20</ele>
      </trkpt>
      <trkpt lat="43.34201" lon="5.2632">
        <ele>21.3</ele>
      </trkpt>
      <trkpt lat="43.34202" lon="5.26326">
        <ele>21</ele>
      </trkpt>
      <trkpt lat="43.34203" lon="5.26329">
        <ele>21.4</ele>
      </trkpt>
      <trkpt lat="43.34204" lon="5.26333">
        <ele>21.4</ele>
      </trkpt>
      <trkpt lat="43.34203" lon="5.26335">
        <ele>20</ele>
      </trkpt>
      <trkpt lat="43.34203" lon="5.26342">
        <ele>19.1</ele>
      </trkpt>
      <trkpt lat="43.34204" lon="5.26343">
        <ele>20</ele>
      </trkpt>
      <trkpt lat="43.34205" lon="5.26344">
        <ele>20.9</ele>
      </trkpt>
      <trkpt lat="43.34207" lon="5.26345">
        <ele>22.8</ele>
      </trkpt>
      <trkpt lat="43.3421" lon="5.26346">
        <ele>25.6</ele>
      </trkpt>
      <trkpt lat="43.34211" lon="5.26348">
        <ele>26.3</ele>
      </trkpt>
      <trkpt lat="43.34212" lon="5.26349">
        <ele>27</ele>
      </trkpt>
      <trkpt lat="43.34212" lon="5.26352">
        <ele>26.5</ele>
      </trkpt>
      <trkpt lat="43.34212" lon="5.26355">
        <ele>25.9</ele>
      </trkpt>
      <trkpt lat="43.34212" lon="5.26358">
        <ele>25.4</ele>
      </trkpt>
      <trkpt lat="43.34211" lon="5.2636">
        <ele>24.1</ele>
      </trkpt>
      <trkpt lat="43.34211" lon="5.26365">
        <ele>25.1</ele>
      </trkpt>
      <trkpt lat="43.34211" lon="5.26369">
        <ele>26.4</ele>
      </trkpt>
      <trkpt lat="43.34211" lon="5.26371">
        <ele>27</ele>
      </trkpt>
      <trkpt lat="43.3421" lon="5.26376">
        <ele>27.8</ele>
      </trkpt>
      <trkpt lat="43.34209" lon="5.26377">
        <ele>27.4</ele>
      </trkpt>
      <trkpt lat="43.34207" lon="5.26383">
        <ele>28.1</ele>
      </trkpt>
      <trkpt lat="43.34206" lon="5.26385">
        <ele>28.2</ele>
      </trkpt>
      <trkpt lat="43.34204" lon="5.26389">
        <ele>28.5</ele>
      </trkpt>
      <trkpt lat="43.34204" lon="5.26391">
        <ele>28.4</ele>
      </trkpt>
      <trkpt lat="43.34203" lon="5.264">
        <ele>27.3</ele>
      </trkpt>
      <trkpt lat="43.34203" lon="5.26403">
        <ele>27.2</ele>
      </trkpt>
      <trkpt lat="43.34203" lon="5.26407">
        <ele>27</ele>
      </trkpt>
      <trkpt lat="43.34202" lon="5.26409">
        <ele>26.2</ele>
      </trkpt>
      <trkpt lat="43.342" lon="5.26415">
        <ele>24.3</ele>
      </trkpt>
      <trkpt lat="43.342" lon="5.26421">
        <ele>24.9</ele>
      </trkpt>
      <trkpt lat="43.342" lon="5.26425">
        <ele>25.6</ele>
      </trkpt>
      <trkpt lat="43.34201" lon="5.26428">
        <ele>27</ele>
      </trkpt>
      <trkpt lat="43.342" lon="5.26431">
        <ele>26.7</ele>
      </trkpt>
      <trkpt lat="43.34197" lon="5.26441">
        <ele>25.8</ele>
      </trkpt>
      <trkpt lat="43.34195" lon="5.26451">
        <ele>25.5</ele>
      </trkpt>
      <trkpt lat="43.34194" lon="5.26455">
        <ele>25.1</ele>
      </trkpt>
      <trkpt lat="43.34189" lon="5.26464">
        <ele>22</ele>
      </trkpt>
      <trkpt lat="43.34188" lon="5.26466">
        <ele>21.3</ele>
      </trkpt>
      <trkpt lat="43.34188" lon="5.26469">
        <ele>21.6</ele>
      </trkpt>
      <trkpt lat="43.34189" lon="5.26472">
        <ele>22.9</ele>
      </trkpt>
      <trkpt lat="43.34192" lon="5.26477">
        <ele>24.2</ele>
      </trkpt>
      <trkpt lat="43.34197" lon="5.26485">
        <ele>25.9</ele>
      </trkpt>
      <trkpt lat="43.34203" lon="5.26495">
        <ele>27.8</ele>
      </trkpt>
      <trkpt lat="43.34208" lon="5.26504">
        <ele>31.3</ele>
      </trkpt>
      <trkpt lat="43.3421" lon="5.26508">
        <ele>33</ele>
      </trkpt>
      <trkpt lat="43.34212" lon="5.26514">
        <ele>34.3</ele>
      </trkpt>
      <trkpt lat="43.34211" lon="5.26523">
        <ele>33.3</ele>
      </trkpt>
      <trkpt lat="43.34209" lon="5.26534">
        <ele>31.9</ele>
      </trkpt>
      <trkpt lat="43.3421" lon="5.26539">
        <ele>32</ele>
      </trkpt>
      <trkpt lat="43.34212" lon="5.26543">
        <ele>32.4</ele>
      </trkpt>
      <trkpt lat="43.34217" lon="5.26549">
        <ele>33.4</ele>
      </trkpt>
      <trkpt lat="43.34223" lon="5.26553">
        <ele>34.3</ele>
      </trkpt>
      <trkpt lat="43.34229" lon="5.26557">
        <ele>33.1</ele>
      </trkpt>
      <trkpt lat="43.34235" lon="5.2656">
        <ele>31.8</ele>
      </trkpt>
      <trkpt lat="43.34238" lon="5.26561">
        <ele>31.4</ele>
      </trkpt>
      <trkpt lat="43.34243" lon="5.26565">
        <ele>30.1</ele>
      </trkpt>
      <trkpt lat="43.34248" lon="5.26568">
        <ele>29.3</ele>
      </trkpt>
      <trkpt lat="43.34252" lon="5.26569">
        <ele>28.1</ele>
      </trkpt>
      <trkpt lat="43.34254" lon="5.26567">
        <ele>27.4</ele>
      </trkpt>
      <trkpt lat="43.34255" lon="5.26565">
        <ele>27.1</ele>
      </trkpt>
      <trkpt lat="43.34257" lon="5.26558">
        <ele>26.1</ele>
      </trkpt>
      <trkpt lat="43.34258" lon="5.26551">
        <ele>26.6</ele>
      </trkpt>
      <trkpt lat="43.3426" lon="5.26544">
        <ele>27.1</ele>
      </trkpt>
      <trkpt lat="43.34262" lon="5.26536">
        <ele>28</ele>
      </trkpt>
      <trkpt lat="43.34265" lon="5.2653">
        <ele>28.3</ele>
      </trkpt>
      <trkpt lat="43.34267" lon="5.26524">
        <ele>28.8</ele>
      </trkpt>
      <trkpt lat="43.3427" lon="5.26518">
        <ele>29.5</ele>
      </trkpt>
      <trkpt lat="43.34272" lon="5.26512">
        <ele>30.3</ele>
      </trkpt>
      <trkpt lat="43.34275" lon="5.26503">
        <ele>32.2</ele>
      </trkpt>
      <trkpt lat="43.34278" lon="5.26494">
        <ele>34.1</ele>
      </trkpt>
      <trkpt lat="43.34284" lon="5.26493">
        <ele>34</ele>
      </trkpt>
      <trkpt lat="43.3429" lon="5.26493">
        <ele>33.6</ele>
      </trkpt>
      <trkpt lat="43.34296" lon="5.26492">
        <ele>33.2</ele>
      </trkpt>
      <trkpt lat="43.34302" lon="5.26491">
        <ele>32.9</ele>
      </trkpt>
      <trkpt lat="43.34306" lon="5.26486">
        <ele>34.1</ele>
      </trkpt>
      <trkpt lat="43.34309" lon="5.26486">
        <ele>34.5</ele>
      </trkpt>
      <trkpt lat="43.34311" lon="5.2649">
        <ele>33.6</ele>
      </trkpt>
      <trkpt lat="43.34312" lon="5.26493">
        <ele>33</ele>
      </trkpt>
      <trkpt lat="43.34315" lon="5.26495">
        <ele>33</ele>
      </trkpt>
      <trkpt lat="43.34316" lon="5.26492">
        <ele>33.9</ele>
      </trkpt>
      <trkpt lat="43.3432" lon="5.26492">
        <ele>34.5</ele>
      </trkpt>
      <trkpt lat="43.34321" lon="5.26495">
        <ele>33.9</ele>
      </trkpt>
      <trkpt lat="43.34327" lon="5.26503">
        <ele>32.7</ele>
      </trkpt>
      <trkpt lat="43.34335" lon="5.26508">
        <ele>32.6</ele>
      </trkpt>
      <trkpt lat="43.3434" lon="5.26515">
        <ele>31.4</ele>
      </trkpt>
      <trkpt lat="43.34343" lon="5.26516">
        <ele>31.8</ele>
      </trkpt>
      <trkpt lat="43.34346" lon="5.26521">
        <ele>31.4</ele>
      </trkpt>
      <trkpt lat="43.34351" lon="5.26524">
        <ele>32.1</ele>
      </trkpt>
      <trkpt lat="43.34355" lon="5.26527">
        <ele>33.1</ele>
      </trkpt>
      <trkpt lat="43.3436" lon="5.26529">
        <ele>34</ele>
      </trkpt>
      <trkpt lat="43.34364" lon="5.2653">
        <ele>35.2</ele>
      </trkpt>
      <trkpt lat="43.34363" lon="5.26536">
        <ele>30.7</ele>
      </trkpt>
      <trkpt lat="43.34361" lon="5.26542">
        <ele>26.3</ele>
      </trkpt>
      <trkpt lat="43.3436" lon="5.26548">
        <ele>22.1</ele>
      </trkpt>
      <trkpt lat="43.34358" lon="5.26554">
        <ele>17.9</ele>
      </trkpt>
      <trkpt lat="43.34358" lon="5.26562">
        <ele>16.2</ele>
      </trkpt>
      <trkpt lat="43.34357" lon="5.26569">
        <ele>15.3</ele>
      </trkpt>
      <trkpt lat="43.34359" lon="5.26575">
        <ele>15.6</ele>
      </trkpt>
      <trkpt lat="43.3436" lon="5.26579">
        <ele>15.7</ele>
      </trkpt>
      <trkpt lat="43.34359" lon="5.26583">
        <ele>14.9</ele>
      </trkpt>
      <trkpt lat="43.34359" lon="5.26585">
        <ele>15.2</ele>
      </trkpt>
      <trkpt lat="43.34359" lon="5.26589">
        <ele>16.2</ele>
      </trkpt>
      <trkpt lat="43.34358" lon="5.26593">
        <ele>16.5</ele>
      </trkpt>
      <trkpt lat="43.3436" lon="5.266">
        <ele>19.4</ele>
      </trkpt>
      <trkpt lat="43.34361" lon="5.26604">
        <ele>21.1</ele>
      </trkpt>
      <trkpt lat="43.34364" lon="5.26611">
        <ele>25.5</ele>
      </trkpt>
      <trkpt lat="43.34368" lon="5.26618">
        <ele>26.4</ele>
      </trkpt>
      <trkpt lat="43.34372" lon="5.26625">
        <ele>27.2</ele>
      </trkpt>
      <trkpt lat="43.34377" lon="5.26633">
        <ele>28.4</ele>
      </trkpt>
      <trkpt lat="43.3438" lon="5.26638">
        <ele>29</ele>
      </trkpt>
      <trkpt lat="43.34383" lon="5.26643">
        <ele>28.3</ele>
      </trkpt>
      <trkpt lat="43.34385" lon="5.26649">
        <ele>25.6</ele>
      </trkpt>
      <trkpt lat="43.34387" lon="5.26654">
        <ele>23.3</ele>
      </trkpt>
      <trkpt lat="43.34389" lon="5.26659">
        <ele>21</ele>
      </trkpt>
      <trkpt lat="43.34391" lon="5.26662">
        <ele>22.1</ele>
      </trkpt>
      <trkpt lat="43.34394" lon="5.26669">
        <ele>23.5</ele>
      </trkpt>
      <trkpt lat="43.34398" lon="5.26677">
        <ele>27</ele>
      </trkpt>
      <trkpt lat="43.34401" lon="5.26684">
        <ele>30</ele>
      </trkpt>
      <trkpt lat="43.34404" lon="5.26693">
        <ele>31.3</ele>
      </trkpt>
      <trkpt lat="43.34407" lon="5.26701">
        <ele>32.5</ele>
      </trkpt>
      <trkpt lat="43.34408" lon="5.26707">
        <ele>31.3</ele>
      </trkpt>
      <trkpt lat="43.3441" lon="5.26713">
        <ele>31.1</ele>
      </trkpt>
      <trkpt lat="43.3441" lon="5.26722">
        <ele>26.7</ele>
      </trkpt>
      <trkpt lat="43.34411" lon="5.2673">
        <ele>27.2</ele>
      </trkpt>
      <trkpt lat="43.3441" lon="5.26734">
        <ele>26</ele>
      </trkpt>
      <trkpt lat="43.34409" lon="5.26736">
        <ele>25</ele>
      </trkpt>
      <trkpt lat="43.34408" lon="5.26739">
        <ele>24</ele>
      </trkpt>
      <trkpt lat="43.34408" lon="5.26744">
        <ele>23.9</ele>
      </trkpt>
      <trkpt lat="43.34407" lon="5.26753">
        <ele>22</ele>
      </trkpt>
      <trkpt lat="43.34407" lon="5.26755">
        <ele>21.3</ele>
      </trkpt>
      <trkpt lat="43.34409" lon="5.26757">
        <ele>21.9</ele>
      </trkpt>
      <trkpt lat="43.3441" lon="5.26758">
        <ele>22.2</ele>
      </trkpt>
      <trkpt lat="43.34415" lon="5.2676">
        <ele>24.6</ele>
      </trkpt>
      <trkpt lat="43.34421" lon="5.26762">
        <ele>27.1</ele>
      </trkpt>
      <trkpt lat="43.34426" lon="5.26764">
        <ele>28.8</ele>
      </trkpt>
      <trkpt lat="43.3443" lon="5.26766">
        <ele>30.1</ele>
      </trkpt>
      <trkpt lat="43.34437" lon="5.2677">
        <ele>32.1</ele>
      </trkpt>
      <trkpt lat="43.34443" lon="5.26773">
        <ele>34.1</ele>
      </trkpt>
      <trkpt lat="43.34445" lon="5.26774">
        <ele>34.7</ele>
      </trkpt>
      <trkpt lat="43.34447" lon="5.26776">
        <ele>34.8</ele>
      </trkpt>
      <trkpt lat="43.34448" lon="5.26777">
        <ele>34.8</ele>
      </trkpt>
      <trkpt lat="43.3445" lon="5.2678">
        <ele>35</ele>
      </trkpt>
      <trkpt lat="43.34451" lon="5.26782">
        <ele>35.1</ele>
      </trkpt>
      <trkpt lat="43.34452" lon="5.26788">
        <ele>34.7</ele>
      </trkpt>
      <trkpt lat="43.34454" lon="5.26795">
        <ele>34.8</ele>
      </trkpt>
      <trkpt lat="43.34456" lon="5.26801">
        <ele>35.1</ele>
      </trkpt>
      <trkpt lat="43.34457" lon="5.26805">
        <ele>35.2</ele>
      </trkpt>
      <trkpt lat="43.34457" lon="5.26809">
        <ele>34.8</ele>
      </trkpt>
      <trkpt lat="43.34457" lon="5.26819">
        <ele>33.7</ele>
      </trkpt>
      <trkpt lat="43.34457" lon="5.26822">
        <ele>33.4</ele>
      </trkpt>
      <trkpt lat="43.34457" lon="5.26827">
        <ele>32.9</ele>
      </trkpt>
      <trkpt lat="43.34457" lon="5.26834">
        <ele>32.2</ele>
      </trkpt>
      <trkpt lat="43.34457" lon="5.26838">
        <ele>32.2</ele>
      </trkpt>
      <trkpt lat="43.34458" lon="5.26845">
        <ele>33</ele>
      </trkpt>
      <trkpt lat="43.34458" lon="5.26851">
        <ele>33.1</ele>
      </trkpt>
      <trkpt lat="43.34458" lon="5.26856">
        <ele>33.1</ele>
      </trkpt>
      <trkpt lat="43.34456" lon="5.26861">
        <ele>31.4</ele>
      </trkpt>
      <trkpt lat="43.34455" lon="5.26864">
        <ele>31.3</ele>
      </trkpt>
      <trkpt lat="43.34454" lon="5.26869">
        <ele>31.9</ele>
      </trkpt>
      <trkpt lat="43.34454" lon="5.26875">
        <ele>33.6</ele>
      </trkpt>
      <trkpt lat="43.34452" lon="5.26881">
        <ele>33.4</ele>
      </trkpt>
      <trkpt lat="43.3445" lon="5.26883">
        <ele>32</ele>
      </trkpt>
      <trkpt lat="43.34449" lon="5.26884">
        <ele>31.3</ele>
      </trkpt>
      <trkpt lat="43.34447" lon="5.26887">
        <ele>30.1</ele>
      </trkpt>
      <trkpt lat="43.34445" lon="5.26892">
        <ele>28.2</ele>
      </trkpt>
      <trkpt lat="43.34443" lon="5.26901">
        <ele>25.5</ele>
      </trkpt>
      <trkpt lat="43.34442" lon="5.26908">
        <ele>24</ele>
      </trkpt>
      <trkpt lat="43.34443" lon="5.26915">
        <ele>23.7</ele>
      </trkpt>
      <trkpt lat="43.34443" lon="5.26921">
        <ele>21.5</ele>
      </trkpt>
      <trkpt lat="43.34444" lon="5.26923">
        <ele>21.1</ele>
      </trkpt>
      <trkpt lat="43.34446" lon="5.26926">
        <ele>21.3</ele>
      </trkpt>
      <trkpt lat="43.34448" lon="5.26928">
        <ele>22.4</ele>
      </trkpt>
      <trkpt lat="43.34451" lon="5.26936">
        <ele>22.1</ele>
      </trkpt>
      <trkpt lat="43.34453" lon="5.26938">
        <ele>23.7</ele>
      </trkpt>
      <trkpt lat="43.34456" lon="5.2694">
        <ele>26.9</ele>
      </trkpt>
      <trkpt lat="43.34457" lon="5.26942">
        <ele>27.5</ele>
      </trkpt>
      <trkpt lat="43.34458" lon="5.26947">
        <ele>27.1</ele>
      </trkpt>
      <trkpt lat="43.34457" lon="5.26949">
        <ele>25</ele>
      </trkpt>
      <trkpt lat="43.34457" lon="5.26953">
        <ele>23.6</ele>
      </trkpt>
      <trkpt lat="43.34456" lon="5.26956">
        <ele>21.4</ele>
      </trkpt>
      <trkpt lat="43.34455" lon="5.26961">
        <ele>18.6</ele>
      </trkpt>
      <trkpt lat="43.34456" lon="5.26965">
        <ele>18.4</ele>
      </trkpt>
      <trkpt lat="43.34457" lon="5.26969">
        <ele>18</ele>
      </trkpt>
      <trkpt lat="43.34462" lon="5.26975">
        <ele>20.3</ele>
      </trkpt>
      <trkpt lat="43.34467" lon="5.2698">
        <ele>22.4</ele>
      </trkpt>
      <trkpt lat="43.3447" lon="5.26983">
        <ele>23.4</ele>
      </trkpt>
      <trkpt lat="43.34472" lon="5.26986">
        <ele>23.4</ele>
      </trkpt>
      <trkpt lat="43.34476" lon="5.26992">
        <ele>23.8</ele>
      </trkpt>
      <trkpt lat="43.34481" lon="5.26999">
        <ele>23.9</ele>
      </trkpt>
      <trkpt lat="43.34486" lon="5.27006">
        <ele>25</ele>
      </trkpt>
      <trkpt lat="43.34489" lon="5.27009">
        <ele>26.2</ele>
      </trkpt>
      <trkpt lat="43.34492" lon="5.27013">
        <ele>27.2</ele>
      </trkpt>
      <trkpt lat="43.34494" lon="5.27017">
        <ele>27.5</ele>
      </trkpt>
      <trkpt lat="43.34496" lon="5.2702">
        <ele>28.2</ele>
      </trkpt>
      <trkpt lat="43.34499" lon="5.27028">
        <ele>28.1</ele>
      </trkpt>
      <trkpt lat="43.34503" lon="5.27037">
        <ele>28.1</ele>
      </trkpt>
      <trkpt lat="43.34507" lon="5.27046">
        <ele>28.4</ele>
      </trkpt>
      <trkpt lat="43.34512" lon="5.27051">
        <ele>31.3</ele>
      </trkpt>
      <trkpt lat="43.34514" lon="5.27054">
        <ele>32.2</ele>
      </trkpt>
      <trkpt lat="43.34515" lon="5.27056">
        <ele>32.4</ele>
      </trkpt>
      <trkpt lat="43.34516" lon="5.27058">
        <ele>32.7</ele>
      </trkpt>
      <trkpt lat="43.34516" lon="5.27061">
        <ele>31.6</ele>
      </trkpt>
      <trkpt lat="43.34517" lon="5.27063">
        <ele>31.8</ele>
      </trkpt>
      <trkpt lat="43.34517" lon="5.27065">
        <ele>31.1</ele>
      </trkpt>
      <trkpt lat="43.34519" lon="5.27067">
        <ele>32.2</ele>
      </trkpt>
      <trkpt lat="43.34521" lon="5.27069">
        <ele>33.2</ele>
      </trkpt>
      <trkpt lat="43.34526" lon="5.27072">
        <ele>36.1</ele>
      </trkpt>
      <trkpt lat="43.3453" lon="5.27074">
        <ele>38.7</ele>
      </trkpt>
      <trkpt lat="43.34531" lon="5.27075">
        <ele>39.1</ele>
      </trkpt>
      <trkpt lat="43.34533" lon="5.27079">
        <ele>38.9</ele>
      </trkpt>
      <trkpt lat="43.34535" lon="5.27082">
        <ele>39.3</ele>
      </trkpt>
      <trkpt lat="43.34541" lon="5.27086">
        <ele>42.5</ele>
      </trkpt>
      <trkpt lat="43.34543" lon="5.27088">
        <ele>43.4</ele>
      </trkpt>
      <trkpt lat="43.34547" lon="5.2709">
        <ele>45.7</ele>
      </trkpt>
      <trkpt lat="43.34548" lon="5.2709">
        <ele>46.5</ele>
      </trkpt>
      <trkpt lat="43.34553" lon="5.27092">
        <ele>49.6</ele>
      </trkpt>
      <trkpt lat="43.34556" lon="5.27094">
        <ele>51</ele>
      </trkpt>
      <trkpt lat="43.34562" lon="5.27098">
        <ele>52.4</ele>
      </trkpt>
      <trkpt lat="43.34565" lon="5.27102">
        <ele>51.7</ele>
      </trkpt>
      <trkpt lat="43.34569" lon="5.27108">
        <ele>49.8</ele>
      </trkpt>
      <trkpt lat="43.34574" lon="5.27112">
        <ele>48.8</ele>
      </trkpt>
      <trkpt lat="43.34579" lon="5.27114">
        <ele>49.2</ele>
      </trkpt>
      <trkpt lat="43.34584" lon="5.27116">
        <ele>49.9</ele>
      </trkpt>
      <trkpt lat="43.34588" lon="5.27117">
        <ele>51.2</ele>
      </trkpt>
      <trkpt lat="43.34595" lon="5.27119">
        <ele>52.8</ele>
      </trkpt>
      <trkpt lat="43.34602" lon="5.2712">
        <ele>54.8</ele>
      </trkpt>
      <trkpt lat="43.34609" lon="5.27121">
        <ele>56.5</ele>
      </trkpt>
      <trkpt lat="43.34616" lon="5.27121">
        <ele>56.1</ele>
      </trkpt>
      <trkpt lat="43.34622" lon="5.27121">
        <ele>54.3</ele>
      </trkpt>
      <trkpt lat="43.34629" lon="5.27121">
        <ele>52.4</ele>
      </trkpt>
      <trkpt lat="43.34633" lon="5.27118">
        <ele>53</ele>
      </trkpt>
      <trkpt lat="43.34637" lon="5.27117">
        <ele>52.1</ele>
      </trkpt>
      <trkpt lat="43.34645" lon="5.27118">
        <ele>53</ele>
      </trkpt>
      <trkpt lat="43.34647" lon="5.27117">
        <ele>54</ele>
      </trkpt>
      <trkpt lat="43.34651" lon="5.27118">
        <ele>54.9</ele>
      </trkpt>
      <trkpt lat="43.34653" lon="5.2712">
        <ele>54.9</ele>
      </trkpt>
      <trkpt lat="43.34656" lon="5.27126">
        <ele>53.8</ele>
      </trkpt>
      <trkpt lat="43.3466" lon="5.27131">
        <ele>53.5</ele>
      </trkpt>
      <trkpt lat="43.34663" lon="5.27136">
        <ele>53.3</ele>
      </trkpt>
      <trkpt lat="43.34666" lon="5.27139">
        <ele>53.7</ele>
      </trkpt>
      <trkpt lat="43.34668" lon="5.27141">
        <ele>53.8</ele>
      </trkpt>
      <trkpt lat="43.3467" lon="5.27142">
        <ele>54.2</ele>
      </trkpt>
      <trkpt lat="43.34675" lon="5.27144">
        <ele>55.3</ele>
      </trkpt>
      <trkpt lat="43.34679" lon="5.27145">
        <ele>56.3</ele>
      </trkpt>
      <trkpt lat="43.34685" lon="5.27146">
        <ele>58</ele>
      </trkpt>
      <trkpt lat="43.3469" lon="5.27146">
        <ele>59.7</ele>
      </trkpt>
      <trkpt lat="43.34696" lon="5.27149">
        <ele>61.1</ele>
      </trkpt>
      <trkpt lat="43.34703" lon="5.27154">
        <ele>62.7</ele>
      </trkpt>
      <trkpt lat="43.34706" lon="5.27157">
        <ele>63.3</ele>
      </trkpt>
      <trkpt lat="43.34709" lon="5.27158">
        <ele>64.3</ele>
      </trkpt>
      <trkpt lat="43.34711" lon="5.2716">
        <ele>64.7</ele>
      </trkpt>
      <trkpt lat="43.34713" lon="5.27162">
        <ele>65.1</ele>
      </trkpt>
      <trkpt lat="43.34716" lon="5.27166">
        <ele>65.5</ele>
      </trkpt>
      <trkpt lat="43.3472" lon="5.27175">
        <ele>68.2</ele>
      </trkpt>
      <trkpt lat="43.34723" lon="5.27177">
        <ele>69.8</ele>
      </trkpt>
      <trkpt lat="43.34726" lon="5.27177">
        <ele>71</ele>
      </trkpt>
      <trkpt lat="43.3473" lon="5.27177">
        <ele>72.6</ele>
      </trkpt>
      <trkpt lat="43.34732" lon="5.27174">
        <ele>72.9</ele>
      </trkpt>
      <trkpt lat="43.34734" lon="5.2717">
        <ele>73.1</ele>
      </trkpt>
      <trkpt lat="43.34735" lon="5.27165">
        <ele>73.4</ele>
      </trkpt>
      <trkpt lat="43.34738" lon="5.2716">
        <ele>75.7</ele>
      </trkpt>
      <trkpt lat="43.34739" lon="5.27156">
        <ele>76.9</ele>
      </trkpt>
      <trkpt lat="43.34743" lon="5.27161">
        <ele>77.5</ele>
      </trkpt>
      <trkpt lat="43.34748" lon="5.27165">
        <ele>78.5</ele>
      </trkpt>
      <trkpt lat="43.34752" lon="5.27168">
        <ele>79.8</ele>
      </trkpt>
      <trkpt lat="43.34752" lon="5.27169">
        <ele>80</ele>
      </trkpt>
      <trkpt lat="43.34757" lon="5.27174">
        <ele>82.3</ele>
      </trkpt>
      <trkpt lat="43.34762" lon="5.27179">
        <ele>84.5</ele>
      </trkpt>
      <trkpt lat="43.34766" lon="5.27183">
        <ele>86.2</ele>
      </trkpt>
      <trkpt lat="43.34769" lon="5.27186">
        <ele>87.5</ele>
      </trkpt>
      <trkpt lat="43.3477" lon="5.27188">
        <ele>88</ele>
      </trkpt>
      <trkpt lat="43.34772" lon="5.27191">
        <ele>88.9</ele>
      </trkpt>
      <trkpt lat="43.34772" lon="5.27194">
        <ele>89.3</ele>
      </trkpt>
      <trkpt lat="43.34771" lon="5.27201">
        <ele>89.1</ele>
      </trkpt>
      <trkpt lat="43.34772" lon="5.27206">
        <ele>89.4</ele>
      </trkpt>
      <trkpt lat="43.34776" lon="5.27216">
        <ele>90.5</ele>
      </trkpt>
      <trkpt lat="43.3478" lon="5.27224">
        <ele>91</ele>
      </trkpt>
      <trkpt lat="43.34785" lon="5.27233">
        <ele>90.6</ele>
      </trkpt>
      <trkpt lat="43.34789" lon="5.27241">
        <ele>90.3</ele>
      </trkpt>
      <trkpt lat="43.34791" lon="5.27245">
        <ele>90.2</ele>
      </trkpt>
      <trkpt lat="43.34794" lon="5.27249">
        <ele>90.2</ele>
      </trkpt>
      <trkpt lat="43.34796" lon="5.27253">
        <ele>90.4</ele>
      </trkpt>
      <trkpt lat="43.34798" lon="5.27257">
        <ele>90.6</ele>
      </trkpt>
      <trkpt lat="43.34801" lon="5.27263">
        <ele>91.1</ele>
      </trkpt>
      <trkpt lat="43.34804" lon="5.27268">
        <ele>91.5</ele>
      </trkpt>
      <trkpt lat="43.34806" lon="5.27269">
        <ele>91.6</ele>
      </trkpt>
      <trkpt lat="43.34808" lon="5.27272">
        <ele>91.4</ele>
      </trkpt>
      <trkpt lat="43.3481" lon="5.27273">
        <ele>91</ele>
      </trkpt>
      <trkpt lat="43.34814" lon="5.27273">
        <ele>90.3</ele>
      </trkpt>
      <trkpt lat="43.34818" lon="5.27272">
        <ele>89.6</ele>
      </trkpt>
      <trkpt lat="43.34823" lon="5.27275">
        <ele>88.8</ele>
      </trkpt>
      <trkpt lat="43.34826" lon="5.27275">
        <ele>88.2</ele>
      </trkpt>
      <trkpt lat="43.34834" lon="5.27276">
        <ele>86.9</ele>
      </trkpt>
      <trkpt lat="43.34836" lon="5.27276">
        <ele>86.8</ele>
      </trkpt>
      <trkpt lat="43.34839" lon="5.27275">
        <ele>86.5</ele>
      </trkpt>
      <trkpt lat="43.34842" lon="5.27278">
        <ele>86.6</ele>
      </trkpt>
      <trkpt lat="43.34846" lon="5.27282">
        <ele>85</ele>
      </trkpt>
      <trkpt lat="43.34849" lon="5.27286">
        <ele>83.5</ele>
      </trkpt>
      <trkpt lat="43.34856" lon="5.27293">
        <ele>81</ele>
      </trkpt>
      <trkpt lat="43.34862" lon="5.273">
        <ele>78.9</ele>
      </trkpt>
      <trkpt lat="43.34868" lon="5.27305">
        <ele>78.1</ele>
      </trkpt>
      <trkpt lat="43.34873" lon="5.2731">
        <ele>75.5</ele>
      </trkpt>
      <trkpt lat="43.34878" lon="5.27315">
        <ele>73.6</ele>
      </trkpt>
      <trkpt lat="43.34881" lon="5.2732">
        <ele>71.8</ele>
      </trkpt>
      <trkpt lat="43.34883" lon="5.27322">
        <ele>71.6</ele>
      </trkpt>
      <trkpt lat="43.34886" lon="5.27326">
        <ele>71.3</ele>
      </trkpt>
      <trkpt lat="43.34889" lon="5.27328">
        <ele>72.1</ele>
      </trkpt>
      <trkpt lat="43.34893" lon="5.27328">
        <ele>72.7</ele>
      </trkpt>
      <trkpt lat="43.34896" lon="5.27328">
        <ele>73.1</ele>
      </trkpt>
      <trkpt lat="43.34899" lon="5.27329">
        <ele>73</ele>
      </trkpt>
      <trkpt lat="43.34902" lon="5.2733">
        <ele>73</ele>
      </trkpt>
      <trkpt lat="43.34906" lon="5.27335">
        <ele>70.8</ele>
      </trkpt>
      <trkpt lat="43.3491" lon="5.27338">
        <ele>69.6</ele>
      </trkpt>
      <trkpt lat="43.34916" lon="5.27343">
        <ele>68</ele>
      </trkpt>
      <trkpt lat="43.34919" lon="5.27347">
        <ele>64.9</ele>
      </trkpt>
      <trkpt lat="43.3492" lon="5.2735">
        <ele>63</ele>
      </trkpt>
      <trkpt lat="43.34919" lon="5.27353">
        <ele>62</ele>
      </trkpt>
      <trkpt lat="43.34918" lon="5.27355">
        <ele>61.5</ele>
      </trkpt>
      <trkpt lat="43.34919" lon="5.27359">
        <ele>59.1</ele>
      </trkpt>
      <trkpt lat="43.34921" lon="5.27361">
        <ele>57.3</ele>
      </trkpt>
      <trkpt lat="43.34925" lon="5.27361">
        <ele>55.7</ele>
      </trkpt>
      <trkpt lat="43.34928" lon="5.27362">
        <ele>54.4</ele>
      </trkpt>
      <trkpt lat="43.3493" lon="5.27362">
        <ele>53.6</ele>
      </trkpt>
      <trkpt lat="43.34931" lon="5.27364">
        <ele>52.9</ele>
      </trkpt>
      <trkpt lat="43.34934" lon="5.2737">
        <ele>51.1</ele>
      </trkpt>
      <trkpt lat="43.34936" lon="5.27372">
        <ele>50.2</ele>
      </trkpt>
      <trkpt lat="43.34938" lon="5.27376">
        <ele>49.3</ele>
      </trkpt>
      <trkpt lat="43.34939" lon="5.27382">
        <ele>48.5</ele>
      </trkpt>
      <trkpt lat="43.34941" lon="5.27386">
        <ele>47.8</ele>
      </trkpt>
      <trkpt lat="43.34941" lon="5.27388">
        <ele>47.7</ele>
      </trkpt>
      <trkpt lat="43.34937" lon="5.27397">
        <ele>49.8</ele>
      </trkpt>
      <trkpt lat="43.34932" lon="5.27405">
        <ele>50.4</ele>
      </trkpt>
      <trkpt lat="43.34929" lon="5.2741">
        <ele>49.8</ele>
      </trkpt>
      <trkpt lat="43.34926" lon="5.27416">
        <ele>48.4</ele>
      </trkpt>
      <trkpt lat="43.34923" lon="5.27419">
        <ele>47.8</ele>
      </trkpt>
      <trkpt lat="43.34919" lon="5.27422">
        <ele>47</ele>
      </trkpt>
      <trkpt lat="43.34915" lon="5.27424">
        <ele>46.5</ele>
      </trkpt>
      <trkpt lat="43.34912" lon="5.27425">
        <ele>46.5</ele>
      </trkpt>
      <trkpt lat="43.34909" lon="5.27427">
        <ele>46.6</ele>
      </trkpt>
      <trkpt lat="43.34906" lon="5.27434">
        <ele>47.2</ele>
      </trkpt>
      <trkpt lat="43.34906" lon="5.27438">
        <ele>47.7</ele>
      </trkpt>
      <trkpt lat="43.34906" lon="5.27446">
        <ele>48.4</ele>
      </trkpt>
      <trkpt lat="43.34907" lon="5.27449">
        <ele>48.4</ele>
      </trkpt>
      <trkpt lat="43.34907" lon="5.27455">
        <ele>47.4</ele>
      </trkpt>
      <trkpt lat="43.34908" lon="5.27462">
        <ele>46.6</ele>
      </trkpt>
      <trkpt lat="43.34908" lon="5.27464">
        <ele>46.3</ele>
      </trkpt>
      <trkpt lat="43.34909" lon="5.27471">
        <ele>45.5</ele>
      </trkpt>
      <trkpt lat="43.34911" lon="5.27477">
        <ele>45.9</ele>
      </trkpt>
      <trkpt lat="43.34911" lon="5.27481">
        <ele>45.8</ele>
      </trkpt>
      <trkpt lat="43.34912" lon="5.27487">
        <ele>46.1</ele>
      </trkpt>
      <trkpt lat="43.34913" lon="5.27491">
        <ele>46.6</ele>
      </trkpt>
      <trkpt lat="43.34912" lon="5.27494">
        <ele>46.1</ele>
      </trkpt>
      <trkpt lat="43.34912" lon="5.27497">
        <ele>46</ele>
      </trkpt>
      <trkpt lat="43.34913" lon="5.275">
        <ele>46.6</ele>
      </trkpt>
      <trkpt lat="43.34915" lon="5.27503">
        <ele>46.9</ele>
      </trkpt>
      <trkpt lat="43.34916" lon="5.27504">
        <ele>47.1</ele>
      </trkpt>
      <trkpt lat="43.34919" lon="5.27506">
        <ele>48.3</ele>
      </trkpt>
      <trkpt lat="43.3492" lon="5.27507">
        <ele>48.6</ele>
      </trkpt>
      <trkpt lat="43.34923" lon="5.27512">
        <ele>48.9</ele>
      </trkpt>
      <trkpt lat="43.34925" lon="5.27516">
        <ele>49</ele>
      </trkpt>
      <trkpt lat="43.34926" lon="5.27521">
        <ele>48.2</ele>
      </trkpt>
      <trkpt lat="43.34927" lon="5.27526">
        <ele>47.4</ele>
      </trkpt>
      <trkpt lat="43.34927" lon="5.27529">
        <ele>46.4</ele>
      </trkpt>
      <trkpt lat="43.34929" lon="5.27533">
        <ele>46.7</ele>
      </trkpt>
      <trkpt lat="43.3493" lon="5.27537">
        <ele>46.1</ele>
      </trkpt>
      <trkpt lat="43.34932" lon="5.2754">
        <ele>46.5</ele>
      </trkpt>
      <trkpt lat="43.34935" lon="5.27544">
        <ele>47</ele>
      </trkpt>
      <trkpt lat="43.34937" lon="5.27551">
        <ele>45.7</ele>
      </trkpt>
      <trkpt lat="43.34938" lon="5.27552">
        <ele>45.9</ele>
      </trkpt>
      <trkpt lat="43.34941" lon="5.27561">
        <ele>44.6</ele>
      </trkpt>
      <trkpt lat="43.34943" lon="5.27568">
        <ele>43.6</ele>
      </trkpt>
      <trkpt lat="43.34946" lon="5.27573">
        <ele>43.9</ele>
      </trkpt>
      <trkpt lat="43.34948" lon="5.27574">
        <ele>44.7</ele>
      </trkpt>
      <trkpt lat="43.3495" lon="5.27577">
        <ele>44.9</ele>
      </trkpt>
      <trkpt lat="43.34951" lon="5.27581">
        <ele>44.3</ele>
      </trkpt>
      <trkpt lat="43.34951" lon="5.27582">
        <ele>43.9</ele>
      </trkpt>
      <trkpt lat="43.34952" lon="5.27588">
        <ele>43.3</ele>
      </trkpt>
      <trkpt lat="43.34953" lon="5.2759">
        <ele>43.5</ele>
      </trkpt>
      <trkpt lat="43.34955" lon="5.27595">
        <ele>43.8</ele>
      </trkpt>
      <trkpt lat="43.34957" lon="5.27598">
        <ele>44.4</ele>
      </trkpt>
      <trkpt lat="43.34958" lon="5.27606">
        <ele>43.6</ele>
      </trkpt>
      <trkpt lat="43.34961" lon="5.27608">
        <ele>45</ele>
      </trkpt>
      <trkpt lat="43.34964" lon="5.27611">
        <ele>46.3</ele>
      </trkpt>
      <trkpt lat="43.34967" lon="5.27613">
        <ele>47.6</ele>
      </trkpt>
      <trkpt lat="43.34969" lon="5.27617">
        <ele>47.8</ele>
      </trkpt>
      <trkpt lat="43.34971" lon="5.27625">
        <ele>47.3</ele>
      </trkpt>
      <trkpt lat="43.34972" lon="5.27628">
        <ele>47.2</ele>
      </trkpt>
      <trkpt lat="43.34973" lon="5.2763">
        <ele>47.5</ele>
      </trkpt>
      <trkpt lat="43.34974" lon="5.27632">
        <ele>47.7</ele>
      </trkpt>
      <trkpt lat="43.34979" lon="5.27639">
        <ele>49.4</ele>
      </trkpt>
      <trkpt lat="43.34981" lon="5.27642">
        <ele>49.8</ele>
      </trkpt>
      <trkpt lat="43.34983" lon="5.27643">
        <ele>50.8</ele>
      </trkpt>
      <trkpt lat="43.34986" lon="5.27647">
        <ele>51.6</ele>
      </trkpt>
      <trkpt lat="43.34986" lon="5.2765">
        <ele>50.7</ele>
      </trkpt>
      <trkpt lat="43.34991" lon="5.27659">
        <ele>51.1</ele>
      </trkpt>
      <trkpt lat="43.34992" lon="5.27663">
        <ele>50.5</ele>
      </trkpt>
      <trkpt lat="43.34994" lon="5.27665">
        <ele>51.1</ele>
      </trkpt>
      <trkpt lat="43.34996" lon="5.27668">
        <ele>51.2</ele>
      </trkpt>
      <trkpt lat="43.34999" lon="5.2767">
        <ele>52.1</ele>
      </trkpt>
      <trkpt lat="43.35" lon="5.27673">
        <ele>51.5</ele>
      </trkpt>
      <trkpt lat="43.35001" lon="5.27675">
        <ele>51.3</ele>
      </trkpt>
      <trkpt lat="43.35005" lon="5.27681">
        <ele>51.4</ele>
      </trkpt>
      <trkpt lat="43.35009" lon="5.27687">
        <ele>51.4</ele>
      </trkpt>
      <trkpt lat="43.35012" lon="5.27693">
        <ele>51.5</ele>
      </trkpt>
      <trkpt lat="43.35016" lon="5.27699">
        <ele>52.4</ele>
      </trkpt>
      <trkpt lat="43.35021" lon="5.27709">
        <ele>53.2</ele>
      </trkpt>
      <trkpt lat="43.35024" lon="5.27716">
        <ele>53.3</ele>
      </trkpt>
      <trkpt lat="43.35028" lon="5.27721">
        <ele>54.5</ele>
      </trkpt>
      <trkpt lat="43.35032" lon="5.27729">
        <ele>54.4</ele>
      </trkpt>
      <trkpt lat="43.35036" lon="5.27736">
        <ele>52.6</ele>
      </trkpt>
      <trkpt lat="43.35037" lon="5.2774">
        <ele>50.4</ele>
      </trkpt>
      <trkpt lat="43.3504" lon="5.27747">
        <ele>46.7</ele>
      </trkpt>
      <trkpt lat="43.35044" lon="5.27752">
        <ele>45.6</ele>
      </trkpt>
      <trkpt lat="43.35048" lon="5.27756">
        <ele>45.8</ele>
      </trkpt>
      <trkpt lat="43.35052" lon="5.2776">
        <ele>45.7</ele>
      </trkpt>
      <trkpt lat="43.35056" lon="5.27764">
        <ele>45.1</ele>
      </trkpt>
      <trkpt lat="43.35062" lon="5.2777">
        <ele>43.6</ele>
      </trkpt>
      <trkpt lat="43.35064" lon="5.27771">
        <ele>43.5</ele>
      </trkpt>
      <trkpt lat="43.35067" lon="5.27775">
        <ele>41.8</ele>
      </trkpt>
      <trkpt lat="43.3507" lon="5.2778">
        <ele>40.5</ele>
      </trkpt>
      <trkpt lat="43.35072" lon="5.27783">
        <ele>40.6</ele>
      </trkpt>
      <trkpt lat="43.35073" lon="5.27784">
        <ele>40.7</ele>
      </trkpt>
      <trkpt lat="43.35075" lon="5.27785">
        <ele>40.8</ele>
      </trkpt>
      <trkpt lat="43.35077" lon="5.27785">
        <ele>41.1</ele>
      </trkpt>
      <trkpt lat="43.35078" lon="5.27785">
        <ele>41.2</ele>
      </trkpt>
      <trkpt lat="43.35082" lon="5.27781">
        <ele>41.7</ele>
      </trkpt>
      <trkpt lat="43.35085" lon="5.2778">
        <ele>43.1</ele>
      </trkpt>
      <trkpt lat="43.35086" lon="5.27778">
        <ele>43.9</ele>
      </trkpt>
      <trkpt lat="43.35088" lon="5.27777">
        <ele>45.8</ele>
      </trkpt>
      <trkpt lat="43.35091" lon="5.27776">
        <ele>48.4</ele>
      </trkpt>
      <trkpt lat="43.35092" lon="5.27774">
        <ele>50.1</ele>
      </trkpt>
      <trkpt lat="43.35094" lon="5.27772">
        <ele>52.1</ele>
      </trkpt>
      <trkpt lat="43.35095" lon="5.2777">
        <ele>53.5</ele>
      </trkpt>
      <trkpt lat="43.35095" lon="5.27768">
        <ele>54.2</ele>
      </trkpt>
      <trkpt lat="43.35095" lon="5.27766">
        <ele>55</ele>
      </trkpt>
      <trkpt lat="43.35095" lon="5.27764">
        <ele>55.8</ele>
      </trkpt>
      <trkpt lat="43.35096" lon="5.27762">
        <ele>56.8</ele>
      </trkpt>
      <trkpt lat="43.35098" lon="5.27757">
        <ele>58.8</ele>
      </trkpt>
      <trkpt lat="43.35101" lon="5.27749">
        <ele>60.5</ele>
      </trkpt>
      <trkpt lat="43.35102" lon="5.27745">
        <ele>60.7</ele>
      </trkpt>
      <trkpt lat="43.35103" lon="5.27738">
        <ele>60.8</ele>
      </trkpt>
      <trkpt lat="43.35104" lon="5.27734">
        <ele>60.6</ele>
      </trkpt>
      <trkpt lat="43.35105" lon="5.27732">
        <ele>60.3</ele>
      </trkpt>
      <trkpt lat="43.35109" lon="5.2773">
        <ele>58.5</ele>
      </trkpt>
      <trkpt lat="43.35112" lon="5.27729">
        <ele>57.9</ele>
      </trkpt>
      <trkpt lat="43.35116" lon="5.27722">
        <ele>58.8</ele>
      </trkpt>
      <trkpt lat="43.35119" lon="5.27712">
        <ele>62.5</ele>
      </trkpt>
      <trkpt lat="43.35121" lon="5.27706">
        <ele>64.1</ele>
      </trkpt>
      <trkpt lat="43.35123" lon="5.27699">
        <ele>65.2</ele>
      </trkpt>
      <trkpt lat="43.35127" lon="5.27695">
        <ele>65</ele>
      </trkpt>
      <trkpt lat="43.35129" lon="5.27691">
        <ele>64.7</ele>
      </trkpt>
      <trkpt lat="43.35129" lon="5.27683">
        <ele>65.3</ele>
      </trkpt>
      <trkpt lat="43.35129" lon="5.27679">
        <ele>65.6</ele>
      </trkpt>
      <trkpt lat="43.3513" lon="5.27673">
        <ele>65.8</ele>
      </trkpt>
      <trkpt lat="43.35132" lon="5.27669">
        <ele>65.3</ele>
      </trkpt>
      <trkpt lat="43.35135" lon="5.27666">
        <ele>64.5</ele>
      </trkpt>
      <trkpt lat="43.35138" lon="5.27664">
        <ele>63.9</ele>
      </trkpt>
      <trkpt lat="43.3514" lon="5.27661">
        <ele>64.6</ele>
      </trkpt>
      <trkpt lat="43.35143" lon="5.27653">
        <ele>67.2</ele>
      </trkpt>
      <trkpt lat="43.35146" lon="5.27644">
        <ele>69.3</ele>
      </trkpt>
      <trkpt lat="43.3515" lon="5.27636">
        <ele>71.1</ele>
      </trkpt>
      <trkpt lat="43.35152" lon="5.27633">
        <ele>71.6</ele>
      </trkpt>
      <trkpt lat="43.35155" lon="5.27629">
        <ele>72</ele>
      </trkpt>
      <trkpt lat="43.35159" lon="5.27625">
        <ele>71.9</ele>
      </trkpt>
      <trkpt lat="43.35162" lon="5.27621">
        <ele>71.3</ele>
      </trkpt>
      <trkpt lat="43.35163" lon="5.27616">
        <ele>70.7</ele>
      </trkpt>
      <trkpt lat="43.35164" lon="5.27614">
        <ele>70.2</ele>
      </trkpt>
      <trkpt lat="43.35172" lon="5.2761">
        <ele>70.7</ele>
      </trkpt>
      <trkpt lat="43.3518" lon="5.27606">
        <ele>73.5</ele>
      </trkpt>
      <trkpt lat="43.35183" lon="5.27604">
        <ele>74.5</ele>
      </trkpt>
      <trkpt lat="43.35188" lon="5.27604">
        <ele>75.4</ele>
      </trkpt>
      <trkpt lat="43.3519" lon="5.27602">
        <ele>76</ele>
      </trkpt>
      <trkpt lat="43.35194" lon="5.276">
        <ele>76.7</ele>
      </trkpt>
      <trkpt lat="43.35198" lon="5.27598">
        <ele>77.3</ele>
      </trkpt>
      <trkpt lat="43.35206" lon="5.27596">
        <ele>78.1</ele>
      </trkpt>
      <trkpt lat="43.35207" lon="5.27595">
        <ele>78.2</ele>
      </trkpt>
      <trkpt lat="43.35211" lon="5.27591">
        <ele>78.5</ele>
      </trkpt>
      <trkpt lat="43.35212" lon="5.27589">
        <ele>78.6</ele>
      </trkpt>
      <trkpt lat="43.35213" lon="5.27586">
        <ele>78.7</ele>
      </trkpt>
      <trkpt lat="43.35215" lon="5.27578">
        <ele>79.1</ele>
      </trkpt>
      <trkpt lat="43.35217" lon="5.27571">
        <ele>79.5</ele>
      </trkpt>
      <trkpt lat="43.35218" lon="5.27563">
        <ele>79.6</ele>
      </trkpt>
      <trkpt lat="43.35219" lon="5.27557">
        <ele>79.7</ele>
      </trkpt>
      <trkpt lat="43.3522" lon="5.27551">
        <ele>79.9</ele>
      </trkpt>
      <trkpt lat="43.35221" lon="5.27544">
        <ele>80.2</ele>
      </trkpt>
      <trkpt lat="43.35222" lon="5.27538">
        <ele>80.3</ele>
      </trkpt>
      <trkpt lat="43.35223" lon="5.27528">
        <ele>81.3</ele>
      </trkpt>
      <trkpt lat="43.35224" lon="5.27519">
        <ele>83.8</ele>
      </trkpt>
      <trkpt lat="43.35225" lon="5.27518">
        <ele>84.3</ele>
      </trkpt>
      <trkpt lat="43.35227" lon="5.27522">
        <ele>84.2</ele>
      </trkpt>
      <trkpt lat="43.35229" lon="5.27528">
        <ele>84.2</ele>
      </trkpt>
      <trkpt lat="43.3523" lon="5.27535">
        <ele>83.9</ele>
      </trkpt>
      <trkpt lat="43.3523" lon="5.27541">
        <ele>83.5</ele>
      </trkpt>
      <trkpt lat="43.35231" lon="5.27548">
        <ele>83.2</ele>
      </trkpt>
      <trkpt lat="43.35231" lon="5.27555">
        <ele>82.9</ele>
      </trkpt>
      <trkpt lat="43.35232" lon="5.27561">
        <ele>83</ele>
      </trkpt>
      <trkpt lat="43.35232" lon="5.27568">
        <ele>83.2</ele>
      </trkpt>
      <trkpt lat="43.35233" lon="5.27574">
        <ele>83.4</ele>
      </trkpt>
      <trkpt lat="43.35233" lon="5.27581">
        <ele>83.7</ele>
      </trkpt>
      <trkpt lat="43.35233" lon="5.27584">
        <ele>83.7</ele>
      </trkpt>
      <trkpt lat="43.35232" lon="5.27592">
        <ele>83.2</ele>
      </trkpt>
      <trkpt lat="43.3523" lon="5.27601">
        <ele>82.8</ele>
      </trkpt>
      <trkpt lat="43.35229" lon="5.27609">
        <ele>82.4</ele>
      </trkpt>
      <trkpt lat="43.35227" lon="5.27617">
        <ele>82.7</ele>
      </trkpt>
      <trkpt lat="43.35225" lon="5.27625">
        <ele>83.3</ele>
      </trkpt>
      <trkpt lat="43.35224" lon="5.27634">
        <ele>84.5</ele>
      </trkpt>
      <trkpt lat="43.35224" lon="5.27643">
        <ele>85.1</ele>
      </trkpt>
      <trkpt lat="43.35224" lon="5.27649">
        <ele>84.7</ele>
      </trkpt>
      <trkpt lat="43.35226" lon="5.27654">
        <ele>84.3</ele>
      </trkpt>
      <trkpt lat="43.35227" lon="5.27658">
        <ele>83.9</ele>
      </trkpt>
      <trkpt lat="43.35228" lon="5.27663">
        <ele>83.2</ele>
      </trkpt>
      <trkpt lat="43.35229" lon="5.27668">
        <ele>82.2</ele>
      </trkpt>
      <trkpt lat="43.35228" lon="5.27672">
        <ele>81.5</ele>
      </trkpt>
      <trkpt lat="43.35227" lon="5.27674">
        <ele>81.2</ele>
      </trkpt>
      <trkpt lat="43.35225" lon="5.27676">
        <ele>81.3</ele>
      </trkpt>
      <trkpt lat="43.35222" lon="5.2768">
        <ele>81.2</ele>
      </trkpt>
      <trkpt lat="43.35219" lon="5.27683">
        <ele>81.4</ele>
      </trkpt>
      <trkpt lat="43.35218" lon="5.27687">
        <ele>80.8</ele>
      </trkpt>
      <trkpt lat="43.35217" lon="5.2769">
        <ele>80.5</ele>
      </trkpt>
      <trkpt lat="43.35217" lon="5.27693">
        <ele>79.8</ele>
      </trkpt>
      <trkpt lat="43.35218" lon="5.27695">
        <ele>79.3</ele>
      </trkpt>
      <trkpt lat="43.35219" lon="5.27698">
        <ele>79.4</ele>
      </trkpt>
      <trkpt lat="43.35222" lon="5.27698">
        <ele>78.6</ele>
      </trkpt>
      <trkpt lat="43.35224" lon="5.27698">
        <ele>77.8</ele>
      </trkpt>
      <trkpt lat="43.35227" lon="5.27697">
        <ele>76.6</ele>
      </trkpt>
      <trkpt lat="43.3523" lon="5.27693">
        <ele>75.8</ele>
      </trkpt>
      <trkpt lat="43.35233" lon="5.2769">
        <ele>75.7</ele>
      </trkpt>
      <trkpt lat="43.35236" lon="5.27687">
        <ele>75.5</ele>
      </trkpt>
      <trkpt lat="43.3524" lon="5.27685">
        <ele>74.9</ele>
      </trkpt>
      <trkpt lat="43.35245" lon="5.27683">
        <ele>74.1</ele>
      </trkpt>
      <trkpt lat="43.35251" lon="5.27682">
        <ele>72.8</ele>
      </trkpt>
      <trkpt lat="43.3526" lon="5.27683">
        <ele>70.3</ele>
      </trkpt>
      <trkpt lat="43.35268" lon="5.27684">
        <ele>67.8</ele>
      </trkpt>
      <trkpt lat="43.35275" lon="5.27685">
        <ele>65.8</ele>
      </trkpt>
      <trkpt lat="43.35282" lon="5.27686">
        <ele>63.4</ele>
      </trkpt>
      <trkpt lat="43.35285" lon="5.27688">
        <ele>61.8</ele>
      </trkpt>
      <trkpt lat="43.3529" lon="5.27688">
        <ele>60.3</ele>
      </trkpt>
      <trkpt lat="43.35292" lon="5.27685">
        <ele>60.4</ele>
      </trkpt>
      <trkpt lat="43.35294" lon="5.27683">
        <ele>60.3</ele>
      </trkpt>
      <trkpt lat="43.35296" lon="5.27679">
        <ele>60.7</ele>
      </trkpt>
      <trkpt lat="43.35299" lon="5.27676">
        <ele>60.3</ele>
      </trkpt>
      <trkpt lat="43.35302" lon="5.27675">
        <ele>59.5</ele>
      </trkpt>
      <trkpt lat="43.35307" lon="5.27673">
        <ele>58.7</ele>
      </trkpt>
      <trkpt lat="43.3531" lon="5.27674">
        <ele>58.6</ele>
      </trkpt>
      <trkpt lat="43.35313" lon="5.27675">
        <ele>58.5</ele>
      </trkpt>
      <trkpt lat="43.35319" lon="5.27681">
        <ele>57</ele>
      </trkpt>
      <trkpt lat="43.35325" lon="5.27686">
        <ele>55</ele>
      </trkpt>
      <trkpt lat="43.35331" lon="5.27693">
        <ele>51.9</ele>
      </trkpt>
      <trkpt lat="43.35336" lon="5.277">
        <ele>50.3</ele>
      </trkpt>
      <trkpt lat="43.35338" lon="5.27703">
        <ele>49.9</ele>
      </trkpt>
      <trkpt lat="43.35342" lon="5.27705">
        <ele>50.6</ele>
      </trkpt>
      <trkpt lat="43.35345" lon="5.27707">
        <ele>50.7</ele>
      </trkpt>
      <trkpt lat="43.3535" lon="5.27713">
        <ele>49.2</ele>
      </trkpt>
      <trkpt lat="43.35353" lon="5.27718">
        <ele>47.2</ele>
      </trkpt>
      <trkpt lat="43.35356" lon="5.27723">
        <ele>45</ele>
      </trkpt>
      <trkpt lat="43.35358" lon="5.27726">
        <ele>44.3</ele>
      </trkpt>
      <trkpt lat="43.35361" lon="5.2773">
        <ele>43.5</ele>
      </trkpt>
      <trkpt lat="43.35365" lon="5.27732">
        <ele>42.7</ele>
      </trkpt>
      <trkpt lat="43.35372" lon="5.27737">
        <ele>40.8</ele>
      </trkpt>
      <trkpt lat="43.35375" lon="5.27738">
        <ele>40.3</ele>
      </trkpt>
      <trkpt lat="43.35377" lon="5.27739">
        <ele>39.9</ele>
      </trkpt>
      <trkpt lat="43.35381" lon="5.27738">
        <ele>40.1</ele>
      </trkpt>
      <trkpt lat="43.35383" lon="5.2774">
        <ele>39.2</ele>
      </trkpt>
      <trkpt lat="43.35386" lon="5.27747">
        <ele>36.4</ele>
      </trkpt>
      <trkpt lat="43.35388" lon="5.27752">
        <ele>35.2</ele>
      </trkpt>
      <trkpt lat="43.35391" lon="5.2776">
        <ele>35.8</ele>
      </trkpt>
      <trkpt lat="43.35393" lon="5.27767">
        <ele>36.5</ele>
      </trkpt>
      <trkpt lat="43.35387" lon="5.27772">
        <ele>36.6</ele>
      </trkpt>
      <trkpt lat="43.3538" lon="5.27777">
        <ele>36.9</ele>
      </trkpt>
      <trkpt lat="43.35374" lon="5.27781">
        <ele>37.2</ele>
      </trkpt>
      <trkpt lat="43.35367" lon="5.27786">
        <ele>37.4</ele>
      </trkpt>
      <trkpt lat="43.3536" lon="5.27791">
        <ele>37.5</ele>
      </trkpt>
      <trkpt lat="43.35353" lon="5.27796">
        <ele>38</ele>
      </trkpt>
      <trkpt lat="43.35349" lon="5.27799">
        <ele>38.3</ele>
      </trkpt>
      <trkpt lat="43.35345" lon="5.27802">
        <ele>38.6</ele>
      </trkpt>
      <trkpt lat="43.3534" lon="5.27805">
        <ele>38.8</ele>
      </trkpt>
      <trkpt lat="43.35336" lon="5.27809">
        <ele>39.9</ele>
      </trkpt>
      <trkpt lat="43.35332" lon="5.27812">
        <ele>41</ele>
      </trkpt>
      <trkpt lat="43.35328" lon="5.27815">
        <ele>41.6</ele>
      </trkpt>
      <trkpt lat="43.35323" lon="5.27818">
        <ele>41.9</ele>
      </trkpt>
      <trkpt lat="43.35319" lon="5.27821">
        <ele>42</ele>
      </trkpt>
      <trkpt lat="43.35312" lon="5.27826">
        <ele>41.7</ele>
      </trkpt>
      <trkpt lat="43.35305" lon="5.27832">
        <ele>40.7</ele>
      </trkpt>
      <trkpt lat="43.35298" lon="5.27837">
        <ele>40.1</ele>
      </trkpt>
      <trkpt lat="43.35291" lon="5.27842">
        <ele>39.8</ele>
      </trkpt>
      <trkpt lat="43.35286" lon="5.27846">
        <ele>39.6</ele>
      </trkpt>
      <trkpt lat="43.35281" lon="5.27849">
        <ele>39.3</ele>
      </trkpt>
      <trkpt lat="43.35276" lon="5.27853">
        <ele>39.9</ele>
      </trkpt>
      <trkpt lat="43.35274" lon="5.27859">
        <ele>42.4</ele>
      </trkpt>
      <trkpt lat="43.35271" lon="5.27869">
        <ele>45.5</ele>
      </trkpt>
      <trkpt lat="43.35269" lon="5.27876">
        <ele>46.8</ele>
      </trkpt>
      <trkpt lat="43.35267" lon="5.27882">
        <ele>47.8</ele>
      </trkpt>
      <trkpt lat="43.35266" lon="5.27892">
        <ele>48.2</ele>
      </trkpt>
      <trkpt lat="43.35264" lon="5.27901">
        <ele>46.6</ele>
      </trkpt>
      <trkpt lat="43.35264" lon="5.27912">
        <ele>44.8</ele>
      </trkpt>
      <trkpt lat="43.35264" lon="5.27923">
        <ele>43.1</ele>
      </trkpt>
      <trkpt lat="43.35266" lon="5.2793">
        <ele>42.5</ele>
      </trkpt>
      <trkpt lat="43.35268" lon="5.27937">
        <ele>41.7</ele>
      </trkpt>
      <trkpt lat="43.35271" lon="5.27942">
        <ele>41</ele>
      </trkpt>
      <trkpt lat="43.35274" lon="5.27947">
        <ele>40.4</ele>
      </trkpt>
      <trkpt lat="43.35277" lon="5.27952">
        <ele>40.3</ele>
      </trkpt>
      <trkpt lat="43.3528" lon="5.27957">
        <ele>40.5</ele>
      </trkpt>
      <trkpt lat="43.35285" lon="5.27963">
        <ele>40.7</ele>
      </trkpt>
      <trkpt lat="43.35289" lon="5.27969">
        <ele>40.6</ele>
      </trkpt>
      <trkpt lat="43.35292" lon="5.27974">
        <ele>40.2</ele>
      </trkpt>
      <trkpt lat="43.35295" lon="5.27979">
        <ele>39.8</ele>
      </trkpt>
      <trkpt lat="43.35298" lon="5.27983">
        <ele>39.4</ele>
      </trkpt>
      <trkpt lat="43.35301" lon="5.27988">
        <ele>39.3</ele>
      </trkpt>
      <trkpt lat="43.35308" lon="5.27996">
        <ele>40</ele>
      </trkpt>
      <trkpt lat="43.35314" lon="5.28004">
        <ele>40.4</ele>
      </trkpt>
      <trkpt lat="43.35319" lon="5.28012">
        <ele>39.9</ele>
      </trkpt>
      <trkpt lat="43.35325" lon="5.2802">
        <ele>39.1</ele>
      </trkpt>
      <trkpt lat="43.3533" lon="5.28027">
        <ele>37.7</ele>
      </trkpt>
      <trkpt lat="43.35335" lon="5.28035">
        <ele>39.7</ele>
      </trkpt>
      <trkpt lat="43.35339" lon="5.28042">
        <ele>42.8</ele>
      </trkpt>
      <trkpt lat="43.35343" lon="5.28049">
        <ele>45</ele>
      </trkpt>
      <trkpt lat="43.35347" lon="5.28055">
        <ele>46.4</ele>
      </trkpt>
      <trkpt lat="43.35351" lon="5.28062">
        <ele>45.6</ele>
      </trkpt>
      <trkpt lat="43.35355" lon="5.28072">
        <ele>43.3</ele>
      </trkpt>
      <trkpt lat="43.3536" lon="5.28081">
        <ele>40.5</ele>
      </trkpt>
      <trkpt lat="43.35364" lon="5.28091">
        <ele>38.8</ele>
      </trkpt>
      <trkpt lat="43.35368" lon="5.281">
        <ele>37.6</ele>
      </trkpt>
      <trkpt lat="43.35373" lon="5.28109">
        <ele>36.9</ele>
      </trkpt>
      <trkpt lat="43.35378" lon="5.28117">
        <ele>36.3</ele>
      </trkpt>
      <trkpt lat="43.35384" lon="5.28123">
        <ele>36.7</ele>
      </trkpt>
      <trkpt lat="43.35389" lon="5.28128">
        <ele>37.2</ele>
      </trkpt>
      <trkpt lat="43.3539" lon="5.28129">
        <ele>37</ele>
      </trkpt>
      <trkpt lat="43.35396" lon="5.28132">
        <ele>36.9</ele>
      </trkpt>
      <trkpt lat="43.35401" lon="5.28136">
        <ele>37</ele>
      </trkpt>
      <trkpt lat="43.35407" lon="5.28139">
        <ele>37.1</ele>
      </trkpt>
      <trkpt lat="43.35412" lon="5.28143">
        <ele>36.3</ele>
      </trkpt>
      <trkpt lat="43.35418" lon="5.28146">
        <ele>35.3</ele>
      </trkpt>
      <trkpt lat="43.35423" lon="5.28149">
        <ele>34.1</ele>
      </trkpt>
      <trkpt lat="43.35429" lon="5.28153">
        <ele>33.7</ele>
      </trkpt>
      <trkpt lat="43.35434" lon="5.28156">
        <ele>33.9</ele>
      </trkpt>
      <trkpt lat="43.35432" lon="5.28162">
        <ele>31.8</ele>
      </trkpt>
      <trkpt lat="43.35431" lon="5.2817">
        <ele>30</ele>
      </trkpt>
      <trkpt lat="43.35429" lon="5.28177">
        <ele>29.5</ele>
      </trkpt>
      <trkpt lat="43.35428" lon="5.28186">
        <ele>28.8</ele>
      </trkpt>
      <trkpt lat="43.35426" lon="5.28194">
        <ele>28</ele>
      </trkpt>
      <trkpt lat="43.35426" lon="5.28201">
        <ele>28.8</ele>
      </trkpt>
      <trkpt lat="43.35425" lon="5.28207">
        <ele>29.7</ele>
      </trkpt>
      <trkpt lat="43.35425" lon="5.28215">
        <ele>31</ele>
      </trkpt>
      <trkpt lat="43.35425" lon="5.28222">
        <ele>32.3</ele>
      </trkpt>
      <trkpt lat="43.35425" lon="5.28228">
        <ele>32.5</ele>
      </trkpt>
      <trkpt lat="43.35426" lon="5.28233">
        <ele>33</ele>
      </trkpt>
      <trkpt lat="43.35428" lon="5.28242">
        <ele>33.8</ele>
      </trkpt>
      <trkpt lat="43.35429" lon="5.28249">
        <ele>34.1</ele>
      </trkpt>
      <trkpt lat="43.35432" lon="5.28259">
        <ele>34.1</ele>
      </trkpt>
      <trkpt lat="43.35434" lon="5.28268">
        <ele>34.2</ele>
      </trkpt>
      <trkpt lat="43.35437" lon="5.28276">
        <ele>34.7</ele>
      </trkpt>
      <trkpt lat="43.3544" lon="5.28284">
        <ele>35.5</ele>
      </trkpt>
      <trkpt lat="43.35443" lon="5.28291">
        <ele>36.4</ele>
      </trkpt>
      <trkpt lat="43.35446" lon="5.28299">
        <ele>37</ele>
      </trkpt>
      <trkpt lat="43.35449" lon="5.28306">
        <ele>37</ele>
      </trkpt>
      <trkpt lat="43.35451" lon="5.28314">
        <ele>37.4</ele>
      </trkpt>
      <trkpt lat="43.35454" lon="5.28321">
        <ele>37.7</ele>
      </trkpt>
      <trkpt lat="43.35457" lon="5.28329">
        <ele>37.9</ele>
      </trkpt>
      <trkpt lat="43.3546" lon="5.28336">
        <ele>37.5</ele>
      </trkpt>
      <trkpt lat="43.35463" lon="5.28342">
        <ele>36.7</ele>
      </trkpt>
      <trkpt lat="43.35466" lon="5.28348">
        <ele>36.4</ele>
      </trkpt>
      <trkpt lat="43.35469" lon="5.28354">
        <ele>36.4</ele>
      </trkpt>
      <trkpt lat="43.35472" lon="5.2836">
        <ele>36.8</ele>
      </trkpt>
      <trkpt lat="43.35474" lon="5.28366">
        <ele>36.9</ele>
      </trkpt>
      <trkpt lat="43.35477" lon="5.28372">
        <ele>36.9</ele>
      </trkpt>
      <trkpt lat="43.3548" lon="5.28378">
        <ele>36.8</ele>
      </trkpt>
      <trkpt lat="43.35483" lon="5.28384">
        <ele>36.9</ele>
      </trkpt>
      <trkpt lat="43.35486" lon="5.28389">
        <ele>36.9</ele>
      </trkpt>
      <trkpt lat="43.35489" lon="5.28395">
        <ele>36.2</ele>
      </trkpt>
      <trkpt lat="43.35491" lon="5.284">
        <ele>35.9</ele>
      </trkpt>
      <trkpt lat="43.35494" lon="5.28405">
        <ele>35.9</ele>
      </trkpt>
      <trkpt lat="43.35497" lon="5.2841">
        <ele>36.2</ele>
      </trkpt>
      <trkpt lat="43.355" lon="5.28416">
        <ele>36.9</ele>
      </trkpt>
      <trkpt lat="43.35502" lon="5.28421">
        <ele>36.8</ele>
      </trkpt>
      <trkpt lat="43.35505" lon="5.28426">
        <ele>36.6</ele>
      </trkpt>
      <trkpt lat="43.35509" lon="5.28433">
        <ele>36.6</ele>
      </trkpt>
      <trkpt lat="43.35514" lon="5.28441">
        <ele>36.6</ele>
      </trkpt>
      <trkpt lat="43.35518" lon="5.28448">
        <ele>36.4</ele>
      </trkpt>
      <trkpt lat="43.35523" lon="5.28455">
        <ele>36.3</ele>
      </trkpt>
      <trkpt lat="43.35527" lon="5.28462">
        <ele>37</ele>
      </trkpt>
      <trkpt lat="43.35531" lon="5.2847">
        <ele>37.2</ele>
      </trkpt>
      <trkpt lat="43.35536" lon="5.28477">
        <ele>36.7</ele>
      </trkpt>
      <trkpt lat="43.3554" lon="5.28484">
        <ele>36.3</ele>
      </trkpt>
      <trkpt lat="43.35543" lon="5.28489">
        <ele>36.2</ele>
      </trkpt>
      <trkpt lat="43.35546" lon="5.28493">
        <ele>36.4</ele>
      </trkpt>
      <trkpt lat="43.35549" lon="5.28498">
        <ele>36.7</ele>
      </trkpt>
      <trkpt lat="43.35553" lon="5.28503">
        <ele>37.1</ele>
      </trkpt>
      <trkpt lat="43.35556" lon="5.28507">
        <ele>37.7</ele>
      </trkpt>
      <trkpt lat="43.35559" lon="5.28512">
        <ele>37.6</ele>
      </trkpt>
      <trkpt lat="43.35562" lon="5.28517">
        <ele>37.5</ele>
      </trkpt>
      <trkpt lat="43.35565" lon="5.28522">
        <ele>37.5</ele>
      </trkpt>
      <trkpt lat="43.35568" lon="5.28526">
        <ele>37.5</ele>
      </trkpt>
      <trkpt lat="43.35571" lon="5.28531">
        <ele>37.4</ele>
      </trkpt>
      <trkpt lat="43.35574" lon="5.28536">
        <ele>37.4</ele>
      </trkpt>
      <trkpt lat="43.35578" lon="5.2854">
        <ele>37.5</ele>
      </trkpt>
      <trkpt lat="43.35581" lon="5.28545">
        <ele>37.7</ele>
      </trkpt>
      <trkpt lat="43.35584" lon="5.2855">
        <ele>38</ele>
      </trkpt>
      <trkpt lat="43.35587" lon="5.28554">
        <ele>38</ele>
      </trkpt>
      <trkpt lat="43.3559" lon="5.28559">
        <ele>38.1</ele>
      </trkpt>
      <trkpt lat="43.35597" lon="5.28567">
        <ele>38.4</ele>
      </trkpt>
      <trkpt lat="43.35603" lon="5.28574">
        <ele>38.7</ele>
      </trkpt>
      <trkpt lat="43.35609" lon="5.28583">
        <ele>39</ele>
      </trkpt>
      <trkpt lat="43.35615" lon="5.28591">
        <ele>40.1</ele>
      </trkpt>
      <trkpt lat="43.35616" lon="5.28591">
        <ele>40.4</ele>
      </trkpt>
      <trkpt lat="43.35623" lon="5.28598">
        <ele>41.1</ele>
      </trkpt>
      <trkpt lat="43.35628" lon="5.28602">
        <ele>41</ele>
      </trkpt>
      <trkpt lat="43.35633" lon="5.28606">
        <ele>40.4</ele>
      </trkpt>
      <trkpt lat="43.35638" lon="5.2861">
        <ele>39.3</ele>
      </trkpt>
      <trkpt lat="43.35643" lon="5.28615">
        <ele>40.5</ele>
      </trkpt>
      <trkpt lat="43.35648" lon="5.28619">
        <ele>41.8</ele>
      </trkpt>
      <trkpt lat="43.35653" lon="5.28623">
        <ele>42.4</ele>
      </trkpt>
      <trkpt lat="43.35658" lon="5.28627">
        <ele>42.4</ele>
      </trkpt>
      <trkpt lat="43.35663" lon="5.28631">
        <ele>41.8</ele>
      </trkpt>
      <trkpt lat="43.3567" lon="5.28637">
        <ele>41.1</ele>
      </trkpt>
      <trkpt lat="43.35677" lon="5.28643">
        <ele>42.3</ele>
      </trkpt>
      <trkpt lat="43.35684" lon="5.28648">
        <ele>43.1</ele>
      </trkpt>
      <trkpt lat="43.35691" lon="5.28654">
        <ele>42.6</ele>
      </trkpt>
      <trkpt lat="43.35696" lon="5.28658">
        <ele>41.8</ele>
      </trkpt>
      <trkpt lat="43.357" lon="5.28661">
        <ele>40.9</ele>
      </trkpt>
      <trkpt lat="43.35705" lon="5.28665">
        <ele>40.2</ele>
      </trkpt>
      <trkpt lat="43.35709" lon="5.28669">
        <ele>40</ele>
      </trkpt>
      <trkpt lat="43.35714" lon="5.28672">
        <ele>40.2</ele>
      </trkpt>
      <trkpt lat="43.35718" lon="5.28676">
        <ele>40.1</ele>
      </trkpt>
      <trkpt lat="43.35723" lon="5.28679">
        <ele>39.9</ele>
      </trkpt>
      <trkpt lat="43.35728" lon="5.28683">
        <ele>40.3</ele>
      </trkpt>
      <trkpt lat="43.35732" lon="5.28687">
        <ele>40.2</ele>
      </trkpt>
      <trkpt lat="43.35737" lon="5.2869">
        <ele>39.6</ele>
      </trkpt>
      <trkpt lat="43.35741" lon="5.28694">
        <ele>38.6</ele>
      </trkpt>
      <trkpt lat="43.35746" lon="5.28698">
        <ele>38.2</ele>
      </trkpt>
      <trkpt lat="43.3575" lon="5.28701">
        <ele>38.2</ele>
      </trkpt>
      <trkpt lat="43.35755" lon="5.28705">
        <ele>39.5</ele>
      </trkpt>
      <trkpt lat="43.35759" lon="5.28708">
        <ele>40.4</ele>
      </trkpt>
      <trkpt lat="43.35764" lon="5.28712">
        <ele>40.8</ele>
      </trkpt>
      <trkpt lat="43.35768" lon="5.28716">
        <ele>40.6</ele>
      </trkpt>
      <trkpt lat="43.35772" lon="5.2872">
        <ele>39.9</ele>
      </trkpt>
      <trkpt lat="43.35776" lon="5.28725">
        <ele>38.2</ele>
      </trkpt>
      <trkpt lat="43.35779" lon="5.2873">
        <ele>35.9</ele>
      </trkpt>
      <trkpt lat="43.35783" lon="5.28735">
        <ele>33.6</ele>
      </trkpt>
      <trkpt lat="43.35786" lon="5.28739">
        <ele>31.8</ele>
      </trkpt>
      <trkpt lat="43.35789" lon="5.28743">
        <ele>30.6</ele>
      </trkpt>
      <trkpt lat="43.35792" lon="5.28747">
        <ele>29.9</ele>
      </trkpt>
      <trkpt lat="43.35792" lon="5.28748">
        <ele>29.6</ele>
      </trkpt>
      <trkpt lat="43.35795" lon="5.28754">
        <ele>29.7</ele>
      </trkpt>
      <trkpt lat="43.35799" lon="5.28763">
        <ele>31</ele>
      </trkpt>
      <trkpt lat="43.35803" lon="5.28772">
        <ele>32.7</ele>
      </trkpt>
      <trkpt lat="43.35806" lon="5.28781">
        <ele>33.8</ele>
      </trkpt>
      <trkpt lat="43.35808" lon="5.28789">
        <ele>33.5</ele>
      </trkpt>
      <trkpt lat="43.3581" lon="5.28798">
        <ele>33.2</ele>
      </trkpt>
      <trkpt lat="43.35811" lon="5.28806">
        <ele>33.2</ele>
      </trkpt>
      <trkpt lat="43.35813" lon="5.28818">
        <ele>35.6</ele>
      </trkpt>
      <trkpt lat="43.35814" lon="5.28825">
        <ele>37</ele>
      </trkpt>
      <trkpt lat="43.35814" lon="5.28832">
        <ele>38.7</ele>
      </trkpt>
      <trkpt lat="43.35814" lon="5.28841">
        <ele>37.8</ele>
      </trkpt>
      <trkpt lat="43.35814" lon="5.28849">
        <ele>36.6</ele>
      </trkpt>
      <trkpt lat="43.35814" lon="5.28852">
        <ele>36.2</ele>
      </trkpt>
      <trkpt lat="43.35814" lon="5.28859">
        <ele>34.7</ele>
      </trkpt>
      <trkpt lat="43.35813" lon="5.28865">
        <ele>34.2</ele>
      </trkpt>
      <trkpt lat="43.35811" lon="5.28876">
        <ele>33.2</ele>
      </trkpt>
      <trkpt lat="43.35809" lon="5.28886">
        <ele>32.3</ele>
      </trkpt>
      <trkpt lat="43.35808" lon="5.28893">
        <ele>31.2</ele>
      </trkpt>
      <trkpt lat="43.35807" lon="5.28899">
        <ele>30</ele>
      </trkpt>
      <trkpt lat="43.35805" lon="5.28906">
        <ele>28.7</ele>
      </trkpt>
      <trkpt lat="43.35804" lon="5.28912">
        <ele>27.7</ele>
      </trkpt>
      <trkpt lat="43.35803" lon="5.28921">
        <ele>26.1</ele>
      </trkpt>
      <trkpt lat="43.35801" lon="5.2893">
        <ele>24.4</ele>
      </trkpt>
      <trkpt lat="43.35801" lon="5.28937">
        <ele>24.2</ele>
      </trkpt>
      <trkpt lat="43.35801" lon="5.28943">
        <ele>24</ele>
      </trkpt>
      <trkpt lat="43.35801" lon="5.2895">
        <ele>23.7</ele>
      </trkpt>
      <trkpt lat="43.35801" lon="5.28956">
        <ele>23.6</ele>
      </trkpt>
      <trkpt lat="43.35802" lon="5.28964">
        <ele>24.2</ele>
      </trkpt>
      <trkpt lat="43.35803" lon="5.28972">
        <ele>24.8</ele>
      </trkpt>
      <trkpt lat="43.35805" lon="5.28981">
        <ele>24.7</ele>
      </trkpt>
      <trkpt lat="43.35807" lon="5.2899">
        <ele>24.5</ele>
      </trkpt>
      <trkpt lat="43.35808" lon="5.28999">
        <ele>24.2</ele>
      </trkpt>
      <trkpt lat="43.3581" lon="5.29008">
        <ele>24.5</ele>
      </trkpt>
      <trkpt lat="43.35812" lon="5.29015">
        <ele>25.1</ele>
      </trkpt>
      <trkpt lat="43.35814" lon="5.29023">
        <ele>25.6</ele>
      </trkpt>
      <trkpt lat="43.35815" lon="5.2903">
        <ele>25.8</ele>
      </trkpt>
      <trkpt lat="43.35817" lon="5.29037">
        <ele>25.1</ele>
      </trkpt>
      <trkpt lat="43.3582" lon="5.29046">
        <ele>24.8</ele>
      </trkpt>
      <trkpt lat="43.35822" lon="5.29054">
        <ele>24.6</ele>
      </trkpt>
      <trkpt lat="43.35825" lon="5.29063">
        <ele>23.6</ele>
      </trkpt>
      <trkpt lat="43.35827" lon="5.29071">
        <ele>22.1</ele>
      </trkpt>
      <trkpt lat="43.35829" lon="5.29078">
        <ele>20.7</ele>
      </trkpt>
      <trkpt lat="43.35831" lon="5.29085">
        <ele>19.5</ele>
      </trkpt>
      <trkpt lat="43.35833" lon="5.29091">
        <ele>20.2</ele>
      </trkpt>
      <trkpt lat="43.35836" lon="5.29098">
        <ele>21.2</ele>
      </trkpt>
      <trkpt lat="43.35838" lon="5.29105">
        <ele>22.2</ele>
      </trkpt>
      <trkpt lat="43.3584" lon="5.29112">
        <ele>23.2</ele>
      </trkpt>
      <trkpt lat="43.35842" lon="5.29118">
        <ele>22.6</ele>
      </trkpt>
      <trkpt lat="43.35844" lon="5.29125">
        <ele>21.8</ele>
      </trkpt>
      <trkpt lat="43.35846" lon="5.29131">
        <ele>21.1</ele>
      </trkpt>
      <trkpt lat="43.35848" lon="5.29137">
        <ele>20.5</ele>
      </trkpt>
      <trkpt lat="43.3585" lon="5.29143">
        <ele>19.8</ele>
      </trkpt>
      <trkpt lat="43.35853" lon="5.29149">
        <ele>19</ele>
      </trkpt>
      <trkpt lat="43.35855" lon="5.29155">
        <ele>18</ele>
      </trkpt>
      <trkpt lat="43.35857" lon="5.29161">
        <ele>16.9</ele>
      </trkpt>
      <trkpt lat="43.35859" lon="5.29167">
        <ele>15.8</ele>
      </trkpt>
      <trkpt lat="43.35861" lon="5.29173">
        <ele>15.8</ele>
      </trkpt>
      <trkpt lat="43.35865" lon="5.29182">
        <ele>16.6</ele>
      </trkpt>
      <trkpt lat="43.35869" lon="5.29192">
        <ele>17</ele>
      </trkpt>
      <trkpt lat="43.35872" lon="5.29201">
        <ele>16.7</ele>
      </trkpt>
      <trkpt lat="43.35876" lon="5.2921">
        <ele>16.4</ele>
      </trkpt>
      <trkpt lat="43.3588" lon="5.29219">
        <ele>16.1</ele>
      </trkpt>
      <trkpt lat="43.35884" lon="5.29227">
        <ele>16.1</ele>
      </trkpt>
      <trkpt lat="43.35887" lon="5.29236">
        <ele>16.3</ele>
      </trkpt>
      <trkpt lat="43.35891" lon="5.29244">
        <ele>17</ele>
      </trkpt>
      <trkpt lat="43.35894" lon="5.2925">
        <ele>18</ele>
      </trkpt>
      <trkpt lat="43.35897" lon="5.29256">
        <ele>17.9</ele>
      </trkpt>
      <trkpt lat="43.359" lon="5.29262">
        <ele>17.1</ele>
      </trkpt>
      <trkpt lat="43.35903" lon="5.29268">
        <ele>15.7</ele>
      </trkpt>
      <trkpt lat="43.35907" lon="5.29274">
        <ele>14.2</ele>
      </trkpt>
      <trkpt lat="43.3591" lon="5.29279">
        <ele>12.6</ele>
      </trkpt>
      <trkpt lat="43.35914" lon="5.29285">
        <ele>12.8</ele>
      </trkpt>
      <trkpt lat="43.35917" lon="5.2929">
        <ele>13.1</ele>
      </trkpt>
      <trkpt lat="43.35923" lon="5.29298">
        <ele>17</ele>
      </trkpt>
      <trkpt lat="43.35929" lon="5.29306">
        <ele>19.2</ele>
      </trkpt>
      <trkpt lat="43.35934" lon="5.29313">
        <ele>19.8</ele>
      </trkpt>
      <trkpt lat="43.35939" lon="5.29319">
        <ele>19.4</ele>
      </trkpt>
      <trkpt lat="43.35944" lon="5.29324">
        <ele>18.6</ele>
      </trkpt>
      <trkpt lat="43.35948" lon="5.29329">
        <ele>18.4</ele>
      </trkpt>
      <trkpt lat="43.35953" lon="5.29334">
        <ele>18</ele>
      </trkpt>
      <trkpt lat="43.35957" lon="5.29339">
        <ele>18.5</ele>
      </trkpt>
      <trkpt lat="43.35962" lon="5.29345">
        <ele>18.4</ele>
      </trkpt>
      <trkpt lat="43.35967" lon="5.2935">
        <ele>17.5</ele>
      </trkpt>
      <trkpt lat="43.35972" lon="5.29356">
        <ele>15.8</ele>
      </trkpt>
      <trkpt lat="43.35977" lon="5.29361">
        <ele>13.1</ele>
      </trkpt>
      <trkpt lat="43.35984" lon="5.29369">
        <ele>12.2</ele>
      </trkpt>
      <trkpt lat="43.35991" lon="5.29376">
        <ele>12</ele>
      </trkpt>
      <trkpt lat="43.35995" lon="5.29381">
        <ele>11.9</ele>
      </trkpt>
      <trkpt lat="43.35998" lon="5.29385">
        <ele>12.1</ele>
      </trkpt>
      <trkpt lat="43.36002" lon="5.29391">
        <ele>12.5</ele>
      </trkpt>
      <trkpt lat="43.36005" lon="5.29397">
        <ele>13.1</ele>
      </trkpt>
      <trkpt lat="43.36009" lon="5.29403">
        <ele>13.3</ele>
      </trkpt>
      <trkpt lat="43.36012" lon="5.29408">
        <ele>12.9</ele>
      </trkpt>
      <trkpt lat="43.36015" lon="5.29415">
        <ele>11.6</ele>
      </trkpt>
      <trkpt lat="43.36018" lon="5.29421">
        <ele>11.2</ele>
      </trkpt>
      <trkpt lat="43.36021" lon="5.29428">
        <ele>11.4</ele>
      </trkpt>
      <trkpt lat="43.36024" lon="5.29435">
        <ele>11.3</ele>
      </trkpt>
      <trkpt lat="43.36026" lon="5.29443">
        <ele>10.9</ele>
      </trkpt>
      <trkpt lat="43.36028" lon="5.2945">
        <ele>10.7</ele>
      </trkpt>
      <trkpt lat="43.3603" lon="5.29459">
        <ele>11.4</ele>
      </trkpt>
      <trkpt lat="43.36031" lon="5.29467">
        <ele>11.8</ele>
      </trkpt>
      <trkpt lat="43.36032" lon="5.29479">
        <ele>11.5</ele>
      </trkpt>
      <trkpt lat="43.36033" lon="5.29491">
        <ele>11.2</ele>
      </trkpt>
      <trkpt lat="43.36033" lon="5.29497">
        <ele>10.9</ele>
      </trkpt>
      <trkpt lat="43.36034" lon="5.29504">
        <ele>11.1</ele>
      </trkpt>
      <trkpt lat="43.36034" lon="5.2951">
        <ele>11.7</ele>
      </trkpt>
      <trkpt lat="43.36035" lon="5.29516">
        <ele>12.5</ele>
      </trkpt>
      <trkpt lat="43.36035" lon="5.29523">
        <ele>13.2</ele>
      </trkpt>
      <trkpt lat="43.36036" lon="5.29529">
        <ele>13.8</ele>
      </trkpt>
      <trkpt lat="43.36036" lon="5.29535">
        <ele>13.6</ele>
      </trkpt>
      <trkpt lat="43.36037" lon="5.29542">
        <ele>13.2</ele>
      </trkpt>
      <trkpt lat="43.36037" lon="5.29548">
        <ele>12.8</ele>
      </trkpt>
      <trkpt lat="43.36037" lon="5.29554">
        <ele>12.3</ele>
      </trkpt>
      <trkpt lat="43.36038" lon="5.2956">
        <ele>11.9</ele>
      </trkpt>
      <trkpt lat="43.36038" lon="5.29567">
        <ele>11.5</ele>
      </trkpt>
      <trkpt lat="43.36039" lon="5.29573">
        <ele>11.1</ele>
      </trkpt>
      <trkpt lat="43.36039" lon="5.29579">
        <ele>10.6</ele>
      </trkpt>
      <trkpt lat="43.3604" lon="5.29586">
        <ele>10.2</ele>
      </trkpt>
      <trkpt lat="43.3604" lon="5.29592">
        <ele>9.9</ele>
      </trkpt>
      <trkpt lat="43.36034" lon="5.29586">
        <ele>8.7</ele>
      </trkpt>
      <trkpt lat="43.3604" lon="5.29592">
        <ele>9.9</ele>
      </trkpt>
      <trkpt lat="43.36041" lon="5.29599">
        <ele>9.7</ele>
      </trkpt>
      <trkpt lat="43.36042" lon="5.29606">
        <ele>9.4</ele>
      </trkpt>
      <trkpt lat="43.36042" lon="5.29613">
        <ele>9.1</ele>
      </trkpt>
      <trkpt lat="43.36043" lon="5.29619">
        <ele>9.4</ele>
      </trkpt>
      <trkpt lat="43.36043" lon="5.29626">
        <ele>9.6</ele>
      </trkpt>
      <trkpt lat="43.36043" lon="5.29638">
        <ele>9.9</ele>
      </trkpt>
      <trkpt lat="43.36043" lon="5.29649">
        <ele>10.5</ele>
      </trkpt>
      <trkpt lat="43.36043" lon="5.29657">
        <ele>10.9</ele>
      </trkpt>
      <trkpt lat="43.36043" lon="5.29666">
        <ele>11.3</ele>
      </trkpt>
      <trkpt lat="43.36042" lon="5.29674">
        <ele>11.2</ele>
      </trkpt>
      <trkpt lat="43.36042" lon="5.29682">
        <ele>11.1</ele>
      </trkpt>
      <trkpt lat="43.36042" lon="5.29692">
        <ele>10.9</ele>
      </trkpt>
      <trkpt lat="43.36041" lon="5.29702">
        <ele>10.5</ele>
      </trkpt>
      <trkpt lat="43.36041" lon="5.29712">
        <ele>9.9</ele>
      </trkpt>
      <trkpt lat="43.3604" lon="5.29722">
        <ele>9.4</ele>
      </trkpt>
      <trkpt lat="43.3604" lon="5.29732">
        <ele>9.7</ele>
      </trkpt>
      <trkpt lat="43.36039" lon="5.29742">
        <ele>9.9</ele>
      </trkpt>
      <trkpt lat="43.36039" lon="5.29752">
        <ele>9.9</ele>
      </trkpt>
      <trkpt lat="43.36038" lon="5.29762">
        <ele>8.8</ele>
      </trkpt>
      <trkpt lat="43.36038" lon="5.29774">
        <ele>7.7</ele>
      </trkpt>
      <trkpt lat="43.36037" lon="5.29787">
        <ele>6.8</ele>
      </trkpt>
      <trkpt lat="43.36037" lon="5.29799">
        <ele>6</ele>
      </trkpt>
      <trkpt lat="43.36036" lon="5.29811">
        <ele>5.7</ele>
      </trkpt>
      <trkpt lat="43.36036" lon="5.29822">
        <ele>5.9</ele>
      </trkpt>
      <trkpt lat="43.36036" lon="5.29833">
        <ele>6.2</ele>
      </trkpt>
      <trkpt lat="43.36037" lon="5.2984">
        <ele>6.8</ele>
      </trkpt>
      <trkpt lat="43.36037" lon="5.29846">
        <ele>7.5</ele>
      </trkpt>
      <trkpt lat="43.36038" lon="5.29853">
        <ele>8.6</ele>
      </trkpt>
      <trkpt lat="43.36039" lon="5.2986">
        <ele>9.7</ele>
      </trkpt>
      <trkpt lat="43.36041" lon="5.29868">
        <ele>9.4</ele>
      </trkpt>
      <trkpt lat="43.36042" lon="5.29875">
        <ele>8.6</ele>
      </trkpt>
      <trkpt lat="43.36044" lon="5.29886">
        <ele>7.1</ele>
      </trkpt>
      <trkpt lat="43.36047" lon="5.29895">
        <ele>6.5</ele>
      </trkpt>
      <trkpt lat="43.3605" lon="5.29903">
        <ele>6.1</ele>
      </trkpt>
      <trkpt lat="43.36055" lon="5.29913">
        <ele>5.4</ele>
      </trkpt>
      <trkpt lat="43.3606" lon="5.29924">
        <ele>5</ele>
      </trkpt>
      <trkpt lat="43.36065" lon="5.29934">
        <ele>4.6</ele>
      </trkpt>
      <trkpt lat="43.3607" lon="5.29944">
        <ele>4</ele>
      </trkpt>
      <trkpt lat="43.36074" lon="5.29954">
        <ele>3.9</ele>
      </trkpt>
      <trkpt lat="43.36079" lon="5.29963">
        <ele>3.9</ele>
      </trkpt>
      <trkpt lat="43.36083" lon="5.29973">
        <ele>4</ele>
      </trkpt>
      <trkpt lat="43.36087" lon="5.29983">
        <ele>5</ele>
      </trkpt>
      <trkpt lat="43.36091" lon="5.29992">
        <ele>5.9</ele>
      </trkpt>
      <trkpt lat="43.36096" lon="5.30002">
        <ele>6.4</ele>
      </trkpt>
      <trkpt lat="43.361" lon="5.30012">
        <ele>6.1</ele>
      </trkpt>
      <trkpt lat="43.36104" lon="5.30022">
        <ele>5.4</ele>
      </trkpt>
      <trkpt lat="43.36108" lon="5.30031">
        <ele>4.7</ele>
      </trkpt>
      <trkpt lat="43.36113" lon="5.30041">
        <ele>5.2</ele>
      </trkpt>
      <trkpt lat="43.36117" lon="5.30051">
        <ele>6.5</ele>
      </trkpt>
      <trkpt lat="43.36121" lon="5.3006">
        <ele>7.2</ele>
      </trkpt>
      <trkpt lat="43.36125" lon="5.3007">
        <ele>6.7</ele>
      </trkpt>
      <trkpt lat="43.3613" lon="5.3008">
        <ele>5.3</ele>
      </trkpt>
      <trkpt lat="43.36134" lon="5.30089">
        <ele>4.5</ele>
      </trkpt>
      <trkpt lat="43.36138" lon="5.30099">
        <ele>4.4</ele>
      </trkpt>
      <trkpt lat="43.3614" lon="5.30105">
        <ele>5.1</ele>
      </trkpt>
      <trkpt lat="43.36143" lon="5.3011">
        <ele>6</ele>
      </trkpt>
      <trkpt lat="43.36145" lon="5.30116">
        <ele>6.7</ele>
      </trkpt>
      <trkpt lat="43.36148" lon="5.30122">
        <ele>7.2</ele>
      </trkpt>
      <trkpt lat="43.3615" lon="5.30127">
        <ele>7.3</ele>
      </trkpt>
      <trkpt lat="43.36152" lon="5.30133">
        <ele>7</ele>
      </trkpt>
      <trkpt lat="43.36155" lon="5.30138">
        <ele>6.4</ele>
      </trkpt>
      <trkpt lat="43.36157" lon="5.30144">
        <ele>6.1</ele>
      </trkpt>
      <trkpt lat="43.36157" lon="5.30152">
        <ele>5.4</ele>
      </trkpt>
      <trkpt lat="43.36159" lon="5.30156">
        <ele>5.1</ele>
      </trkpt>
      <trkpt lat="43.3616" lon="5.30161">
        <ele>4.6</ele>
      </trkpt>
      <trkpt lat="43.36161" lon="5.30165">
        <ele>4.2</ele>
      </trkpt>
      <trkpt lat="43.36163" lon="5.30171">
        <ele>4</ele>
      </trkpt>
      <trkpt lat="43.36164" lon="5.30177">
        <ele>4</ele>
      </trkpt>
      <trkpt lat="43.36166" lon="5.30183">
        <ele>4</ele>
      </trkpt>
      <trkpt lat="43.36167" lon="5.30189">
        <ele>4.1</ele>
      </trkpt>
      <trkpt lat="43.36168" lon="5.30196">
        <ele>4.2</ele>
      </trkpt>
      <trkpt lat="43.36168" lon="5.30202">
        <ele>4.2</ele>
      </trkpt>
      <trkpt lat="43.36169" lon="5.30209">
        <ele>4.2</ele>
      </trkpt>
      <trkpt lat="43.36169" lon="5.30215">
        <ele>4.2</ele>
      </trkpt>
      <trkpt lat="43.36169" lon="5.30222">
        <ele>4.1</ele>
      </trkpt>
      <trkpt lat="43.36169" lon="5.30228">
        <ele>4.1</ele>
      </trkpt>
      <trkpt lat="43.3617" lon="5.30234">
        <ele>4.1</ele>
      </trkpt>
      <trkpt lat="43.3617" lon="5.30245">
        <ele>4</ele>
      </trkpt>
      <trkpt lat="43.3617" lon="5.30252">
        <ele>4</ele>
      </trkpt>
      <trkpt lat="43.3617" lon="5.30259">
        <ele>4</ele>
      </trkpt>
      <trkpt lat="43.36171" lon="5.30265">
        <ele>4</ele>
      </trkpt>
      <trkpt lat="43.36172" lon="5.30268">
        <ele>4</ele>
      </trkpt>
      <trkpt lat="43.36174" lon="5.30271">
        <ele>4</ele>
      </trkpt>
      <trkpt lat="43.36178" lon="5.30273">
        <ele>4</ele>
      </trkpt>
      <trkpt lat="43.3618" lon="5.30276">
        <ele>4</ele>
      </trkpt>
      <trkpt lat="43.36181" lon="5.3028">
        <ele>4</ele>
      </trkpt>
      <trkpt lat="43.36183" lon="5.30285">
        <ele>4</ele>
      </trkpt>
      <trkpt lat="43.36184" lon="5.3029">
        <ele>4</ele>
      </trkpt>
      <trkpt lat="43.36185" lon="5.30296">
        <ele>4</ele>
      </trkpt>
      <trkpt lat="43.36186" lon="5.30302">
        <ele>4</ele>
      </trkpt>
      <trkpt lat="43.36187" lon="5.30307">
        <ele>4</ele>
      </trkpt>
      <trkpt lat="43.36188" lon="5.30312">
        <ele>3.9</ele>
      </trkpt>
      <trkpt lat="43.36189" lon="5.30322">
        <ele>3.9</ele>
      </trkpt>
      <trkpt lat="43.36189" lon="5.30328">
        <ele>3.8</ele>
      </trkpt>
      <trkpt lat="43.36189" lon="5.30335">
        <ele>3.8</ele>
      </trkpt>
      <trkpt lat="43.36188" lon="5.30341">
        <ele>3.8</ele>
      </trkpt>
      <trkpt lat="43.36188" lon="5.30347">
        <ele>3.8</ele>
      </trkpt>
      <trkpt lat="43.36187" lon="5.30355">
        <ele>3.7</ele>
      </trkpt>
      <trkpt lat="43.36187" lon="5.30363">
        <ele>3.7</ele>
      </trkpt>
      <trkpt lat="43.36186" lon="5.30371">
        <ele>3.7</ele>
      </trkpt>
      <trkpt lat="43.36186" lon="5.30379">
        <ele>3.7</ele>
      </trkpt>
      <trkpt lat="43.36185" lon="5.30386">
        <ele>3.7</ele>
      </trkpt>
      <trkpt lat="43.36184" lon="5.30394">
        <ele>3.5</ele>
      </trkpt>
      <trkpt lat="43.36184" lon="5.30402">
        <ele>3.3</ele>
      </trkpt>
      <trkpt lat="43.36183" lon="5.3041">
        <ele>3.1</ele>
      </trkpt>
      <trkpt lat="43.36183" lon="5.30419">
        <ele>3.1</ele>
      </trkpt>
      <trkpt lat="43.36182" lon="5.30429">
        <ele>3.2</ele>
      </trkpt>
      <trkpt lat="43.36182" lon="5.30438">
        <ele>3.4</ele>
      </trkpt>
      <trkpt lat="43.36181" lon="5.30447">
        <ele>3.5</ele>
      </trkpt>
      <trkpt lat="43.3618" lon="5.30457">
        <ele>3.5</ele>
      </trkpt>
      <trkpt lat="43.36179" lon="5.30467">
        <ele>3.5</ele>
      </trkpt>
      <trkpt lat="43.36178" lon="5.30477">
        <ele>3.4</ele>
      </trkpt>
      <trkpt lat="43.36178" lon="5.30488">
        <ele>3.4</ele>
      </trkpt>
      <trkpt lat="43.36177" lon="5.30498">
        <ele>3.4</ele>
      </trkpt>
      <trkpt lat="43.36176" lon="5.30508">
        <ele>3.2</ele>
      </trkpt>
      <trkpt lat="43.36175" lon="5.30518">
        <ele>3.1</ele>
      </trkpt>
      <trkpt lat="43.36174" lon="5.30528">
        <ele>3</ele>
      </trkpt>
      <trkpt lat="43.36173" lon="5.30535">
        <ele>3</ele>
      </trkpt>
      <trkpt lat="43.36172" lon="5.30545">
        <ele>3</ele>
      </trkpt>
      <trkpt lat="43.36172" lon="5.30555">
        <ele>3</ele>
      </trkpt>
      <trkpt lat="43.36171" lon="5.30564">
        <ele>3</ele>
      </trkpt>
      <trkpt lat="43.3617" lon="5.30574">
        <ele>3</ele>
      </trkpt>
      <trkpt lat="43.36169" lon="5.30584">
        <ele>3</ele>
      </trkpt>
      <trkpt lat="43.36169" lon="5.30594">
        <ele>3</ele>
      </trkpt>
      <trkpt lat="43.36168" lon="5.30603">
        <ele>3</ele>
      </trkpt>
      <trkpt lat="43.36167" lon="5.30613">
        <ele>3</ele>
      </trkpt>
      <trkpt lat="43.36166" lon="5.30622">
        <ele>3</ele>
      </trkpt>
      <trkpt lat="43.36165" lon="5.30631">
        <ele>2.9</ele>
      </trkpt>
      <trkpt lat="43.36164" lon="5.30643">
        <ele>2.9</ele>
      </trkpt>
      <trkpt lat="43.36164" lon="5.30649">
        <ele>2.9</ele>
      </trkpt>
      <trkpt lat="43.36163" lon="5.30656">
        <ele>2.9</ele>
      </trkpt>
      <trkpt lat="43.36163" lon="5.30662">
        <ele>2.8</ele>
      </trkpt>
      <trkpt lat="43.36162" lon="5.30668">
        <ele>2.8</ele>
      </trkpt>
      <trkpt lat="43.36162" lon="5.30675">
        <ele>2.8</ele>
      </trkpt>
      <trkpt lat="43.36161" lon="5.30681">
        <ele>2.8</ele>
      </trkpt>
      <trkpt lat="43.36161" lon="5.30692">
        <ele>2.8</ele>
      </trkpt>
      <trkpt lat="43.36161" lon="5.307">
        <ele>2.9</ele>
      </trkpt>
      <trkpt lat="43.36161" lon="5.30707">
        <ele>3.2</ele>
      </trkpt>
      <trkpt lat="43.36162" lon="5.30715">
        <ele>3.4</ele>
      </trkpt>
      <trkpt lat="43.36162" lon="5.30722">
        <ele>3.7</ele>
      </trkpt>
      <trkpt lat="43.36163" lon="5.30729">
        <ele>3.5</ele>
      </trkpt>
      <trkpt lat="43.36163" lon="5.30736">
        <ele>3.3</ele>
      </trkpt>
      <trkpt lat="43.36164" lon="5.30743">
        <ele>3.1</ele>
      </trkpt>
      <trkpt lat="43.36165" lon="5.3075">
        <ele>2.9</ele>
      </trkpt>
      <trkpt lat="43.36167" lon="5.30758">
        <ele>3.2</ele>
      </trkpt>
      <trkpt lat="43.36169" lon="5.30766">
        <ele>4.4</ele>
      </trkpt>
      <trkpt lat="43.36171" lon="5.30774">
        <ele>5.3</ele>
      </trkpt>
      <trkpt lat="43.36173" lon="5.30781">
        <ele>5.8</ele>
      </trkpt>
      <trkpt lat="43.36174" lon="5.30789">
        <ele>5.9</ele>
      </trkpt>
      <trkpt lat="43.36176" lon="5.30796">
        <ele>5.8</ele>
      </trkpt>
      <trkpt lat="43.36179" lon="5.30806">
        <ele>5.8</ele>
      </trkpt>
      <trkpt lat="43.36182" lon="5.30816">
        <ele>5.6</ele>
      </trkpt>
      <trkpt lat="43.36185" lon="5.30825">
        <ele>4.9</ele>
      </trkpt>
      <trkpt lat="43.36187" lon="5.30834">
        <ele>3.9</ele>
      </trkpt>
      <trkpt lat="43.3619" lon="5.30843">
        <ele>3.8</ele>
      </trkpt>
      <trkpt lat="43.36192" lon="5.30852">
        <ele>3.5</ele>
      </trkpt>
      <trkpt lat="43.36194" lon="5.30858">
        <ele>3.2</ele>
      </trkpt>
      <trkpt lat="43.36195" lon="5.30865">
        <ele>3.3</ele>
      </trkpt>
      <trkpt lat="43.36197" lon="5.30871">
        <ele>4</ele>
      </trkpt>
      <trkpt lat="43.36198" lon="5.30877">
        <ele>4.4</ele>
      </trkpt>
      <trkpt lat="43.36201" lon="5.30888">
        <ele>4.7</ele>
      </trkpt>
      <trkpt lat="43.36202" lon="5.30895">
        <ele>4.5</ele>
      </trkpt>
      <trkpt lat="43.36203" lon="5.30901">
        <ele>4.2</ele>
      </trkpt>
      <trkpt lat="43.36204" lon="5.30908">
        <ele>3.8</ele>
      </trkpt>
      <trkpt lat="43.36205" lon="5.30914">
        <ele>3.3</ele>
      </trkpt>
      <trkpt lat="43.36206" lon="5.3092">
        <ele>2.9</ele>
      </trkpt>
      <trkpt lat="43.36207" lon="5.30926">
        <ele>2.8</ele>
      </trkpt>
      <trkpt lat="43.36208" lon="5.30934">
        <ele>2.7</ele>
      </trkpt>
      <trkpt lat="43.36205" lon="5.30937">
        <ele>2.5</ele>
      </trkpt>
      <trkpt lat="43.36202" lon="5.3094">
        <ele>2.4</ele>
      </trkpt>
      <trkpt lat="43.36199" lon="5.30945">
        <ele>2.2</ele>
      </trkpt>
      <trkpt lat="43.36196" lon="5.3095">
        <ele>2.1</ele>
      </trkpt>
      <trkpt lat="43.36194" lon="5.30958">
        <ele>2</ele>
      </trkpt>
      <trkpt lat="43.36193" lon="5.30966">
        <ele>2</ele>
      </trkpt>
      <trkpt lat="43.36193" lon="5.30973">
        <ele>2</ele>
      </trkpt>
      <trkpt lat="43.36193" lon="5.30979">
        <ele>2</ele>
      </trkpt>
      <trkpt lat="43.36187" lon="5.30979">
        <ele>2.1</ele>
      </trkpt>
      <trkpt lat="43.36183" lon="5.30978">
        <ele>2.2</ele>
      </trkpt>
      <trkpt lat="43.36178" lon="5.30976">
        <ele>2.2</ele>
      </trkpt>
      <trkpt lat="43.36175" lon="5.30975">
        <ele>2.1</ele>
      </trkpt>
      <trkpt lat="43.36172" lon="5.30976">
        <ele>2.2</ele>
      </trkpt>
      <trkpt lat="43.36164" lon="5.3098">
        <ele>2.5</ele>
      </trkpt>
      <trkpt lat="43.36156" lon="5.30984">
        <ele>2.5</ele>
      </trkpt>
      <trkpt lat="43.36154" lon="5.30985">
        <ele>2.5</ele>
      </trkpt>
      <trkpt lat="43.36149" lon="5.30985">
        <ele>2.3</ele>
      </trkpt>
      <trkpt lat="43.36142" lon="5.30985">
        <ele>2.1</ele>
      </trkpt>
      <trkpt lat="43.36135" lon="5.30982">
        <ele>1.9</ele>
      </trkpt>
      <trkpt lat="43.36129" lon="5.3098">
        <ele>1.6</ele>
      </trkpt>
      <trkpt lat="43.36126" lon="5.30979">
        <ele>1.5</ele>
      </trkpt>
      <trkpt lat="43.36123" lon="5.30978">
        <ele>1.4</ele>
      </trkpt>
      <trkpt lat="43.36122" lon="5.30984">
        <ele>1.4</ele>
      </trkpt>
      <trkpt lat="43.3612" lon="5.3099">
        <ele>1.3</ele>
      </trkpt>
      <trkpt lat="43.36119" lon="5.30996">
        <ele>1.3</ele>
      </trkpt>
      <trkpt lat="43.36118" lon="5.31002">
        <ele>1.3</ele>
      </trkpt>
      <trkpt lat="43.36116" lon="5.31008">
        <ele>1.4</ele>
      </trkpt>
      <trkpt lat="43.36115" lon="5.31014">
        <ele>1.6</ele>
      </trkpt>
      <trkpt lat="43.36113" lon="5.3102">
        <ele>1.7</ele>
      </trkpt>
      <trkpt lat="43.36112" lon="5.31026">
        <ele>1.9</ele>
      </trkpt>
      <trkpt lat="43.36117" lon="5.31028">
        <ele>2</ele>
      </trkpt>
      <trkpt lat="43.36116" lon="5.31035">
        <ele>2</ele>
      </trkpt>
      <trkpt lat="43.36114" lon="5.31042">
        <ele>2.1</ele>
      </trkpt>
      <trkpt lat="43.36113" lon="5.3105">
        <ele>2.1</ele>
      </trkpt>
      <trkpt lat="43.36112" lon="5.31059">
        <ele>2</ele>
      </trkpt>
      <trkpt lat="43.36111" lon="5.31067">
        <ele>2</ele>
      </trkpt>
      <trkpt lat="43.36111" lon="5.31075">
        <ele>2</ele>
      </trkpt>
      <trkpt lat="43.36111" lon="5.31083">
        <ele>2</ele>
      </trkpt>
      <trkpt lat="43.36112" lon="5.3109">
        <ele>2</ele>
      </trkpt>
      <trkpt lat="43.36113" lon="5.31101">
        <ele>2</ele>
      </trkpt>
      <trkpt lat="43.36114" lon="5.31112">
        <ele>2</ele>
      </trkpt>
      <trkpt lat="43.36117" lon="5.31121">
        <ele>1.7</ele>
      </trkpt>
      <trkpt lat="43.36119" lon="5.31129">
        <ele>1.6</ele>
      </trkpt>
      <trkpt lat="43.36121" lon="5.31136">
        <ele>1.4</ele>
      </trkpt>
      <trkpt lat="43.36124" lon="5.31142">
        <ele>1.6</ele>
      </trkpt>
      <trkpt lat="43.36126" lon="5.31148">
        <ele>1.9</ele>
      </trkpt>
      <trkpt lat="43.36128" lon="5.31156">
        <ele>2.2</ele>
      </trkpt>
      <trkpt lat="43.36129" lon="5.31162">
        <ele>2.5</ele>
      </trkpt>
      <trkpt lat="43.3613" lon="5.3117">
        <ele>2.7</ele>
      </trkpt>
      <trkpt lat="43.3613" lon="5.31174">
        <ele>2.7</ele>
      </trkpt>
    </trkseg>
  </trk>
</gpx>